hit,error_cells,peak,logloss,covered95,credible95,entropy,ece,error_m,seed,user,scenario,condition,method,param,attack,side,prior_hit,legitimate,opportunities,complete,reports,utility,weighted_utility,weighted_opportunities,weighted_complete,small_opportunities,small_complete,medium_opportunities,medium_complete,large_opportunities,large_complete,raw_completion,coverage,reward,latency_slots,gate_us_p50,gate_us_p95,cap_violations,attacker_local_cap_violations,attacker_effective_cap_violations,attacker_absolute_cap_violations,positive_cap,robust_model_count,alpha_true,alpha_model,move_model
0.0,4.928128373145982,0.06890033735908169,4.689134647092636,1.0,41.916666666666664,5.166425400948807,0.06890033735908169,4928.128373145986,1000,0,static,static_adaptive_kl_0.25,kl,0.25,adaptive,8,0.015625,34,7,0,2,0.0,0.0,0.21666666666666667,0.0,0,0,1,0,6,0,0.0,0.0,0,1.0,471.41499999999996,699.08295,0,0,0,0,,0,0.6480000000000001,0.6480000000000001,0
0.004231770833333333,3.784095943038633,0.05103100094109708,4.70499003029441,1.0,53.5625,5.490203161164746,0.04679923010776375,3784.095943038628,1000,1,static,static_adaptive_kl_0.25,kl,0.25,adaptive,8,0.015625,40,2,1,4,0.5,0.058823529411764705,0.265625,0.015625,1,0,0,0,1,1,0.025,1.0,1,1.0,469.3215,494.86275,0,0,0,0,,0,0.6480000000000001,0.6480000000000001,0
0.08734809027777779,3.683537029177645,0.05304533887222948,3.0420858207267063,1.0,32.375,4.8684311201564485,0.03430275140554831,3683.537029177638,1000,2,static,static_adaptive_kl_0.25,kl,0.25,adaptive,8,0.015625,36,3,0,7,0.0,0.0,0.22916666666666666,0.0,1,0,2,0,0,0,0.0,0.0,0,1.0,468.65549999999996,478.14015,0,0,0,0,,0,0.6480000000000001,0.6480000000000001,0
0.0073660714285714276,3.0328138909004316,0.07309920453755094,3.612607596939234,1.0,30.8125,4.718916689358113,0.06573313310897948,3032.81389090043,1000,3,static,static_adaptive_kl_0.25,kl,0.25,adaptive,8,0.015625,31,3,0,6,0.0,0.0,0.3402777777777778,0.0,1,0,1,0,1,0,0.0,0.0,0,1.0,466.5825,477.40265,0,0,0,0,,0,0.6480000000000001,0.6480000000000001,0
0.08403087797619047,2.988931122036909,0.08067198902929097,3.0361970026835543,1.0,31.354166666666668,4.744383005707641,0.014604744467820124,2988.9311220369095,1001,0,static,static_adaptive_kl_0.25,kl,0.25,adaptive,8,0.015625,35,1,0,7,0.0,0.0,0.25,0.0,1,0,0,0,0,0,0.0,0.0,0,1.0,466.89300000000003,476.441,0,0,0,0,,0,0.6480000000000001,0.6480000000000001,0
0.0013020833333333333,3.5345671928769673,0.05117188057812901,4.496596650885253,1.0,39.9375,5.1681392509672035,0.04986979724479568,3534.567192876966,1001,1,static,static_adaptive_kl_0.25,kl,0.25,adaptive,8,0.015625,34,5,0,5,0.0,0.0,0.4270833333333333,0.0,1,0,2,0,2,0,0.0,0.0,0,1.0,469.87300000000005,516.0169999999999,0,0,0,0,,0,0.6480000000000001,0.6480000000000001,0
0.08133370535714286,5.231467926420994,0.0742280719284403,3.4299374666718356,1.0,41.0,5.178799720314243,0.05338254926258098,5231.46792642099,1001,2,static,static_adaptive_kl_0.25,kl,0.25,adaptive,8,0.015625,36,4,3,10,0.75,0.05084745762711865,1.0535714285714284,0.05357142857142857,1,0,0,0,3,3,0.08333333333333333,1.0,3,1.0,471.90099999999995,625.19805,0,0,0,0,,0,0.6480000000000001,0.6480000000000001,0
0.080026455026455,3.9242747337212784,0.07463351672130718,3.033847641618149,1.0,30.479166666666668,4.742381989458294,0.03598625346438867,3924.274733721278,1001,3,static,static_adaptive_kl_0.25,kl,0.25,adaptive,8,0.015625,32,5,2,7,0.4,0.07407407407407407,0.5625,0.041666666666666664,2,0,0,0,3,2,0.0625,1.0,2,1.0,469.48199999999997,748.05085,0,0,0,0,,0,0.6480000000000001,0.6480000000000001,0
0.058314732142857144,2.6185751589932664,0.08076748402718371,3.2288521831016603,1.0,45.6875,5.329139076620479,0.06929469686253657,2618.575158993266,1002,0,static,static_adaptive_kl_0.25,kl,0.25,adaptive,8,0.015625,43,5,2,5,0.4,0.11267605633802817,0.3169642857142857,0.03571428571428571,2,0,0,0,3,2,0.046511627906976744,1.0,2,1.0,626.4884999999999,784.8184,0,0,0,0,,0,0.6480000000000001,0.6480000000000001,0
0.08485863095238096,3.7300348619139103,0.059411557399306626,3.097554505457691,1.0,32.645833333333336,4.8327179790145705,0.025447073553074333,3730.034861913915,1002,1,static,static_adaptive_kl_0.25,kl,0.25,adaptive,8,0.015625,35,6,2,6,0.3333333333333333,0.04797047970479705,0.8065476190476191,0.03869047619047619,3,0,0,0,3,2,0.05714285714285714,1.0,2,1.0,709.1700000000001,917.51595,0,0,0,0,,0,0.6480000000000001,0.6480000000000001,0
0.5462549603174603,1.5981972562011926,0.10558882557951232,2.3342416039214227,1.0,33.166666666666664,4.823289318245117,0.44066613473794797,1598.1972562011927,1002,2,static,static_adaptive_kl_0.25,kl,0.25,adaptive,8,0.015625,39,3,1,7,0.3333333333333333,0.01639344262295082,1.2708333333333333,0.020833333333333332,2,0,0,0,1,1,0.02564102564102564,1.0,1,1.0,470.1085,486.9496,0,0,0,0,,0,0.6480000000000001,0.6480000000000001,0
0.15657552083333334,4.054481276752555,0.07694531998226645,2.8897541568937104,1.0,32.729166666666664,4.836482953039377,0.08457019376076556,4054.481276752554,1002,3,static,static_adaptive_kl_0.25,kl,0.25,adaptive,8,0.015625,35,6,1,4,0.16666666666666666,0.018209408194233688,1.3729166666666668,0.025,2,0,1,0,3,1,0.02857142857142857,1.0,1,1.0,467.369,475.99764999999996,0,0,0,0,,0,0.6480000000000001,0.6480000000000001,0
0.001441592261904762,3.3039840324457743,0.10586226136782824,3.5336599843800047,1.0,32.333333333333336,4.6291794537758575,0.1044206691059235,3303.984032445773,1003,0,static,static_adaptive_kl_0.25,kl,0.25,adaptive,8,0.015625,38,5,1,8,0.2,0.11342155009451796,0.1574404761904762,0.017857142857142856,0,0,1,0,4,1,0.02631578947368421,1.0,1,1.0,465.1355,479.7143,0,0,0,0,,0,0.6480000000000001,0.6480000000000001,0
0.06744481646825397,2.9871223685349952,0.0731549981315156,3.01218115626711,1.0,24.791666666666668,4.4052139742037095,0.018881565021382638,2987.1223685349946,1003,1,static,static_adaptive_kl_0.25,kl,0.25,adaptive,8,0.015625,35,5,2,10,0.4,0.22758620689655173,0.2157738095238095,0.049107142857142856,0,0,3,0,2,2,0.05714285714285714,1.0,2,1.0,473.528,481.7525,0,0,0,0,,0,0.6480000000000001,0.6480000000000001,0
0.12007068452380963,3.6201678219076867,0.07497956205088485,2.7397057847299924,1.0,40.270833333333336,4.773336583454477,0.045091122472924704,3620.167821907686,1003,2,static,static_adaptive_kl_0.25,kl,0.25,adaptive,8,0.015625,40,3,1,6,0.3333333333333333,0.25,0.125,0.03125,0,0,1,0,2,1,0.025,1.0,1,1.0,468.0145,488.61179999999996,0,0,0,0,,0,0.6480000000000001,0.6480000000000001,0
0.2468067956349206,3.5961412392134755,0.06283028710993896,3.1043742696983894,0.8541666666666666,42.333333333333336,5.266991416754249,0.18397650852498168,3596.1412392134757,1003,3,static,static_adaptive_kl_0.25,kl,0.25,adaptive,8,0.015625,40,2,1,6,0.5,0.3333333333333333,0.046875,0.015625,0,0,0,0,2,1,0.025,1.0,1,1.0,471.82050000000004,489.17114999999995,0,0,0,0,,0,0.6480000000000001,0.6480000000000001,0
0.0026041666666666665,2.832417598070334,0.06860584823083944,4.078824047572202,1.0,35.729166666666664,4.941796935670545,0.06600168156417281,2832.417598070333,1004,0,static,static_adaptive_kl_0.25,kl,0.25,adaptive,8,0.015625,39,6,1,6,0.16666666666666666,0.096411355115158,0.18521825396825398,0.017857142857142856,0,0,1,0,5,1,0.02564102564102564,1.0,1,1.0,474.96000000000004,501.9665,0,0,0,0,,0,0.6480000000000001,0.6480000000000001,0
0.004216269841269841,3.5624963038317543,0.07758048261841806,3.5715648867472005,0.7916666666666666,31.3125,4.751711057375069,0.07336421277714818,3562.4963038317505,1004,1,static,static_adaptive_kl_0.25,kl,0.25,adaptive,8,0.015625,36,3,0,5,0.0,0.0,0.11458333333333333,0.0,0,0,1,0,2,0,0.0,0.0,0,1.0,467.1585,488.4207,0,0,0,0,,0,0.6480000000000001,0.6480000000000001,0
0.005998883928571427,4.935225688352717,0.0564857616248636,3.8843716551033967,1.0,42.833333333333336,5.28774481275158,0.050486877696292176,4935.22568835272,1004,2,static,static_adaptive_kl_0.25,kl,0.25,adaptive,8,0.015625,34,9,1,5,0.1111111111111111,0.02968197879858657,0.7018849206349207,0.020833333333333332,2,0,1,0,6,1,0.029411764705882353,1.0,1,1.0,473.873,480.79815,0,0,0,0,,0,0.6480000000000001,0.6480000000000001,0
0.003022693452380952,4.271671717235177,0.062525236443671,4.462065908967614,1.0,40.770833333333336,5.193867714494593,0.05950254299129005,4271.671717235177,1004,3,static,static_adaptive_kl_0.25,kl,0.25,adaptive,8,0.015625,33,1,0,7,0.0,0.0,0.0625,0.0,0,0,1,0,0,0,0.0,0.0,0,1.0,474.6995,489.36839999999995,0,0,0,0,,0,0.6480000000000001,0.6480000000000001,0
0.005115327380952381,4.175161966887166,0.07500424854085255,3.5608907385492468,1.0,38.416666666666664,5.073968264680095,0.06988892115990025,4175.1619668871635,1005,0,static,static_adaptive_kl_0.25,kl,0.25,adaptive,8,0.015625,33,4,1,3,0.25,0.07216494845360825,0.28869047619047616,0.020833333333333332,2,0,0,0,2,1,0.030303030303030304,1.0,1,1.0,467.784,484.8149,0,0,0,0,,0,0.6480000000000001,0.6480000000000001,0
0.031628224206349205,2.9287586626795394,0.07345543747303059,3.290968563045297,1.0,29.958333333333332,4.725643687582727,0.05946500703017762,2928.7586626795364,1005,1,static,static_adaptive_kl_0.25,kl,0.25,adaptive,8,0.015625,37,4,3,8,0.75,0.5519999999999999,0.09300595238095238,0.05133928571428571,0,0,1,0,3,3,0.08108108108108109,1.0,3,1.0,469.147,479.22665,0,0,0,0,,0,0.6480000000000001,0.6480000000000001,0
0.0,2.8645079172323196,0.12229634155695007,3.951795331829745,1.0,21.916666666666668,4.157086616368211,0.12229634155695003,2864.507917232321,1005,2,static,static_adaptive_kl_0.25,kl,0.25,adaptive,8,0.015625,36,5,2,8,0.4,0.04905660377358491,0.7886904761904762,0.03869047619047619,3,0,0,0,2,2,0.05555555555555555,1.0,2,1.0,470.51300000000003,480.77215,0,0,0,0,,0,0.6480000000000001,0.6480000000000001,0
0.01940724206349206,4.331455456598399,0.08986079572019441,3.37151308507238,0.75,42.041666666666664,5.057521697346364,0.08251174716054742,4331.455456598397,1005,3,static,static_adaptive_kl_0.25,kl,0.25,adaptive,8,0.015625,39,4,3,7,0.75,0.3029045643153527,0.1793154761904762,0.05431547619047619,1,0,0,0,3,3,0.07692307692307693,1.0,3,1.0,467.81449999999995,490.81379999999996,0,0,0,0,,0,0.6480000000000001,0.6480000000000001,0
0.009647817460317459,3.399798676675038,0.08370767337623121,3.4055171654779417,1.0,28.9375,4.652279849965747,0.07405985591591377,3399.7986766750396,1006,0,static,static_adaptive_kl_0.25,kl,0.25,adaptive,8,0.015625,31,6,0,6,0.0,0.0,1.2291666666666667,0.0,1,0,3,0,2,0,0.0,0.0,0,1.0,469.297,481.8613,0,0,0,0,,0,0.6480000000000001,0.6480000000000001,0
0.33864707341269834,2.1646502588965704,0.08837040106756922,2.6615106983538506,1.0,36.479166666666664,4.94808228065345,0.2502766723451292,2164.650258896571,1006,1,static,static_adaptive_kl_0.25,kl,0.25,adaptive,8,0.015625,38,2,1,8,0.5,0.06666666666666667,0.26785714285714285,0.017857142857142856,1,0,0,0,1,1,0.02631578947368421,1.0,1,1.0,473.6835,480.19149999999996,0,0,0,0,,0,0.6480000000000001,0.6480000000000001,0
0.0006510416666666666,2.876205987348399,0.05824947702418431,3.966187499192642,1.0,38.395833333333336,5.0634465161182005,0.05759843535751765,2876.205987348402,1006,2,static,static_adaptive_kl_0.25,kl,0.25,adaptive,8,0.015625,38,5,0,5,0.0,0.0,1.361111111111111,0.0,2,0,1,0,2,0,0.0,0.0,0,1.0,467.404,484.33004999999997,0,0,0,0,,0,0.6480000000000001,0.6480000000000001,0
0.2685391865079365,3.9779589467116163,0.08992271427663906,2.501309240535617,1.0,42.395833333333336,4.965703416614088,0.17861647223129742,3977.9589467116207,1006,3,static,static_adaptive_kl_0.25,kl,0.25,adaptive,8,0.015625,36,0,0,3,nan,nan,0.0,0.0,0,0,0,0,0,0,0.0,nan,0,1.0,471.67499999999995,481.49830000000003,0,0,0,0,,0,0.6480000000000001,0.6480000000000001,0
0.0003255208333333333,3.034046740040871,0.06302206087318621,3.8327942623477314,1.0,30.604166666666668,4.722528936667218,0.06269654003985288,3034.0467400408647,1007,0,static,static_adaptive_kl_0.25,kl,0.25,adaptive,8,0.015625,30,3,0,5,0.0,0.0,0.5416666666666667,0.0,2,0,1,0,0,0,0.0,0.0,0,1.0,470.764,481.2215,0,0,0,0,,0,0.6480000000000001,0.6480000000000001,0
0.07026599702380952,4.616232646867144,0.0558111128839812,3.2984332740829996,1.0,34.791666666666664,4.989298642960157,0.014454884139828325,4616.232646867135,1007,1,static,static_adaptive_kl_0.25,kl,0.25,adaptive,8,0.015625,38,4,1,6,0.25,0.05660377358490567,0.44166666666666665,0.025,2,0,1,0,1,1,0.02631578947368421,1.0,1,1.0,469.1415,478.6385,0,0,0,0,,0,0.6480000000000001,0.6480000000000001,0
0.17129836309523808,2.0852828792056144,0.08819560476527917,2.522085887195019,0.9791666666666666,20.479166666666668,4.204693463051284,0.08310275832995893,2085.2828792056157,1007,2,static,static_adaptive_kl_0.25,kl,0.25,adaptive,8,0.015625,35,2,2,10,1.0,1.0,0.043402777777777776,0.043402777777777776,0,0,0,0,2,2,0.05714285714285714,1.0,2,1.0,466.27750000000003,482.29499999999996,0,0,0,0,,0,0.6480000000000001,0.6480000000000001,0
0.0003255208333333333,4.510655631272613,0.06826914848845538,3.951611577563027,1.0,43.354166666666664,5.123937689860879,0.06794362765512203,4510.655631272616,1007,3,static,static_adaptive_kl_0.25,kl,0.25,adaptive,8,0.015625,36,1,0,4,0.0,0.0,0.041666666666666664,0.0,0,0,1,0,0,0,0.0,0.0,0,1.0,467.36400000000003,481.1726,0,0,0,0,,0,0.6480000000000001,0.6480000000000001,0
0.21837177579365077,3.0863750382134216,0.12005314896847245,2.602938997223398,1.0,25.354166666666668,4.275256200146843,0.09831862682517829,3086.3750382134217,1008,0,static,static_adaptive_kl_0.25,kl,0.25,adaptive,8,0.015625,36,4,3,11,0.75,0.5658914728682171,0.09598214285714285,0.054315476190476185,0,0,1,0,3,3,0.08333333333333333,1.0,3,1.0,474.209,483.9221,0,0,0,0,,0,0.6480000000000001,0.6480000000000001,0
0.0035807291666666665,3.685336185439011,0.07672725546456326,3.6021727475882392,1.0,35.708333333333336,4.940365498823681,0.07314652629789657,3685.3361854390146,1008,1,static,static_adaptive_kl_0.25,kl,0.25,adaptive,8,0.015625,34,3,0,3,0.0,0.0,0.3020833333333333,0.0,1,0,0,0,2,0,0.0,0.0,0,1.0,475.35,485.91595,0,0,0,0,,0,0.6480000000000001,0.6480000000000001,0
0.0003255208333333333,3.6390576864394752,0.09695863368646118,4.9695228517642125,0.5,37.0625,4.685118921923464,0.09663311285312791,3639.05768643947,1008,2,static,static_adaptive_kl_0.25,kl,0.25,adaptive,8,0.015625,34,4,1,6,0.25,0.06382978723404255,0.3263888888888889,0.020833333333333332,1,0,0,0,3,1,0.029411764705882353,1.0,1,1.0,473.52750000000003,479.53565,0,0,0,0,,0,0.6480000000000001,0.6480000000000001,0
0.05512152777777779,4.240114756377888,0.08750097031237443,3.1743024083947424,1.0,39.270833333333336,4.9547001678143525,0.05440079215829991,4240.11475637789,1008,3,static,static_adaptive_kl_0.25,kl,0.25,adaptive,8,0.015625,39,2,1,6,0.5,0.058823529411764705,0.265625,0.015625,1,0,0,0,1,1,0.02564102564102564,1.0,1,1.0,469.74800000000005,481.1023,0,0,0,0,,0,0.6480000000000001,0.6480000000000001,0
0.0035807291666666665,3.1643661818794264,0.06891499191345059,4.6655653568673205,0.3125,47.166666666666664,5.223533524030862,0.06533426274678393,3164.3661818794285,1009,0,static,static_adaptive_kl_0.25,kl,0.25,adaptive,8,0.015625,40,3,1,5,0.3333333333333333,0.06097560975609755,0.29285714285714287,0.017857142857142856,1,0,0,0,2,1,0.025,1.0,1,1.0,475.136,489.57874999999996,0,0,0,0,,0,0.6480000000000001,0.6480000000000001,0
0.08255518353174604,5.040759905772764,0.06053489657268112,3.0158866621864515,1.0,39.8125,4.933921294995362,0.02202028695906492,5040.759905772763,1009,1,static,static_adaptive_kl_0.25,kl,0.25,adaptive,8,0.015625,36,4,2,6,0.5,0.27083333333333337,0.14285714285714285,0.03869047619047619,0,0,2,0,2,2,0.05555555555555555,1.0,2,1.0,474.039,487.5999,0,0,0,0,,0,0.6480000000000001,0.6480000000000001,0
0.013054935515873013,2.481489308323586,0.061416678379908655,3.520767415147819,1.0,25.020833333333332,4.520997920345533,0.04836174286403564,2481.4893083235897,1009,2,static,static_adaptive_kl_0.25,kl,0.25,adaptive,8,0.015625,31,3,2,9,0.6666666666666666,0.6999999999999998,0.06944444444444445,0.048611111111111105,0,0,0,0,3,2,0.06451612903225806,1.0,2,1.0,473.13300000000004,484.07365000000004,0,0,0,0,,0,0.6480000000000001,0.6480000000000001,0
0.0498046875,3.4405675189661764,0.06968003961077997,3.294603271678803,0.9791666666666666,37.875,5.054526886940572,0.019875352110779926,3440.5675189661774,1009,3,static,static_adaptive_kl_0.25,kl,0.25,adaptive,8,0.015625,37,5,2,5,0.4,0.03255813953488372,1.1197916666666665,0.03645833333333333,1,0,1,0,3,2,0.05405405405405406,1.0,2,1.0,473.8985,480.56960000000004,0,0,0,0,,0,0.6480000000000001,0.6480000000000001,0
0.14568452380952382,3.4862705459238463,0.06057887231862441,3.040492052385605,0.9166666666666666,33.75,4.909830220641173,0.0851056514908994,3486.2705459238446,1010,0,static,static_adaptive_kl_0.25,kl,0.25,adaptive,8,0.015625,37,1,0,6,0.0,0.0,0.25,0.0,1,0,0,0,0,0,0.0,0.0,0,1.0,467.84950000000003,491.209,0,0,0,0,,0,0.6480000000000001,0.6480000000000001,0
0.0017671130952380952,2.696270855808724,0.10414188778735989,3.404288639049179,1.0,33.520833333333336,4.809959914271065,0.10237477469212179,2696.2708558087234,1010,1,static,static_adaptive_kl_0.25,kl,0.25,adaptive,8,0.015625,38,4,1,7,0.25,0.16129032258064518,0.12916666666666665,0.020833333333333332,0,0,1,0,3,1,0.02631578947368421,1.0,1,1.0,468.2805,481.8523,0,0,0,0,,0,0.6480000000000001,0.6480000000000001,0
0.0,3.713916966268165,0.08421397981172722,3.539219088523902,1.0,34.4375,4.89092835555499,0.08421397981172722,3713.916966268167,1010,2,static,static_adaptive_kl_0.25,kl,0.25,adaptive,8,0.015625,34,3,0,3,0.0,0.0,0.34375,0.0,1,0,1,0,1,0,0.0,0.0,0,1.0,470.663,479.6405,0,0,0,0,,0,0.6480000000000001,0.6480000000000001,0
0.011114211309523808,2.411958303068619,0.1198565050953968,3.123130338301079,0.9791666666666666,27.6875,4.501049629867177,0.12326881682409913,2411.958303068615,1010,3,static,static_adaptive_kl_0.25,kl,0.25,adaptive,8,0.015625,35,4,3,8,0.75,0.7307692307692307,0.07738095238095238,0.05654761904761905,0,0,0,0,4,3,0.08571428571428572,1.0,3,1.0,470.0875,479.017,0,0,0,0,,0,0.6480000000000001,0.6480000000000001,0
0.006091889880952379,4.084505023646046,0.06934041678513107,3.673953065332959,1.0,49.416666666666664,5.391201603180043,0.0632485269041787,4084.5050236460484,1011,0,static,static_adaptive_kl_0.25,kl,0.25,adaptive,8,0.015625,40,2,0,2,0.0,0.0,0.04583333333333334,0.0,0,0,0,0,2,0,0.0,0.0,0,1.0,470.899,484.97895,0,0,0,0,,0,0.6480000000000001,0.6480000000000001,0
0.357688492063492,2.4166666666666665,0.18713997159057116,1.8389739671155896,1.0,14.875,3.4264176011601903,0.18334691764454605,2416.6666666666665,1011,1,static,static_adaptive_kl_0.25,kl,0.25,adaptive,8,0.015625,34,1,1,9,1.0,1.0,0.020833333333333332,0.020833333333333332,0,0,0,0,1,1,0.029411764705882353,1.0,1,1.0,472.006,481.045,0,0,0,0,,0,0.6480000000000001,0.6480000000000001,0
0.14225260416666666,5.792167111133466,0.11053717757453435,2.9148653995056404,1.0,38.1875,4.829325361147756,0.043775189669259966,5792.167111133468,1011,2,static,static_adaptive_kl_0.25,kl,0.25,adaptive,8,0.015625,34,3,0,2,0.0,0.0,1.0491071428571428,0.0,1,0,0,0,2,0,0.0,0.0,0,1.0,475.491,489.4235,0,0,0,0,,0,0.6480000000000001,0.6480000000000001,0
0.0006975446428571429,4.026423188229011,0.06585015534621112,4.558418314188267,1.0,45.75,5.333163278786915,0.06515261070335396,4026.4231882290137,1011,3,static,static_adaptive_kl_0.25,kl,0.25,adaptive,8,0.015625,41,5,2,4,0.4,0.22935779816513763,0.14598214285714284,0.033482142857142856,0,0,1,0,4,2,0.04878048780487805,1.0,2,1.0,472.30100000000004,479.8538,0,0,0,0,,0,0.6480000000000001,0.6480000000000001,0
0.07612227182539687,2.393068219497164,0.057513517052698644,2.9401140813819073,1.0,27.875,4.604736237578188,0.018608754772698227,2393.068219497163,1012,0,static,static_adaptive_kl_0.25,kl,0.25,adaptive,8,0.015625,33,3,0,6,0.0,0.0,0.5178571428571428,0.0,2,0,0,0,1,0,0.0,0.0,0,1.0,474.169,483.30305,0,0,0,0,,0,0.6480000000000001,0.6480000000000001,0
0.0034846230158730156,4.467887196132556,0.09715062999426233,3.571619831559252,1.0,32.625,4.6839245350171455,0.09366600697838927,4467.887196132563,1012,1,static,static_adaptive_kl_0.25,kl,0.25,adaptive,8,0.015625,35,1,0,4,0.0,0.0,0.041666666666666664,0.0,0,0,1,0,0,0,0.0,0.0,0,1.0,470.453,487.3188,0,0,0,0,,0,0.6480000000000001,0.6480000000000001,0
0.08863467261904762,4.003121674379353,0.0877019972030099,3.0562149709344624,1.0,32.833333333333336,4.79776147030396,0.03723109576737363,4003.121674379357,1012,2,static,static_adaptive_kl_0.25,kl,0.25,adaptive,8,0.015625,36,7,2,7,0.2857142857142857,0.08732565191024863,0.49077380952380956,0.04285714285714286,1,0,3,0,3,2,0.05555555555555555,1.0,2,1.0,473.062,494.08715,0,0,0,0,,0,0.6480000000000001,0.6480000000000001,0
0.005753968253968254,3.8097411121667104,0.10960929400139857,3.9233210894980566,1.0,27.333333333333332,4.4009857354326405,0.10385532574743035,3809.7411121667105,1012,3,static,static_adaptive_kl_0.25,kl,0.25,adaptive,8,0.015625,27,0,0,5,nan,nan,0.0,0.0,0,0,0,0,0,0,0.0,nan,0,1.0,470.068,478.8645,0,0,0,0,,0,0.6480000000000001,0.6480000000000001,0
0.0003720238095238095,4.207713894680475,0.08350649069024418,4.465106774700464,1.0,38.854166666666664,5.092961871358069,0.08313446688072036,4207.713894680469,1013,0,static,static_adaptive_kl_0.25,kl,0.25,adaptive,8,0.015625,32,4,0,3,0.0,0.0,0.17708333333333331,0.0,0,0,2,0,2,0,0.0,0.0,0,1.0,469.25699999999995,483.98625,0,0,0,0,,0,0.6480000000000001,0.6480000000000001,0
0.008206225198412699,2.1202898624301985,0.09316985267004657,3.341715113754742,1.0,24.520833333333332,4.3091350764901515,0.08496362747163384,2120.2898624301993,1013,1,static,static_adaptive_kl_0.25,kl,0.25,adaptive,8,0.015625,36,2,2,11,1.0,1.0,0.04583333333333334,0.04583333333333334,0,0,0,0,2,2,0.05555555555555555,1.0,2,1.0,467.70500000000004,479.7093,0,0,0,0,,0,0.6480000000000001,0.6480000000000001,0
0.005254836309523809,3.358434435763036,0.06460446747138845,4.285858513535494,1.0,41.5625,5.191599197079386,0.05934963116186462,3358.434435763036,1013,2,static,static_adaptive_kl_0.25,kl,0.25,adaptive,8,0.015625,29,2,0,5,0.0,0.0,0.05208333333333333,0.0,0,0,0,0,2,0,0.0,0.0,0,1.0,467.84,479.1731,0,0,0,0,,0,0.6480000000000001,0.6480000000000001,0
0.025006200396825398,2.8640054227964384,0.10454464776111767,3.2246243498268288,1.0,34.895833333333336,4.874259221924823,0.10011566297309897,2864.005422796438,1013,3,static,static_adaptive_kl_0.25,kl,0.25,adaptive,8,0.015625,40,5,0,7,0.0,0.0,0.5729166666666666,0.0,2,0,0,0,3,0,0.0,0.0,0,1.0,474.93,483.1408,0,0,0,0,,0,0.6480000000000001,0.6480000000000001,0
0.18576388888888887,4.479073677847052,0.08407421142168207,2.620069455624369,1.0,36.75,4.889809030201956,0.10168967746720685,4479.073677847061,1014,0,static,static_adaptive_kl_0.25,kl,0.25,adaptive,8,0.015625,35,1,0,2,0.0,0.0,0.0625,0.0,0,0,1,0,0,0,0.0,0.0,0,1.0,468.18,483.1936,0,0,0,0,,0,0.6480000000000001,0.6480000000000001,0
0.45355902777777785,2.5727070579424685,0.10140934320407406,2.6261694537295592,0.8541666666666666,39.208333333333336,4.975448282221489,0.35214968457370377,2572.7070579424676,1014,1,static,static_adaptive_kl_0.25,kl,0.25,adaptive,8,0.015625,36,1,0,5,0.0,0.0,0.0625,0.0,0,0,1,0,0,0,0.0,0.0,0,1.0,476.6275,484.26865,0,0,0,0,,0,0.6480000000000001,0.6480000000000001,0
0.025607638888888885,4.622289573250407,0.09267578418950563,3.180355229073568,1.0,40.1875,4.877541089831423,0.08968070809812818,4622.289573250414,1014,2,static,static_adaptive_kl_0.25,kl,0.25,adaptive,8,0.015625,37,2,1,6,0.5,0.4545454545454545,0.04583333333333334,0.020833333333333332,0,0,0,0,2,1,0.02702702702702703,1.0,1,1.0,467.254,481.22585,0,0,0,0,,0,0.6480000000000001,0.6480000000000001,0
0.0003255208333333333,4.309879060284728,0.08460679465122135,5.152837806885615,0.125,40.4375,5.052933324641564,0.08428127381788798,4309.8790602847275,1014,3,static,static_adaptive_kl_0.25,kl,0.25,adaptive,8,0.015625,35,3,0,2,0.0,0.0,0.11458333333333333,0.0,0,0,1,0,2,0,0.0,0.0,0,1.0,471.515,482.42245,0,0,0,0,,0,0.6480000000000001,0.6480000000000001,0
0.0267547123015873,2.7370695341735547,0.03789776077036487,3.566874592935337,1.0,35.520833333333336,5.03769447313613,0.011143048468777573,2737.069534173554,1015,0,static,static_adaptive_kl_0.25,kl,0.25,adaptive,8,0.015625,38,3,3,10,1.0,1.0,0.05952380952380952,0.05952380952380952,0,0,0,0,3,3,0.07894736842105263,1.0,3,1.0,469.477,481.98545,0,0,0,0,,0,0.6480000000000001,0.6480000000000001,0
0.0003720238095238095,3.414281342608625,0.1445000689810284,4.447416159813943,0.7291666666666666,29.291666666666668,4.282068755826297,0.1441280451715046,3414.281342608625,1015,1,static,static_adaptive_kl_0.25,kl,0.25,adaptive,8,0.015625,32,5,1,7,0.2,0.047619047619047616,0.65625,0.03125,2,0,2,0,1,1,0.03125,1.0,1,1.0,466.733,479.969,0,0,0,0,,0,0.6480000000000001,0.6480000000000001,0
0.000744047619047619,4.103403879322763,0.1442386367594898,3.93042528826595,1.0,28.854166666666668,4.51611893971639,0.1434945891404422,4103.403879322773,1015,2,static,static_adaptive_kl_0.25,kl,0.25,adaptive,8,0.015625,38,0,0,7,nan,nan,0.0,0.0,0,0,0,0,0,0,0.0,nan,0,1.0,469.3065,481.90965,0,0,0,0,,0,0.6480000000000001,0.6480000000000001,0
0.08051215277777775,4.040651784252961,0.05758265540534161,3.257836858301444,0.7916666666666666,38.854166666666664,5.113694669401395,0.02292949737243613,4040.6517842529597,1015,3,static,static_adaptive_kl_0.25,kl,0.25,adaptive,8,0.015625,36,2,0,4,0.0,0.0,0.04583333333333334,0.0,0,0,0,0,2,0,0.0,0.0,0,1.0,469.25649999999996,483.8143,0,0,0,0,,0,0.6480000000000001,0.6480000000000001,0
0.0050754676870748295,2.9852521684282043,0.08847083483980672,3.747251516649344,1.0,35.875,4.905525667975786,0.0833953671527319,2985.252168428205,1016,0,static,static_adaptive_kl_0.25,kl,0.25,adaptive,8,0.015625,35,5,3,8,0.6,0.17055655296229802,0.33154761904761904,0.05654761904761905,1,0,0,0,4,3,0.08571428571428572,1.0,3,1.0,471.495,482.9103,0,0,0,0,,0,0.6480000000000001,0.6480000000000001,0
0.0032618516156462576,4.848061894175144,0.07025460657558473,3.8403820650794036,1.0,41.541666666666664,5.2061914675728245,0.06699275495993848,4848.061894175137,1016,1,static,static_adaptive_kl_0.25,kl,0.25,adaptive,8,0.015625,34,8,3,12,0.375,0.24556616643929058,0.2181547619047619,0.05357142857142857,0,0,1,0,7,3,0.08823529411764706,1.0,3,1.0,474.58950000000004,487.85145,0,0,0,0,,0,0.6480000000000001,0.6480000000000001,0
0.0546875,3.750819540779551,0.08070703824747105,3.366163454328328,1.0,36.166666666666664,4.977717370926297,0.026019538247471042,3750.8195407795533,1016,2,static,static_adaptive_kl_0.25,kl,0.25,adaptive,8,0.015625,37,5,1,7,0.2,0.026833631484794278,0.5822916666666667,0.015625,2,0,1,0,2,1,0.02702702702702703,1.0,1,1.0,473.438,479.3048,0,0,0,0,,0,0.6480000000000001,0.6480000000000001,0
0.046549479166666664,4.881451208801785,0.07585836529636439,3.617014548134053,1.0,41.416666666666664,5.179257317359863,0.054616146234863515,4881.451208801784,1016,3,static,static_adaptive_kl_0.25,kl,0.25,adaptive,8,0.015625,40,7,1,5,0.14285714285714285,0.044587565023532325,0.40049603174603177,0.017857142857142856,1,0,0,0,6,1,0.025,1.0,1,1.0,473.85850000000005,489.20625,0,0,0,0,,0,0.6480000000000001,0.6480000000000001,0
0.005626860119047617,3.555607896475939,0.07531604079129549,3.703776906586686,1.0,37.8125,5.045933194160667,0.06968918067224794,3555.607896475938,1017,0,static,static_adaptive_kl_0.25,kl,0.25,adaptive,8,0.015625,35,4,1,6,0.25,0.21126760563380284,0.08452380952380951,0.017857142857142856,0,0,0,0,4,1,0.02857142857142857,1.0,1,1.0,475.967,481.777,0,0,0,0,,0,0.6480000000000001,0.6480000000000001,0
0.09522259424603174,2.2307231077386747,0.0677565172486001,2.962065260758435,1.0,31.479166666666668,4.7903363247941835,0.06452582900460115,2230.7231077386755,1017,1,static,static_adaptive_kl_0.25,kl,0.25,adaptive,8,0.015625,40,4,3,8,0.75,0.47500000000000003,0.11904761904761904,0.05654761904761905,0,0,1,0,3,3,0.075,1.0,3,1.0,475.7665,481.77049999999997,0,0,0,0,,0,0.6480000000000001,0.6480000000000001,0
0.32728794642857145,3.8004787204190507,0.07262175739752896,2.7238607425934034,0.9375,41.895833333333336,5.2085499302291565,0.2546661890310425,3800.4787204190466,1017,2,static,static_adaptive_kl_0.25,kl,0.25,adaptive,8,0.015625,34,1,0,2,0.0,0.0,0.017857142857142856,0.0,0,0,0,0,1,0,0.0,0.0,0,1.0,476.0815,483.78015,0,0,0,0,,0,0.6480000000000001,0.6480000000000001,0
0.006556919642857141,3.2850001614136684,0.07963014174203141,3.5128241020074533,1.0,39.708333333333336,5.099640887616983,0.07307322209917425,3285.000161413671,1017,3,static,static_adaptive_kl_0.25,kl,0.25,adaptive,8,0.015625,38,1,1,4,1.0,1.0,0.017857142857142856,0.017857142857142856,0,0,0,0,1,1,0.02631578947368421,1.0,1,1.0,471.0345,484.01415000000003,0,0,0,0,,0,0.6480000000000001,0.6480000000000001,0
0.0022786458333333335,2.9879655496829423,0.05473042408988726,4.319860448918949,1.0,40.1875,5.010253148255464,0.05245177825655392,2987.9655496829437,1018,0,static,static_adaptive_kl_0.25,kl,0.25,adaptive,8,0.015625,37,2,0,6,0.0,0.0,0.05625,0.0,0,0,0,0,2,0,0.0,0.0,0,1.0,477.539,489.15795,0,0,0,0,,0,0.6480000000000001,0.6480000000000001,0
0.09358258928571428,3.1573017102620518,0.05359185863743488,3.2154961106732514,1.0,34.333333333333336,4.916708351082046,0.0399907306482794,3157.3017102620524,1018,1,static,static_adaptive_kl_0.25,kl,0.25,adaptive,8,0.015625,39,1,0,7,0.0,0.0,0.025,0.0,0,0,0,0,1,0,0.0,0.0,0,1.0,476.60249999999996,482.83015,0,0,0,0,,0,0.6480000000000001,0.6480000000000001,0
0.04964657738095238,1.9948922467383507,0.04964657738095238,3.097772370582641,1.0,24.541666666666668,4.469140836842427,0.0,1994.8922467383484,1018,2,static,static_adaptive_kl_0.25,kl,0.25,adaptive,8,0.015625,33,3,1,9,0.3333333333333333,0.27272727272727276,0.11458333333333333,0.03125,0,0,2,0,1,1,0.030303030303030304,1.0,1,1.0,470.10749999999996,482.1485,0,0,0,0,,0,0.6480000000000001,0.6480000000000001,0
0.0037357390873015866,4.30284095666638,0.0737245558401536,3.602535682132467,1.0,36.166666666666664,4.987720257508344,0.06998881675285201,4302.840956666384,1018,3,static,static_adaptive_kl_0.25,kl,0.25,adaptive,8,0.015625,37,4,0,3,0.0,0.0,0.34077380952380953,0.0,1,0,1,0,2,0,0.0,0.0,0,1.0,473.0375,484.83445,0,0,0,0,,0,0.6480000000000001,0.6480000000000001,0
0.009435675311791387,3.4116400602567576,0.0571339169284801,4.097591981514671,1.0,46.208333333333336,5.446344305083149,0.04769824161668871,3411.640060256757,1019,0,static,static_adaptive_kl_0.25,kl,0.25,adaptive,8,0.015625,44,2,2,4,1.0,1.0,0.03571428571428571,0.03571428571428571,0,0,0,0,2,2,0.045454545454545456,1.0,2,1.0,475.456,484.91715,0,0,0,0,,0,0.6480000000000001,0.6480000000000001,0
0.0003255208333333333,4.194729606449079,0.07545203549505662,4.525986841095454,1.0,41.5,5.005143362930908,0.07512651466172333,4194.729606449077,1019,1,static,static_adaptive_kl_0.25,kl,0.25,adaptive,8,0.015625,36,5,2,4,0.4,0.11353711790393015,0.3407738095238095,0.03869047619047619,1,0,0,0,4,2,0.05555555555555555,1.0,2,1.0,474.0385,484.27104999999995,0,0,0,0,,0,0.6480000000000001,0.6480000000000001,0
0.2018601190476191,1.5597652363041907,0.07734001396269469,2.6478554774962864,1.0,30.458333333333332,4.7276340122611265,0.12452010508492443,1559.765236304191,1019,2,static,static_adaptive_kl_0.25,kl,0.25,adaptive,8,0.015625,39,3,1,9,0.3333333333333333,0.14285714285714288,0.14583333333333331,0.020833333333333332,0,0,2,0,1,1,0.02564102564102564,1.0,1,1.0,475.3755,482.35845,0,0,0,0,,0,0.6480000000000001,0.6480000000000001,0
0.12189153439153445,3.4078475311592022,0.0751892954478999,3.095886557025769,0.9791666666666666,28.145833333333332,4.593607495542783,0.04670223894363442,3407.847531159199,1019,3,static,static_adaptive_kl_0.25,kl,0.25,adaptive,8,0.015625,34,6,1,6,0.16666666666666666,0.020100502512562818,1.24375,0.025,1,0,3,0,2,1,0.029411764705882353,1.0,1,1.0,466.6425,479.4325,0,0,0,0,,0,0.6480000000000001,0.6480000000000001,0
0.027881944444444445,4.794239491359186,0.05543015645080693,4.057446158012947,1.0,39.854166666666664,4.9881606767052356,0.027548212006362482,4794.239491359186,1000,0,static,static_adaptive_kl_0.5,kl,0.5,adaptive,8,0.015625,34,7,2,4,0.2857142857142857,0.23076923076923078,0.21666666666666667,0.05,0,0,1,0,6,2,0.058823529411764705,1.0,2,1.0,470.4585,475.50765,0,0,0,0,,0,0.6480000000000001,0.6480000000000001,0
0.004231770833333333,3.1972741719601863,0.04672254721347777,4.29150479444719,0.8333333333333334,43.5625,5.240573931213928,0.042490776380144445,3197.274171960189,1000,1,static,static_adaptive_kl_0.5,kl,0.5,adaptive,8,0.015625,40,2,1,3,0.5,0.058823529411764705,0.265625,0.015625,1,0,0,0,1,1,0.025,1.0,1,1.0,471.73,486.77094999999997,0,0,0,0,,0,0.6480000000000001,0.6480000000000001,0
0.3520066550925926,1.445392913880115,0.2975567240599855,1.6099408630036323,1.0,14.708333333333334,2.7535314153103783,0.05444993103260709,1445.3929138801147,1000,2,static,static_adaptive_kl_0.5,kl,0.5,adaptive,8,0.015625,36,3,0,4,0.0,0.0,0.22916666666666666,0.0,1,0,2,0,0,0,0.0,0.0,0,1.0,465.63149999999996,481.81145,0,0,0,0,,0,0.6480000000000001,0.6480000000000001,0
0.33767361111111116,1.1453496462109036,0.31002809998003583,1.6179613106565576,1.0,11.208333333333334,2.487909169370158,0.0276455111310753,1145.349646210904,1000,3,static,static_adaptive_kl_0.5,kl,0.5,adaptive,8,0.015625,31,3,2,7,0.6666666666666666,0.26530612244897955,0.3402777777777778,0.09027777777777778,1,0,1,1,1,1,0.06451612903225806,1.0,2,1.0,470.1685,477.27395,0,0,0,0,,0,0.6480000000000001,0.6480000000000001,0
0.30501302083333337,1.4348639892503308,0.2333604614503458,1.7953608312154368,1.0,11.270833333333334,2.8556687699327035,0.07165255938298755,1434.8639892503306,1001,0,static,static_adaptive_kl_0.5,kl,0.5,adaptive,8,0.015625,35,1,0,5,0.0,0.0,0.25,0.0,1,0,0,0,0,0,0.0,0.0,0,1.0,464.109,483.69605,0,0,0,0,,0,0.6480000000000001,0.6480000000000001,0
0.03567708333333333,2.509084903180221,0.10471291298469404,3.317439375570529,0.9791666666666666,30.604166666666668,4.367294022931579,0.06903582965136072,2509.0849031802204,1001,1,static,static_adaptive_kl_0.5,kl,0.5,adaptive,8,0.015625,34,5,3,6,0.6,0.2682926829268293,0.4270833333333333,0.11458333333333333,1,0,2,1,2,2,0.08823529411764706,1.0,3,1.0,467.324,474.36535,0,0,0,0,,0,0.6480000000000001,0.6480000000000001,0
0.08986545138888889,2.6078829193303252,0.09424220208639449,2.9218321308715542,1.0,24.3125,4.11641877445511,0.004376750697505584,2607.882919330324,1001,2,static,static_adaptive_kl_0.5,kl,0.5,adaptive,8,0.015625,36,4,3,9,0.75,0.05084745762711865,1.0535714285714284,0.05357142857142857,1,0,0,0,3,3,0.08333333333333333,1.0,3,1.0,467.47950000000003,477.38165000000004,0,0,0,0,,0,0.6480000000000001,0.6480000000000001,0
0.11822916666666666,4.036275617542026,0.17756622669888059,2.6592868899272153,1.0,17.354166666666668,3.684073910394099,0.05933706003221389,4036.2756175420222,1001,3,static,static_adaptive_kl_0.5,kl,0.5,adaptive,8,0.015625,32,5,3,8,0.6,0.1111111111111111,0.5625,0.0625,2,0,0,0,3,3,0.09375,1.0,3,1.0,462.452,476.7723,0,0,0,0,,0,0.6480000000000001,0.6480000000000001,0
0.06307663690476192,3.84914306176473,0.04828557987130089,3.3622329383676064,0.3541666666666667,31.4375,4.89965625629067,0.014791057033461036,3849.1430617647297,1002,0,static,static_adaptive_kl_0.5,kl,0.5,adaptive,8,0.015625,43,5,2,4,0.4,0.11267605633802817,0.3169642857142857,0.03571428571428571,2,0,0,0,3,2,0.046511627906976744,1.0,2,1.0,465.79650000000004,475.26865000000004,0,0,0,0,,0,0.6480000000000001,0.6480000000000001,0
0.22048611111111113,1.8434813806532648,0.17264672070592005,2.3740071725558347,1.0,17.479166666666668,3.429759198867117,0.06579091224855714,1843.481380653264,1002,1,static,static_adaptive_kl_0.5,kl,0.5,adaptive,8,0.015625,35,6,2,8,0.3333333333333333,0.04428044280442804,0.8065476190476191,0.03571428571428571,3,0,0,0,3,2,0.05714285714285714,1.0,2,1.0,463.3075,474.08965,0,0,0,0,,0,0.6480000000000001,0.6480000000000001,0
0.02633101851851852,1.3415309057416331,0.18246424811179227,2.578650569981115,1.0,10.875,2.948241578185952,0.16578006219157468,1341.530905741635,1002,2,static,static_adaptive_kl_0.5,kl,0.5,adaptive,8,0.015625,39,3,0,3,0.0,0.0,1.2708333333333333,0.0,2,0,0,0,1,0,0.0,0.0,0,1.0,463.8935,475.90665,0,0,0,0,,0,0.6480000000000001,0.6480000000000001,0
0.24445601851851842,2.0232064845642124,0.17023745284051037,2.2285855613790444,1.0,16.104166666666668,3.573960797756074,0.07421856567800816,2023.2064845642128,1002,3,static,static_adaptive_kl_0.5,kl,0.5,adaptive,8,0.015625,35,6,2,6,0.3333333333333333,0.036418816388467376,1.3729166666666668,0.05,2,0,1,0,3,2,0.05714285714285714,1.0,2,1.0,470.038,488.81465,0,0,0,0,,0,0.6480000000000001,0.6480000000000001,0
0.26438802083333335,1.7395612295975775,0.23666752975498348,2.377095125926061,1.0,19.229166666666668,3.3051394902117117,0.06193478651229136,1739.5612295975773,1003,0,static,static_adaptive_kl_0.5,kl,0.5,adaptive,8,0.015625,38,5,4,9,0.8,0.6030245746691871,0.1574404761904762,0.09494047619047619,0,0,1,0,4,4,0.10526315789473684,1.0,4,1.0,468.4705,485.23544999999996,0,0,0,0,,0,0.6480000000000001,0.6480000000000001,0
0.3617925347222222,1.2119872609473523,0.3429560509233673,1.4851054284778413,1.0,10.145833333333334,2.199303011946952,0.018836483798854973,1211.9872609473528,1003,1,static,static_adaptive_kl_0.5,kl,0.5,adaptive,8,0.015625,35,5,4,11,0.8,0.7103448275862069,0.2157738095238095,0.1532738095238095,0,0,3,2,2,2,0.11428571428571428,1.0,4,1.0,467.0235,491.16384999999997,0,0,0,0,,0,0.6480000000000001,0.6480000000000001,0
0.137109375,3.004096934983471,0.10644705041610275,2.7523128669675,1.0,37.416666666666664,4.451533471726381,0.03066232458389727,3004.096934983471,1003,2,static,static_adaptive_kl_0.5,kl,0.5,adaptive,8,0.015625,40,3,2,6,0.6666666666666666,0.5,0.125,0.0625,0,0,1,0,2,2,0.05,1.0,2,1.0,467.5945,476.96430000000004,0,0,0,0,,0,0.6480000000000001,0.6480000000000001,0
0.11118344907407408,2.27787373741311,0.08264515694585355,2.7924344896121167,1.0,33.041666666666664,4.4490832798347775,0.02853829212822051,2277.8737374131124,1003,3,static,static_adaptive_kl_0.5,kl,0.5,adaptive,8,0.015625,40,2,2,5,1.0,1.0,0.046875,0.046875,0,0,0,0,2,2,0.05,1.0,2,1.0,472.106,480.4542,0,0,0,0,,0,0.6480000000000001,0.6480000000000001,0
0.10694444444444445,1.731662399898277,0.1367481390120179,2.598521046511586,1.0,24.208333333333332,3.790397264147153,0.042770547989614736,1731.6623998982734,1004,0,static,static_adaptive_kl_0.5,kl,0.5,adaptive,8,0.015625,39,6,3,7,0.5,0.34386716657739685,0.18521825396825398,0.06369047619047619,0,0,1,0,5,3,0.07692307692307693,1.0,3,1.0,470.4835,478.49699999999996,0,0,0,0,,0,0.6480000000000001,0.6480000000000001,0
0.43525545634920637,1.4993319866463264,0.1934581237890786,2.1243817968835286,0.9375,21.083333333333332,3.7544174768966947,0.2417973325601278,1499.3319866463273,1004,1,static,static_adaptive_kl_0.5,kl,0.5,adaptive,8,0.015625,36,3,2,5,0.6666666666666666,0.7272727272727273,0.11458333333333333,0.08333333333333333,0,0,1,1,2,1,0.05555555555555555,1.0,2,1.0,466.538,479.9063,0,0,0,0,,0,0.6480000000000001,0.6480000000000001,0
0.32656250000000003,2.103453870623969,0.2589368607783175,2.208899023556748,1.0,17.208333333333332,3.3674110891298237,0.0724074865108496,2103.453870623969,1004,2,static,static_adaptive_kl_0.5,kl,0.5,adaptive,8,0.015625,34,9,7,12,0.7777777777777778,0.2876325088339222,0.7018849206349207,0.20188492063492064,2,0,1,1,6,6,0.20588235294117646,1.0,7,1.0,464.59000000000003,477.54679999999996,0,0,0,0,,0,0.6480000000000001,0.6480000000000001,0
0.03576822916666667,2.585846299357805,0.15095594081712813,3.1310935507133486,1.0,19.708333333333332,3.842209975433409,0.11518771165046143,2585.8462993578046,1004,3,static,static_adaptive_kl_0.5,kl,0.5,adaptive,8,0.015625,33,1,0,6,0.0,0.0,0.0625,0.0,0,0,1,0,0,0,0.0,0.0,0,1.0,470.188,486.91805,0,0,0,0,,0,0.6480000000000001,0.6480000000000001,0
0.11831307870370367,2.4981569187086707,0.11294795730038593,2.507943579928193,1.0,17.791666666666668,3.7705752214986252,0.026895454826224515,2498.156918708671,1005,0,static,static_adaptive_kl_0.5,kl,0.5,adaptive,8,0.015625,33,4,1,6,0.25,0.061855670103092786,0.28869047619047616,0.017857142857142856,2,0,0,0,2,1,0.030303030303030304,1.0,1,1.0,465.8815,477.8468,0,0,0,0,,0,0.6480000000000001,0.6480000000000001,0
0.04468377976190476,2.1743540046643663,0.18488353844409902,2.7187745396550134,1.0,19.208333333333332,3.600349695585175,0.14019975868219428,2174.354004664367,1005,1,static,static_adaptive_kl_0.5,kl,0.5,adaptive,8,0.015625,37,4,3,8,0.75,0.5519999999999999,0.09300595238095238,0.05133928571428571,0,0,1,0,3,3,0.08108108108108109,1.0,3,1.0,464.124,475.086,0,0,0,0,,0,0.6480000000000001,0.6480000000000001,0
0.12455853174603172,1.912787353061203,0.16089226190488154,2.4439550110590855,0.9375,17.458333333333332,3.6483497467577113,0.08988077226099102,1912.787353061205,1005,2,static,static_adaptive_kl_0.5,kl,0.5,adaptive,8,0.015625,36,5,2,7,0.4,0.04905660377358491,0.7886904761904762,0.03869047619047619,3,0,0,0,2,2,0.05555555555555555,1.0,2,1.0,463.22249999999997,484.70635,0,0,0,0,,0,0.6480000000000001,0.6480000000000001,0
0.2054604828042328,2.475814222443194,0.09284365380492517,2.9433186259823017,0.6666666666666666,37.458333333333336,4.790307921842609,0.11261682899930764,2475.8142224431954,1005,3,static,static_adaptive_kl_0.5,kl,0.5,adaptive,8,0.015625,39,4,3,5,0.75,0.3029045643153527,0.1793154761904762,0.05431547619047619,1,0,0,0,3,3,0.07692307692307693,1.0,3,1.0,465.321,480.5244,0,0,0,0,,0,0.6480000000000001,0.6480000000000001,0
0.17656249999999998,1.7518565153007284,0.179527296971953,2.0165145076102435,1.0,10.583333333333334,2.953798191214705,0.030453304204167322,1751.8565153007303,1006,0,static,static_adaptive_kl_0.5,kl,0.5,adaptive,8,0.015625,31,6,4,9,0.6666666666666666,0.13559322033898302,1.2291666666666667,0.16666666666666666,1,0,3,2,2,2,0.12903225806451613,1.0,4,1.0,465.69100000000003,477.419,0,0,0,0,,0,0.6480000000000001,0.6480000000000001,0
0.004991319444444443,1.807069518564804,0.2066065363252849,3.399555881494214,0.5833333333333334,21.291666666666668,3.4640880101368787,0.2016152168808405,1807.0695185648037,1006,1,static,static_adaptive_kl_0.5,kl,0.5,adaptive,8,0.015625,38,2,2,7,1.0,1.0,0.26785714285714285,0.26785714285714285,1,1,0,0,1,1,0.05263157894736842,1.0,2,1.0,467.8295,483.5021,0,0,0,0,,0,0.6480000000000001,0.6480000000000001,0
0.258984375,1.853706290690037,0.1712977468921464,2.308888662111781,1.0,24.270833333333332,3.7645232817818908,0.08768662810785359,1853.7062906900376,1006,2,static,static_adaptive_kl_0.5,kl,0.5,adaptive,8,0.015625,38,5,0,5,0.0,0.0,1.361111111111111,0.0,2,0,1,0,2,0,0.0,0.0,0,1.0,466.7635,477.69365,0,0,0,0,,0,0.6480000000000001,0.6480000000000001,0
0.20949074074074078,1.3287904302085098,0.14910540293369534,2.0892843548525333,1.0,15.770833333333334,3.440831292261374,0.060385337807045414,1328.7904302085094,1006,3,static,static_adaptive_kl_0.5,kl,0.5,adaptive,8,0.015625,36,0,0,3,nan,nan,0.0,0.0,0,0,0,0,0,0,0.0,nan,0,1.0,468.4605,505.9466,0,0,0,0,,0,0.6480000000000001,0.6480000000000001,0
0.15362413194444444,1.9688878767037281,0.14171063432967296,2.5332423960889074,1.0,19.729166666666668,3.589054576728436,0.05057652194275045,1968.8878767037306,1007,0,static,static_adaptive_kl_0.5,kl,0.5,adaptive,8,0.015625,30,3,0,7,0.0,0.0,0.5416666666666667,0.0,2,0,1,0,0,0,0.0,0.0,0,1.0,465.321,479.47645,0,0,0,0,,0,0.6480000000000001,0.6480000000000001,0
0.016106770833333336,2.7284079173575804,0.16631200149551442,3.205843749128259,1.0,19.625,3.849864560153256,0.15020523066218106,2728.40791735758,1007,1,static,static_adaptive_kl_0.5,kl,0.5,adaptive,8,0.015625,38,4,1,6,0.25,0.05660377358490567,0.44166666666666665,0.025,2,0,1,0,1,1,0.02631578947368421,1.0,1,1.0,472.116,477.94915,0,0,0,0,,0,0.6480000000000001,0.6480000000000001,0
0.4378472222222222,0.7194227642837272,0.4292714573542192,1.016794250060505,1.0,4.75,1.502816690687217,0.008575764868002983,719.4227642837271,1007,2,static,static_adaptive_kl_0.5,kl,0.5,adaptive,8,0.015625,35,2,1,7,0.5,0.36,0.043402777777777776,0.015625,0,0,0,0,2,1,0.02857142857142857,1.0,1,1.0,463.148,475.21385,0,0,0,0,,0,0.6480000000000001,0.6480000000000001,0
0.015950520833333332,3.1784235377284773,0.0830010952075965,3.5990239766286845,0.9583333333333334,31.458333333333332,4.64059396009885,0.0724080370440252,3178.4235377284785,1007,3,static,static_adaptive_kl_0.5,kl,0.5,adaptive,8,0.015625,36,1,0,3,0.0,0.0,0.041666666666666664,0.0,0,0,1,0,0,0,0.0,0.0,0,1.0,468.22,476.50335,0,0,0,0,,0,0.6480000000000001,0.6480000000000001,0
0.3572482638888889,1.27917287543245,0.31103399000887455,1.6103212542939394,1.0,13.291666666666666,2.638269549618762,0.04621427388001432,1279.1728754324497,1008,0,static,static_adaptive_kl_0.5,kl,0.5,adaptive,8,0.015625,36,4,4,8,1.0,1.0,0.09598214285714285,0.09598214285714285,0,0,1,1,3,3,0.1111111111111111,1.0,4,1.0,466.76300000000003,482.43075,0,0,0,0,,0,0.6480000000000001,0.6480000000000001,0
0.055881076388888895,1.9564291735462584,0.17671520495015358,3.4575945298242936,0.5625,23.25,3.638781914265348,0.12083412856126476,1956.4291735462582,1008,1,static,static_adaptive_kl_0.5,kl,0.5,adaptive,8,0.015625,34,3,2,6,0.6666666666666666,0.9310344827586208,0.3020833333333333,0.28125,1,1,0,0,2,1,0.058823529411764705,1.0,2,1.0,463.7135,480.11095,0,0,0,0,,0,0.6480000000000001,0.6480000000000001,0
0.11664496527777779,1.8638673330487887,0.09298316114427263,2.7807392827399675,1.0,36.083333333333336,4.548842116586649,0.03996331690234433,1863.8673330487902,1008,2,static,static_adaptive_kl_0.5,kl,0.5,adaptive,8,0.015625,34,4,1,4,0.25,0.06382978723404255,0.3263888888888889,0.020833333333333332,1,0,0,0,3,1,0.029411764705882353,1.0,1,1.0,463.34799999999996,472.8728,0,0,0,0,,0,0.6480000000000001,0.6480000000000001,0
0.2638888888888889,1.3790027618148841,0.17965992584035384,2.2208230128726156,1.0,28.083333333333332,3.8229318031503414,0.08422896304853505,1379.0027618148845,1008,3,static,static_adaptive_kl_0.5,kl,0.5,adaptive,8,0.015625,39,2,2,6,1.0,1.0,0.265625,0.265625,1,1,0,0,1,1,0.05128205128205128,1.0,2,1.0,467.10850000000005,475.54499999999996,0,0,0,0,,0,0.6480000000000001,0.6480000000000001,0
0.04251302083333333,4.086478426186542,0.05637930278979774,4.000898131449658,0.6875,38.979166666666664,5.0813608402611194,0.013866281956464383,4086.478426186544,1009,0,static,static_adaptive_kl_0.5,kl,0.5,adaptive,8,0.015625,40,3,2,4,0.6666666666666666,0.14634146341463414,0.29285714285714287,0.04285714285714286,1,0,0,0,2,2,0.05,1.0,2,1.0,463.1575,477.27275000000003,0,0,0,0,,0,0.6480000000000001,0.6480000000000001,0
0.196216724537037,1.416516532860146,0.16278719123077304,2.029502222385083,1.0,15.791666666666666,3.2671540639294374,0.03342953330626396,1416.5165328601452,1009,1,static,static_adaptive_kl_0.5,kl,0.5,adaptive,8,0.015625,36,4,4,8,1.0,1.0,0.14285714285714285,0.14285714285714285,0,0,2,2,2,2,0.1111111111111111,1.0,4,1.0,468.80150000000003,480.554,0,0,0,0,,0,0.6480000000000001,0.6480000000000001,0
0.3801171875,0.9017998796684829,0.3266515134981168,1.4369512530430384,1.0,8.4375,2.2565554509308976,0.05346567400188327,901.799879668483,1009,2,static,static_adaptive_kl_0.5,kl,0.5,adaptive,8,0.015625,31,3,3,10,1.0,1.0,0.06944444444444445,0.06944444444444445,0,0,0,0,3,3,0.0967741935483871,1.0,3,1.0,463.283,477.68095,0,0,0,0,,0,0.6480000000000001,0.6480000000000001,0
0.21184172453703706,1.517948511955633,0.15966019320286598,2.0950974058710035,0.9791666666666666,13.958333333333334,3.2883691950015375,0.05218153133417108,1517.9485119556314,1009,3,static,static_adaptive_kl_0.5,kl,0.5,adaptive,8,0.015625,37,5,4,7,0.8,0.10697674418604652,1.1197916666666665,0.11979166666666666,1,0,1,1,3,3,0.10810810810810811,1.0,4,1.0,463.0025,482.66365,0,0,0,0,,0,0.6480000000000001,0.6480000000000001,0
0.2774305555555557,2.312627119635944,0.19077901696459873,2.15540866046509,0.9791666666666666,19.1875,3.3754514082157208,0.08665153859095683,2312.6271196359444,1010,0,static,static_adaptive_kl_0.5,kl,0.5,adaptive,8,0.015625,37,1,0,5,0.0,0.0,0.25,0.0,1,0,0,0,0,0,0.0,0.0,0,1.0,469.537,476.39915,0,0,0,0,,0,0.6480000000000001,0.6480000000000001,0
0.35290798611111107,1.230031163949942,0.284570019657453,1.696398039134338,1.0,13.583333333333334,2.7136056901233814,0.06833796645365812,1230.031163949942,1010,1,static,static_adaptive_kl_0.5,kl,0.5,adaptive,8,0.015625,38,4,3,9,0.75,0.838709677419355,0.12916666666666665,0.10833333333333334,0,0,1,1,3,2,0.07894736842105263,1.0,3,1.0,463.4525,480.49445000000003,0,0,0,0,,0,0.6480000000000001,0.6480000000000001,0
0.046064814814814815,1.845254914789238,0.1686744663141013,2.653170039804379,1.0,13.041666666666666,3.285192305496064,0.12771123462102188,1845.2549147892387,1010,2,static,static_adaptive_kl_0.5,kl,0.5,adaptive,8,0.015625,34,3,1,6,0.3333333333333333,0.09090909090909091,0.34375,0.03125,1,0,1,0,1,1,0.029411764705882353,1.0,1,1.0,470.839,478.9728,0,0,0,0,,0,0.6480000000000001,0.6480000000000001,0
0.13857783564814818,2.177903298701994,0.10907137724343614,2.5398914999404605,0.9791666666666666,25.833333333333332,4.053421895478883,0.029506458404712024,2177.90329870199,1010,3,static,static_adaptive_kl_0.5,kl,0.5,adaptive,8,0.015625,35,4,3,6,0.75,0.7307692307692307,0.07738095238095238,0.05654761904761905,0,0,0,0,4,3,0.08571428571428572,1.0,3,1.0,462.7265,477.0235,0,0,0,0,,0,0.6480000000000001,0.6480000000000001,0
0.0013020833333333333,3.408143686160866,0.058957373493268274,4.016641105554762,0.875,46.541666666666664,5.25951781275102,0.057655290159934945,3408.1436861608677,1011,0,static,static_adaptive_kl_0.5,kl,0.5,adaptive,8,0.015625,40,2,2,3,1.0,1.0,0.04583333333333334,0.04583333333333334,0,0,0,0,2,2,0.05,1.0,2,1.0,469.60699999999997,479.1153,0,0,0,0,,0,0.6480000000000001,0.6480000000000001,0
0.40520833333333334,0.9814363892551407,0.3996482673971826,1.1259782327265322,1.0,6.9375,1.7001640209209405,0.005560065936150694,981.4363892551406,1011,1,static,static_adaptive_kl_0.5,kl,0.5,adaptive,8,0.015625,34,1,1,8,1.0,1.0,0.020833333333333332,0.020833333333333332,0,0,0,0,1,1,0.029411764705882353,1.0,1,1.0,470.6185,479.18795,0,0,0,0,,0,0.6480000000000001,0.6480000000000001,0
0.09912471064814815,2.021569224960377,0.20364095205218913,2.480511838417741,1.0,22.291666666666668,3.7131184875725265,0.16145855487178598,2021.5692249603771,1011,2,static,static_adaptive_kl_0.5,kl,0.5,adaptive,8,0.015625,34,3,2,8,0.6666666666666666,0.04680851063829788,1.0491071428571428,0.049107142857142856,1,0,0,0,2,2,0.058823529411764705,1.0,2,1.0,463.979,482.87264999999996,0,0,0,0,,0,0.6480000000000001,0.6480000000000001,0
0.008658854166666665,4.206542863959807,0.037547316253106,4.02581365339192,0.3333333333333333,36.833333333333336,5.168841801475023,0.02888846208643933,4206.542863959811,1011,3,static,static_adaptive_kl_0.5,kl,0.5,adaptive,8,0.015625,41,5,2,3,0.4,0.22935779816513763,0.14598214285714284,0.033482142857142856,0,0,1,0,4,2,0.04878048780487805,1.0,2,1.0,467.8095,484.94785,0,0,0,0,,0,0.6480000000000001,0.6480000000000001,0
0.32917534722222225,1.4744145277414005,0.30728646298256707,1.7583414976337723,1.0,13.354166666666666,2.550281522915101,0.02648447247203606,1474.414527741401,1012,0,static,static_adaptive_kl_0.5,kl,0.5,adaptive,8,0.015625,33,3,2,9,0.6666666666666666,0.5172413793103449,0.5178571428571428,0.26785714285714285,2,1,0,0,1,1,0.06060606060606061,1.0,2,1.0,469.9475,485.2893,0,0,0,0,,0,0.6480000000000001,0.6480000000000001,0
0.19583333333333333,1.579320595827639,0.16343178567835928,1.9539092488729042,1.0,11.0625,3.0883918965667356,0.03240154765497404,1579.3205958276403,1012,1,static,static_adaptive_kl_0.5,kl,0.5,adaptive,8,0.015625,35,1,0,5,0.0,0.0,0.041666666666666664,0.0,0,0,1,0,0,0,0.0,0.0,0,1.0,463.7785,476.7625,0,0,0,0,,0,0.6480000000000001,0.6480000000000001,0
0.3978848379629629,2.4079962616072526,0.3901822520978801,1.7975325988581654,1.0,13.8125,2.808174667625359,0.073917821653177,2407.996261607252,1012,2,static,static_adaptive_kl_0.5,kl,0.5,adaptive,8,0.015625,36,7,4,11,0.5714285714285714,0.299575500303214,0.49077380952380956,0.1470238095238095,1,0,3,2,3,2,0.1111111111111111,1.0,4,1.0,464.605,480.0761,0,0,0,0,,0,0.6480000000000001,0.6480000000000001,0
0.13026041666666666,1.5330778987772995,0.18524486337884538,2.221978952560073,1.0,12.916666666666666,3.0009224450894103,0.055624510305737895,1533.0778987772985,1012,3,static,static_adaptive_kl_0.5,kl,0.5,adaptive,8,0.015625,27,0,0,5,nan,nan,0.0,0.0,0,0,0,0,0,0,0.0,nan,0,1.0,467.6395,479.71415,0,0,0,0,,0,0.6480000000000001,0.6480000000000001,0
0.25068452380952383,2.0825679008435145,0.2848840753840369,2.032104844266754,1.0,14.041666666666666,2.8209258696043507,0.03575850849288565,2082.5679008435154,1013,0,static,static_adaptive_kl_0.5,kl,0.5,adaptive,8,0.015625,32,4,3,9,0.75,0.8235294117647058,0.17708333333333331,0.14583333333333331,0,0,2,2,2,1,0.09375,1.0,3,1.0,470.10299999999995,478.16865,0,0,0,0,,0,0.6480000000000001,0.6480000000000001,0
0.14876302083333334,1.5885438730491102,0.17281796428769233,2.1261847429855467,1.0,12.375,3.1016079422768867,0.029190330948236736,1588.5438730491112,1013,1,static,static_adaptive_kl_0.5,kl,0.5,adaptive,8,0.015625,36,2,2,6,1.0,1.0,0.04583333333333334,0.04583333333333334,0,0,0,0,2,2,0.05555555555555555,1.0,2,1.0,466.04200000000003,475.82665000000003,0,0,0,0,,0,0.6480000000000001,0.6480000000000001,0
0.008289930555555554,2.2596017719162234,0.10052668047248292,3.5814871968999054,0.9791666666666666,34.895833333333336,4.788261669273084,0.09223674991692737,2259.6017719162237,1013,2,static,static_adaptive_kl_0.5,kl,0.5,adaptive,8,0.015625,29,2,1,6,0.5,0.4,0.05208333333333333,0.020833333333333332,0,0,0,0,2,1,0.034482758620689655,1.0,1,1.0,471.165,488.7267,0,0,0,0,,0,0.6480000000000001,0.6480000000000001,0
0.6284288194444444,0.9706325836715238,0.235438194265827,1.9649160195513289,1.0,19.979166666666668,3.7200812059449277,0.3929906251786175,970.6325836715238,1013,3,static,static_adaptive_kl_0.5,kl,0.5,adaptive,8,0.015625,40,5,2,8,0.4,0.07272727272727272,0.5729166666666666,0.041666666666666664,2,0,0,0,3,2,0.05,1.0,2,1.0,470.07849999999996,481.84495,0,0,0,0,,0,0.6480000000000001,0.6480000000000001,0
0.16493055555555555,2.042521867883598,0.14103840304918525,2.233781707138674,1.0,18.354166666666668,3.5492225553980425,0.023892152506370307,2042.521867883601,1014,0,static,static_adaptive_kl_0.5,kl,0.5,adaptive,8,0.015625,35,1,0,4,0.0,0.0,0.0625,0.0,0,0,1,0,0,0,0.0,0.0,0,1.0,470.6735,479.82824999999997,0,0,0,0,,0,0.6480000000000001,0.6480000000000001,0
0.16044560185185186,1.9874908891115044,0.1212103838789433,2.507480985344353,1.0,30.145833333333332,4.059808010436433,0.03923521797290857,1987.4908891115072,1014,1,static,static_adaptive_kl_0.5,kl,0.5,adaptive,8,0.015625,36,1,0,3,0.0,0.0,0.0625,0.0,0,0,1,0,0,0,0.0,0.0,0,1.0,470.57849999999996,484.57125,0,0,0,0,,0,0.6480000000000001,0.6480000000000001,0
0.029340277777777785,3.459500386552161,0.038443943737154776,3.779787974848847,0.6458333333333334,43.520833333333336,5.223383683574748,0.009103665959376991,3459.50038655216,1014,2,static,static_adaptive_kl_0.5,kl,0.5,adaptive,8,0.015625,37,2,0,3,0.0,0.0,0.04583333333333334,0.0,0,0,0,0,2,0,0.0,0.0,0,1.0,462.156,490.38535,0,0,0,0,,0,0.6480000000000001,0.6480000000000001,0
0.0011935763888888888,2.237979035320722,0.11440210429885207,4.12845000425962,0.25,18.333333333333332,3.9419025686388163,0.1132085279099632,2237.9790353207222,1014,3,static,static_adaptive_kl_0.5,kl,0.5,adaptive,8,0.015625,35,3,1,4,0.3333333333333333,0.18181818181818182,0.11458333333333333,0.020833333333333332,0,0,1,0,2,1,0.02857142857142857,1.0,1,1.0,469.87800000000004,483.44675,0,0,0,0,,0,0.6480000000000001,0.6480000000000001,0
0.19486111111111112,1.8011685636685817,0.15276732547125196,2.4318264793789024,1.0,22.291666666666668,3.6352001743375304,0.04209378563985914,1801.1685636685816,1015,0,static,static_adaptive_kl_0.5,kl,0.5,adaptive,8,0.015625,38,3,3,10,1.0,1.0,0.05952380952380952,0.05952380952380952,0,0,0,0,3,3,0.07894736842105263,1.0,3,1.0,464.009,477.9694,0,0,0,0,,0,0.6480000000000001,0.6480000000000001,0
0.2032986111111111,1.870453563646446,0.13331332219244027,2.3610323147519607,1.0,19.020833333333332,3.743490552772236,0.06998528891867083,1870.453563646448,1015,1,static,static_adaptive_kl_0.5,kl,0.5,adaptive,8,0.015625,32,5,0,4,0.0,0.0,0.65625,0.0,2,0,2,0,1,0,0.0,0.0,0,1.0,470.213,483.42245,0,0,0,0,,0,0.6480000000000001,0.6480000000000001,0
0.23732638888888888,1.516693111316065,0.16258462067269114,2.048658359182545,1.0,11.416666666666666,3.2603571504153597,0.07474176821619781,1516.6931113160656,1015,2,static,static_adaptive_kl_0.5,kl,0.5,adaptive,8,0.015625,38,0,0,5,nan,nan,0.0,0.0,0,0,0,0,0,0,0.0,nan,0,1.0,466.322,478.55225,0,0,0,0,,0,0.6480000000000001,0.6480000000000001,0
0.07067418981481484,2.7813182544757473,0.12004749234418778,2.9158271336368284,0.7916666666666666,29.3125,4.388899632406342,0.09453401281541,2781.3182544757474,1015,3,static,static_adaptive_kl_0.5,kl,0.5,adaptive,8,0.015625,36,2,2,4,1.0,1.0,0.04583333333333334,0.04583333333333334,0,0,0,0,2,2,0.05555555555555555,1.0,2,1.0,470.589,483.22515000000004,0,0,0,0,,0,0.6480000000000001,0.6480000000000001,0
0.10207093253968254,2.47590951604404,0.09070542161186079,3.0204546729579658,1.0,29.020833333333332,4.330680845290689,0.026571830772433237,2475.9095160440397,1016,0,static,static_adaptive_kl_0.5,kl,0.5,adaptive,8,0.015625,35,5,3,8,0.6,0.17055655296229802,0.33154761904761904,0.05654761904761905,1,0,0,0,4,3,0.08571428571428572,1.0,3,1.0,470.739,483.50825,0,0,0,0,,0,0.6480000000000001,0.6480000000000001,0
0.051914062500000004,1.8503810834504497,0.178467862513525,2.9528901747649137,1.0,17.479166666666668,3.4745144954686786,0.12655380001352493,1850.3810834504482,1016,1,static,static_adaptive_kl_0.5,kl,0.5,adaptive,8,0.015625,34,8,6,10,0.75,0.5702592087312414,0.2181547619047619,0.12440476190476189,0,0,1,0,7,6,0.17647058823529413,1.0,6,1.0,467.5895,476.9165,0,0,0,0,,0,0.6480000000000001,0.6480000000000001,0
0.25677083333333334,1.3762094462047392,0.2476815297159426,1.8721362259639507,1.0,11.895833333333334,2.748417874531942,0.009089303617390755,1376.2094462047396,1016,2,static,static_adaptive_kl_0.5,kl,0.5,adaptive,8,0.015625,37,5,3,9,0.6,0.1413237924865832,0.5822916666666667,0.08229166666666667,2,0,1,1,2,2,0.08108108108108109,1.0,3,1.0,467.71950000000004,492.27835,0,0,0,0,,0,0.6480000000000001,0.6480000000000001,0
0.007174479166666665,2.040332274972984,0.141253119683841,3.129375772838793,1.0,21.625,3.825204654337776,0.1340786405171743,2040.3322749729832,1016,3,static,static_adaptive_kl_0.5,kl,0.5,adaptive,8,0.015625,40,7,4,9,0.5714285714285714,0.22838741639831556,0.40049603174603177,0.09146825396825396,1,0,0,0,6,4,0.1,1.0,4,1.0,467.1485,478.0303,0,0,0,0,,0,0.6480000000000001,0.6480000000000001,0
0.2955931712962963,1.4836964869264797,0.26202562669097906,1.8914076308531211,1.0,14.916666666666666,2.929653268518639,0.033567544605317225,1483.69648692648,1017,0,static,static_adaptive_kl_0.5,kl,0.5,adaptive,8,0.015625,35,4,4,10,1.0,1.0,0.08452380952380951,0.08452380952380951,0,0,0,0,4,4,0.11428571428571428,1.0,4,1.0,464.8655,476.7703,0,0,0,0,,0,0.6480000000000001,0.6480000000000001,0
0.25462239583333335,1.4540072139494737,0.17716767398787633,2.1653247607668646,1.0,15.979166666666666,3.5417323577141833,0.14979871339085335,1454.0072139494732,1017,1,static,static_adaptive_kl_0.5,kl,0.5,adaptive,8,0.015625,40,4,2,6,0.5,0.3,0.11904761904761904,0.03571428571428571,0,0,1,0,3,2,0.05,1.0,2,1.0,468.015,481.09135,0,0,0,0,,0,0.6480000000000001,0.6480000000000001,0
0.31908275462962965,2.013176783144808,0.14330616364007995,2.5074930980928936,1.0,32.833333333333336,4.30141110182664,0.17577659098954967,2013.1767831448096,1017,2,static,static_adaptive_kl_0.5,kl,0.5,adaptive,8,0.015625,34,1,1,5,1.0,1.0,0.017857142857142856,0.017857142857142856,0,0,0,0,1,1,0.029411764705882353,1.0,1,1.0,466.4525,479.6114,0,0,0,0,,0,0.6480000000000001,0.6480000000000001,0
0.1400093005952381,2.415612089731128,0.08454650433487744,3.245202950280062,1.0,37.125,4.802351645946685,0.06857691691125721,2415.612089731129,1017,3,static,static_adaptive_kl_0.5,kl,0.5,adaptive,8,0.015625,38,1,1,4,1.0,1.0,0.017857142857142856,0.017857142857142856,0,0,0,0,1,1,0.02631578947368421,1.0,1,1.0,464.63,474.963,0,0,0,0,,0,0.6480000000000001,0.6480000000000001,0
0.12276475694444446,2.322859802262711,0.11556002003436744,2.8632498324594065,1.0,30.520833333333332,4.2749046801824,0.007204736910077042,2322.8598022627116,1018,0,static,static_adaptive_kl_0.5,kl,0.5,adaptive,8,0.015625,37,2,1,5,0.5,0.4444444444444445,0.05625,0.025,0,0,0,0,2,1,0.02702702702702703,1.0,1,1.0,464.3945,480.25655,0,0,0,0,,0,0.6480000000000001,0.6480000000000001,0
0.07925347222222223,2.8984095598219874,0.05564396912278949,3.1924837049465347,1.0,37.458333333333336,4.942310458279777,0.023609503099432754,2898.4095598219865,1018,1,static,static_adaptive_kl_0.5,kl,0.5,adaptive,8,0.015625,39,1,1,4,1.0,1.0,0.025,0.025,0,0,0,0,1,1,0.02564102564102564,1.0,1,1.0,467.72450000000003,476.40815,0,0,0,0,,0,0.6480000000000001,0.6480000000000001,0
0.4718055555555556,0.8271775013830073,0.3838292515476345,1.3902635893919657,1.0,9.020833333333334,2.174814615591105,0.08797630400792111,827.1775013830074,1018,2,static,static_adaptive_kl_0.5,kl,0.5,adaptive,8,0.015625,33,3,1,8,0.3333333333333333,0.27272727272727276,0.11458333333333333,0.03125,0,0,2,0,1,1,0.030303030303030304,1.0,1,1.0,468.325,477.5055,0,0,0,0,,0,0.6480000000000001,0.6480000000000001,0
0.0041796875,4.198301993748223,0.15301280801192663,4.267215047093596,0.9791666666666666,21.708333333333332,4.163140716966612,0.14883312051192657,4198.301993748221,1018,3,static,static_adaptive_kl_0.5,kl,0.5,adaptive,8,0.015625,37,4,1,3,0.25,0.05240174672489083,0.34077380952380953,0.017857142857142856,1,0,1,0,2,1,0.02702702702702703,1.0,1,1.0,464.31399999999996,484.35985,0,0,0,0,,0,0.6480000000000001,0.6480000000000001,0
0.009931707057823131,2.9034618600917947,0.038634252524968715,4.050640879923467,0.9166666666666666,41.270833333333336,5.26835981587825,0.028702545467145586,2903.4618600917966,1019,0,static,static_adaptive_kl_0.5,kl,0.5,adaptive,8,0.015625,44,2,2,4,1.0,1.0,0.03571428571428571,0.03571428571428571,0,0,0,0,2,2,0.045454545454545456,1.0,2,1.0,469.8125,477.56165000000004,0,0,0,0,,0,0.6480000000000001,0.6480000000000001,0
0.1319806134259259,2.455437182457032,0.09223816741413537,2.807845005896779,1.0,33.958333333333336,4.568531549862658,0.03974244601179055,2455.437182457033,1019,1,static,static_adaptive_kl_0.5,kl,0.5,adaptive,8,0.015625,36,5,4,8,0.8,0.2663755458515284,0.3407738095238095,0.09077380952380952,1,0,0,0,4,4,0.1111111111111111,1.0,4,1.0,471.1295,484.18565,0,0,0,0,,0,0.6480000000000001,0.6480000000000001,0
0.17951388888888886,1.165056852513217,0.17733134920399085,1.8857465907707918,1.0,10.25,2.7785750396015714,0.002182539684898035,1165.056852513216,1019,2,static,static_adaptive_kl_0.5,kl,0.5,adaptive,8,0.015625,39,3,3,8,1.0,1.0,0.14583333333333331,0.14583333333333331,0,0,2,2,1,1,0.07692307692307693,1.0,3,1.0,465.7915,482.66274999999996,0,0,0,0,,0,0.6480000000000001,0.6480000000000001,0
0.1326388888888889,2.111449055963994,0.17801162900147216,2.790576744917475,0.625,19.125,3.521309249899326,0.045372740112583236,2111.449055963995,1019,3,static,static_adaptive_kl_0.5,kl,0.5,adaptive,8,0.015625,34,6,3,8,0.5,0.09547738693467336,1.24375,0.11875,1,0,3,1,2,2,0.08823529411764706,1.0,3,1.0,468.235,480.16345,0,0,0,0,,0,0.6480000000000001,0.6480000000000001,0
0.13315972222222222,2.903117197390634,0.19008425109990737,2.673494967238126,1.0,24.583333333333332,3.738746462566541,0.05692452887768514,2903.117197390635,1000,0,static,static_adaptive_kl_1.0,kl,1.0,adaptive,8,0.015625,34,7,7,11,1.0,1.0,0.21666666666666667,0.21666666666666667,0,0,1,1,6,6,0.20588235294117646,1.0,7,1.0,474.9255,486.46015,0,0,0,0,,0,0.6480000000000001,0.6480000000000001,0
0.03128534226190477,2.6342935925582096,0.056133263320416314,3.76118317980144,1.0,51.041666666666664,5.508540610942089,0.040485758404219356,2634.2935925582105,1000,1,static,static_adaptive_kl_1.0,kl,1.0,adaptive,8,0.015625,40,2,1,2,0.5,0.058823529411764705,0.265625,0.015625,1,0,0,0,1,1,0.025,1.0,1,1.0,476.48199999999997,489.16965,0,0,0,0,,0,0.6480000000000001,0.6480000000000001,0
0.4192057291666667,1.166673328500479,0.4519288187183134,1.4427890920310549,1.0,11.1875,2.2108506025168353,0.09123768004399883,1166.6733285004789,1000,2,static,static_adaptive_kl_1.0,kl,1.0,adaptive,8,0.015625,36,3,2,7,0.6666666666666666,0.45454545454545453,0.22916666666666666,0.10416666666666666,1,0,2,2,0,0,0.05555555555555555,1.0,2,1.0,474.2395,481.12350000000004,0,0,0,0,,0,0.6480000000000001,0.6480000000000001,0
0.6088541666666667,0.8733195559946352,0.435615047078056,1.3977551180251913,1.0,14.083333333333334,2.562986052402606,0.1732391195886108,873.3195559946353,1000,3,static,static_adaptive_kl_1.0,kl,1.0,adaptive,8,0.015625,31,3,3,6,1.0,1.0,0.3402777777777778,0.3402777777777778,1,1,1,1,1,1,0.0967741935483871,1.0,3,1.0,468.80100000000004,480.1965,0,0,0,0,,0,0.6480000000000001,0.6480000000000001,0
0.2624609375,1.2629470909876894,0.28804104093327054,2.0043479905740376,1.0,12.375,2.7765111971483805,0.03820156407406164,1262.9470909876895,1001,0,static,static_adaptive_kl_1.0,kl,1.0,adaptive,8,0.015625,35,1,0,4,0.0,0.0,0.25,0.0,1,0,0,0,0,0,0.0,0.0,0,1.0,473.9385,481.1098,0,0,0,0,,0,0.6480000000000001,0.6480000000000001,0
0.015625,2.568844867284815,0.20780879735315494,3.4281681259020798,0.75,18.416666666666668,3.479155741180879,0.19218379735315497,2568.8448672848153,1001,1,static,static_adaptive_kl_1.0,kl,1.0,adaptive,8,0.015625,34,5,3,6,0.6,0.2682926829268293,0.4270833333333333,0.11458333333333333,1,0,2,1,2,2,0.08823529411764706,1.0,3,1.0,468.17,483.15865,0,0,0,0,,0,0.6480000000000001,0.6480000000000001,0
0.19368489583333334,2.5984739074931866,0.19174241518730062,2.8634350706596887,1.0,19.625,3.839777303528713,0.16597978179262182,2598.4739074931836,1001,2,static,static_adaptive_kl_1.0,kl,1.0,adaptive,8,0.015625,36,4,3,4,0.75,0.05084745762711865,1.0535714285714284,0.05357142857142857,1,0,0,0,3,3,0.08333333333333333,1.0,3,1.0,463.49800000000005,476.7926,0,0,0,0,,0,0.6480000000000001,0.6480000000000001,0
0.5677083333333334,0.774445184016782,0.6376300625809765,0.9439758455029016,1.0,5.3125,1.333644088243914,0.1392648961901175,774.4451840167822,1001,3,static,static_adaptive_kl_1.0,kl,1.0,adaptive,8,0.015625,32,5,5,9,1.0,1.0,0.5625,0.5625,2,2,0,0,3,3,0.15625,1.0,5,1.0,469.6575,478.92415,0,0,0,0,,0,0.6480000000000001,0.6480000000000001,0
0.0746341765873016,2.4380574486646105,0.06178275891864591,3.1548006835973985,1.0,37.0,4.834663617063197,0.012851417668655662,2438.0574486646115,1002,0,static,static_adaptive_kl_1.0,kl,1.0,adaptive,8,0.015625,43,5,4,5,0.8,0.6056338028169014,0.3169642857142857,0.1919642857142857,2,1,0,0,3,3,0.09302325581395349,1.0,4,1.0,472.6415,488.02825,0,0,0,0,,0,0.6480000000000001,0.6480000000000001,0
0.3645833333333333,1.2950790656913889,0.3995940435260064,2.185114003167668,0.9166666666666666,20.666666666666668,3.096699162416954,0.14774632546654612,1295.0790656913887,1002,1,static,static_adaptive_kl_1.0,kl,1.0,adaptive,8,0.015625,35,6,3,7,0.5,0.07011070110701106,0.8065476190476191,0.05654761904761904,3,0,0,0,3,3,0.08571428571428572,1.0,3,1.0,463.6735,480.9737,0,0,0,0,,0,0.6480000000000001,0.6480000000000001,0
0.21182291666666667,1.1632177587239798,0.23110982961950477,2.020733658396106,1.0,12.0,2.8553900635595055,0.03137780814392196,1163.2177587239796,1002,2,static,static_adaptive_kl_1.0,kl,1.0,adaptive,8,0.015625,39,3,1,4,0.3333333333333333,0.01639344262295082,1.2708333333333333,0.020833333333333332,2,0,0,0,1,1,0.02564102564102564,1.0,1,1.0,470.078,484.72544999999997,0,0,0,0,,0,0.6480000000000001,0.6480000000000001,0
0.4082589285714286,1.7933869142917018,0.5035925219965539,1.7941361186042633,1.0,12.4375,2.2733677454269805,0.09789426933085794,1793.3869142917017,1002,3,static,static_adaptive_kl_1.0,kl,1.0,adaptive,8,0.015625,35,6,4,9,0.6666666666666666,0.24886191198786037,1.3729166666666668,0.3416666666666667,2,1,1,1,3,2,0.11428571428571428,1.0,4,1.0,472.091,483.12755,0,0,0,0,,0,0.6480000000000001,0.6480000000000001,0
0.5646657986111111,1.2168956233855122,0.5231488336689402,1.6170039925770776,1.0,22.020833333333332,2.6029358172633685,0.0415169649421709,1216.8956233855124,1003,0,static,static_adaptive_kl_1.0,kl,1.0,adaptive,8,0.015625,38,5,5,8,1.0,1.0,0.1574404761904762,0.1574404761904762,0,0,1,1,4,4,0.13157894736842105,1.0,5,1.0,470.93899999999996,480.50045,0,0,0,0,,0,0.6480000000000001,0.6480000000000001,0
0.6672960069444445,0.688636840238335,0.6907141477063109,0.8830503301684401,1.0,8.166666666666666,1.2977177435982024,0.038218940078470494,688.6368402383354,1003,1,static,static_adaptive_kl_1.0,kl,1.0,adaptive,8,0.015625,35,5,5,9,1.0,1.0,0.2157738095238095,0.2157738095238095,0,0,3,3,2,2,0.14285714285714285,1.0,5,1.0,470.148,479.48815,0,0,0,0,,0,0.6480000000000001,0.6480000000000001,0
0.380078125,1.5883706902334884,0.3467630006529175,2.0268395809985327,1.0,32.208333333333336,3.584982664361512,0.033315124347082524,1588.3706902334861,1003,2,static,static_adaptive_kl_1.0,kl,1.0,adaptive,8,0.015625,40,3,3,5,1.0,1.0,0.125,0.125,0,0,1,1,2,2,0.075,1.0,3,1.0,469.928,481.40225,0,0,0,0,,0,0.6480000000000001,0.6480000000000001,0
0.3368252840909091,1.9294346144133534,0.3420767984475801,2.166449671814328,1.0,23.6875,3.160066663484399,0.02794888267281446,1929.4346144133542,1003,3,static,static_adaptive_kl_1.0,kl,1.0,adaptive,8,0.015625,40,2,2,7,1.0,1.0,0.046875,0.046875,0,0,0,0,2,2,0.05,1.0,2,1.0,472.772,478.91415,0,0,0,0,,0,0.6480000000000001,0.6480000000000001,0
0.04921875,1.7706144902589716,0.16053675040270743,2.7012839297053994,1.0,20.125,3.7450030071002858,0.12935086148245353,1770.614490258971,1004,0,static,static_adaptive_kl_1.0,kl,1.0,adaptive,8,0.015625,39,6,5,6,0.8333333333333334,0.8312801285484734,0.18521825396825398,0.15396825396825398,0,0,1,1,5,4,0.1282051282051282,1.0,5,1.0,467.7695,484.54195,0,0,0,0,,0,0.6480000000000001,0.6480000000000001,0
0.6813151041666666,0.7731335015764286,0.6515775464503273,1.0187696690676082,1.0,13.0,1.6523127411784755,0.029737557716339364,773.1335015764283,1004,1,static,static_adaptive_kl_1.0,kl,1.0,adaptive,8,0.015625,36,3,3,6,1.0,1.0,0.11458333333333333,0.11458333333333333,0,0,1,1,2,2,0.08333333333333333,1.0,3,1.0,467.043,492.40675,0,0,0,0,,0,0.6480000000000001,0.6480000000000001,0
0.16015625,2.505755631165617,0.2091803580337985,2.44131482056303,1.0,15.916666666666666,3.4109322163097335,0.04902410803379853,2505.755631165616,1004,2,static,static_adaptive_kl_1.0,kl,1.0,adaptive,8,0.015625,34,9,7,11,0.7777777777777778,0.2876325088339222,0.7018849206349207,0.20188492063492064,2,0,1,1,6,6,0.20588235294117646,1.0,7,1.0,473.678,482.72065,0,0,0,0,,0,0.6480000000000001,0.6480000000000001,0
0.009657118055555554,1.4856386829725459,0.22340807416380457,3.0355766026684172,0.7708333333333334,11.958333333333334,3.094467806686159,0.2137509561082489,1485.638682972547,1004,3,static,static_adaptive_kl_1.0,kl,1.0,adaptive,8,0.015625,33,1,1,3,1.0,1.0,0.0625,0.0625,0,0,1,1,0,0,0.030303030303030304,1.0,1,1.0,465.747,486.9154,0,0,0,0,,0,0.6480000000000001,0.6480000000000001,0
0.1657552083333333,1.7380649428204518,0.14717719275903549,2.3764946268095044,1.0,17.770833333333332,3.83533923990389,0.08025202835309408,1738.0649428204522,1005,0,static,static_adaptive_kl_1.0,kl,1.0,adaptive,8,0.015625,33,4,2,3,0.5,0.13402061855670105,0.28869047619047616,0.03869047619047619,2,0,0,0,2,2,0.06060606060606061,1.0,2,1.0,465.7815,478.312,0,0,0,0,,0,0.6480000000000001,0.6480000000000001,0
0.02803199404761905,1.9206364606745299,0.1209770508426507,3.2195034856591462,1.0,27.395833333333332,4.305929335141881,0.09294505679503162,1920.6364606745283,1005,1,static,static_adaptive_kl_1.0,kl,1.0,adaptive,8,0.015625,37,4,4,5,1.0,1.0,0.09300595238095238,0.09300595238095238,0,0,1,1,3,3,0.10810810810810811,1.0,4,1.0,472.5665,478.17585,0,0,0,0,,0,0.6480000000000001,0.6480000000000001,0
0.7923363095238095,0.35813738798186706,0.6868952758691713,0.7677798945869708,1.0,8.708333333333334,1.447367625175742,0.1054410336546382,358.13738798186705,1005,2,static,static_adaptive_kl_1.0,kl,1.0,adaptive,8,0.015625,36,5,4,8,0.8,0.6830188679245283,0.7886904761904762,0.5386904761904762,3,2,0,0,2,2,0.1111111111111111,1.0,4,1.0,467.11850000000004,497.70835,0,0,0,0,,0,0.6480000000000001,0.6480000000000001,0
0.042391826923076914,3.6340008708856355,0.07917380831154464,3.567605706662818,0.5625,37.604166666666664,4.88432790619517,0.036781981388467735,3634.0008708856385,1005,3,static,static_adaptive_kl_1.0,kl,1.0,adaptive,8,0.015625,39,4,3,5,0.75,0.3029045643153527,0.1793154761904762,0.05431547619047619,1,0,0,0,3,3,0.07692307692307693,1.0,3,1.0,467.159,478.87065,0,0,0,0,,0,0.6480000000000001,0.6480000000000001,0
0.38964120370370375,1.220836028801388,0.2973444488963174,1.6950385032673194,1.0,9.520833333333334,2.806162302473069,0.12120725459945912,1220.836028801388,1006,0,static,static_adaptive_kl_1.0,kl,1.0,adaptive,8,0.015625,31,6,5,8,0.8333333333333334,0.18644067796610167,1.2291666666666667,0.22916666666666666,1,0,3,3,2,2,0.16129032258064516,1.0,5,1.0,473.343,480.389,0,0,0,0,,0,0.6480000000000001,0.6480000000000001,0
0.38804687499999996,1.2415409088205693,0.4935526097789535,1.8084650617069444,1.0,20.0625,2.5599493433085745,0.11022404816222582,1241.54090882057,1006,1,static,static_adaptive_kl_1.0,kl,1.0,adaptive,8,0.015625,38,2,2,6,1.0,1.0,0.26785714285714285,0.26785714285714285,1,1,0,0,1,1,0.05263157894736842,1.0,2,1.0,473.678,482.3504,0,0,0,0,,0,0.6480000000000001,0.6480000000000001,0
0.15096354166666667,2.080243489036537,0.16259478796819782,2.7961552697113015,1.0,26.041666666666668,3.9440086059646777,0.044027887908508846,2080.2434890365375,1006,2,static,static_adaptive_kl_1.0,kl,1.0,adaptive,8,0.015625,38,5,1,5,0.2,0.015306122448979593,1.361111111111111,0.020833333333333332,2,0,1,0,2,1,0.02631578947368421,1.0,1,1.0,471.1895,487.55775,0,0,0,0,,0,0.6480000000000001,0.6480000000000001,0
0.2267881944444445,1.2312950462370913,0.27408044509967455,1.8342090246576872,1.0,11.791666666666666,2.7424521005693028,0.13506597660164496,1231.2950462370923,1006,3,static,static_adaptive_kl_1.0,kl,1.0,adaptive,8,0.015625,36,0,0,2,nan,nan,0.0,0.0,0,0,0,0,0,0,0.0,nan,0,1.0,473.75300000000004,478.8028,0,0,0,0,,0,0.6480000000000001,0.6480000000000001,0
0.5503544560185185,1.4400903211959062,0.5217890198394946,1.7098358243640979,0.9166666666666666,21.416666666666668,2.5656948630715477,0.047174876480342055,1440.090321195906,1007,0,static,static_adaptive_kl_1.0,kl,1.0,adaptive,8,0.015625,30,3,1,5,0.3333333333333333,0.46153846153846145,0.5416666666666667,0.25,2,1,1,0,0,0,0.03333333333333333,1.0,1,1.0,467.419,479.7518,0,0,0,0,,0,0.6480000000000001,0.6480000000000001,0
0.23904079861111108,1.8391056503101904,0.2645475143563421,2.1640129240549992,1.0,13.166666666666666,3.063338907436563,0.1288804058279007,1839.10565031019,1007,1,static,static_adaptive_kl_1.0,kl,1.0,adaptive,8,0.015625,38,4,3,5,0.75,0.7169811320754718,0.44166666666666665,0.3166666666666667,2,1,1,1,1,1,0.07894736842105263,1.0,3,1.0,473.859,480.73445,0,0,0,0,,0,0.6480000000000001,0.6480000000000001,0
0.8451041666666667,0.336938462890022,0.7266152046354416,0.635093037596809,1.0,8.604166666666666,1.20584291895337,0.11848896203122512,336.938462890022,1007,2,static,static_adaptive_kl_1.0,kl,1.0,adaptive,8,0.015625,35,2,2,6,1.0,1.0,0.043402777777777776,0.043402777777777776,0,0,0,0,2,2,0.05714285714285714,1.0,2,1.0,473.9335,485.77414999999996,0,0,0,0,,0,0.6480000000000001,0.6480000000000001,0
0.015256076388888887,3.4038440776471925,0.17470951749313843,3.408498313149908,1.0,22.229166666666668,4.006414583261389,0.16619227349512217,3403.8440776471944,1007,3,static,static_adaptive_kl_1.0,kl,1.0,adaptive,8,0.015625,36,1,1,1,1.0,1.0,0.041666666666666664,0.041666666666666664,0,0,1,1,0,0,0.027777777777777776,1.0,1,1.0,467.419,485.20599999999996,0,0,0,0,,0,0.6480000000000001,0.6480000000000001,0
0.6718315972222223,0.639831441527393,0.6480357587057273,1.0511616526602199,1.0,11.229166666666666,1.692152810205081,0.02379583851649497,639.8314415273927,1008,0,static,static_adaptive_kl_1.0,kl,1.0,adaptive,8,0.015625,36,4,4,8,1.0,1.0,0.09598214285714285,0.09598214285714285,0,0,1,1,3,3,0.1111111111111111,1.0,4,1.0,470.84400000000005,494.3807,0,0,0,0,,0,0.6480000000000001,0.6480000000000001,0
0.16004774305555555,1.8981291620613827,0.32211984347409345,2.5826476939199816,0.9791666666666666,17.541666666666668,2.917377121070855,0.16207210041853784,1898.129162061382,1008,1,static,static_adaptive_kl_1.0,kl,1.0,adaptive,8,0.015625,34,3,2,7,0.6666666666666666,0.9310344827586208,0.3020833333333333,0.28125,1,1,0,0,2,1,0.058823529411764705,1.0,2,1.0,470.4735,491.65295,0,0,0,0,,0,0.6480000000000001,0.6480000000000001,0
0.7492954282407407,0.4497268267902664,0.5899898957806604,1.0007068773533818,1.0,11.208333333333334,1.9081606267704805,0.1593055324600803,449.72682679026656,1008,2,static,static_adaptive_kl_1.0,kl,1.0,adaptive,8,0.015625,34,4,4,6,1.0,1.0,0.3263888888888889,0.3263888888888889,1,1,0,0,3,3,0.11764705882352941,1.0,4,1.0,475.155,482.76295,0,0,0,0,,0,0.6480000000000001,0.6480000000000001,0
0.5056770833333334,1.3007456628235425,0.4518365756898824,1.8230371383925095,1.0,24.625,2.913298533357967,0.053840507643450906,1300.7456628235434,1008,3,static,static_adaptive_kl_1.0,kl,1.0,adaptive,8,0.015625,39,2,2,5,1.0,1.0,0.265625,0.265625,1,1,0,0,1,1,0.05128205128205128,1.0,2,1.0,469.9175,479.96865,0,0,0,0,,0,0.6480000000000001,0.6480000000000001,0
0.0013671875000000001,3.454811118300707,0.10042496631875343,3.80510282429645,0.9166666666666666,35.104166666666664,4.791903526607042,0.09905777881875344,3454.8111183007027,1009,0,static,static_adaptive_kl_1.0,kl,1.0,adaptive,8,0.015625,40,3,2,3,0.6666666666666666,0.14634146341463414,0.29285714285714287,0.04285714285714286,1,0,0,0,2,2,0.05,1.0,2,1.0,467.36400000000003,476.53965,0,0,0,0,,0,0.6480000000000001,0.6480000000000001,0
0.6834852430555555,0.61699063722068,0.6279851714063128,0.9361614561985961,1.0,11.145833333333334,1.708683967540992,0.05550007164924269,616.9906372206805,1009,1,static,static_adaptive_kl_1.0,kl,1.0,adaptive,8,0.015625,36,4,4,12,1.0,1.0,0.14285714285714285,0.14285714285714285,0,0,2,2,2,2,0.1111111111111111,1.0,4,1.0,469.9375,485.49269999999996,0,0,0,0,,0,0.6480000000000001,0.6480000000000001,0
0.7370949074074075,0.3999116872901087,0.5843304576227402,0.7875810445702346,1.0,5.166666666666667,1.4449601032617425,0.15276444978466727,399.91168729010866,1009,2,static,static_adaptive_kl_1.0,kl,1.0,adaptive,8,0.015625,31,3,3,7,1.0,1.0,0.06944444444444445,0.06944444444444445,0,0,0,0,3,3,0.0967741935483871,1.0,3,1.0,469.6875,482.46015,0,0,0,0,,0,0.6480000000000001,0.6480000000000001,0
0.38199714781746036,1.392133306546867,0.2992094724915504,2.1313644562841154,0.9791666666666666,28.625,3.7440554441905824,0.11424718029406034,1392.1333065468668,1009,3,static,static_adaptive_kl_1.0,kl,1.0,adaptive,8,0.015625,37,5,4,6,0.8,0.10697674418604652,1.1197916666666665,0.11979166666666666,1,0,1,1,3,3,0.10810810810810811,1.0,4,1.0,474.359,496.5087,0,0,0,0,,0,0.6480000000000001,0.6480000000000001,0
0.18875,2.0622845959683826,0.22896828306518957,2.228595111062156,1.0,19.875,3.1855881276843636,0.04252218290918967,2062.284595968383,1010,0,static,static_adaptive_kl_1.0,kl,1.0,adaptive,8,0.015625,37,1,0,3,0.0,0.0,0.25,0.0,1,0,0,0,0,0,0.0,0.0,0,1.0,466.2825,478.70714999999996,0,0,0,0,,0,0.6480000000000001,0.6480000000000001,0
0.6183593749999999,0.6862520215809065,0.5916961239068055,1.1678778250242663,1.0,13.833333333333334,1.9490039280254026,0.026663251093194517,686.2520215809062,1010,1,static,static_adaptive_kl_1.0,kl,1.0,adaptive,8,0.015625,38,4,4,6,1.0,1.0,0.12916666666666665,0.12916666666666665,0,0,1,1,3,3,0.10526315789473684,1.0,4,1.0,470.9695,480.98415,0,0,0,0,,0,0.6480000000000001,0.6480000000000001,0
0.42114583333333333,1.1579578442934826,0.3248738722667097,1.7585886234597428,1.0,11.208333333333334,2.7689168682626093,0.13626068435098018,1157.9578442934826,1010,2,static,static_adaptive_kl_1.0,kl,1.0,adaptive,8,0.015625,34,3,2,6,0.6666666666666666,0.2727272727272727,0.34375,0.09375,1,0,1,1,1,1,0.058823529411764705,1.0,2,1.0,467.274,478.0643,0,0,0,0,,0,0.6480000000000001,0.6480000000000001,0
0.1039887152777778,1.7307312739717622,0.10153410956511605,2.806357496530526,0.9791666666666666,31.958333333333332,4.60522874406817,0.04519994462783764,1730.7312739717627,1010,3,static,static_adaptive_kl_1.0,kl,1.0,adaptive,8,0.015625,35,4,4,6,1.0,1.0,0.07738095238095238,0.07738095238095238,0,0,0,0,4,4,0.11428571428571428,1.0,4,1.0,469.60749999999996,481.62765,0,0,0,0,,0,0.6480000000000001,0.6480000000000001,0
0.42578125,1.6356718716914915,0.19882240576243693,2.2682841308460375,0.8958333333333334,28.9375,4.275183174287199,0.2269588442375631,1635.6718716914918,1011,0,static,static_adaptive_kl_1.0,kl,1.0,adaptive,8,0.015625,40,2,2,4,1.0,1.0,0.04583333333333334,0.04583333333333334,0,0,0,0,2,2,0.05,1.0,2,1.0,469.2665,479.4235,0,0,0,0,,0,0.6480000000000001,0.6480000000000001,0
0.8366898148148149,0.416923176146589,0.8261643295895408,0.46884415884978764,1.0,5.0,0.746051320662049,0.01052548522527405,416.923176146589,1011,1,static,static_adaptive_kl_1.0,kl,1.0,adaptive,8,0.015625,34,1,1,5,1.0,1.0,0.020833333333333332,0.020833333333333332,0,0,0,0,1,1,0.029411764705882353,1.0,1,1.0,472.1805,480.5838,0,0,0,0,,0,0.6480000000000001,0.6480000000000001,0
0.24720672123015874,1.981921591457347,0.35934169060760235,2.082385320477814,1.0,14.708333333333334,2.737452830648308,0.11213496937744366,1981.9215914573454,1011,2,static,static_adaptive_kl_1.0,kl,1.0,adaptive,8,0.015625,34,3,2,6,0.6666666666666666,0.04680851063829788,1.0491071428571428,0.049107142857142856,1,0,0,0,2,2,0.058823529411764705,1.0,2,1.0,470.1485,490.0205,0,0,0,0,,0,0.6480000000000001,0.6480000000000001,0
0.014735243055555555,1.8644422873690714,0.1080952784380325,3.334199863817954,1.0,33.520833333333336,4.587564279795225,0.09336003538247693,1864.4422873690694,1011,3,static,static_adaptive_kl_1.0,kl,1.0,adaptive,8,0.015625,41,5,5,5,1.0,1.0,0.14598214285714284,0.14598214285714284,0,0,1,1,4,4,0.12195121951219512,1.0,5,1.0,470.36850000000004,480.3985,0,0,0,0,,0,0.6480000000000001,0.6480000000000001,0
0.5770399305555555,1.1997168005603,0.45528670976903607,1.6911964018302268,1.0,23.104166666666668,3.011810937061974,0.13444606201326612,1199.7168005603,1012,0,static,static_adaptive_kl_1.0,kl,1.0,adaptive,8,0.015625,33,3,2,5,0.6666666666666666,0.5172413793103449,0.5178571428571428,0.26785714285714285,2,1,0,0,1,1,0.06060606060606061,1.0,2,1.0,473.7185,480.44215,0,0,0,0,,0,0.6480000000000001,0.6480000000000001,0
0.751736111111111,0.3489660527097227,0.690524641860709,0.6297685647841328,1.0,4.25,1.0794947910362784,0.06121146925040205,348.96605270972276,1012,1,static,static_adaptive_kl_1.0,kl,1.0,adaptive,8,0.015625,35,1,1,4,1.0,1.0,0.041666666666666664,0.041666666666666664,0,0,1,1,0,0,0.02857142857142857,1.0,1,1.0,467.2685,478.7228,0,0,0,0,,0,0.6480000000000001,0.6480000000000001,0
0.2782118055555555,1.785592030033382,0.24147550008913957,2.719370308663397,1.0,25.75,3.7362562781376436,0.10803467664313504,1785.5920300333817,1012,2,static,static_adaptive_kl_1.0,kl,1.0,adaptive,8,0.015625,36,7,5,8,0.7142857142857143,0.36325045482110363,0.49077380952380956,0.1782738095238095,1,0,3,2,3,3,0.1388888888888889,1.0,5,1.0,473.823,479.44265,0,0,0,0,,0,0.6480000000000001,0.6480000000000001,0
0.497193287037037,0.9837779374809538,0.5740492608519496,1.4501981372380166,0.9166666666666666,9.104166666666666,1.7448846155255016,0.098552226307909,983.7779374809538,1012,3,static,static_adaptive_kl_1.0,kl,1.0,adaptive,8,0.015625,27,0,0,5,nan,nan,0.0,0.0,0,0,0,0,0,0,0.0,nan,0,1.0,469.8975,494.57005,0,0,0,0,,0,0.6480000000000001,0.6480000000000001,0
0.8809837962962964,0.2916317694016792,0.5756633895022807,1.0798481167668461,1.0,18.25,2.372468778991584,0.3053204067940156,291.6317694016792,1013,0,static,static_adaptive_kl_1.0,kl,1.0,adaptive,8,0.015625,32,4,4,6,1.0,1.0,0.17708333333333331,0.17708333333333331,0,0,2,2,2,2,0.125,1.0,4,1.0,474.07849999999996,483.69815,0,0,0,0,,0,0.6480000000000001,0.6480000000000001,0
0.7254991319444445,0.5467147879126124,0.6259082578455707,0.9074124911043921,1.0,9.041666666666666,1.7055199421389702,0.09959087409887372,546.7147879126125,1013,1,static,static_adaptive_kl_1.0,kl,1.0,adaptive,8,0.015625,36,2,2,5,1.0,1.0,0.04583333333333334,0.04583333333333334,0,0,0,0,2,2,0.05555555555555555,1.0,2,1.0,466.1325,488.03215,0,0,0,0,,0,0.6480000000000001,0.6480000000000001,0
0.5032552083333334,1.219697092936731,0.47601186881918744,1.949645662341337,1.0,20.8125,2.7185799579605496,0.05999414081206803,1219.6970929367308,1013,2,static,static_adaptive_kl_1.0,kl,1.0,adaptive,8,0.015625,29,2,2,6,1.0,1.0,0.05208333333333333,0.05208333333333333,0,0,0,0,2,2,0.06896551724137931,1.0,2,1.0,468.17,482.6243,0,0,0,0,,0,0.6480000000000001,0.6480000000000001,0
0.3360346395502645,1.380888861934193,0.2937205156545792,2.0465830503816878,1.0,23.458333333333332,3.273903949538653,0.04231412389568534,1380.8888619341926,1013,3,static,static_adaptive_kl_1.0,kl,1.0,adaptive,8,0.015625,40,5,4,7,0.8,0.5636363636363636,0.5729166666666666,0.32291666666666663,2,1,0,0,3,3,0.1,1.0,4,1.0,469.1915,480.554,0,0,0,0,,0,0.6480000000000001,0.6480000000000001,0
0.07583333333333334,2.3708331246875467,0.10251983525141291,2.739807004067996,1.0,19.520833333333332,4.003652825600573,0.04421580891821906,2370.8331246875455,1014,0,static,static_adaptive_kl_1.0,kl,1.0,adaptive,8,0.015625,35,1,0,1,0.0,0.0,0.0625,0.0,0,0,1,0,0,0,0.0,0.0,0,1.0,470.96450000000004,484.40045,0,0,0,0,,0,0.6480000000000001,0.6480000000000001,0
0.0493328373015873,3.0034373183326353,0.076108137780226,3.337494150171174,1.0,34.979166666666664,4.783023398824203,0.026775300478638686,3003.437318332634,1014,1,static,static_adaptive_kl_1.0,kl,1.0,adaptive,8,0.015625,36,1,0,2,0.0,0.0,0.0625,0.0,0,0,1,0,0,0,0.0,0.0,0,1.0,466.7785,483.2346,0,0,0,0,,0,0.6480000000000001,0.6480000000000001,0
0.31559027777777776,2.05596002634061,0.20789189844259734,2.384674398876266,1.0,28.791666666666668,4.109375644106055,0.15516602646451264,2055.96002634061,1014,2,static,static_adaptive_kl_1.0,kl,1.0,adaptive,8,0.015625,37,2,2,3,1.0,1.0,0.04583333333333334,0.04583333333333334,0,0,0,0,2,2,0.05405405405405406,1.0,2,1.0,474.5645,483.38939999999997,0,0,0,0,,0,0.6480000000000001,0.6480000000000001,0
0.5205619626322752,0.807460325498974,0.44428261514448425,1.3174451045358868,1.0,11.541666666666666,2.203149501976358,0.12186890430200965,807.4603254989742,1014,3,static,static_adaptive_kl_1.0,kl,1.0,adaptive,8,0.015625,35,3,3,6,1.0,1.0,0.11458333333333333,0.11458333333333333,0,0,1,1,2,2,0.08571428571428572,1.0,3,1.0,473.7785,484.36245,0,0,0,0,,0,0.6480000000000001,0.6480000000000001,0
0.5191623263888889,1.5928742717728754,0.3120919265859958,2.0805878936134445,1.0,21.604166666666668,3.299017354910113,0.215974884642775,1592.8742717728765,1015,0,static,static_adaptive_kl_1.0,kl,1.0,adaptive,8,0.015625,38,3,3,7,1.0,1.0,0.05952380952380952,0.05952380952380952,0,0,0,0,3,3,0.07894736842105263,1.0,3,1.0,466.87850000000003,480.9248,0,0,0,0,,0,0.6480000000000001,0.6480000000000001,0
0.5126041666666666,0.9942074234302359,0.5141520716195576,1.4094787699062878,1.0,8.75,1.9092839728676585,0.05578853618538184,994.2074234302362,1015,1,static,static_adaptive_kl_1.0,kl,1.0,adaptive,8,0.015625,32,5,5,8,1.0,1.0,0.65625,0.65625,2,2,2,2,1,1,0.15625,1.0,5,1.0,470.3985,482.29544999999996,0,0,0,0,,0,0.6480000000000001,0.6480000000000001,0
0.6283564814814815,0.6101874002878962,0.6238135061401319,0.8104263489142279,1.0,4.270833333333333,1.2012925595490265,0.004542975341349637,610.1874002878964,1015,2,static,static_adaptive_kl_1.0,kl,1.0,adaptive,8,0.015625,38,0,0,4,nan,nan,0.0,0.0,0,0,0,0,0,0,0.0,nan,0,1.0,475.16049999999996,487.70865,0,0,0,0,,0,0.6480000000000001,0.6480000000000001,0
0.331015625,1.861292174076075,0.22745377023399427,2.383309012712957,0.7708333333333334,24.979166666666668,3.693674614651569,0.10862832687568175,1861.2921740760758,1015,3,static,static_adaptive_kl_1.0,kl,1.0,adaptive,8,0.015625,36,2,2,5,1.0,1.0,0.04583333333333334,0.04583333333333334,0,0,0,0,2,2,0.05555555555555555,1.0,2,1.0,473.808,503.1384,0,0,0,0,,0,0.6480000000000001,0.6480000000000001,0
0.13626302083333333,2.1036338973612927,0.10875737668694098,2.783801834287973,1.0,25.229166666666668,4.276617760508938,0.07593884041598316,2103.6338973612937,1016,0,static,static_adaptive_kl_1.0,kl,1.0,adaptive,8,0.015625,35,5,3,4,0.6,0.17055655296229802,0.33154761904761904,0.05654761904761905,1,0,0,0,4,3,0.08571428571428572,1.0,3,1.0,473.3325,481.281,0,0,0,0,,0,0.6480000000000001,0.6480000000000001,0
0.1960112847222222,2.6848903702971065,0.31036965492043317,2.759980004554891,1.0,19.0625,3.2158421752911734,0.118951882350866,2684.890370297105,1016,1,static,static_adaptive_kl_1.0,kl,1.0,adaptive,8,0.015625,34,8,8,12,1.0,1.0,0.2181547619047619,0.2181547619047619,0,0,1,1,7,7,0.23529411764705882,1.0,8,1.0,465.251,480.1025,0,0,0,0,,0,0.6480000000000001,0.6480000000000001,0
0.48156250000000006,1.1945721290453823,0.4518952152937538,1.6177052232468532,1.0,16.354166666666668,2.5591451815976494,0.029667284706246206,1194.5721290453826,1016,2,static,static_adaptive_kl_1.0,kl,1.0,adaptive,8,0.015625,37,5,4,9,0.8,0.928443649373882,0.5822916666666667,0.540625,2,2,1,0,2,2,0.10810810810810811,1.0,4,1.0,475.666,491.08575,0,0,0,0,,0,0.6480000000000001,0.6480000000000001,0
0.5050626240079364,1.3069541358854366,0.4717168704186258,1.5761820795533223,1.0,13.625,2.469647088707698,0.033345753589310724,1306.954135885436,1016,3,static,static_adaptive_kl_1.0,kl,1.0,adaptive,8,0.015625,40,7,7,10,1.0,1.0,0.40049603174603177,0.40049603174603177,1,1,0,0,6,6,0.175,1.0,7,1.0,465.927,481.80545,0,0,0,0,,0,0.6480000000000001,0.6480000000000001,0
0.3984375,1.7815915862010978,0.4244309070197316,1.8586343294603138,1.0,11.958333333333334,2.2970714456935344,0.05853778575922619,1781.5915862010982,1017,0,static,static_adaptive_kl_1.0,kl,1.0,adaptive,8,0.015625,35,4,4,9,1.0,1.0,0.08452380952380951,0.08452380952380951,0,0,0,0,4,4,0.11428571428571428,1.0,4,1.0,469.722,482.43825,0,0,0,0,,0,0.6480000000000001,0.6480000000000001,0
0.25612289186507936,1.3702892280610828,0.21351519178856512,2.1287939566643654,1.0,24.1875,3.4886851860796892,0.067059969229773,1370.2892280610831,1017,1,static,static_adaptive_kl_1.0,kl,1.0,adaptive,8,0.015625,40,4,4,7,1.0,1.0,0.11904761904761904,0.11904761904761904,0,0,1,1,3,3,0.1,1.0,4,1.0,466.212,483.69975,0,0,0,0,,0,0.6480000000000001,0.6480000000000001,0
0.17684978505291005,1.9518834611291374,0.09292399958572888,2.9271372430332363,1.0,40.8125,5.026729253393648,0.10737428796675934,1951.883461129138,1017,2,static,static_adaptive_kl_1.0,kl,1.0,adaptive,8,0.015625,34,1,1,1,1.0,1.0,0.017857142857142856,0.017857142857142856,0,0,0,0,1,1,0.029411764705882353,1.0,1,1.0,465.8965,491.76825,0,0,0,0,,0,0.6480000000000001,0.6480000000000001,0
0.005455729166666666,3.0318677186671685,0.05926557553639966,4.627082176127898,0.8958333333333334,51.0625,5.482928223678414,0.05380984636973304,3031.867718667167,1017,3,static,static_adaptive_kl_1.0,kl,1.0,adaptive,8,0.015625,38,1,1,1,1.0,1.0,0.017857142857142856,0.017857142857142856,0,0,0,0,1,1,0.02631578947368421,1.0,1,1.0,474.68899999999996,485.7195,0,0,0,0,,0,0.6480000000000001,0.6480000000000001,0
0.2658318865740741,1.6174099267751247,0.3548834071840794,2.083978982242998,1.0,21.375,2.976778259580484,0.09585972191100557,1617.409926775125,1018,0,static,static_adaptive_kl_1.0,kl,1.0,adaptive,8,0.015625,37,2,2,7,1.0,1.0,0.05625,0.05625,0,0,0,0,2,2,0.05405405405405406,1.0,2,1.0,473.7985,485.4114,0,0,0,0,,0,0.6480000000000001,0.6480000000000001,0
0.19429563492063492,2.5167507624954015,0.17587589351150013,2.428230054860561,1.0,25.833333333333332,3.8046448580847323,0.08739303191911073,2516.750762495402,1018,1,static,static_adaptive_kl_1.0,kl,1.0,adaptive,8,0.015625,39,1,1,3,1.0,1.0,0.025,0.025,0,0,0,0,1,1,0.02564102564102564,1.0,1,1.0,466.8835,480.24044999999995,0,0,0,0,,0,0.6480000000000001,0.6480000000000001,0
0.8104745370370371,0.3681161707835308,0.7781808985543734,0.5219993296265935,1.0,4.0,0.8839005455268603,0.03229363848266362,368.11617078353083,1018,2,static,static_adaptive_kl_1.0,kl,1.0,adaptive,8,0.015625,33,3,3,6,1.0,1.0,0.11458333333333333,0.11458333333333333,0,0,2,2,1,1,0.09090909090909091,1.0,3,1.0,468.8405,482.98165,0,0,0,0,,0,0.6480000000000001,0.6480000000000001,0
0.12306857638888889,1.2467411086481255,0.35499088089089953,1.8921457379789934,1.0,9.208333333333334,2.3033597984298173,0.25169375884047285,1246.7411086481263,1018,3,static,static_adaptive_kl_1.0,kl,1.0,adaptive,8,0.015625,37,4,4,6,1.0,1.0,0.34077380952380953,0.34077380952380953,1,1,1,1,2,2,0.10810810810810811,1.0,4,1.0,470.1885,480.93315,0,0,0,0,,0,0.6480000000000001,0.6480000000000001,0
0.07193567531179139,2.595166904868384,0.13283449070802864,3.0266052639047634,1.0,33.333333333333336,4.5421494328508345,0.10197936327255419,2595.1669048683843,1019,0,static,static_adaptive_kl_1.0,kl,1.0,adaptive,8,0.015625,44,2,2,4,1.0,1.0,0.03571428571428571,0.03571428571428571,0,0,0,0,2,2,0.045454545454545456,1.0,2,1.0,468.075,479.89065,0,0,0,0,,0,0.6480000000000001,0.6480000000000001,0
0.006783854166666666,2.990272861617669,0.09882849304765269,3.8619699068115096,0.9375,36.8125,4.868248237596778,0.09204463888098603,2990.2728616176705,1019,1,static,static_adaptive_kl_1.0,kl,1.0,adaptive,8,0.015625,36,5,4,4,0.8,0.2663755458515284,0.3407738095238095,0.09077380952380952,1,0,0,0,4,4,0.1111111111111111,1.0,4,1.0,465.531,483.32855,0,0,0,0,,0,0.6480000000000001,0.6480000000000001,0
0.4861111111111111,0.7053358562698305,0.4201710036659743,1.4071703761343162,1.0,7.4375,2.101495608274176,0.13756239537230877,705.3358562698309,1019,2,static,static_adaptive_kl_1.0,kl,1.0,adaptive,8,0.015625,39,3,3,7,1.0,1.0,0.14583333333333331,0.14583333333333331,0,0,2,2,1,1,0.07692307692307693,1.0,3,1.0,470.0075,483.98524999999995,0,0,0,0,,0,0.6480000000000001,0.6480000000000001,0
0.6388020833333333,0.7653055861010968,0.6373848506864798,1.004803730911102,1.0,9.4375,1.509819769344288,0.0014172326468536555,765.3055861010963,1019,3,static,static_adaptive_kl_1.0,kl,1.0,adaptive,8,0.015625,34,6,6,10,1.0,1.0,1.24375,1.24375,1,1,3,3,2,2,0.17647058823529413,1.0,6,1.0,472.496,477.40835,0,0,0,0,,0,0.6480000000000001,0.6480000000000001,0
0.1564236111111111,2.8796893923341536,0.1480121304157306,2.7060044680057413,1.0,23.208333333333332,4.088784768404099,0.031654995917832225,2879.6893923341504,1000,0,static,static_adaptive_kl_2.0,kl,2.0,adaptive,8,0.015625,34,7,7,8,1.0,1.0,0.21666666666666667,0.21666666666666667,0,0,1,1,6,6,0.20588235294117646,1.0,7,1.0,462.086,475.56915000000004,0,0,0,0,,0,0.6480000000000001,0.6480000000000001,0
0.03640687003968255,2.6112127741470186,0.04107601483197757,3.6996627868970955,1.0,49.395833333333336,5.580827252155107,0.012728579520844273,2611.21277414702,1000,1,static,static_adaptive_kl_2.0,kl,2.0,adaptive,8,0.015625,40,2,1,2,0.5,0.058823529411764705,0.265625,0.015625,1,0,0,0,1,1,0.025,1.0,1,1.0,465.166,473.8355,0,0,0,0,,0,0.6480000000000001,0.6480000000000001,0
0.6344835069444444,0.7882509900834087,0.5869565695893182,1.0765772244783092,1.0,10.208333333333334,1.8301009565000514,0.04917756487523713,788.2509900834087,1000,2,static,static_adaptive_kl_2.0,kl,2.0,adaptive,8,0.015625,36,3,3,6,1.0,1.0,0.22916666666666666,0.22916666666666666,1,1,2,2,0,0,0.08333333333333333,1.0,3,1.0,467.193,480.6309,0,0,0,0,,0,0.6480000000000001,0.6480000000000001,0
0.5657986111111111,0.9661813820352584,0.5667169323521751,1.4662988272707274,1.0,12.458333333333334,1.9966624956976444,0.06434597677886512,966.1813820352587,1000,3,static,static_adaptive_kl_2.0,kl,2.0,adaptive,8,0.015625,31,3,3,7,1.0,1.0,0.3402777777777778,0.3402777777777778,1,1,1,1,1,1,0.0967741935483871,1.0,3,1.0,468.1195,477.33665,0,0,0,0,,0,0.6480000000000001,0.6480000000000001,0
0.46272135416666665,1.052494009320942,0.35408102138892783,1.5911200104151624,1.0,12.4375,2.7378877276695417,0.10864033277773884,1052.4940093209418,1001,0,static,static_adaptive_kl_2.0,kl,2.0,adaptive,8,0.015625,35,1,0,3,0.0,0.0,0.25,0.0,1,0,0,0,0,0,0.0,0.0,0,1.0,459.903,472.74065,0,0,0,0,,0,0.6480000000000001,0.6480000000000001,0
0.6575520833333334,0.5408187183422183,0.5627146013286372,0.9977350754102671,1.0,7.708333333333333,1.7427817980775948,0.10380376303669225,540.8187183422186,1001,1,static,static_adaptive_kl_2.0,kl,2.0,adaptive,8,0.015625,34,5,5,7,1.0,1.0,0.4270833333333333,0.4270833333333333,1,1,2,2,2,2,0.14705882352941177,1.0,5,1.0,463.9635,477.66395,0,0,0,0,,0,0.6480000000000001,0.6480000000000001,0
0.557093015491453,1.31630056722746,0.5668639742236378,1.391159378711891,1.0,10.666666666666666,1.9185405884377527,0.012888872568929824,1316.30056722746,1001,2,static,static_adaptive_kl_2.0,kl,2.0,adaptive,8,0.015625,36,4,4,7,1.0,1.0,1.0535714285714284,1.0535714285714284,1,1,0,0,3,3,0.1111111111111111,1.0,4,1.0,462.08050000000003,478.14754999999997,0,0,0,0,,0,0.6480000000000001,0.6480000000000001,0
0.6197916666666666,0.7896608473922808,0.5980118004895649,1.0684888300953441,1.0,6.333333333333333,1.6144532436066041,0.09109612078049462,789.6608473922811,1001,3,static,static_adaptive_kl_2.0,kl,2.0,adaptive,8,0.015625,32,5,5,9,1.0,1.0,0.5625,0.5625,2,2,0,0,3,3,0.15625,1.0,5,1.0,461.7305,473.03245,0,0,0,0,,0,0.6480000000000001,0.6480000000000001,0
0.12255084325396826,1.8665741973843923,0.15690850458427286,2.5026920660810137,1.0,21.833333333333332,3.724689217471233,0.04716423601068815,1866.5741973843924,1002,0,static,static_adaptive_kl_2.0,kl,2.0,adaptive,8,0.015625,43,5,5,5,1.0,1.0,0.3169642857142857,0.3169642857142857,2,2,0,0,3,3,0.11627906976744186,1.0,5,1.0,463.6035,477.2718,0,0,0,0,,0,0.6480000000000001,0.6480000000000001,0
0.5833333333333334,1.0816243424256042,0.6556474609140268,1.48489707684068,0.9166666666666666,13.791666666666666,1.7503633605001756,0.07231412758069349,1081.6243424256043,1002,1,static,static_adaptive_kl_2.0,kl,2.0,adaptive,8,0.015625,35,6,5,8,0.8333333333333334,0.6900369003690037,0.8065476190476191,0.5565476190476191,3,2,0,0,3,3,0.14285714285714285,1.0,5,1.0,467.885,479.4154,0,0,0,0,,0,0.6480000000000001,0.6480000000000001,0
0.5542708333333334,0.7293403080434654,0.5637452189436525,1.3180948278365932,1.0,9.604166666666666,1.8803946341371287,0.031057391267088914,729.3403080434654,1002,2,static,static_adaptive_kl_2.0,kl,2.0,adaptive,8,0.015625,39,3,3,4,1.0,1.0,1.2708333333333333,1.2708333333333333,2,2,0,0,1,1,0.07692307692307693,1.0,3,1.0,462.437,472.26415,0,0,0,0,,0,0.6480000000000001,0.6480000000000001,0
0.3665922619047619,1.8975535809583686,0.5258851670794894,1.9778948368718419,1.0,12.479166666666666,2.251222158760013,0.16185358108046008,1897.5535809583682,1002,3,static,static_adaptive_kl_2.0,kl,2.0,adaptive,8,0.015625,35,6,4,8,0.6666666666666666,0.24886191198786037,1.3729166666666668,0.3416666666666667,2,1,1,1,3,2,0.11428571428571428,1.0,4,1.0,463.573,473.89065,0,0,0,0,,0,0.6480000000000001,0.6480000000000001,0
0.6209164719573727,1.049586483865437,0.5141656307577415,1.5437930789254375,1.0,22.729166666666668,2.6980929947962218,0.1067508411996312,1049.586483865437,1003,0,static,static_adaptive_kl_2.0,kl,2.0,adaptive,8,0.015625,38,5,5,8,1.0,1.0,0.1574404761904762,0.1574404761904762,0,0,1,1,4,4,0.13157894736842105,1.0,5,1.0,468.93100000000004,487.60665,0,0,0,0,,0,0.6480000000000001,0.6480000000000001,0
0.7888237847222221,0.5515047277852667,0.7742651694658464,0.6536923233727577,1.0,7.041666666666667,1.013247675054579,0.014558615256375718,551.5047277852667,1003,1,static,static_adaptive_kl_2.0,kl,2.0,adaptive,8,0.015625,35,5,5,9,1.0,1.0,0.2157738095238095,0.2157738095238095,0,0,3,3,2,2,0.14285714285714285,1.0,5,1.0,464.33399999999995,475.21095,0,0,0,0,,0,0.6480000000000001,0.6480000000000001,0
0.3922309027777778,1.597298499665486,0.3901578935820778,1.8266248542519163,1.0,23.104166666666668,2.979569092812882,0.02582722556501002,1597.2984996654861,1003,2,static,static_adaptive_kl_2.0,kl,2.0,adaptive,8,0.015625,40,3,3,5,1.0,1.0,0.125,0.125,0,0,1,1,2,2,0.075,1.0,3,1.0,470.5385,482.3663,0,0,0,0,,0,0.6480000000000001,0.6480000000000001,0
0.2536279837061087,2.0132771318121114,0.17449436084388226,2.434991634265549,1.0,26.854166666666668,4.09525965095977,0.0822817240642843,2013.2771318121102,1003,3,static,static_adaptive_kl_2.0,kl,2.0,adaptive,8,0.015625,40,2,2,5,1.0,1.0,0.046875,0.046875,0,0,0,0,2,2,0.05,1.0,2,1.0,463.8885,474.0643,0,0,0,0,,0,0.6480000000000001,0.6480000000000001,0
0.4088252314814815,1.3912110055072437,0.4833044058084157,1.538915481079085,1.0,9.583333333333334,1.9654809488612959,0.07502725604181305,1391.2110055072435,1004,0,static,static_adaptive_kl_2.0,kl,2.0,adaptive,8,0.015625,39,6,6,8,1.0,1.0,0.18521825396825398,0.18521825396825398,0,0,1,1,5,5,0.15384615384615385,1.0,6,1.0,463.7585,478.27265,0,0,0,0,,0,0.6480000000000001,0.6480000000000001,0
0.38595920138888884,1.0660019637535232,0.4439779379375206,1.4724340819463368,1.0,12.5625,2.22351782084827,0.11460419755569717,1066.0019637535231,1004,1,static,static_adaptive_kl_2.0,kl,2.0,adaptive,8,0.015625,36,3,3,5,1.0,1.0,0.11458333333333333,0.11458333333333333,0,0,1,1,2,2,0.08333333333333333,1.0,3,1.0,470.86400000000003,480.32105,0,0,0,0,,0,0.6480000000000001,0.6480000000000001,0
0.33218625992063494,1.7056905192114005,0.5079077022167166,1.7744221466731689,1.0,12.0,2.253503758818242,0.17875375919946904,1705.6905192113998,1004,2,static,static_adaptive_kl_2.0,kl,2.0,adaptive,8,0.015625,34,9,8,11,0.8888888888888888,0.643816254416961,0.7018849206349207,0.4518849206349206,2,1,1,1,6,6,0.23529411764705882,1.0,8,1.0,467.3685,483.30629999999996,0,0,0,0,,0,0.6480000000000001,0.6480000000000001,0
0.22337239583333335,1.2271256654984148,0.3683965220715226,2.1996536881962494,0.8333333333333334,10.104166666666666,2.4502240635327417,0.1451611466669089,1227.125665498416,1004,3,static,static_adaptive_kl_2.0,kl,2.0,adaptive,8,0.015625,33,1,1,5,1.0,1.0,0.0625,0.0625,0,0,1,1,0,0,0.030303030303030304,1.0,1,1.0,468.185,488.05679999999995,0,0,0,0,,0,0.6480000000000001,0.6480000000000001,0
0.02894965277777778,1.7803066299096264,0.19676175718498512,3.50090161791816,0.6041666666666666,13.75,3.465978706067778,0.16822316569336648,1780.3066299096272,1005,0,static,static_adaptive_kl_2.0,kl,2.0,adaptive,8,0.015625,33,4,2,5,0.5,0.13402061855670105,0.28869047619047616,0.03869047619047619,2,0,0,0,2,2,0.06060606060606061,1.0,2,1.0,466.7835,475.3628,0,0,0,0,,0,0.6480000000000001,0.6480000000000001,0
0.22733754960317462,1.5228036712566861,0.23708809017638796,2.4131953327192712,1.0,24.125,3.6421221392739405,0.06331513355312748,1522.8036712566854,1005,1,static,static_adaptive_kl_2.0,kl,2.0,adaptive,8,0.015625,37,4,4,7,1.0,1.0,0.09300595238095238,0.09300595238095238,0,0,1,1,3,3,0.10810810810810811,1.0,4,1.0,464.55949999999996,476.5495,0,0,0,0,,0,0.6480000000000001,0.6480000000000001,0
0.8246279761904761,0.3289707213152004,0.6781405673852815,0.7434053012720372,1.0,8.479166666666666,1.4826252535346294,0.14648740880519465,328.97072131520036,1005,2,static,static_adaptive_kl_2.0,kl,2.0,adaptive,8,0.015625,36,5,4,8,0.8,0.6830188679245283,0.7886904761904762,0.5386904761904762,3,2,0,0,2,2,0.1111111111111111,1.0,4,1.0,468.5405,476.85665,0,0,0,0,,0,0.6480000000000001,0.6480000000000001,0
0.2768012152777778,1.971164749523174,0.1564987161470665,2.59886231707957,0.7708333333333334,36.875,4.457971566423537,0.1203024991307113,1971.1647495231746,1005,3,static,static_adaptive_kl_2.0,kl,2.0,adaptive,8,0.015625,39,4,4,5,1.0,1.0,0.1793154761904762,0.1793154761904762,1,1,0,0,3,3,0.10256410256410256,1.0,4,1.0,469.2815,476.1428,0,0,0,0,,0,0.6480000000000001,0.6480000000000001,0
0.6211489898989899,0.6676819765458748,0.7208067008169988,0.9802538347817836,1.0,6.270833333333333,1.2272555022171256,0.10846000607880298,667.6819765458749,1006,0,static,static_adaptive_kl_2.0,kl,2.0,adaptive,8,0.015625,31,6,6,10,1.0,1.0,1.2291666666666667,1.2291666666666667,1,1,3,3,2,2,0.1935483870967742,1.0,6,1.0,463.62800000000004,476.32815,0,0,0,0,,0,0.6480000000000001,0.6480000000000001,0
0.10124131944444444,1.4248286004442285,0.32015592109899665,2.3618140763356448,1.0,18.833333333333332,3.0608997981333133,0.23559672419745903,1424.8286004442286,1006,1,static,static_adaptive_kl_2.0,kl,2.0,adaptive,8,0.015625,38,2,2,4,1.0,1.0,0.26785714285714285,0.26785714285714285,1,1,0,0,1,1,0.05263157894736842,1.0,2,1.0,471.555,485.07025,0,0,0,0,,0,0.6480000000000001,0.6480000000000001,0
0.3080512152777778,1.6289038528804844,0.30068370472294403,2.2049093372081887,1.0,21.354166666666668,3.3709748042015772,0.1224571734040481,1628.9038528804838,1006,2,static,static_adaptive_kl_2.0,kl,2.0,adaptive,8,0.015625,38,5,3,5,0.6,0.0816326530612245,1.361111111111111,0.1111111111111111,2,0,1,1,2,2,0.07894736842105263,1.0,3,1.0,467.9445,476.97915,0,0,0,0,,0,0.6480000000000001,0.6480000000000001,0
0.45074652777777774,1.037723041579004,0.291687790892523,1.609055529850543,1.0,11.75,2.727556670198089,0.1590587368852548,1037.7230415790045,1006,3,static,static_adaptive_kl_2.0,kl,2.0,adaptive,8,0.015625,36,0,0,2,nan,nan,0.0,0.0,0,0,0,0,0,0,0.0,nan,0,1.0,461.89099999999996,480.8445,0,0,0,0,,0,0.6480000000000001,0.6480000000000001,0
0.6895616319444443,1.0092722473073739,0.6761289191191387,1.170135136637285,0.9375,13.6875,1.636619627966451,0.0363518636722412,1009.272247307374,1007,0,static,static_adaptive_kl_2.0,kl,2.0,adaptive,8,0.015625,30,3,2,5,0.6666666666666666,0.5384615384615384,0.5416666666666667,0.2916666666666667,2,1,1,1,0,0,0.06666666666666667,1.0,2,1.0,467.0935,480.3526,0,0,0,0,,0,0.6480000000000001,0.6480000000000001,0
0.6357421875,0.968831016197008,0.6561321166283853,1.040034818339428,1.0,6.895833333333333,1.4276726307187595,0.07130835647850015,968.8310161970077,1007,1,static,static_adaptive_kl_2.0,kl,2.0,adaptive,8,0.015625,38,4,4,8,1.0,1.0,0.44166666666666665,0.44166666666666665,2,2,1,1,1,1,0.10526315789473684,1.0,4,1.0,463.493,476.7385,0,0,0,0,,0,0.6480000000000001,0.6480000000000001,0
0.8607291666666667,0.3225429836061667,0.8382144358930609,0.4907601248028936,1.0,7.854166666666667,0.8580941705324666,0.0225147307736058,322.54298360616673,1007,2,static,static_adaptive_kl_2.0,kl,2.0,adaptive,8,0.015625,35,2,2,5,1.0,1.0,0.043402777777777776,0.043402777777777776,0,0,0,0,2,2,0.05714285714285714,1.0,2,1.0,465.231,477.09965,0,0,0,0,,0,0.6480000000000001,0.6480000000000001,0
0.0053819444444444435,2.379406529798313,0.27408293121708094,3.7628778949691495,0.5833333333333334,14.645833333333334,3.3424240789450086,0.2687009867726365,2379.406529798313,1007,3,static,static_adaptive_kl_2.0,kl,2.0,adaptive,8,0.015625,36,1,1,2,1.0,1.0,0.041666666666666664,0.041666666666666664,0,0,1,1,0,0,0.027777777777777776,1.0,1,1.0,463.288,478.94579999999996,0,0,0,0,,0,0.6480000000000001,0.6480000000000001,0
0.5798177083333333,0.8346133186357108,0.4693933689677787,1.311674306882062,1.0,11.5,2.171207425475074,0.11042433936555457,834.6133186357109,1008,0,static,static_adaptive_kl_2.0,kl,2.0,adaptive,8,0.015625,36,4,4,7,1.0,1.0,0.09598214285714285,0.09598214285714285,0,0,1,1,3,3,0.1111111111111111,1.0,4,1.0,466.017,476.82665000000003,0,0,0,0,,0,0.6480000000000001,0.6480000000000001,0
0.4576099537037037,1.2042160379535365,0.5559978526150949,1.5331265352589731,1.0,14.3125,2.0186420984209117,0.1091182580896868,1204.2160379535364,1008,1,static,static_adaptive_kl_2.0,kl,2.0,adaptive,8,0.015625,34,3,3,7,1.0,1.0,0.3020833333333333,0.3020833333333333,1,1,0,0,2,2,0.08823529411764706,1.0,3,1.0,469.597,478.84229999999997,0,0,0,0,,0,0.6480000000000001,0.6480000000000001,0
0.7492954282407407,0.4497268267902664,0.5701208776177017,1.0184731489500451,1.0,11.395833333333334,2.0207221066959287,0.1791745506230391,449.72682679026656,1008,2,static,static_adaptive_kl_2.0,kl,2.0,adaptive,8,0.015625,34,4,4,6,1.0,1.0,0.3263888888888889,0.3263888888888889,1,1,0,0,3,3,0.11764705882352941,1.0,4,1.0,469.50649999999996,477.76349999999996,0,0,0,0,,0,0.6480000000000001,0.6480000000000001,0
0.5056770833333334,1.3007456628235425,0.4543654656582878,1.8181374553783753,1.0,24.625,2.9066748734176926,0.05131161767504553,1300.7456628235434,1008,3,static,static_adaptive_kl_2.0,kl,2.0,adaptive,8,0.015625,39,2,2,5,1.0,1.0,0.265625,0.265625,1,1,0,0,1,1,0.05128205128205128,1.0,2,1.0,467.234,477.13829999999996,0,0,0,0,,0,0.6480000000000001,0.6480000000000001,0
0.08539496527777778,3.03792862892816,0.27394139269788664,3.170375895407154,1.0,28.916666666666668,3.8697292011995175,0.18854642742010883,3037.9286289281604,1009,0,static,static_adaptive_kl_2.0,kl,2.0,adaptive,8,0.015625,40,3,3,6,1.0,1.0,0.29285714285714287,0.29285714285714287,1,1,0,0,2,2,0.075,1.0,3,1.0,464.5145,475.2765,0,0,0,0,,0,0.6480000000000001,0.6480000000000001,0
0.6834852430555555,0.61699063722068,0.4836322085880124,1.129356971480626,1.0,12.895833333333334,2.4207802545919184,0.19985303446754324,616.9906372206805,1009,1,static,static_adaptive_kl_2.0,kl,2.0,adaptive,8,0.015625,36,4,4,6,1.0,1.0,0.14285714285714285,0.14285714285714285,0,0,2,2,2,2,0.1111111111111111,1.0,4,1.0,464.144,474.85265,0,0,0,0,,0,0.6480000000000001,0.6480000000000001,0
0.7831597222222223,0.31882112851318406,0.7289095798755297,0.6527970553530268,1.0,5.9375,1.1576185601102684,0.05425014234669243,318.821128513184,1009,2,static,static_adaptive_kl_2.0,kl,2.0,adaptive,8,0.015625,31,3,3,6,1.0,1.0,0.06944444444444445,0.06944444444444445,0,0,0,0,3,3,0.0967741935483871,1.0,3,1.0,468.901,479.0831,0,0,0,0,,0,0.6480000000000001,0.6480000000000001,0
0.1560050843253968,1.3923594431841038,0.19290974229925975,2.3112342124625807,0.9791666666666666,25.541666666666668,3.800883607266602,0.12162849979011599,1392.3594431841047,1009,3,static,static_adaptive_kl_2.0,kl,2.0,adaptive,8,0.015625,37,5,4,5,0.8,0.10697674418604652,1.1197916666666665,0.11979166666666666,1,0,1,1,3,3,0.10810810810810811,1.0,4,1.0,467.399,474.41615,0,0,0,0,,0,0.6480000000000001,0.6480000000000001,0
0.6546875,0.9257026310536416,0.5611603951588221,1.212173372369248,1.0,13.395833333333334,2.020937875902334,0.09352710484117778,925.7026310536415,1010,0,static,static_adaptive_kl_2.0,kl,2.0,adaptive,8,0.015625,37,1,1,3,1.0,1.0,0.25,0.25,1,1,0,0,0,0,0.02702702702702703,1.0,1,1.0,467.394,486.38815,0,0,0,0,,0,0.6480000000000001,0.6480000000000001,0
0.5545572916666667,0.8833305160553423,0.6053106984477229,1.4746960416618329,0.9791666666666666,13.666666666666666,1.955541130478217,0.05475787007364455,883.3305160553423,1010,1,static,static_adaptive_kl_2.0,kl,2.0,adaptive,8,0.015625,38,4,4,6,1.0,1.0,0.12916666666666665,0.12916666666666665,0,0,1,1,3,3,0.10526315789473684,1.0,4,1.0,464.855,477.92379999999997,0,0,0,0,,0,0.6480000000000001,0.6480000000000001,0
0.5072569444444445,0.8404102122285346,0.5861473664187569,1.2903558958865962,1.0,8.604166666666666,1.7630665774471348,0.0869864345425299,840.4102122285349,1010,2,static,static_adaptive_kl_2.0,kl,2.0,adaptive,8,0.015625,34,3,3,6,1.0,1.0,0.34375,0.34375,1,1,1,1,1,1,0.08823529411764706,1.0,3,1.0,470.94449999999995,477.1135,0,0,0,0,,0,0.6480000000000001,0.6480000000000001,0
0.5703081597222223,0.9985589925858643,0.45484143594412574,1.5773062584284772,0.9791666666666666,20.666666666666668,2.8440464840990205,0.11546672377809657,998.5589925858644,1010,3,static,static_adaptive_kl_2.0,kl,2.0,adaptive,8,0.015625,35,4,4,7,1.0,1.0,0.07738095238095238,0.07738095238095238,0,0,0,0,4,4,0.11428571428571428,1.0,4,1.0,463.308,473.8118,0,0,0,0,,0,0.6480000000000001,0.6480000000000001,0
0.10244605654761905,2.710151288780286,0.15987869073233033,2.7420656000368204,0.9791666666666666,21.166666666666668,3.7328547831392442,0.07201762492573334,2710.151288780285,1011,0,static,static_adaptive_kl_2.0,kl,2.0,adaptive,8,0.015625,40,2,2,4,1.0,1.0,0.04583333333333334,0.04583333333333334,0,0,0,0,2,2,0.05,1.0,2,1.0,466.122,475.3053,0,0,0,0,,0,0.6480000000000001,0.6480000000000001,0
0.8631944444444445,0.3766604647275176,0.8468208132049453,0.4213823627306625,1.0,4.854166666666667,0.6672726580292699,0.016373631239499153,376.6604647275176,1011,1,static,static_adaptive_kl_2.0,kl,2.0,adaptive,8,0.015625,34,1,1,5,1.0,1.0,0.020833333333333332,0.020833333333333332,0,0,0,0,1,1,0.029411764705882353,1.0,1,1.0,466.76800000000003,476.4978,0,0,0,0,,0,0.6480000000000001,0.6480000000000001,0
0.27411644345238095,1.512859258619032,0.5673833409340833,1.8278656227457846,1.0,12.541666666666666,1.9377107106008253,0.2960525833544649,1512.8592586190323,1011,2,static,static_adaptive_kl_2.0,kl,2.0,adaptive,8,0.015625,34,3,2,7,0.6666666666666666,0.04680851063829788,1.0491071428571428,0.049107142857142856,1,0,0,0,2,2,0.058823529411764705,1.0,2,1.0,463.148,477.6413,0,0,0,0,,0,0.6480000000000001,0.6480000000000001,0
0.12361421130952381,1.7801024903700802,0.12505781738204155,2.9614107113216335,1.0,32.666666666666664,4.4165422595917665,0.03398798481201232,1780.1024903700811,1011,3,static,static_adaptive_kl_2.0,kl,2.0,adaptive,8,0.015625,41,5,5,6,1.0,1.0,0.14598214285714284,0.14598214285714284,0,0,1,1,4,4,0.12195121951219512,1.0,5,1.0,468.33050000000003,475.55615,0,0,0,0,,0,0.6480000000000001,0.6480000000000001,0
0.32078993055555555,1.6150307712422,0.1880376619020749,2.3308773095451136,1.0,32.9375,4.263149202103821,0.14489874846667153,1615.0307712422002,1012,0,static,static_adaptive_kl_2.0,kl,2.0,adaptive,8,0.015625,33,3,2,3,0.6666666666666666,0.5172413793103449,0.5178571428571428,0.26785714285714285,2,1,0,0,1,1,0.06060606060606061,1.0,2,1.0,464.75,479.25525,0,0,0,0,,0,0.6480000000000001,0.6480000000000001,0
0.7881944444444443,0.31035035707236286,0.7613779415184285,0.5064127765171827,1.0,3.9791666666666665,0.8611770423759992,0.026816502926015975,310.3503570723629,1012,1,static,static_adaptive_kl_2.0,kl,2.0,adaptive,8,0.015625,35,1,1,4,1.0,1.0,0.041666666666666664,0.041666666666666664,0,0,1,1,0,0,0.02857142857142857,1.0,1,1.0,467.91,479.11165,0,0,0,0,,0,0.6480000000000001,0.6480000000000001,0
0.48654513888888884,1.265646058586975,0.5480661505966883,1.946355721159069,1.0,19.416666666666668,2.3224918483231893,0.061521011707799333,1265.6460585869743,1012,2,static,static_adaptive_kl_2.0,kl,2.0,adaptive,8,0.015625,36,7,6,8,0.8571428571428571,0.4906003638568829,0.49077380952380956,0.2407738095238095,1,0,3,3,3,3,0.16666666666666666,1.0,6,1.0,467.9095,477.18080000000003,0,0,0,0,,0,0.6480000000000001,0.6480000000000001,0
0.497193287037037,0.9837779374809538,0.5625654804703119,1.462365672545232,0.9166666666666666,9.208333333333334,1.7970359047041,0.11003600668954665,983.7779374809538,1012,3,static,static_adaptive_kl_2.0,kl,2.0,adaptive,8,0.015625,27,0,0,5,nan,nan,0.0,0.0,0,0,0,0,0,0,0.0,nan,0,1.0,464.4045,470.0428,0,0,0,0,,0,0.6480000000000001,0.6480000000000001,0
0.8809837962962964,0.2916317694016792,0.5713230815963847,1.0847151308897327,1.0,18.291666666666668,2.3933292946630234,0.3096607146999116,291.6317694016792,1013,0,static,static_adaptive_kl_2.0,kl,2.0,adaptive,8,0.015625,32,4,4,6,1.0,1.0,0.17708333333333331,0.17708333333333331,0,0,2,2,2,2,0.125,1.0,4,1.0,461.836,472.09450000000004,0,0,0,0,,0,0.6480000000000001,0.6480000000000001,0
0.31647135416666666,1.510242259350347,0.45455412240458326,1.8651110157117579,0.9583333333333334,12.229166666666666,2.6684001090832,0.2738478972837785,1510.2422593503477,1013,1,static,static_adaptive_kl_2.0,kl,2.0,adaptive,8,0.015625,36,2,2,5,1.0,1.0,0.04583333333333334,0.04583333333333334,0,0,0,0,2,2,0.05555555555555555,1.0,2,1.0,466.522,485.234,0,0,0,0,,0,0.6480000000000001,0.6480000000000001,0
0.42408854166666665,1.408667156865146,0.3705136578720996,2.1471738430908953,1.0,21.916666666666668,3.144053251774888,0.08066634273696537,1408.6671568651461,1013,2,static,static_adaptive_kl_2.0,kl,2.0,adaptive,8,0.015625,29,2,2,6,1.0,1.0,0.05208333333333333,0.05208333333333333,0,0,0,0,2,2,0.06896551724137931,1.0,2,1.0,469.9625,484.68375,0,0,0,0,,0,0.6480000000000001,0.6480000000000001,0
0.597327628968254,1.0729186368846342,0.5515552053497582,1.464854754760756,1.0,19.0,2.37861444111975,0.045772423618495706,1072.9186368846338,1013,3,static,static_adaptive_kl_2.0,kl,2.0,adaptive,8,0.015625,40,5,4,7,0.8,0.5636363636363636,0.5729166666666666,0.32291666666666663,2,1,0,0,3,3,0.1,1.0,4,1.0,463.0825,477.26185,0,0,0,0,,0,0.6480000000000001,0.6480000000000001,0
0.31710069444444444,1.1555605126543353,0.2689650953595198,1.5937335141138131,1.0,9.0625,2.7682052593410593,0.10392135185156448,1155.5605126543358,1014,0,static,static_adaptive_kl_2.0,kl,2.0,adaptive,8,0.015625,35,1,1,2,1.0,1.0,0.0625,0.0625,0,0,1,1,0,0,0.02857142857142857,1.0,1,1.0,470.3485,478.9163,0,0,0,0,,0,0.6480000000000001,0.6480000000000001,0
0.4841579861111111,1.2807996424653634,0.3882823615969382,1.657021145467734,1.0,15.479166666666666,2.6871068302857473,0.0958756245141729,1280.7996424653636,1014,1,static,static_adaptive_kl_2.0,kl,2.0,adaptive,8,0.015625,36,1,1,3,1.0,1.0,0.0625,0.0625,0,0,1,1,0,0,0.027777777777777776,1.0,1,1.0,470.4335,476.31515,0,0,0,0,,0,0.6480000000000001,0.6480000000000001,0
0.5458409299034299,1.2389893870898716,0.3922398292179419,1.770175936997813,1.0,25.229166666666668,3.301121034888857,0.15360110068548793,1238.9893870898713,1014,2,static,static_adaptive_kl_2.0,kl,2.0,adaptive,8,0.015625,37,2,2,4,1.0,1.0,0.04583333333333334,0.04583333333333334,0,0,0,0,2,2,0.05405405405405406,1.0,2,1.0,470.7385,478.76075000000003,0,0,0,0,,0,0.6480000000000001,0.6480000000000001,0
0.5726452959656084,0.7553769921656407,0.512519023309829,1.212662869319501,1.0,11.5625,2.08630859279172,0.07190971205978561,755.3769921656408,1014,3,static,static_adaptive_kl_2.0,kl,2.0,adaptive,8,0.015625,35,3,3,6,1.0,1.0,0.11458333333333333,0.11458333333333333,0,0,1,1,2,2,0.08571428571428572,1.0,3,1.0,465.98199999999997,475.2288,0,0,0,0,,0,0.6480000000000001,0.6480000000000001,0
0.3280164930555555,1.9926259108115765,0.35802833141460355,2.3371948384219032,0.9791666666666666,20.083333333333332,3.018618147398348,0.08053001567032363,1992.6259108115762,1015,0,static,static_adaptive_kl_2.0,kl,2.0,adaptive,8,0.015625,38,3,3,7,1.0,1.0,0.05952380952380952,0.05952380952380952,0,0,0,0,3,3,0.07894736842105263,1.0,3,1.0,462.717,473.176,0,0,0,0,,0,0.6480000000000001,0.6480000000000001,0
0.5516666666666666,1.0396849998345825,0.5970402376198712,1.3176511399805444,1.0,8.479166666666666,1.7329454324938462,0.08817512740912985,1039.684999834583,1015,1,static,static_adaptive_kl_2.0,kl,2.0,adaptive,8,0.015625,32,5,5,7,1.0,1.0,0.65625,0.65625,2,2,2,2,1,1,0.15625,1.0,5,1.0,462.38599999999997,474.015,0,0,0,0,,0,0.6480000000000001,0.6480000000000001,0
0.25474537037037037,1.2840245007545634,0.21531354449045695,2.0269171657271503,1.0,13.020833333333334,3.2072887526788096,0.11596540915004748,1284.0245007545643,1015,2,static,static_adaptive_kl_2.0,kl,2.0,adaptive,8,0.015625,38,0,0,2,nan,nan,0.0,0.0,0,0,0,0,0,0,0.0,nan,0,1.0,463.0325,473.651,0,0,0,0,,0,0.6480000000000001,0.6480000000000001,0
0.06925843253968254,4.090512339175107,0.0949312329333014,4.043592157430903,0.4166666666666667,38.9375,4.92293654734651,0.06056062385687633,4090.5123391751063,1015,3,static,static_adaptive_kl_2.0,kl,2.0,adaptive,8,0.015625,36,2,2,3,1.0,1.0,0.04583333333333334,0.04583333333333334,0,0,0,0,2,2,0.05555555555555555,1.0,2,1.0,463.0875,472.2815,0,0,0,0,,0,0.6480000000000001,0.6480000000000001,0
0.6111762152777778,0.711737346090679,0.5190868725122543,1.3209883914425637,1.0,17.458333333333332,2.3947092727502652,0.09208934276552344,711.7373460906792,1016,0,static,static_adaptive_kl_2.0,kl,2.0,adaptive,8,0.015625,35,5,4,7,0.8,0.24596050269299818,0.33154761904761904,0.08154761904761904,1,0,0,0,4,4,0.11428571428571428,1.0,4,1.0,464.039,476.235,0,0,0,0,,0,0.6480000000000001,0.6480000000000001,0
0.12568721064814814,2.4409572051889725,0.12500795377765536,3.043164852005059,0.9791666666666666,24.583333333333332,4.2915427392630106,0.10563344667923132,2440.9572051889727,1016,1,static,static_adaptive_kl_2.0,kl,2.0,adaptive,8,0.015625,34,8,8,9,1.0,1.0,0.2181547619047619,0.2181547619047619,0,0,1,1,7,7,0.23529411764705882,1.0,8,1.0,466.538,476.31350000000003,0,0,0,0,,0,0.6480000000000001,0.6480000000000001,0
0.5198726851851853,1.1783338899851912,0.4055405825095446,1.6867780101693937,1.0,17.145833333333332,2.776691702726536,0.11433210267564059,1178.3338899851913,1016,2,static,static_adaptive_kl_2.0,kl,2.0,adaptive,8,0.015625,37,5,5,9,1.0,1.0,0.5822916666666667,0.5822916666666667,2,2,1,1,2,2,0.13513513513513514,1.0,5,1.0,462.752,481.54565,0,0,0,0,,0,0.6480000000000001,0.6480000000000001,0
0.21196573247354497,1.1760634134360195,0.3367440106906015,1.9950799831542285,1.0,13.354166666666666,2.7978748618463363,0.14036830856999763,1176.0634134360196,1016,3,static,static_adaptive_kl_2.0,kl,2.0,adaptive,8,0.015625,40,7,7,9,1.0,1.0,0.40049603174603177,0.40049603174603177,1,1,0,0,6,6,0.175,1.0,7,1.0,467.9645,476.8053,0,0,0,0,,0,0.6480000000000001,0.6480000000000001,0
0.4401041666666667,1.739924919534431,0.4569105493810881,1.810606092659424,1.0,11.958333333333334,2.2554591437030798,0.0677248100645363,1739.9249195344316,1017,0,static,static_adaptive_kl_2.0,kl,2.0,adaptive,8,0.015625,35,4,4,9,1.0,1.0,0.08452380952380951,0.08452380952380951,0,0,0,0,4,4,0.11428571428571428,1.0,4,1.0,463.0025,480.26515,0,0,0,0,,0,0.6480000000000001,0.6480000000000001,0
0.25612289186507936,1.4119558947277495,0.20727936411507486,2.142303860808784,1.0,24.270833333333332,3.5269625690425452,0.07329579690326325,1411.9558947277499,1017,1,static,static_adaptive_kl_2.0,kl,2.0,adaptive,8,0.015625,40,4,4,6,1.0,1.0,0.11904761904761904,0.11904761904761904,0,0,1,1,3,3,0.1,1.0,4,1.0,459.1565,471.0285,0,0,0,0,,0,0.6480000000000001,0.6480000000000001,0
0.3098772321428572,1.7874860273366941,0.12203319235982196,2.810672667098786,1.0,43.333333333333336,5.0034216052812654,0.22152268048481674,1787.486027336694,1017,2,static,static_adaptive_kl_2.0,kl,2.0,adaptive,8,0.015625,34,1,1,1,1.0,1.0,0.017857142857142856,0.017857142857142856,0,0,0,0,1,1,0.029411764705882353,1.0,1,1.0,464.1335,471.59864999999996,0,0,0,0,,0,0.6480000000000001,0.6480000000000001,0
0.009622395833333332,3.105708107745967,0.07555788417962891,4.019931709269934,0.9791666666666666,40.354166666666664,5.016994584717835,0.06593548834629558,3105.7081077459675,1017,3,static,static_adaptive_kl_2.0,kl,2.0,adaptive,8,0.015625,38,1,1,3,1.0,1.0,0.017857142857142856,0.017857142857142856,0,0,0,0,1,1,0.02631578947368421,1.0,1,1.0,464.86,477.45074999999997,0,0,0,0,,0,0.6480000000000001,0.6480000000000001,0
0.4394429976851852,1.4090765934417915,0.43603889703468507,1.8302076997296464,1.0,21.083333333333332,2.749934460124494,0.0034041006505001587,1409.0765934417916,1018,0,static,static_adaptive_kl_2.0,kl,2.0,adaptive,8,0.015625,37,2,2,6,1.0,1.0,0.05625,0.05625,0,0,0,0,2,2,0.05405405405405406,1.0,2,1.0,462.146,471.47715,0,0,0,0,,0,0.6480000000000001,0.6480000000000001,0
0.060267857142857144,2.6078103816567375,0.15162152161137712,2.8441831128210406,1.0,25.729166666666668,4.088436254118966,0.09135366446851996,2607.810381656738,1018,1,static,static_adaptive_kl_2.0,kl,2.0,adaptive,8,0.015625,39,1,1,3,1.0,1.0,0.025,0.025,0,0,0,0,1,1,0.02564102564102564,1.0,1,1.0,460.7545,473.48064999999997,0,0,0,0,,0,0.6480000000000001,0.6480000000000001,0
0.8000578703703703,0.3785328374501975,0.7709583144568496,0.5321376323761912,1.0,4.020833333333333,0.9076142174049969,0.029099555913520838,378.5328374501975,1018,2,static,static_adaptive_kl_2.0,kl,2.0,adaptive,8,0.015625,33,3,3,7,1.0,1.0,0.11458333333333333,0.11458333333333333,0,0,2,2,1,1,0.09090909090909091,1.0,3,1.0,464.52,474.52965,0,0,0,0,,0,0.6480000000000001,0.6480000000000001,0
0.2855952857905984,2.0277917650346224,0.20710050486440082,2.2901859009647194,1.0,13.604166666666666,3.306845491464801,0.10667811359658715,2027.7917650346226,1018,3,static,static_adaptive_kl_2.0,kl,2.0,adaptive,8,0.015625,37,4,4,7,1.0,1.0,0.34077380952380953,0.34077380952380953,1,1,1,1,2,2,0.10810810810810811,1.0,4,1.0,465.1905,474.5315,0,0,0,0,,0,0.6480000000000001,0.6480000000000001,0
0.12570684523809525,2.7717173114407996,0.1021126016089343,2.9990241024553694,1.0,36.666666666666664,4.900142642465885,0.05065279873930917,2771.7173114407997,1019,0,static,static_adaptive_kl_2.0,kl,2.0,adaptive,8,0.015625,44,2,2,3,1.0,1.0,0.03571428571428571,0.03571428571428571,0,0,0,0,2,2,0.045454545454545456,1.0,2,1.0,460.8245,491.79665,0,0,0,0,,0,0.6480000000000001,0.6480000000000001,0
0.11913504464285714,2.6744445428933568,0.12754570735773915,3.003458446236626,0.9375,31.520833333333332,4.288949214406986,0.04494922038801167,2674.444542893357,1019,1,static,static_adaptive_kl_2.0,kl,2.0,adaptive,8,0.015625,36,5,4,6,0.8,0.2663755458515284,0.3407738095238095,0.09077380952380952,1,0,0,0,4,4,0.1111111111111111,1.0,4,1.0,467.72400000000005,476.99615,0,0,0,0,,0,0.6480000000000001,0.6480000000000001,0
0.5048611111111111,0.6979101624828372,0.6466227779821757,1.1352569453817614,1.0,6.833333333333333,1.4091286088109933,0.15086364295349783,697.9101624828372,1019,2,static,static_adaptive_kl_2.0,kl,2.0,adaptive,8,0.015625,39,3,3,8,1.0,1.0,0.14583333333333331,0.14583333333333331,0,0,2,2,1,1,0.07692307692307693,1.0,3,1.0,459.97299999999996,474.63995,0,0,0,0,,0,0.6480000000000001,0.6480000000000001,0
0.5606770833333333,0.8654386480305373,0.6173674798505314,1.2558029370692199,1.0,9.541666666666666,1.562341296470384,0.05952486181090538,865.4386480305376,1019,3,static,static_adaptive_kl_2.0,kl,2.0,adaptive,8,0.015625,34,6,6,10,1.0,1.0,1.24375,1.24375,1,1,3,3,2,2,0.17647058823529413,1.0,6,1.0,468.76599999999996,472.64799999999997,0,0,0,0,,0,0.6480000000000001,0.6480000000000001,0
0.0,4.155498842409918,0.07197887805509261,4.243537565750744,0.8958333333333334,45.9375,5.365029540175947,0.07197887805509261,4155.498842409918,1000,0,walk,walk_adaptive_kl_0.25,kl,0.25,adaptive,8,0.015625,34,8,2,6,0.25,0.0960698689956332,0.4770833333333333,0.04583333333333334,1,0,2,0,5,2,0.058823529411764705,0.2,2,1.0,472.3015,479.69495,0,0,0,0,,0,0.6480000000000001,0.6480000000000001,0.3
0.004231770833333333,4.43084125920726,0.02852740713282456,4.343154504173962,0.9166666666666666,55.5625,5.796357245268257,0.02429563629949123,4430.841259207264,1000,1,walk,walk_adaptive_kl_0.25,kl,0.25,adaptive,8,0.015625,40,2,1,4,0.5,0.058823529411764705,0.265625,0.015625,1,0,0,0,1,1,0.025,1.0,1,1.0,467.975,478.56609999999995,0,0,0,0,,0,0.6480000000000001,0.6480000000000001,0.3
0.02574094742063492,3.0405057396706296,0.03406135265771935,3.7244078644394794,1.0,45.520833333333336,5.574320885459038,0.00832040523708443,3040.505739670629,1000,2,walk,walk_adaptive_kl_0.25,kl,0.25,adaptive,8,0.015625,36,3,0,8,0.0,0.0,0.22916666666666666,0.0,1,0,2,0,0,0,0.0,0.0,0,1.0,464.3195,475.95785,0,0,0,0,,0,0.6480000000000001,0.6480000000000001,0.3
0.04190848214285714,3.4492448252684973,0.051576040743258035,3.547507922595884,1.0,44.666666666666664,5.432937747681191,0.033715886435638685,3449.2448252684967,1000,3,walk,walk_adaptive_kl_0.25,kl,0.25,adaptive,8,0.015625,31,4,0,7,0.0,0.0,0.4444444444444444,0.0,2,0,1,0,1,0,0.0,0.0,0,1.0,465.55600000000004,478.26845000000003,0,0,0,0,,0,0.6480000000000001,0.6480000000000001,0.3
0.04483816964285714,2.6108301504968052,0.05169866807492179,3.4972415086172646,1.0,35.145833333333336,5.131620056462335,0.006860498432064645,2610.8301504968044,1001,0,walk,walk_adaptive_kl_0.25,kl,0.25,adaptive,8,0.015625,35,3,0,11,0.0,0.0,1.5,0.0,3,0,0,0,0,0,0.0,0.0,0,1.0,462.3815,475.2838,0,0,0,0,,0,0.6480000000000001,0.6480000000000001,0.3
0.0013020833333333333,4.8875242949639075,0.05075964687224683,4.186573683733572,0.9583333333333334,48.229166666666664,5.5431651033960065,0.04945756353891351,4887.52429496391,1001,1,walk,walk_adaptive_kl_0.25,kl,0.25,adaptive,8,0.015625,34,4,1,6,0.25,0.11764705882352942,0.17708333333333331,0.020833333333333332,0,0,2,0,2,1,0.029411764705882353,0.5,1,1.0,464.54999999999995,477.17565,0,0,0,0,,0,0.6480000000000001,0.6480000000000001,0.3
0.027198040674603175,3.480810375400486,0.04622274680661004,3.7717481627269183,0.9583333333333334,46.083333333333336,5.453924237078677,0.019024706132006863,3480.8103754004846,1001,2,walk,walk_adaptive_kl_0.25,kl,0.25,adaptive,8,0.015625,36,3,2,8,0.6666666666666666,0.6666666666666666,0.05357142857142857,0.03571428571428571,0,0,0,0,3,2,0.05555555555555555,0.6666666666666666,2,1.0,465.897,520.2392499999999,0,0,0,0,,0,0.6480000000000001,0.6480000000000001,0.3
0.020771329365079364,2.705969806026945,0.05690754311051055,3.3282825267026594,1.0,43.0,5.349298282328274,0.03613621374543118,2705.969806026946,1001,3,walk,walk_adaptive_kl_0.25,kl,0.25,adaptive,8,0.015625,32,5,2,9,0.4,0.07407407407407407,0.5625,0.041666666666666664,2,0,0,0,3,2,0.0625,0.6666666666666666,2,1.0,466.938,485.2905,0,0,0,0,,0,0.6480000000000001,0.6480000000000001,0.3
0.007124255952380952,3.236681272556168,0.023469322961974858,4.1891142534514625,1.0,55.104166666666664,5.848079415483809,0.016345067009593903,3236.681272556168,1002,0,walk,walk_adaptive_kl_0.25,kl,0.25,adaptive,8,0.015625,43,3,2,5,0.6666666666666666,0.5333333333333333,0.06696428571428571,0.03571428571428571,0,0,0,0,3,2,0.046511627906976744,1.0,2,1.0,471.45,480.9776,0,0,0,0,,0,0.6480000000000001,0.6480000000000001,0.3
0.020833333333333332,3.151154710642914,0.04160032939392664,3.6073370204178814,0.9791666666666666,40.604166666666664,5.357414458756783,0.020766996060593304,3151.1547106429157,1002,1,walk,walk_adaptive_kl_0.25,kl,0.25,adaptive,8,0.015625,35,6,1,10,0.16666666666666666,0.030379746835443037,0.5877976190476191,0.017857142857142856,2,0,0,0,4,1,0.02857142857142857,0.5,1,1.0,470.33349999999996,479.65865,0,0,0,0,,0,0.6480000000000001,0.6480000000000001,0.3
0.07105654761904762,2.309908225593127,0.029857007801252156,4.043863504723093,0.7916666666666666,49.25,5.712902608636139,0.04119953981779546,2309.9082255931276,1002,2,walk,walk_adaptive_kl_0.25,kl,0.25,adaptive,8,0.015625,39,3,1,7,0.3333333333333333,0.01639344262295082,1.2708333333333333,0.020833333333333332,2,0,0,0,1,1,0.02564102564102564,0.5,1,1.0,469.847,478.40265,0,0,0,0,,0,0.6480000000000001,0.6480000000000001,0.3
0.008138020833333334,4.48544880813054,0.05317505792017909,4.100832017574994,0.9166666666666666,40.645833333333336,5.3125976544770905,0.045037037086845734,4485.448808130537,1002,3,walk,walk_adaptive_kl_0.25,kl,0.25,adaptive,8,0.015625,35,4,1,8,0.25,0.20338983050847456,0.12291666666666667,0.025,0,0,1,0,3,1,0.02857142857142857,0.3333333333333333,1,1.0,465.3455,475.22499999999997,0,0,0,0,,0,0.6480000000000001,0.6480000000000001,0.3
0.017277405753968255,3.0823341264358937,0.036582348300147643,3.9005847006317538,0.9791666666666666,46.0625,5.544660145940263,0.01930494254617939,3082.334126435895,1003,0,walk,walk_adaptive_kl_0.25,kl,0.25,adaptive,8,0.015625,38,4,2,9,0.5,0.12060301507537688,0.35535714285714287,0.04285714285714286,1,0,1,0,2,2,0.05263157894736842,0.6666666666666666,2,1.0,471.70550000000003,477.66665,0,0,0,0,,0,0.6480000000000001,0.6480000000000001,0.3
0.03876178075396825,2.4882354039989854,0.047845257873042335,3.4563808609430544,1.0,39.4375,5.300171942206865,0.009083477119074082,2488.2354039989864,1003,1,walk,walk_adaptive_kl_0.25,kl,0.25,adaptive,8,0.015625,35,7,1,10,0.14285714285714285,0.012182741116751269,1.4657738095238095,0.017857142857142856,2,0,3,0,2,1,0.02857142857142857,0.25,1,1.0,469.567,480.7858,0,0,0,0,,0,0.6480000000000001,0.6480000000000001,0.3
0.039713541666666664,3.2915105376923908,0.036812327053898336,3.596208012029844,1.0,46.9375,5.5025920686148835,0.0029012146127683305,3291.5105376923925,1003,2,walk,walk_adaptive_kl_0.25,kl,0.25,adaptive,8,0.015625,40,3,1,6,0.3333333333333333,0.25,0.125,0.03125,0,0,1,0,2,1,0.025,0.5,1,1.0,470.97950000000003,476.85,0,0,0,0,,0,0.6480000000000001,0.6480000000000001,0.3
0.006665426587301587,4.717544619645673,0.02480147065751072,3.9150323944811216,0.8541666666666666,48.895833333333336,5.697822785920437,0.01813604407020913,4717.544619645672,1003,3,walk,walk_adaptive_kl_0.25,kl,0.25,adaptive,8,0.015625,40,2,1,8,0.5,0.3333333333333333,0.046875,0.015625,0,0,0,0,2,1,0.025,0.5,1,1.0,463.98900000000003,477.363,0,0,0,0,,0,0.6480000000000001,0.6480000000000001,0.3
0.0078125,3.5345926430428656,0.038117662808647014,3.940911919902577,1.0,45.979166666666664,5.550667862617284,0.030305162808647017,3534.592643042863,1004,0,walk,walk_adaptive_kl_0.25,kl,0.25,adaptive,8,0.015625,39,7,1,6,0.14285714285714285,0.028676119165206307,0.622718253968254,0.017857142857142856,2,0,0,0,5,1,0.02564102564102564,0.2,1,1.0,466.773,475.5733,0,0,0,0,,0,0.6480000000000001,0.6480000000000001,0.3
0.010441468253968253,4.47162055072418,0.02994079779731769,4.04865604192642,0.9375,48.604166666666664,5.6681530795094295,0.019499329543349434,4471.620550724179,1004,1,walk,walk_adaptive_kl_0.25,kl,0.25,adaptive,8,0.015625,36,3,0,6,0.0,0.0,0.11458333333333333,0.0,0,0,1,0,2,0,0.0,0.0,0,1.0,464.04449999999997,474.77965,0,0,0,0,,0,0.6480000000000001,0.6480000000000001,0.3
0.03266679067460317,4.1827399826269405,0.038253488800815215,3.9482280905631555,0.9166666666666666,50.666666666666664,5.6847686896219285,0.005586698126212051,4182.73998262694,1004,2,walk,walk_adaptive_kl_0.25,kl,0.25,adaptive,8,0.015625,34,9,1,9,0.1111111111111111,0.029681978798586573,0.7018849206349206,0.020833333333333332,2,0,1,0,6,1,0.029411764705882353,0.2,1,1.0,464.269,474.284,0,0,0,0,,0,0.6480000000000001,0.6480000000000001,0.3
0.0038225446428571427,4.375151521064631,0.0381770282584513,4.429353793614707,0.9375,55.104166666666664,5.784106465963025,0.03435448361559416,4375.151521064635,1004,3,walk,walk_adaptive_kl_0.25,kl,0.25,adaptive,8,0.015625,33,3,0,6,0.0,0.0,0.4375,0.0,2,0,1,0,0,0,0.0,0.0,0,1.0,469.96799999999996,487.2632,0,0,0,0,,0,0.6480000000000001,0.6480000000000001,0.3
0.028608630952380948,3.270952835686552,0.058688453176265976,3.3457287861524603,1.0,42.541666666666664,5.368956254707954,0.030079822223885024,3270.9528356865517,1005,0,walk,walk_adaptive_kl_0.25,kl,0.25,adaptive,8,0.015625,33,4,1,9,0.25,0.061855670103092786,0.28869047619047616,0.017857142857142856,2,0,0,0,2,1,0.030303030303030304,0.3333333333333333,1,1.0,464.179,474.7938,0,0,0,0,,0,0.6480000000000001,0.6480000000000001,0.3
0.07250744047619047,3.539308741486886,0.02998179655545423,3.6141667451091775,1.0,49.333333333333336,5.68232906495843,0.042525643920736246,3539.3087414868855,1005,1,walk,walk_adaptive_kl_0.25,kl,0.25,adaptive,8,0.015625,37,5,3,8,0.6,0.3301435406698565,0.15550595238095236,0.05133928571428571,0,0,2,0,3,3,0.08108108108108109,0.6,3,1.0,464.0235,483.22909999999996,0,0,0,0,,0,0.6480000000000001,0.6480000000000001,0.3
0.020833333333333332,5.05479995099751,0.05627722007188454,4.062058353046719,0.8541666666666666,40.291666666666664,5.310755440731609,0.03544388673855121,5054.799950997508,1005,2,walk,walk_adaptive_kl_0.25,kl,0.25,adaptive,8,0.015625,36,5,2,8,0.4,0.06788511749347259,0.5699404761904762,0.03869047619047619,2,0,0,0,3,2,0.05555555555555555,0.5,2,1.0,468.0505,477.18315,0,0,0,0,,0,0.6480000000000001,0.6480000000000001,0.3
0.1136532738095238,3.7347027777864006,0.037743808210893376,3.6212083116960048,0.75,56.8125,5.783317686677361,0.07590946559863042,3734.7027777864005,1005,3,walk,walk_adaptive_kl_0.25,kl,0.25,adaptive,8,0.015625,39,5,1,3,0.2,0.013249211356466879,1.179315476190476,0.015625,2,0,0,0,3,1,0.02564102564102564,0.25,1,1.0,472.67650000000003,478.8583,0,0,0,0,,0,0.6480000000000001,0.6480000000000001,0.3
0.09138764880952381,3.4682045898937184,0.0655408478255043,3.2983042947247085,1.0,38.958333333333336,5.2117969780400415,0.025846800984019508,3468.204589893718,1006,0,walk,walk_adaptive_kl_0.25,kl,0.25,adaptive,8,0.015625,31,4,0,8,0.0,0.0,1.125,0.0,1,0,1,0,2,0,0.0,0.0,0,1.0,464.304,512.43625,0,0,0,0,,0,0.6480000000000001,0.6480000000000001,0.3
0.021856398809523808,2.6263697178922425,0.040186770618978226,3.786242674502688,0.8958333333333334,48.208333333333336,5.5810181173524285,0.018330371809454418,2626.369717892243,1006,1,walk,walk_adaptive_kl_0.25,kl,0.25,adaptive,8,0.015625,38,1,0,7,0.0,0.0,0.017857142857142856,0.0,0,0,0,0,1,0,0.0,0.0,0,1.0,470.3135,482.97215,0,0,0,0,,0,0.6480000000000001,0.6480000000000001,0.3
0.013671875,2.8835614531501044,0.03121484651337433,3.7794583336583334,0.9791666666666666,46.395833333333336,5.5634810462617,0.01754297151337433,2883.561453150105,1006,2,walk,walk_adaptive_kl_0.25,kl,0.25,adaptive,8,0.015625,38,4,0,7,0.0,0.0,0.3611111111111111,0.0,1,0,1,0,2,0,0.0,0.0,0,1.0,470.824,500.3218,0,0,0,0,,0,0.6480000000000001,0.6480000000000001,0.3
0.052083333333333336,3.4875739324672708,0.039881328513505065,3.5056448183244213,1.0,49.270833333333336,5.6293849847735915,0.012202004819828268,3487.57393246727,1006,3,walk,walk_adaptive_kl_0.25,kl,0.25,adaptive,8,0.015625,36,0,0,6,nan,nan,0.0,0.0,0,0,0,0,0,0,0.0,nan,0,1.0,465.942,477.256,0,0,0,0,,0,0.6480000000000001,0.6480000000000001,0.3
0.0003255208333333333,3.9195820130437586,0.044806572220846476,4.254856881026723,0.8541666666666666,43.020833333333336,5.4461036421345765,0.04448105138751315,3919.582013043759,1007,0,walk,walk_adaptive_kl_0.25,kl,0.25,adaptive,8,0.015625,30,0,0,11,nan,nan,0.0,0.0,0,0,0,0,0,0,0.0,nan,0,1.0,467.6545,477.6373,0,0,0,0,,0,0.6480000000000001,0.6480000000000001,0.3
0.004473586309523809,5.655853443235468,0.04108142547886879,4.331939469670252,0.8958333333333334,52.0,5.700500711779192,0.03660783916934498,5655.853443235467,1007,1,walk,walk_adaptive_kl_0.25,kl,0.25,adaptive,8,0.015625,38,3,0,5,0.0,0.0,0.19166666666666665,0.0,1,0,1,0,1,0,0.0,0.0,0,1.0,466.88300000000004,478.89875,0,0,0,0,,0,0.6480000000000001,0.6480000000000001,0.3
0.0013268849206349205,2.0602510599746244,0.06316310705643652,3.4089740303034026,0.9375,45.895833333333336,5.463689668592752,0.06183622213580159,2060.2510599746247,1007,2,walk,walk_adaptive_kl_0.25,kl,0.25,adaptive,8,0.015625,35,3,1,8,0.3333333333333333,0.07692307692307693,0.203125,0.015625,1,0,1,0,1,1,0.02857142857142857,0.5,1,1.0,469.347,480.3845,0,0,0,0,,0,0.6480000000000001,0.6480000000000001,0.3
0.0003255208333333333,5.783310277977303,0.04347776326178123,4.296789401606241,0.8333333333333334,48.479166666666664,5.549076751737972,0.043152242428447896,5783.310277977304,1007,3,walk,walk_adaptive_kl_0.25,kl,0.25,adaptive,8,0.015625,36,2,0,4,0.0,0.0,0.08333333333333333,0.0,0,0,2,0,0,0,0.0,0.0,0,1.0,465.586,474.77515,0,0,0,0,,0,0.6480000000000001,0.6480000000000001,0.3
0.1269779265873016,3.1064883484937016,0.03503691113167648,3.5798647644559516,1.0,39.75,5.360878743878658,0.09194101545562512,3106.4883484937004,1008,0,walk,walk_adaptive_kl_0.25,kl,0.25,adaptive,8,0.015625,36,3,3,13,1.0,1.0,0.054315476190476185,0.054315476190476185,0,0,0,0,3,3,0.08333333333333333,1.0,3,1.0,464.66949999999997,477.1193,0,0,0,0,,0,0.6480000000000001,0.6480000000000001,0.3
0.0048828125,3.488313103161829,0.05970392962747937,3.7193052590005524,0.9375,40.645833333333336,5.294949539107573,0.05482111712747939,3488.3131031618263,1008,1,walk,walk_adaptive_kl_0.25,kl,0.25,adaptive,8,0.015625,34,3,0,7,0.0,0.0,0.3020833333333333,0.0,1,0,0,0,2,0,0.0,0.0,0,1.0,467.078,490.02209999999997,0,0,0,0,,0,0.6480000000000001,0.6480000000000001,0.3
0.021158854166666668,3.651488418831676,0.04716677292975024,3.7279858270262487,0.8541666666666666,42.104166666666664,5.371116700634965,0.02600791876308357,3651.4884188316755,1008,2,walk,walk_adaptive_kl_0.25,kl,0.25,adaptive,8,0.015625,34,3,1,7,0.3333333333333333,0.27272727272727276,0.07638888888888888,0.020833333333333332,0,0,0,0,3,1,0.029411764705882353,0.5,1,1.0,473.233,482.05564999999996,0,0,0,0,,0,0.6480000000000001,0.6480000000000001,0.3
0.010416666666666666,3.4843797371507095,0.043478819071190195,3.808111907916271,0.8958333333333334,53.270833333333336,5.709134796520298,0.03306215240452353,3484.3797371507085,1008,3,walk,walk_adaptive_kl_0.25,kl,0.25,adaptive,8,0.015625,39,1,1,6,1.0,1.0,0.015625,0.015625,0,0,0,0,1,1,0.02564102564102564,1.0,1,1.0,468.52049999999997,480.61375,0,0,0,0,,0,0.6480000000000001,0.6480000000000001,0.3
0.0035807291666666665,4.616398975691793,0.05257199731119033,4.200196598972907,1.0,53.229166666666664,5.638043578544996,0.04899126814452367,4616.398975691794,1009,0,walk,walk_adaptive_kl_0.25,kl,0.25,adaptive,8,0.015625,40,2,1,3,0.5,0.06666666666666667,0.26785714285714285,0.017857142857142856,1,0,0,0,1,1,0.025,0.5,1,1.0,467.7645,480.15965,0,0,0,0,,0,0.6480000000000001,0.6480000000000001,0.3
0.01632254464285714,2.7844012481620037,0.06313766089608479,3.526296729423652,1.0,41.333333333333336,5.234941039048279,0.04681511625322765,2784.401248162003,1009,1,walk,walk_adaptive_kl_0.25,kl,0.25,adaptive,8,0.015625,36,5,2,8,0.4,0.23636363636363636,0.1636904761904762,0.03869047619047619,0,0,2,0,3,2,0.05555555555555555,0.4,2,1.0,471.1345,480.00065,0,0,0,0,,0,0.6480000000000001,0.6480000000000001,0.3
0.05458519345238095,1.7525495620187446,0.06987267874011363,2.98154660277553,1.0,28.5,4.789437147944407,0.026288613415858902,1752.5495620187446,1009,2,walk,walk_adaptive_kl_0.25,kl,0.25,adaptive,8,0.015625,31,3,2,15,0.6666666666666666,0.6999999999999998,0.06944444444444445,0.048611111111111105,0,0,0,0,3,2,0.06451612903225806,0.6666666666666666,2,1.0,472.05600000000004,489.5773,0,0,0,0,,0,0.6480000000000001,0.6480000000000001,0.3
0.036783854166666664,2.7656785922911795,0.040510166885652836,3.6310099810077467,0.9791666666666666,45.875,5.5066355249032135,0.010463475995019775,2765.678592291179,1009,3,walk,walk_adaptive_kl_0.25,kl,0.25,adaptive,8,0.015625,37,4,1,7,0.25,0.13043478260869565,0.11979166666666666,0.015625,0,0,1,0,3,1,0.02702702702702703,0.25,1,1.0,465.0155,489.51804999999996,0,0,0,0,,0,0.6480000000000001,0.6480000000000001,0.3
0.022160218253968255,4.304217091776213,0.027378062180286784,4.040903296594271,0.8958333333333334,53.479166666666664,5.768485907203051,0.005217843926318531,4304.217091776213,1010,0,walk,walk_adaptive_kl_0.25,kl,0.25,adaptive,8,0.015625,37,1,0,5,0.0,0.0,0.25,0.0,1,0,0,0,0,0,0.0,0.0,0,1.0,466.5675,478.96515,0,0,0,0,,0,0.6480000000000001,0.6480000000000001,0.3
0.001977926587301587,2.3145790206848074,0.03395777183675984,4.054483418584299,0.8958333333333334,44.125,5.513655366208699,0.03197984524945825,2314.5790206848083,1010,1,walk,walk_adaptive_kl_0.25,kl,0.25,adaptive,8,0.015625,38,4,1,8,0.25,0.16129032258064518,0.12916666666666665,0.020833333333333332,0,0,1,0,3,1,0.02631578947368421,0.25,1,1.0,467.584,478.45515,0,0,0,0,,0,0.6480000000000001,0.6480000000000001,0.3
0.0,2.48130415955232,0.047104153040371265,3.7526414490566435,0.9791666666666666,47.291666666666664,5.5780770220359415,0.047104153040371265,2481.304159552319,1010,2,walk,walk_adaptive_kl_0.25,kl,0.25,adaptive,8,0.015625,34,3,0,7,0.0,0.0,0.34375,0.0,1,0,1,0,1,0,0.0,0.0,0,1.0,472.4965,479.91815,0,0,0,0,,0,0.6480000000000001,0.6480000000000001,0.3
0.011114211309523808,2.408180447149835,0.09411026577415543,3.144744615447062,0.9791666666666666,30.4375,4.7694192774114414,0.08299605446463161,2408.180447149834,1010,3,walk,walk_adaptive_kl_0.25,kl,0.25,adaptive,8,0.015625,35,4,3,11,0.75,0.7307692307692307,0.07738095238095238,0.05654761904761905,0,0,0,0,4,3,0.08571428571428572,0.75,3,1.0,465.0655,476.72435,0,0,0,0,,0,0.6480000000000001,0.6480000000000001,0.3
0.0036055307539682537,3.927947792520902,0.03763579169041151,3.9507339471479885,0.9583333333333334,51.770833333333336,5.701456540074652,0.034030260936443256,3927.947792520901,1011,0,walk,walk_adaptive_kl_0.25,kl,0.25,adaptive,8,0.015625,40,2,2,6,1.0,1.0,0.04583333333333334,0.04583333333333334,0,0,0,0,2,2,0.05,1.0,2,1.0,465.9415,515.98535,0,0,0,0,,0,0.6480000000000001,0.6480000000000001,0.3
0.15104166666666666,2.9294619105957005,0.08484660904259939,3.6131593835440374,0.8125,23.895833333333332,4.460583139723595,0.08443600104991218,2929.461910595701,1011,1,walk,walk_adaptive_kl_0.25,kl,0.25,adaptive,8,0.015625,34,2,1,12,0.5,0.020408163265306124,1.0208333333333333,0.020833333333333332,1,0,0,0,1,1,0.029411764705882353,0.5,1,1.0,472.5165,479.154,0,0,0,0,,0,0.6480000000000001,0.6480000000000001,0.3
0.021809895833333332,3.1814562547221907,0.06539618469200696,3.666752330267306,0.9166666666666666,45.270833333333336,5.410486881584595,0.04358628885867363,3181.456254722189,1011,2,walk,walk_adaptive_kl_0.25,kl,0.25,adaptive,8,0.015625,34,3,1,8,0.3333333333333333,0.01702127659574468,1.0491071428571428,0.017857142857142856,1,0,0,0,2,1,0.029411764705882353,0.3333333333333333,1,1.0,464.9905,476.36699999999996,0,0,0,0,,0,0.6480000000000001,0.6480000000000001,0.3
0.0006975446428571429,4.208841777474296,0.025530198045392662,4.053073088147375,1.0,57.4375,5.898877875472691,0.02483265340253552,4208.841777474297,1011,3,walk,walk_adaptive_kl_0.25,kl,0.25,adaptive,8,0.015625,41,5,2,5,0.4,0.18248175182481752,0.18348214285714284,0.033482142857142856,0,0,2,0,3,2,0.04878048780487805,0.5,2,1.0,469.457,508.15045,0,0,0,0,,0,0.6480000000000001,0.6480000000000001,0.3
0.10438368055555557,1.978862194004891,0.07153578764059632,2.8754210874770156,1.0,30.541666666666668,4.742055903837681,0.0683048367714793,1978.8621940048906,1012,0,walk,walk_adaptive_kl_0.25,kl,0.25,adaptive,8,0.015625,33,4,0,10,0.0,0.0,1.5178571428571428,0.0,3,0,0,0,1,0,0.0,0.0,0,1.0,467.7495,480.73515000000003,0,0,0,0,,0,0.6480000000000001,0.6480000000000001,0.3
0.0509610615079365,2.6581229886723916,0.03883402313187757,3.5992798861303794,1.0,48.354166666666664,5.594128350360516,0.012127038376058935,2658.122988672391,1012,1,walk,walk_adaptive_kl_0.25,kl,0.25,adaptive,8,0.015625,35,3,0,6,0.0,0.0,1.375,0.0,3,0,0,0,0,0,0.0,0.0,0,1.0,468.3755,485.3422,0,0,0,0,,0,0.6480000000000001,0.6480000000000001,0.3
0.0026289682539682537,3.953780579430765,0.03285890934926327,4.380261085360252,0.8333333333333334,48.708333333333336,5.665859605237418,0.030229941095295015,3953.780579430764,1012,2,walk,walk_adaptive_kl_0.25,kl,0.25,adaptive,8,0.015625,36,9,1,9,0.1111111111111111,0.010258163788681825,1.7407738095238094,0.017857142857142856,3,0,3,0,3,1,0.027777777777777776,0.2,1,1.0,467.744,487.79125,0,0,0,0,,0,0.6480000000000001,0.6480000000000001,0.3
0.0032800099206349207,2.900866020633241,0.06203288567848336,3.7142616501823515,1.0,36.6875,5.15238268303638,0.05875287575784844,2900.8660206332393,1012,3,walk,walk_adaptive_kl_0.25,kl,0.25,adaptive,8,0.015625,27,1,0,10,0.0,0.0,0.25,0.0,1,0,0,0,0,0,0.0,0.0,0,1.0,468.125,482.2405,0,0,0,0,,0,0.6480000000000001,0.6480000000000001,0.3
0.0003720238095238095,3.694295283684974,0.056631085740787596,3.627521753547544,1.0,36.708333333333336,5.101124417941003,0.05625906193126379,3694.2952836849745,1013,0,walk,walk_adaptive_kl_0.25,kl,0.25,adaptive,8,0.015625,32,1,0,12,0.0,0.0,0.03125,0.0,0,0,0,0,1,0,0.0,0.0,0,1.0,464.895,477.69,0,0,0,0,,0,0.6480000000000001,0.6480000000000001,0.3
0.013588169642857141,2.8302608966034732,0.057235814718052384,3.517573069901433,1.0,34.8125,5.124526053413941,0.04364764507519523,2830.2608966034727,1013,1,walk,walk_adaptive_kl_0.25,kl,0.25,adaptive,8,0.015625,36,3,2,10,0.6666666666666666,0.6875000000000001,0.06666666666666667,0.04583333333333334,0,0,0,0,3,2,0.05555555555555555,1.0,2,1.0,473.613,495.49275,0,0,0,0,,0,0.6480000000000001,0.6480000000000001,0.3
0.005254836309523809,3.710804717064637,0.03629396799884154,3.9337948132252105,1.0,48.625,5.616112066773453,0.031039131689317736,3710.8047170646373,1013,2,walk,walk_adaptive_kl_0.25,kl,0.25,adaptive,8,0.015625,29,3,0,12,0.0,0.0,1.2708333333333333,0.0,2,0,0,0,1,0,0.0,0.0,0,1.0,469.9575,483.7129,0,0,0,0,,0,0.6480000000000001,0.6480000000000001,0.3
0.0026289682539682537,3.4469988504486437,0.02758470260662083,3.7990019066218417,1.0,48.104166666666664,5.651867753426365,0.024955734352652578,3446.998850448645,1013,3,walk,walk_adaptive_kl_0.25,kl,0.25,adaptive,8,0.015625,40,6,0,8,0.0,0.0,0.6354166666666666,0.0,2,0,1,0,3,0,0.0,0.0,0,1.0,467.19899999999996,478.6493,0,0,0,0,,0,0.6480000000000001,0.6480000000000001,0.3
0.041666666666666664,3.141682850435535,0.049252560513772914,3.463061974502679,1.0,40.354166666666664,5.3415750514435985,0.007585893847106246,3141.6828504355367,1014,0,walk,walk_adaptive_kl_0.25,kl,0.25,adaptive,8,0.015625,35,2,0,6,0.0,0.0,1.0625,0.0,1,0,1,0,0,0,0.0,0.0,0,1.0,467.5145,489.77559999999994,0,0,0,0,,0,0.6480000000000001,0.6480000000000001,0.3
0.04296875,3.0240074876416703,0.05488640603162128,3.472159143692646,0.9583333333333334,46.0,5.460150626046946,0.02512898567311909,3024.0074876416707,1014,1,walk,walk_adaptive_kl_0.25,kl,0.25,adaptive,8,0.015625,36,1,0,5,0.0,0.0,0.0625,0.0,0,0,1,0,0,0,0.0,0.0,0,1.0,466.633,484.85515000000004,0,0,0,0,,0,0.6480000000000001,0.6480000000000001,0.3
0.0026041666666666665,5.700015032576441,0.04121775779153426,3.7334810440913677,1.0,51.1875,5.631640298457139,0.0386135911248676,5700.015032576437,1014,2,walk,walk_adaptive_kl_0.25,kl,0.25,adaptive,8,0.015625,37,2,0,4,0.0,0.0,0.04583333333333334,0.0,0,0,0,0,2,0,0.0,0.0,0,1.0,473.067,482.89035,0,0,0,0,,0,0.6480000000000001,0.6480000000000001,0.3
0.0003255208333333333,3.531026313389996,0.043235737035935744,4.1271780322186755,1.0,54.520833333333336,5.759435506670239,0.04291021620260241,3531.0263133899994,1014,3,walk,walk_adaptive_kl_0.25,kl,0.25,adaptive,8,0.015625,35,3,0,4,0.0,0.0,0.11458333333333333,0.0,0,0,1,0,2,0,0.0,0.0,0,1.0,467.394,480.71614999999997,0,0,0,0,,0,0.6480000000000001,0.6480000000000001,0.3
0.020207093253968255,3.352939988477256,0.028076248389556687,3.857731734395681,1.0,49.0625,5.6780534354244905,0.007869155135588432,3352.939988477257,1015,0,walk,walk_adaptive_kl_0.25,kl,0.25,adaptive,8,0.015625,38,4,2,9,0.5,0.12500000000000003,0.3095238095238095,0.03869047619047619,1,0,0,0,3,2,0.05263157894736842,0.5,2,1.0,467.6245,482.91155,0,0,0,0,,0,0.6480000000000001,0.6480000000000001,0.3
0.0003720238095238095,3.9436812959792262,0.07980094046430874,3.4814370250471107,1.0,39.416666666666664,5.128873004386914,0.07942891665478492,3943.681295979226,1015,1,walk,walk_adaptive_kl_0.25,kl,0.25,adaptive,8,0.015625,32,1,0,7,0.0,0.0,0.0625,0.0,0,0,1,0,0,0,0.0,0.0,0,1.0,469.182,481.09565000000003,0,0,0,0,,0,0.6480000000000001,0.6480000000000001,0.3
0.0008060515873015874,4.651004894377902,0.033000631474624745,3.835294460992003,1.0,51.395833333333336,5.721115525243597,0.03219457988732315,4651.004894377901,1015,2,walk,walk_adaptive_kl_0.25,kl,0.25,adaptive,8,0.015625,38,0,0,6,nan,nan,0.0,0.0,0,0,0,0,0,0,0.0,nan,0,1.0,466.61800000000005,481.87975,0,0,0,0,,0,0.6480000000000001,0.6480000000000001,0.3
0.052734375,5.299249999409536,0.056488798633671955,3.3689343292057985,0.8958333333333334,43.541666666666664,5.386235506796971,0.01698331263199238,5299.249999409535,1015,3,walk,walk_adaptive_kl_0.25,kl,0.25,adaptive,8,0.015625,36,2,0,5,0.0,0.0,0.04583333333333334,0.0,0,0,0,0,2,0,0.0,0.0,0,1.0,473.443,479.0358,0,0,0,0,,0,0.6480000000000001,0.6480000000000001,0.3
0.1922123015873016,1.9287014681486847,0.06564987129567924,3.401996973196646,0.9791666666666666,38.4375,5.115798283284028,0.12656243029162237,1928.701468148685,1016,0,walk,walk_adaptive_kl_0.25,kl,0.25,adaptive,8,0.015625,35,4,3,12,0.75,0.05352112676056338,1.056547619047619,0.05654761904761905,1,0,0,0,3,3,0.08571428571428572,1.0,3,1.0,473.9335,481.45065,0,0,0,0,,0,0.6480000000000001,0.6480000000000001,0.3
0.10712115575396826,4.3966842687504055,0.04995898124075541,3.6591032091486433,1.0,50.354166666666664,5.592144339813018,0.05716217451321282,4396.684268750404,1016,1,walk,walk_adaptive_kl_0.25,kl,0.25,adaptive,8,0.015625,34,9,4,11,0.4444444444444444,0.15893197711379528,0.4681547619047619,0.0744047619047619,1,0,1,0,7,4,0.11764705882352941,0.5,4,1.0,474.75,533.92305,0,0,0,0,,0,0.6480000000000001,0.6480000000000001,0.3
0.004148065476190476,3.7644912667306714,0.03932436296789666,3.96177417976471,0.9791666666666666,40.229166666666664,5.325931511277719,0.035176297491706185,3764.4912667306694,1016,2,walk,walk_adaptive_kl_0.25,kl,0.25,adaptive,8,0.015625,37,3,2,10,0.6666666666666666,0.4936708860759494,0.08229166666666667,0.040625,0,0,1,0,2,2,0.05405405405405406,1.0,2,1.0,473.87850000000003,484.21615,0,0,0,0,,0,0.6480000000000001,0.6480000000000001,0.3
0.006426711309523808,4.023593170604308,0.043442707607622484,3.9824521106847244,1.0,47.0625,5.5328017596045695,0.03701599629809868,4023.593170604308,1016,3,walk,walk_adaptive_kl_0.25,kl,0.25,adaptive,8,0.015625,40,6,2,8,0.3333333333333333,0.12358946802794195,0.36924603174603177,0.04563492063492063,1,0,0,0,5,2,0.05,0.6666666666666666,2,1.0,473.22749999999996,534.2699999999999,0,0,0,0,,0,0.6480000000000001,0.6480000000000001,0.3
0.039543030753968256,3.881267690679475,0.03669948478777311,3.6937452205299226,1.0,46.9375,5.55442684903587,0.011969566138447081,3881.267690679473,1017,0,walk,walk_adaptive_kl_0.25,kl,0.25,adaptive,8,0.015625,35,5,2,9,0.4,0.3341902313624679,0.11577380952380951,0.03869047619047619,0,0,0,0,5,2,0.05714285714285714,0.3333333333333333,2,1.0,470.464,479.2523,0,0,0,0,,0,0.6480000000000001,0.6480000000000001,0.3
0.022615947420634924,4.067905222250501,0.028805930214700782,4.518644711179919,0.625,52.854166666666664,5.766675434434675,0.006189982794065861,4067.9052222505,1017,1,walk,walk_adaptive_kl_0.25,kl,0.25,adaptive,8,0.015625,40,5,3,6,0.6,0.3114754098360656,0.18154761904761904,0.05654761904761905,0,0,2,0,3,3,0.075,1.0,3,1.0,467.935,530.2519499999999,0,0,0,0,,0,0.6480000000000001,0.6480000000000001,0.3
0.0010230654761904762,3.074570246270097,0.04959985406375819,3.8996259167125604,0.8125,46.395833333333336,5.5356384779509655,0.04857678858756772,3074.5702462700933,1017,2,walk,walk_adaptive_kl_0.25,kl,0.25,adaptive,8,0.015625,34,5,1,8,0.2,0.0392156862745098,0.45535714285714285,0.017857142857142856,1,0,3,0,1,1,0.029411764705882353,0.5,1,1.0,472.171,500.17404999999997,0,0,0,0,,0,0.6480000000000001,0.6480000000000001,0.3
0.02218191964285714,2.513884672975641,0.060918464049840165,3.4290890746760763,0.9791666666666666,44.854166666666664,5.373471738646406,0.03873654440698302,2513.884672975642,1017,3,walk,walk_adaptive_kl_0.25,kl,0.25,adaptive,8,0.015625,38,2,1,6,0.5,0.22222222222222224,0.08035714285714285,0.017857142857142856,0,0,1,0,1,1,0.02631578947368421,0.5,1,1.0,468.7165,479.94525,0,0,0,0,,0,0.6480000000000001,0.6480000000000001,0.3
0.0048828125,4.069153126166817,0.03704961368096288,4.1149694059661845,0.875,45.208333333333336,5.4649862521250165,0.03216680118096288,4069.1531261668165,1018,0,walk,walk_adaptive_kl_0.25,kl,0.25,adaptive,8,0.015625,37,1,0,5,0.0,0.0,0.025,0.0,0,0,0,0,1,0,0.0,0.0,0,1.0,471.16949999999997,488.78855,0,0,0,0,,0,0.6480000000000001,0.6480000000000001,0.3
0.15453869047619048,2.3304459971671894,0.03795596119903275,3.5683923037764718,1.0,43.145833333333336,5.4703348357076464,0.11658272927715772,2330.445997167189,1018,1,walk,walk_adaptive_kl_0.25,kl,0.25,adaptive,8,0.015625,39,3,0,7,0.0,0.0,1.0499999999999998,0.0,1,0,0,0,2,0,0.0,0.0,0,1.0,465.8115,476.53565000000003,0,0,0,0,,0,0.6480000000000001,0.6480000000000001,0.3
0.025613839285714285,2.5141988821373435,0.05524235679512119,3.3717422163303064,1.0,32.916666666666664,5.042974553075832,0.029628517509406913,2514.1988821373434,1018,2,walk,walk_adaptive_kl_0.25,kl,0.25,adaptive,8,0.015625,33,4,1,11,0.25,0.22388059701492538,0.13958333333333334,0.03125,0,0,2,0,2,1,0.030303030303030304,0.3333333333333333,1,1.0,468.4,491.50315,0,0,0,0,,0,0.6480000000000001,0.6480000000000001,0.3
0.024004836309523808,4.012650614871727,0.04085852039684114,3.8421161009880085,1.0,52.791666666666664,5.717466647650582,0.01685368408731733,4012.6506148717276,1018,3,walk,walk_adaptive_kl_0.25,kl,0.25,adaptive,8,0.015625,37,4,1,5,0.25,0.05240174672489083,0.34077380952380953,0.017857142857142856,1,0,1,0,2,1,0.02702702702702703,0.5,1,1.0,469.3115,475.957,0,0,0,0,,0,0.6480000000000001,0.6480000000000001,0.3
0.007486979166666665,5.197002731628594,0.036534829723967537,4.317745204195537,1.0,54.604166666666664,5.793058101309157,0.029047850557300872,5197.002731628592,1019,0,walk,walk_adaptive_kl_0.25,kl,0.25,adaptive,8,0.015625,44,2,2,4,1.0,1.0,0.03571428571428571,0.03571428571428571,0,0,0,0,2,2,0.045454545454545456,1.0,2,1.0,468.681,476.92565,0,0,0,0,,0,0.6480000000000001,0.6480000000000001,0.3
0.0003255208333333333,3.5857073207158567,0.055194798703908136,4.060766329826921,0.9166666666666666,52.520833333333336,5.609685844995647,0.0548692778705748,3585.7073207158573,1019,1,walk,walk_adaptive_kl_0.25,kl,0.25,adaptive,8,0.015625,36,5,0,4,0.0,0.0,0.3407738095238095,0.0,1,0,0,0,4,0,0.0,0.0,0,1.0,470.62350000000004,479.79575,0,0,0,0,,0,0.6480000000000001,0.6480000000000001,0.3
0.03095238095238095,3.526570095036035,0.0392973396031699,4.149119176611691,0.9166666666666666,41.458333333333336,5.429015784601339,0.008344958650788945,3526.5700950360356,1019,2,walk,walk_adaptive_kl_0.25,kl,0.25,adaptive,8,0.015625,39,3,1,8,0.3333333333333333,0.0625,0.3333333333333333,0.020833333333333332,1,0,1,0,1,1,0.02564102564102564,0.3333333333333333,1,1.0,466.65250000000003,477.82214999999997,0,0,0,0,,0,0.6480000000000001,0.6480000000000001,0.3
0.0,4.314737654631731,0.0452911830164738,4.745075037769344,0.75,39.729166666666664,5.312743485582268,0.0452911830164738,4314.737654631731,1019,3,walk,walk_adaptive_kl_0.25,kl,0.25,adaptive,8,0.015625,34,4,0,9,0.0,0.0,0.18125,0.0,0,0,2,0,2,0,0.0,0.0,0,1.0,464.78499999999997,477.8213,0,0,0,0,,0,0.6480000000000001,0.6480000000000001,0.3
0.011979166666666666,2.725588268117787,0.07615773025712663,3.987627882771036,0.8541666666666666,30.229166666666668,4.762527190495621,0.06417856359045995,2725.588268117785,1000,0,walk,walk_adaptive_kl_0.5,kl,0.5,adaptive,8,0.015625,34,8,5,9,0.625,0.2925764192139738,0.4770833333333333,0.13958333333333334,1,0,2,1,5,4,0.14705882352941177,0.8,5,1.0,462.282,473.85265,0,0,0,0,,0,0.6480000000000001,0.6480000000000001,0.3
0.004231770833333333,3.4742232287322454,0.04257206780945749,3.8959916895337945,0.8958333333333334,49.645833333333336,5.571503050293573,0.03834029697612416,3474.2232287322445,1000,1,walk,walk_adaptive_kl_0.5,kl,0.5,adaptive,8,0.015625,40,2,1,4,0.5,0.058823529411764705,0.265625,0.015625,1,0,0,0,1,1,0.025,1.0,1,1.0,461.525,492.52485,0,0,0,0,,0,0.6480000000000001,0.6480000000000001,0.3
0.12649739583333333,3.164073777128803,0.07062721102532814,3.473871358433414,0.9791666666666666,32.770833333333336,4.964856187354591,0.10312336202358774,3164.073777128802,1000,2,walk,walk_adaptive_kl_0.5,kl,0.5,adaptive,8,0.015625,36,3,1,5,0.3333333333333333,0.18181818181818182,0.22916666666666666,0.041666666666666664,1,0,2,1,0,0,0.027777777777777776,0.5,1,1.0,458.927,470.0218,0,0,0,0,,0,0.6480000000000001,0.6480000000000001,0.3
0.063671875,1.3124718118708154,0.15141839433520599,2.5607572827220766,1.0,18.666666666666668,3.9523671281215367,0.11766124110466841,1312.4718118708154,1000,3,walk,walk_adaptive_kl_0.5,kl,0.5,adaptive,8,0.015625,31,4,2,9,0.5,0.15625000000000003,0.4444444444444444,0.06944444444444445,2,0,1,1,1,1,0.06451612903225806,1.0,2,1.0,467.4145,476.924,0,0,0,0,,0,0.6480000000000001,0.6480000000000001,0.3
0.10674913194444445,2.2445581107646837,0.05934355300204656,3.172240769624743,1.0,34.791666666666664,5.029781304702846,0.047405578942397886,2244.558110764684,1001,0,walk,walk_adaptive_kl_0.5,kl,0.5,adaptive,8,0.015625,35,3,0,8,0.0,0.0,1.5,0.0,3,0,0,0,0,0,0.0,0.0,0,1.0,465.401,480.62829999999997,0,0,0,0,,0,0.6480000000000001,0.6480000000000001,0.3
0.0013020833333333333,3.684013515028582,0.04613009165195727,4.25708335733769,0.9583333333333334,45.0,5.43904037356699,0.044828008318623935,3684.0135150285837,1001,1,walk,walk_adaptive_kl_0.5,kl,0.5,adaptive,8,0.015625,34,4,1,4,0.25,0.11764705882352942,0.17708333333333331,0.020833333333333332,0,0,2,0,2,1,0.029411764705882353,0.5,1,1.0,461.02,478.6741,0,0,0,0,,0,0.6480000000000001,0.6480000000000001,0.3
0.023849826388888887,2.0633063465640977,0.06983696019932638,3.1740176322296723,1.0,36.020833333333336,5.07412702000382,0.045987133810437474,2063.3063465640994,1001,2,walk,walk_adaptive_kl_0.5,kl,0.5,adaptive,8,0.015625,36,3,3,8,1.0,1.0,0.05357142857142857,0.05357142857142857,0,0,0,0,3,3,0.08333333333333333,1.0,3,1.0,460.2235,471.5698,0,0,0,0,,0,0.6480000000000001,0.6480000000000001,0.3
0.23033854166666667,2.303850994656727,0.10171430578121503,2.8683075235203948,1.0,25.020833333333332,4.500801853971196,0.12862423588545166,2303.850994656728,1001,3,walk,walk_adaptive_kl_0.5,kl,0.5,adaptive,8,0.015625,32,5,3,9,0.6,0.1111111111111111,0.5625,0.0625,2,0,0,0,3,3,0.09375,0.6666666666666666,3,1.0,465.76149999999996,475.4534,0,0,0,0,,0,0.6480000000000001,0.6480000000000001,0.3
0.0017175099206349206,3.5383233942045114,0.04391759773688548,3.947923881747886,1.0,41.208333333333336,5.349825502345872,0.042200087816250564,3538.323394204512,1002,0,walk,walk_adaptive_kl_0.5,kl,0.5,adaptive,8,0.015625,43,3,2,6,0.6666666666666666,0.5333333333333333,0.06696428571428571,0.03571428571428571,0,0,0,0,3,2,0.046511627906976744,1.0,2,1.0,465.631,483.8859,0,0,0,0,,0,0.6480000000000001,0.6480000000000001,0.3
0.0,3.072738433854358,0.08824134524680445,3.3230956188999747,0.9791666666666666,27.25,4.57497429734831,0.08824134524680445,3072.7384338543575,1002,1,walk,walk_adaptive_kl_0.5,kl,0.5,adaptive,8,0.015625,35,6,2,9,0.3333333333333333,0.060759493670886074,0.5877976190476191,0.03571428571428571,2,0,0,0,4,2,0.05714285714285714,0.5,2,1.0,460.048,472.3448,0,0,0,0,,0,0.6480000000000001,0.6480000000000001,0.3
0.18967013888888892,1.30773515454094,0.053690472041358565,3.126172634810199,1.0,33.145833333333336,5.032812097781137,0.14029207439708327,1307.73515454094,1002,2,walk,walk_adaptive_kl_0.5,kl,0.5,adaptive,8,0.015625,39,3,1,4,0.3333333333333333,0.01639344262295082,1.2708333333333333,0.020833333333333332,2,0,0,0,1,1,0.02564102564102564,0.5,1,1.0,465.75149999999996,528.4428999999999,0,0,0,0,,0,0.6480000000000001,0.6480000000000001,0.3
0.0005208333333333333,4.160517084129538,0.08719244372848278,5.087916095902377,0.6041666666666666,28.666666666666668,4.717446598736394,0.08667161039514946,4160.517084129536,1002,3,walk,walk_adaptive_kl_0.5,kl,0.5,adaptive,8,0.015625,35,4,2,7,0.5,0.4067796610169491,0.12291666666666667,0.05,0,0,1,0,3,2,0.05714285714285714,0.6666666666666666,2,1.0,458.536,470.602,0,0,0,0,,0,0.6480000000000001,0.6480000000000001,0.3
0.16903211805555554,2.3700048571211325,0.06544884383228526,3.5838584322367666,1.0,38.166666666666664,5.178839350915749,0.11221216612834024,2370.004857121134,1003,0,walk,walk_adaptive_kl_0.5,kl,0.5,adaptive,8,0.015625,38,4,2,7,0.5,0.12060301507537688,0.35535714285714287,0.04285714285714286,1,0,1,0,2,2,0.05263157894736842,0.6666666666666666,2,1.0,459.3475,470.62615,0,0,0,0,,0,0.6480000000000001,0.6480000000000001,0.3
0.1380859375,1.4970865493965215,0.09223996203418235,2.7684693823977624,1.0,22.791666666666668,4.382111684325918,0.11410440773897919,1497.086549396522,1003,1,walk,walk_adaptive_kl_0.5,kl,0.5,adaptive,8,0.015625,35,7,3,11,0.42857142857142855,0.06192893401015227,1.4657738095238095,0.0907738095238095,2,0,3,1,2,2,0.08571428571428572,0.5,3,1.0,462.887,478.14845,0,0,0,0,,0,0.6480000000000001,0.6480000000000001,0.3
0.19032118055555558,1.960667248242774,0.08334679083705547,2.8338365106333505,1.0,34.8125,4.883565466642611,0.1069743897185001,1960.6672482427748,1003,2,walk,walk_adaptive_kl_0.5,kl,0.5,adaptive,8,0.015625,40,3,2,6,0.6666666666666666,0.5,0.125,0.0625,0,0,1,0,2,2,0.05,0.5,2,1.0,461.35,506.62834999999995,0,0,0,0,,0,0.6480000000000001,0.6480000000000001,0.3
0.08485243055555557,2.301082352572125,0.04675207392927245,3.3136990535828894,1.0,51.875,5.544499497143892,0.03810035662628311,2301.082352572125,1003,3,walk,walk_adaptive_kl_0.5,kl,0.5,adaptive,8,0.015625,40,2,1,3,0.5,0.3333333333333333,0.046875,0.015625,0,0,0,0,2,1,0.025,0.5,1,1.0,462.4065,544.35935,0,0,0,0,,0,0.6480000000000001,0.6480000000000001,0.3
0.021961805555555557,3.0132883441308382,0.06019264295336419,3.6006425072565467,0.9791666666666666,31.979166666666668,4.91854769990138,0.038230837397808644,3013.2883441308354,1004,0,walk,walk_adaptive_kl_0.5,kl,0.5,adaptive,8,0.015625,39,7,1,5,0.14285714285714285,0.028676119165206307,0.622718253968254,0.017857142857142856,2,0,0,0,5,1,0.02564102564102564,0.2,1,1.0,633.784,838.2169999999999,0,0,0,0,,0,0.6480000000000001,0.6480000000000001,0.3
0.0018229166666666665,2.4780734682546233,0.10295607402885765,2.839126761927289,0.9791666666666666,27.104166666666668,4.52781653960001,0.10113315736219101,2478.0734682546245,1004,1,walk,walk_adaptive_kl_0.5,kl,0.5,adaptive,8,0.015625,36,3,2,6,0.6666666666666666,0.7272727272727273,0.11458333333333333,0.08333333333333333,0,0,1,1,2,1,0.05555555555555555,1.0,2,1.0,464.945,482.02105,0,0,0,0,,0,0.6480000000000001,0.6480000000000001,0.3
0.12543402777777776,2.3454667930672453,0.09233219042383263,3.1683893809155705,0.9791666666666666,26.541666666666668,4.556016917585001,0.05829671000515647,2345.4667930672463,1004,2,walk,walk_adaptive_kl_0.5,kl,0.5,adaptive,8,0.015625,34,9,6,16,0.6666666666666666,0.19858657243816252,0.7018849206349206,0.1393849206349206,2,0,1,0,6,6,0.17647058823529413,0.8,6,1.0,465.7365,479.90775,0,0,0,0,,0,0.6480000000000001,0.6480000000000001,0.3
0.10770399305555556,2.549683313388551,0.06254255400858753,3.5096788999141015,1.0,42.354166666666664,5.27760101284937,0.04516143904696802,2549.683313388551,1004,3,walk,walk_adaptive_kl_0.5,kl,0.5,adaptive,8,0.015625,33,3,0,4,0.0,0.0,0.4375,0.0,2,0,1,0,0,0,0.0,0.0,0,1.0,468.005,475.28799999999995,0,0,0,0,,0,0.6480000000000001,0.6480000000000001,0.3
0.19062500000000002,2.073854905730061,0.060624667295685525,3.1213528755955395,1.0,34.979166666666664,5.042279569129023,0.1655629208822729,2073.8549057300615,1005,0,walk,walk_adaptive_kl_0.5,kl,0.5,adaptive,8,0.015625,33,4,2,7,0.5,0.13402061855670105,0.28869047619047616,0.03869047619047619,2,0,0,0,2,2,0.06060606060606061,0.3333333333333333,2,1.0,458.356,489.3054,0,0,0,0,,0,0.6480000000000001,0.6480000000000001,0.3
0.34064980158730157,1.262089714290246,0.10236944270750586,2.688209090375007,1.0,29.625,4.641985456716036,0.2382803588797957,1262.089714290246,1005,1,walk,walk_adaptive_kl_0.5,kl,0.5,adaptive,8,0.015625,37,5,3,7,0.6,0.4832535885167465,0.15550595238095236,0.07514880952380952,0,0,2,1,3,2,0.08108108108108109,0.6,3,1.0,459.0665,478.54515,0,0,0,0,,0,0.6480000000000001,0.6480000000000001,0.3
0.020833333333333332,2.6683647555624224,0.07577011829889488,3.5059117126840285,0.9583333333333334,34.4375,4.9793374532991725,0.05493678496556154,2668.3647555624243,1005,2,walk,walk_adaptive_kl_0.5,kl,0.5,adaptive,8,0.015625,36,5,2,9,0.4,0.06788511749347259,0.5699404761904762,0.03869047619047619,2,0,0,0,3,2,0.05555555555555555,0.5,2,1.0,469.50649999999996,485.2134,0,0,0,0,,0,0.6480000000000001,0.6480000000000001,0.3
0.006076388888888888,3.125664347760678,0.0560526199816803,3.583040739041388,0.6875,41.229166666666664,5.212577257764503,0.0499762310927914,3125.6643477606763,1005,3,walk,walk_adaptive_kl_0.5,kl,0.5,adaptive,8,0.015625,39,5,3,5,0.6,0.046056782334384865,1.179315476190476,0.05431547619047619,2,0,0,0,3,3,0.07692307692307693,0.75,3,1.0,459.76800000000003,472.718,0,0,0,0,,0,0.6480000000000001,0.6480000000000001,0.3
0.015928819444444447,2.0965934170075555,0.10814987627423266,3.5144289546999565,0.8125,25.083333333333332,4.48450349338662,0.0922210568297882,2096.593417007555,1006,0,walk,walk_adaptive_kl_0.5,kl,0.5,adaptive,8,0.015625,31,4,2,9,0.5,0.05555555555555555,1.125,0.0625,1,0,1,0,2,2,0.06451612903225806,0.6666666666666666,2,1.0,459.0915,473.337,0,0,0,0,,0,0.6480000000000001,0.6480000000000001,0.3
0.03146701388888889,2.082155115878352,0.088728749919931,3.187964685263839,1.0,33.666666666666664,4.83428168606859,0.07419434426418295,2082.155115878351,1006,1,walk,walk_adaptive_kl_0.5,kl,0.5,adaptive,8,0.015625,38,1,0,5,0.0,0.0,0.017857142857142856,0.0,0,0,0,0,1,0,0.0,0.0,0,1.0,464.775,477.12975,0,0,0,0,,0,0.6480000000000001,0.6480000000000001,0.3
0.001519097222222222,2.873033327456495,0.07929375977052665,3.7467348112261365,0.9166666666666666,33.958333333333336,4.845773980766843,0.07777466254830444,2873.033327456496,1006,2,walk,walk_adaptive_kl_0.5,kl,0.5,adaptive,8,0.015625,38,4,0,5,0.0,0.0,0.3611111111111111,0.0,1,0,1,0,2,0,0.0,0.0,0,1.0,462.17150000000004,475.84525,0,0,0,0,,0,0.6480000000000001,0.6480000000000001,0.3
0.08463541666666667,1.4487672832273162,0.1303570768432971,2.4006418401312275,1.0,20.416666666666668,4.100028549966045,0.11287567402194869,1448.7672832273165,1006,3,walk,walk_adaptive_kl_0.5,kl,0.5,adaptive,8,0.015625,36,0,0,6,nan,nan,0.0,0.0,0,0,0,0,0,0,0.0,nan,0,1.0,465.481,477.35745000000003,0,0,0,0,,0,0.6480000000000001,0.6480000000000001,0.3
0.1513671875,1.7317684102782065,0.0882850658648609,3.0025295107129364,1.0,29.895833333333332,4.717167378214816,0.06308212163513909,1731.7684102782068,1007,0,walk,walk_adaptive_kl_0.5,kl,0.5,adaptive,8,0.015625,30,0,0,10,nan,nan,0.0,0.0,0,0,0,0,0,0,0.0,nan,0,1.0,467.6545,477.43665,0,0,0,0,,0,0.6480000000000001,0.6480000000000001,0.3
0.027105034722222223,2.379697694563041,0.05459021736185463,3.3094901662364182,1.0,35.5625,5.131246121356878,0.027485182639632413,2379.6976945630404,1007,1,walk,walk_adaptive_kl_0.5,kl,0.5,adaptive,8,0.015625,38,3,1,5,0.3333333333333333,0.13043478260869568,0.19166666666666665,0.025,1,0,1,0,1,1,0.02631578947368421,0.5,1,1.0,462.802,475.8545,0,0,0,0,,0,0.6480000000000001,0.6480000000000001,0.3
0.10642361111111111,1.5751156466148195,0.11916483766369161,2.7037690785809665,0.9583333333333334,20.875,4.203969981316017,0.09146327837564328,1575.1156466148198,1007,2,walk,walk_adaptive_kl_0.5,kl,0.5,adaptive,8,0.015625,35,3,2,10,0.6666666666666666,0.38461538461538464,0.203125,0.078125,1,0,1,1,1,1,0.05714285714285714,1.0,2,1.0,460.7895,476.57815,0,0,0,0,,0,0.6480000000000001,0.6480000000000001,0.3
0.021158854166666668,3.5106979982133457,0.052592037531963225,3.853765969310715,0.9583333333333334,42.9375,5.347722026684039,0.03143318336529655,3510.6979982133475,1007,3,walk,walk_adaptive_kl_0.5,kl,0.5,adaptive,8,0.015625,36,2,0,3,0.0,0.0,0.08333333333333333,0.0,0,0,2,0,0,0,0.0,0.0,0,1.0,458.31,471.02,0,0,0,0,,0,0.6480000000000001,0.6480000000000001,0.3
0.20950520833333333,1.9673704531913463,0.088647788595464,2.9148220188514813,1.0,26.875,4.603746330413492,0.13887901041243098,1967.3704531913465,1008,0,walk,walk_adaptive_kl_0.5,kl,0.5,adaptive,8,0.015625,36,3,3,10,1.0,1.0,0.054315476190476185,0.054315476190476185,0,0,0,0,3,3,0.08333333333333333,1.0,3,1.0,463.58299999999997,484.40695,0,0,0,0,,0,0.6480000000000001,0.6480000000000001,0.3
0.1669921875,1.9859983568966129,0.10631407756497611,2.996285665343464,1.0,27.854166666666668,4.517874542980045,0.0606781099350239,1985.9983568966143,1008,1,walk,walk_adaptive_kl_0.5,kl,0.5,adaptive,8,0.015625,34,3,1,8,0.3333333333333333,0.10344827586206898,0.3020833333333333,0.03125,1,0,0,0,2,1,0.029411764705882353,1.0,1,1.0,464.51,472.9513,0,0,0,0,,0,0.6480000000000001,0.6480000000000001,0.3
0.09928385416666667,2.2499507547121245,0.09108631572684843,3.2641538099052254,0.9375,31.895833333333332,4.797207701287558,0.053948710070975396,2249.9507547121243,1008,2,walk,walk_adaptive_kl_0.5,kl,0.5,adaptive,8,0.015625,34,3,1,4,0.3333333333333333,0.27272727272727276,0.07638888888888888,0.020833333333333332,0,0,0,0,3,1,0.029411764705882353,0.5,1,1.0,461.956,472.91595,0,0,0,0,,0,0.6480000000000001,0.6480000000000001,0.3
0.1948784722222222,1.3377536452064984,0.08261103453202519,2.8608246223363722,1.0,38.625,4.992226088704018,0.11226743769019702,1337.7536452064985,1008,3,walk,walk_adaptive_kl_0.5,kl,0.5,adaptive,8,0.015625,39,1,1,5,1.0,1.0,0.015625,0.015625,0,0,0,0,1,1,0.02564102564102564,1.0,1,1.0,461.7905,490.57219999999995,0,0,0,0,,0,0.6480000000000001,0.6480000000000001,0.3
0.0003255208333333333,5.415383741242979,0.0541847570455588,4.532508252554427,0.625,43.770833333333336,5.337668394270061,0.053859236212225464,5415.3837412429775,1009,0,walk,walk_adaptive_kl_0.5,kl,0.5,adaptive,8,0.015625,40,2,1,4,0.5,0.06666666666666667,0.26785714285714285,0.017857142857142856,1,0,0,0,1,1,0.025,0.5,1,1.0,466.623,478.4068,0,0,0,0,,0,0.6480000000000001,0.6480000000000001,0.3
0.09884982638888888,1.6983457844145597,0.14036143713602753,2.65615136975129,1.0,21.041666666666668,4.089395440833911,0.18072427775202107,1698.3457844145603,1009,1,walk,walk_adaptive_kl_0.5,kl,0.5,adaptive,8,0.015625,36,5,4,10,0.8,0.8727272727272727,0.1636904761904762,0.14285714285714285,0,0,2,2,3,2,0.1111111111111111,0.8,4,1.0,458.541,474.28195,0,0,0,0,,0,0.6480000000000001,0.6480000000000001,0.3
0.14772135416666668,1.6450440728102935,0.14110475099903103,2.468643471473749,1.0,17.833333333333332,3.9966857406338847,0.12359358355649037,1645.0440728102938,1009,2,walk,walk_adaptive_kl_0.5,kl,0.5,adaptive,8,0.015625,31,3,3,13,1.0,1.0,0.06944444444444445,0.06944444444444445,0,0,0,0,3,3,0.0967741935483871,1.0,3,1.0,462.717,473.99150000000003,0,0,0,0,,0,0.6480000000000001,0.6480000000000001,0.3
0.19633246527777778,2.1869936422504024,0.07715768038756611,3.0468430128319235,0.9791666666666666,27.708333333333332,4.687829406877566,0.11917478489021165,2186.993642250404,1009,3,walk,walk_adaptive_kl_0.5,kl,0.5,adaptive,8,0.015625,37,4,3,8,0.75,0.4782608695652174,0.11979166666666666,0.057291666666666664,0,0,1,0,3,3,0.08108108108108109,0.75,3,1.0,464.424,483.7892,0,0,0,0,,0,0.6480000000000001,0.6480000000000001,0.3
0.12986111111111112,3.0560083386157935,0.07337764230762352,3.23384271654939,0.9583333333333334,32.770833333333336,4.893230019408869,0.12631639769833594,3056.008338615795,1010,0,walk,walk_adaptive_kl_0.5,kl,0.5,adaptive,8,0.015625,37,1,0,4,0.0,0.0,0.25,0.0,1,0,0,0,0,0,0.0,0.0,0,1.0,460.21799999999996,472.38595000000004,0,0,0,0,,0,0.6480000000000001,0.6480000000000001,0.3
0.001171875,4.159673485517583,0.06321645787246115,3.674067964697143,0.8958333333333334,32.375,4.972680572142985,0.06204458287246115,4159.673485517585,1010,1,walk,walk_adaptive_kl_0.5,kl,0.5,adaptive,8,0.015625,38,4,2,6,0.5,0.35483870967741943,0.12916666666666665,0.04583333333333334,0,0,1,0,3,2,0.05263157894736842,0.5,2,1.0,461.16949999999997,476.6174,0,0,0,0,,0,0.6480000000000001,0.6480000000000001,0.3
0.0008680555555555555,2.021360185278147,0.09302149283168754,3.183954120923333,0.9791666666666666,31.583333333333332,4.76715691584179,0.09215343727613196,2021.3601852781487,1010,2,walk,walk_adaptive_kl_0.5,kl,0.5,adaptive,8,0.015625,34,3,1,5,0.3333333333333333,0.09090909090909091,0.34375,0.03125,1,0,1,0,1,1,0.029411764705882353,0.3333333333333333,1,1.0,462.01099999999997,471.528,0,0,0,0,,0,0.6480000000000001,0.6480000000000001,0.3
0.09036768353174603,1.827998748652951,0.10794420488478013,2.551681209612592,0.9791666666666666,21.666666666666668,4.2629569630375155,0.050785951013104826,1827.9987486529517,1010,3,walk,walk_adaptive_kl_0.5,kl,0.5,adaptive,8,0.015625,35,4,3,9,0.75,0.7307692307692307,0.07738095238095238,0.05654761904761905,0,0,0,0,4,3,0.08571428571428572,0.75,3,1.0,458.3055,477.60365,0,0,0,0,,0,0.6480000000000001,0.6480000000000001,0.3
0.0013020833333333333,3.7870552857924533,0.03875661903764857,4.060392909897021,0.875,53.645833333333336,5.718924600579527,0.037454535704315235,3787.0552857924527,1011,0,walk,walk_adaptive_kl_0.5,kl,0.5,adaptive,8,0.015625,40,2,1,3,0.5,0.4545454545454545,0.04583333333333334,0.020833333333333332,0,0,0,0,2,1,0.025,0.5,1,1.0,464.90999999999997,479.67655,0,0,0,0,,0,0.6480000000000001,0.6480000000000001,0.3
0.19140625,2.627095043669487,0.17589325237136444,3.6704287436560823,0.6875,16.958333333333332,3.7503538853544973,0.023725333083667467,2627.0950436694875,1011,1,walk,walk_adaptive_kl_0.5,kl,0.5,adaptive,8,0.015625,34,2,1,10,0.5,0.020408163265306124,1.0208333333333333,0.020833333333333332,1,0,0,0,1,1,0.029411764705882353,0.5,1,1.0,465.6115,473.60495000000003,0,0,0,0,,0,0.6480000000000001,0.6480000000000001,0.3
0.06434461805555557,3.138664331355422,0.08053652465036124,3.5847415718931543,0.9166666666666666,31.520833333333332,4.829909257600558,0.062499786031713446,3138.6643313554227,1011,2,walk,walk_adaptive_kl_0.5,kl,0.5,adaptive,8,0.015625,34,3,2,7,0.6666666666666666,0.04680851063829788,1.0491071428571428,0.049107142857142856,1,0,0,0,2,2,0.058823529411764705,0.6666666666666666,2,1.0,460.8245,469.76515,0,0,0,0,,0,0.6480000000000001,0.6480000000000001,0.3
0.0008463541666666667,5.78622377600481,0.039772702725042845,4.1442900205895405,1.0,47.791666666666664,5.589964387412942,0.038926348558376185,5786.223776004809,1011,3,walk,walk_adaptive_kl_0.5,kl,0.5,adaptive,8,0.015625,41,5,2,4,0.4,0.18248175182481752,0.18348214285714284,0.033482142857142856,0,0,2,0,3,2,0.04878048780487805,0.5,2,1.0,464.2845,477.52675,0,0,0,0,,0,0.6480000000000001,0.6480000000000001,0.3
0.021484375,2.2101047745891425,0.10579984227804562,2.7788902006599643,0.9791666666666666,24.6875,4.388624385850723,0.0843154672780456,2210.1047745891433,1012,0,walk,walk_adaptive_kl_0.5,kl,0.5,adaptive,8,0.015625,33,4,1,10,0.25,0.011764705882352941,1.5178571428571428,0.017857142857142856,3,0,0,0,1,1,0.030303030303030304,0.3333333333333333,1,1.0,460.8295,472.9525,0,0,0,0,,0,0.6480000000000001,0.6480000000000001,0.3
0.06714409722222221,2.353245689853433,0.07015847910405842,3.030844939622139,0.9791666666666666,29.333333333333332,4.823021003781611,0.03162537489893083,2353.2456898534324,1012,1,walk,walk_adaptive_kl_0.5,kl,0.5,adaptive,8,0.015625,35,3,0,7,0.0,0.0,1.375,0.0,3,0,0,0,0,0,0.0,0.0,0,1.0,458.8815,480.00809999999996,0,0,0,0,,0,0.6480000000000001,0.6480000000000001,0.3
0.06540798611111111,1.6558332575647723,0.08000095113070511,3.000985246058247,1.0,29.958333333333332,4.789937477543292,0.01685781464102783,1655.8332575647735,1012,2,walk,walk_adaptive_kl_0.5,kl,0.5,adaptive,8,0.015625,36,9,5,10,0.5555555555555556,0.10241066849034022,1.7407738095238094,0.1782738095238095,3,0,3,2,3,3,0.1388888888888889,0.6,5,1.0,462.1315,473.34545,0,0,0,0,,0,0.6480000000000001,0.6480000000000001,0.3
0.10876736111111111,2.5361525684248014,0.08746127882038957,3.2194603676881237,0.9791666666666666,28.25,4.671399900615644,0.030297860014300754,2536.152568424801,1012,3,walk,walk_adaptive_kl_0.5,kl,0.5,adaptive,8,0.015625,27,1,0,8,0.0,0.0,0.25,0.0,1,0,0,0,0,0,0.0,0.0,0,1.0,458.9315,472.5499,0,0,0,0,,0,0.6480000000000001,0.6480000000000001,0.3
0.08559027777777778,2.2484886694653956,0.14019544656881736,3.140083389977504,0.8541666666666666,21.416666666666668,4.152992914376772,0.11046682590899926,2248.4886694653965,1013,0,walk,walk_adaptive_kl_0.5,kl,0.5,adaptive,8,0.015625,32,1,1,10,1.0,1.0,0.03125,0.03125,0,0,0,0,1,1,0.03125,1.0,1,1.0,459.88800000000003,472.6121,0,0,0,0,,0,0.6480000000000001,0.6480000000000001,0.3
0.04772135416666667,1.746530273423792,0.0863941065316108,2.717144534160003,1.0,26.145833333333332,4.565588621267011,0.0569484123527556,1746.530273423792,1013,1,walk,walk_adaptive_kl_0.5,kl,0.5,adaptive,8,0.015625,36,3,2,9,0.6666666666666666,0.6875000000000001,0.06666666666666667,0.04583333333333334,0,0,0,0,3,2,0.05555555555555555,1.0,2,1.0,465.43100000000004,487.86129999999997,0,0,0,0,,0,0.6480000000000001,0.6480000000000001,0.3
0.08624131944444445,2.412423116736097,0.0845606348368611,3.4229254657775052,0.9583333333333334,39.375,4.979169934277597,0.017434812103399613,2412.4231167360977,1013,2,walk,walk_adaptive_kl_0.5,kl,0.5,adaptive,8,0.015625,29,3,1,7,0.3333333333333333,0.01639344262295082,1.2708333333333333,0.020833333333333332,2,0,0,0,1,1,0.034482758620689655,0.3333333333333333,1,1.0,463.909,470.36915,0,0,0,0,,0,0.6480000000000001,0.6480000000000001,0.3
0.001171875,2.4476266730130916,0.049507059813531464,3.558034336894061,1.0,36.875,5.18221764384424,0.04833518481353147,2447.6266730130933,1013,3,walk,walk_adaptive_kl_0.5,kl,0.5,adaptive,8,0.015625,40,6,2,8,0.3333333333333333,0.06557377049180328,0.6354166666666666,0.041666666666666664,2,0,1,0,3,2,0.05,0.6666666666666666,2,1.0,457.96950000000004,476.91895,0,0,0,0,,0,0.6480000000000001,0.6480000000000001,0.3
0.03671875,1.9086582745474914,0.12519256134338583,2.6987172588937596,1.0,25.4375,4.344333063375767,0.12608544692046256,1908.6582745474923,1014,0,walk,walk_adaptive_kl_0.5,kl,0.5,adaptive,8,0.015625,35,2,0,5,0.0,0.0,1.0625,0.0,1,0,1,0,0,0,0.0,0.0,0,1.0,459.9425,471.26315,0,0,0,0,,0,0.6480000000000001,0.6480000000000001,0.3
0.1284722222222222,1.984752416099048,0.08656751731008082,3.177050993081826,0.9583333333333334,38.583333333333336,4.985041556492767,0.17800706945312542,1984.7524160990479,1014,1,walk,walk_adaptive_kl_0.5,kl,0.5,adaptive,8,0.015625,36,1,0,4,0.0,0.0,0.0625,0.0,0,0,1,0,0,0,0.0,0.0,0,1.0,461.16949999999997,487.53159999999997,0,0,0,0,,0,0.6480000000000001,0.6480000000000001,0.3
0.0008680555555555555,4.3780380562850185,0.04840567032178744,4.0869328280166055,0.9583333333333334,45.4375,5.475954196041839,0.04753761476623189,4378.038056285021,1014,2,walk,walk_adaptive_kl_0.5,kl,0.5,adaptive,8,0.015625,37,2,2,4,1.0,1.0,0.04583333333333334,0.04583333333333334,0,0,0,0,2,2,0.05405405405405406,1.0,2,1.0,455.85699999999997,465.296,0,0,0,0,,0,0.6480000000000001,0.6480000000000001,0.3
0.0011935763888888888,4.6908792274250235,0.06911960209634457,4.177402246302835,0.9791666666666666,38.666666666666664,5.137962450421729,0.06792602570745569,4690.879227425021,1014,3,walk,walk_adaptive_kl_0.5,kl,0.5,adaptive,8,0.015625,35,3,2,5,0.6666666666666666,0.45454545454545453,0.11458333333333333,0.05208333333333333,0,0,1,0,2,2,0.05714285714285714,1.0,2,1.0,461.8405,471.69764999999995,0,0,0,0,,0,0.6480000000000001,0.6480000000000001,0.3
0.11484375000000001,2.266250755994507,0.05469997524248863,3.1913857016702685,1.0,36.729166666666664,5.081349448848375,0.07397943088876635,2266.2507559945066,1015,0,walk,walk_adaptive_kl_0.5,kl,0.5,adaptive,8,0.015625,38,4,3,9,0.75,0.19230769230769232,0.3095238095238095,0.05952380952380952,1,0,0,0,3,3,0.07894736842105263,0.75,3,1.0,462.006,473.1878,0,0,0,0,,0,0.6480000000000001,0.6480000000000001,0.3
0.0005208333333333333,2.6104037053531295,0.07418626856528676,3.5744511314908465,0.875,30.4375,4.808878025874083,0.07366543523195343,2610.4037053531315,1015,1,walk,walk_adaptive_kl_0.5,kl,0.5,adaptive,8,0.015625,32,1,0,8,0.0,0.0,0.0625,0.0,0,0,1,0,0,0,0.0,0.0,0,1.0,455.882,467.93165,0,0,0,0,,0,0.6480000000000001,0.6480000000000001,0.3
0.04515335648148148,1.3147913486269285,0.08280017747646697,2.7108239973724473,1.0,24.9375,4.559080841942499,0.03764682099498547,1314.7913486269283,1015,2,walk,walk_adaptive_kl_0.5,kl,0.5,adaptive,8,0.015625,38,0,0,6,nan,nan,0.0,0.0,0,0,0,0,0,0,0.0,nan,0,1.0,459.04650000000004,470.58115000000004,0,0,0,0,,0,0.6480000000000001,0.6480000000000001,0.3
0.15125868055555555,2.534528845241344,0.10379276011818661,2.8416954612743552,0.8958333333333334,31.3125,4.694524334885571,0.10633036584957543,2534.528845241344,1015,3,walk,walk_adaptive_kl_0.5,kl,0.5,adaptive,8,0.015625,36,2,2,5,1.0,1.0,0.04583333333333334,0.04583333333333334,0,0,0,0,2,2,0.05555555555555555,1.0,2,1.0,459.002,470.89595,0,0,0,0,,0,0.6480000000000001,0.6480000000000001,0.3
0.1506076388888889,2.5302241735784388,0.07360014723088296,3.5929747019902734,0.9166666666666666,38.6875,5.073234046790383,0.12012416943766924,2530.224173578439,1016,0,walk,walk_adaptive_kl_0.5,kl,0.5,adaptive,8,0.015625,35,4,3,7,0.75,0.05352112676056338,1.056547619047619,0.05654761904761905,1,0,0,0,3,3,0.08571428571428572,1.0,3,1.0,463.6135,498.1362,0,0,0,0,,0,0.6480000000000001,0.6480000000000001,0.3
0.0021484374999999997,2.342900194149158,0.12286644063909398,2.8630387398821573,1.0,25.041666666666668,4.309748756805263,0.12071800313909398,2342.9001941491592,1016,1,walk,walk_adaptive_kl_0.5,kl,0.5,adaptive,8,0.015625,34,9,6,14,0.6666666666666666,0.2943420216147489,0.4681547619047619,0.13779761904761906,1,0,1,0,7,6,0.17647058823529413,1.0,6,1.0,460.8445,470.5785,0,0,0,0,,0,0.6480000000000001,0.6480000000000001,0.3
0.063671875,1.5815304406736013,0.05527782625568628,3.273257208852725,1.0,36.333333333333336,5.166498666045069,0.017756500893107402,1581.5304406736016,1016,2,walk,walk_adaptive_kl_0.5,kl,0.5,adaptive,8,0.015625,37,3,2,8,0.6666666666666666,0.4936708860759494,0.08229166666666667,0.040625,0,0,1,0,2,2,0.05405405405405406,1.0,2,1.0,455.471,469.78249999999997,0,0,0,0,,0,0.6480000000000001,0.6480000000000001,0.3
0.06890190972222222,1.9263147775897325,0.05139784869114152,3.2357296953442005,1.0,35.083333333333336,5.08152338782071,0.05090634234734832,1926.3147775897326,1016,3,walk,walk_adaptive_kl_0.5,kl,0.5,adaptive,8,0.015625,40,6,4,10,0.6666666666666666,0.24771628156904887,0.36924603174603177,0.09146825396825396,1,0,0,0,5,4,0.1,1.0,4,1.0,460.098,476.46015,0,0,0,0,,0,0.6480000000000001,0.6480000000000001,0.3
0.12617187500000002,1.7522201479178985,0.11149421942073334,2.6971405452985313,1.0,25.958333333333332,4.472531262007599,0.10462191594765367,1752.2201479178996,1017,0,walk,walk_adaptive_kl_0.5,kl,0.5,adaptive,8,0.015625,35,5,4,8,0.8,0.8200514138817481,0.11577380952380951,0.09494047619047619,0,0,0,0,5,4,0.11428571428571428,1.0,4,1.0,462.242,470.35499999999996,0,0,0,0,,0,0.6480000000000001,0.6480000000000001,0.3
0.002505993716931217,4.601656561513036,0.050709957307269675,3.9839107021927975,0.8541666666666666,38.8125,5.231016721370582,0.04820396359033844,4601.656561513036,1017,1,walk,walk_adaptive_kl_0.5,kl,0.5,adaptive,8,0.015625,40,5,4,6,0.8,0.6557377049180327,0.18154761904761904,0.11904761904761904,0,0,2,1,3,3,0.1,1.0,4,1.0,459.9375,474.41605,0,0,0,0,,0,0.6480000000000001,0.6480000000000001,0.3
0.004991319444444444,3.1206237007545803,0.08506233633977855,3.398091223662847,1.0,34.895833333333336,4.894675011974329,0.08007101689533411,3120.6237007545765,1017,2,walk,walk_adaptive_kl_0.5,kl,0.5,adaptive,8,0.015625,34,5,1,5,0.2,0.0392156862745098,0.45535714285714285,0.017857142857142856,1,0,3,0,1,1,0.029411764705882353,0.5,1,1.0,463.238,472.2126,0,0,0,0,,0,0.6480000000000001,0.6480000000000001,0.3
0.0656467013888889,1.9373289883306208,0.05402506792615131,3.345559285711176,1.0,48.604166666666664,5.447861082717083,0.03810105647270752,1937.3289883306234,1017,3,walk,walk_adaptive_kl_0.5,kl,0.5,adaptive,8,0.015625,38,2,1,3,0.5,0.22222222222222224,0.08035714285714285,0.017857142857142856,0,0,1,0,1,1,0.02631578947368421,0.5,1,1.0,456.7985,470.59995,0,0,0,0,,0,0.6480000000000001,0.6480000000000001,0.3
0.0517578125,1.9568615662744546,0.04549920126626292,3.628316970324853,0.9791666666666666,40.333333333333336,5.242240040405732,0.0062586112337370825,1956.8615662744548,1018,0,walk,walk_adaptive_kl_0.5,kl,0.5,adaptive,8,0.015625,37,1,1,5,1.0,1.0,0.025,0.025,0,0,0,0,1,1,0.02702702702702703,1.0,1,1.0,462.17150000000004,481.07054999999997,0,0,0,0,,0,0.6480000000000001,0.6480000000000001,0.3
0.0013020833333333333,3.68995020900489,0.06946187958615492,3.7134759217183357,0.9791666666666666,38.833333333333336,5.041197413399429,0.06815979625282159,3689.9502090048886,1018,1,walk,walk_adaptive_kl_0.5,kl,0.5,adaptive,8,0.015625,39,3,1,5,0.3333333333333333,0.023809523809523815,1.0499999999999998,0.025,1,0,0,0,2,1,0.02564102564102564,0.3333333333333333,1,1.0,462.697,476.1437,0,0,0,0,,0,0.6480000000000001,0.6480000000000001,0.3
0.21037326388888888,1.4914362292819636,0.11049676223700915,2.6754734739441797,1.0,21.125,4.226077768135439,0.09987650165187976,1491.4362292819635,1018,2,walk,walk_adaptive_kl_0.5,kl,0.5,adaptive,8,0.015625,33,4,1,12,0.25,0.22388059701492538,0.13958333333333334,0.03125,0,0,2,0,2,1,0.030303030303030304,0.3333333333333333,1,1.0,457.6445,467.8823,0,0,0,0,,0,0.6480000000000001,0.6480000000000001,0.3
0.08695746527777777,3.4122659419462913,0.0509491818642747,3.965097276218969,0.9791666666666666,47.083333333333336,5.5128145910368245,0.05477685077907399,3412.2659419462925,1018,3,walk,walk_adaptive_kl_0.5,kl,0.5,adaptive,8,0.015625,37,4,1,4,0.25,0.05240174672489083,0.34077380952380953,0.017857142857142856,1,0,1,0,2,1,0.02702702702702703,0.5,1,1.0,462.28099999999995,471.81600000000003,0,0,0,0,,0,0.6480000000000001,0.6480000000000001,0.3
0.007486979166666665,5.072853612568553,0.05127217370344425,4.4010544954414765,0.8333333333333334,48.354166666666664,5.544159771861388,0.04378519453677757,5072.853612568551,1019,0,walk,walk_adaptive_kl_0.5,kl,0.5,adaptive,8,0.015625,44,2,2,4,1.0,1.0,0.03571428571428571,0.03571428571428571,0,0,0,0,2,2,0.045454545454545456,1.0,2,1.0,456.092,480.59680000000003,0,0,0,0,,0,0.6480000000000001,0.6480000000000001,0.3
0.08452690972222222,2.491317132766703,0.07670980377062021,3.2491415483469903,1.0,38.895833333333336,5.024624359797295,0.10584251205030515,2491.317132766703,1019,1,walk,walk_adaptive_kl_0.5,kl,0.5,adaptive,8,0.015625,36,5,4,8,0.8,0.2663755458515284,0.3407738095238095,0.09077380952380952,1,0,0,0,4,4,0.1111111111111111,0.6666666666666666,4,1.0,460.4635,470.74,0,0,0,0,,0,0.6480000000000001,0.6480000000000001,0.3
0.0021701388888888886,2.198955527980307,0.0911056808581308,3.000851007494021,1.0,26.208333333333332,4.531329894138931,0.08893554196924192,2198.9555279803085,1019,2,walk,walk_adaptive_kl_0.5,kl,0.5,adaptive,8,0.015625,39,3,2,9,0.6666666666666666,0.25,0.3333333333333333,0.08333333333333333,1,0,1,1,1,1,0.05128205128205128,0.6666666666666666,2,1.0,461.7105,471.3905,0,0,0,0,,0,0.6480000000000001,0.6480000000000001,0.3
0.0078125,2.422720996497213,0.06809477011247768,3.560513802258907,0.9583333333333334,33.770833333333336,4.963084315381505,0.060282270112477686,2422.7209964972126,1019,3,walk,walk_adaptive_kl_0.5,kl,0.5,adaptive,8,0.015625,34,4,2,9,0.5,0.3103448275862069,0.18125,0.05625,0,0,2,0,2,2,0.058823529411764705,0.5,2,1.0,457.22900000000004,467.56915,0,0,0,0,,0,0.6480000000000001,0.6480000000000001,0.3
0.0005208333333333333,3.4213381254131376,0.08767606061593995,4.214065986129168,0.7291666666666666,32.854166666666664,4.7954826953291505,0.08715522728260662,3421.3381254131364,1000,0,walk,walk_adaptive_kl_1.0,kl,1.0,adaptive,8,0.015625,34,8,6,8,0.75,0.4235807860262009,0.4770833333333333,0.20208333333333334,1,0,2,2,5,4,0.17647058823529413,1.0,6,1.0,470.839,485.68014999999997,0,0,0,0,,0,0.6480000000000001,0.6480000000000001,0.3
0.007530381944444445,3.0609798082726996,0.04766383818898068,3.6500652385733687,1.0,45.583333333333336,5.363333459156901,0.040133456244536236,3060.979808272699,1000,1,walk,walk_adaptive_kl_1.0,kl,1.0,adaptive,8,0.015625,40,2,1,3,0.5,0.058823529411764705,0.265625,0.015625,1,0,0,0,1,1,0.025,1.0,1,1.0,469.1765,477.36650000000003,0,0,0,0,,0,0.6480000000000001,0.6480000000000001,0.3
0.16990017361111112,1.9191849135037062,0.11390996399122257,3.1257572154850606,0.9166666666666666,23.0625,4.31079070201935,0.05599020961988854,1919.1849135037075,1000,2,walk,walk_adaptive_kl_1.0,kl,1.0,adaptive,8,0.015625,36,3,2,6,0.6666666666666666,0.45454545454545453,0.22916666666666666,0.10416666666666666,1,0,2,2,0,0,0.05555555555555555,1.0,2,1.0,463.71849999999995,477.41965,0,0,0,0,,0,0.6480000000000001,0.6480000000000001,0.3
0.25052083333333336,1.4159963798323174,0.18668392988854032,2.4218444715619722,1.0,21.125,3.8841430473118845,0.0781496329548289,1415.9963798323176,1000,3,walk,walk_adaptive_kl_1.0,kl,1.0,adaptive,8,0.015625,31,4,3,7,0.75,0.71875,0.4444444444444444,0.3194444444444444,2,1,1,1,1,1,0.0967741935483871,1.0,3,1.0,463.9235,516.71825,0,0,0,0,,0,0.6480000000000001,0.6480000000000001,0.3
0.0008463541666666667,2.8073843589041103,0.10166747401519576,3.4655363760050277,1.0,31.4375,4.706205324196173,0.10082111984852908,2807.38435890411,1001,0,walk,walk_adaptive_kl_1.0,kl,1.0,adaptive,8,0.015625,35,3,1,5,0.3333333333333333,0.16666666666666666,1.5,0.25,3,1,0,0,0,0,0.02857142857142857,0.3333333333333333,1,1.0,469.773,479.69964999999996,0,0,0,0,,0,0.6480000000000001,0.6480000000000001,0.3
0.12565104166666666,2.747118826833544,0.09034351413996315,3.301859649674899,1.0,37.104166666666664,4.8771789398363605,0.14696632608666998,2747.118826833543,1001,1,walk,walk_adaptive_kl_1.0,kl,1.0,adaptive,8,0.015625,34,4,3,6,0.75,0.6470588235294118,0.17708333333333331,0.11458333333333333,0,0,2,1,2,2,0.08823529411764706,1.0,3,1.0,464.86,475.90355,0,0,0,0,,0,0.6480000000000001,0.6480000000000001,0.3
0.0018446180555555553,2.916863546391248,0.07803904343137558,3.272200606316394,1.0,30.208333333333332,4.810337504225226,0.07619442537582002,2916.863546391247,1001,2,walk,walk_adaptive_kl_1.0,kl,1.0,adaptive,8,0.015625,36,3,3,6,1.0,1.0,0.05357142857142857,0.05357142857142857,0,0,0,0,3,3,0.08333333333333333,1.0,3,1.0,471.755,478.78395,0,0,0,0,,0,0.6480000000000001,0.6480000000000001,0.3
0.12586805555555555,2.8518635361455082,0.14634099251898994,3.1472057733598358,0.9583333333333334,20.604166666666668,4.132244754098339,0.14785508387653548,2851.8635361455085,1001,3,walk,walk_adaptive_kl_1.0,kl,1.0,adaptive,8,0.015625,32,5,2,6,0.4,0.07407407407407407,0.5625,0.041666666666666664,2,0,0,0,3,2,0.0625,0.6666666666666666,2,1.0,468.731,511.34114999999997,0,0,0,0,,0,0.6480000000000001,0.6480000000000001,0.3
0.016865079365079364,2.4251495120186575,0.0630891754314052,3.5256424658406442,0.9791666666666666,41.541666666666664,5.173169445076224,0.046224096066325826,2425.149512018658,1002,0,walk,walk_adaptive_kl_1.0,kl,1.0,adaptive,8,0.015625,43,3,3,6,1.0,1.0,0.06696428571428571,0.06696428571428571,0,0,0,0,3,3,0.06976744186046512,1.0,3,1.0,470.0025,556.94065,0,0,0,0,,0,0.6480000000000001,0.6480000000000001,0.3
0.125,2.7860291642120303,0.12332015695939173,3.3551741045477215,0.9583333333333334,33.270833333333336,4.644014056064845,0.11916248314754686,2786.02916421203,1002,1,walk,walk_adaptive_kl_1.0,kl,1.0,adaptive,8,0.015625,35,6,4,7,0.6666666666666666,0.14936708860759493,0.5877976190476191,0.08779761904761904,2,0,0,0,4,4,0.11428571428571428,1.0,4,1.0,601.2455,827.9856499999999,0,0,0,0,,0,0.6480000000000001,0.6480000000000001,0.3
0.13177083333333334,1.3432850829854364,0.10018385398553901,2.6445699792974335,1.0,27.854166666666668,4.585737968571037,0.04042400789876533,1343.2850829854372,1002,2,walk,walk_adaptive_kl_1.0,kl,1.0,adaptive,8,0.015625,39,3,1,5,0.3333333333333333,0.01639344262295082,1.2708333333333333,0.020833333333333332,2,0,0,0,1,1,0.02564102564102564,0.5,1,1.0,467.5695,488.2971,0,0,0,0,,0,0.6480000000000001,0.6480000000000001,0.3
0.021354166666666664,3.290460326079579,0.07215649944403657,4.26085195136986,0.8333333333333334,35.1875,5.020064179737938,0.0508023327773699,3290.460326079576,1002,3,walk,walk_adaptive_kl_1.0,kl,1.0,adaptive,8,0.015625,35,4,2,6,0.5,0.4067796610169491,0.12291666666666667,0.05,0,0,1,0,3,2,0.05714285714285714,0.6666666666666666,2,1.0,465.91650000000004,478.18065,0,0,0,0,,0,0.6480000000000001,0.6480000000000001,0.3
0.0216796875,3.027521681446919,0.08539985269018241,3.8372517703381948,0.9583333333333334,38.854166666666664,4.9840061035746475,0.06450055973580089,3027.5216814469204,1003,0,walk,walk_adaptive_kl_1.0,kl,1.0,adaptive,8,0.015625,38,4,2,4,0.5,0.12060301507537688,0.35535714285714287,0.04285714285714286,1,0,1,0,2,2,0.05263157894736842,0.6666666666666666,2,1.0,461.515,478.1558,0,0,0,0,,0,0.6480000000000001,0.6480000000000001,0.3
0.2809244791666667,1.2140691533528034,0.16507794637193893,2.6074900510826997,1.0,20.520833333333332,3.991777982594321,0.14166930623359628,1214.0691533528034,1003,1,walk,walk_adaptive_kl_1.0,kl,1.0,adaptive,8,0.015625,35,7,5,11,0.7142857142857143,0.14720812182741116,1.4657738095238095,0.2157738095238095,2,0,3,3,2,2,0.14285714285714285,0.75,5,1.0,468.155,479.60884999999996,0,0,0,0,,0,0.6480000000000001,0.6480000000000001,0.3
0.0031249999999999997,2.965868125648908,0.09949380215489,3.091286576862012,1.0,29.958333333333332,4.5485198872796255,0.09636880215488997,2965.868125648906,1003,2,walk,walk_adaptive_kl_1.0,kl,1.0,adaptive,8,0.015625,40,3,3,7,1.0,1.0,0.125,0.125,0,0,1,1,2,2,0.075,1.0,3,1.0,463.1075,479.10845,0,0,0,0,,0,0.6480000000000001,0.6480000000000001,0.3
0.17065972222222223,2.9470888064149707,0.06659719605719525,3.5903919601505674,0.9166666666666666,38.145833333333336,5.052910272968083,0.10406252616502697,2947.08880641497,1003,3,walk,walk_adaptive_kl_1.0,kl,1.0,adaptive,8,0.015625,40,2,2,5,1.0,1.0,0.046875,0.046875,0,0,0,0,2,2,0.05,1.0,2,1.0,463.363,480.84115,0,0,0,0,,0,0.6480000000000001,0.6480000000000001,0.3
0.06438078703703703,3.1793002149858203,0.04747508660436098,4.2779988573053656,0.7708333333333334,47.979166666666664,5.547831121474338,0.016905700432676057,3179.300214985822,1004,0,walk,walk_adaptive_kl_1.0,kl,1.0,adaptive,8,0.015625,39,7,4,4,0.5714285714285714,0.14688545483511234,0.622718253968254,0.09146825396825398,2,0,0,0,5,4,0.10256410256410256,0.6,4,1.0,470.123,563.53465,0,0,0,0,,0,0.6480000000000001,0.6480000000000001,0.3
0.04546440972222223,1.8179740413645087,0.18473420986526964,2.6456010953534306,1.0,23.125,3.974601447961302,0.13926980014304746,1817.9740413645086,1004,1,walk,walk_adaptive_kl_1.0,kl,1.0,adaptive,8,0.015625,36,3,3,7,1.0,1.0,0.11458333333333333,0.11458333333333333,0,0,1,1,2,2,0.08333333333333333,1.0,3,1.0,465.621,487.26675,0,0,0,0,,0,0.6480000000000001,0.6480000000000001,0.3
0.20876736111111108,2.149540683751277,0.12603174680824947,2.707196889555638,0.9791666666666666,24.229166666666668,4.337519452608198,0.12110194471712234,2149.540683751278,1004,2,walk,walk_adaptive_kl_1.0,kl,1.0,adaptive,8,0.015625,34,9,7,13,0.7777777777777778,0.2876325088339223,0.7018849206349206,0.20188492063492064,2,0,1,1,6,6,0.20588235294117646,0.8,7,1.0,469.06600000000003,480.2713,0,0,0,0,,0,0.6480000000000001,0.6480000000000001,0.3
0.023980034722222224,2.1849365601973014,0.22488061729759548,2.888432548907046,0.9375,16.395833333333332,3.5779087259554614,0.20176863813092885,2184.936560197302,1004,3,walk,walk_adaptive_kl_1.0,kl,1.0,adaptive,8,0.015625,33,3,2,6,0.6666666666666666,0.42857142857142855,0.4375,0.1875,2,1,1,1,0,0,0.06060606060606061,1.0,2,1.0,463.9785,477.60515,0,0,0,0,,0,0.6480000000000001,0.6480000000000001,0.3
0.1727864583333333,2.0498673527670386,0.07680146374609896,3.2388618980324893,1.0,31.958333333333332,4.886740187325077,0.09598499458723438,2049.867352767039,1005,0,walk,walk_adaptive_kl_1.0,kl,1.0,adaptive,8,0.015625,33,4,2,3,0.5,0.13402061855670105,0.28869047619047616,0.03869047619047619,2,0,0,0,2,2,0.06060606060606061,0.3333333333333333,2,1.0,466.1375,476.26925,0,0,0,0,,0,0.6480000000000001,0.6480000000000001,0.3
0.40497271825396824,1.169031885501959,0.16072530111342995,2.3092207584987414,1.0,21.520833333333332,3.9744114068728886,0.2442474171405383,1169.031885501959,1005,1,walk,walk_adaptive_kl_1.0,kl,1.0,adaptive,8,0.015625,37,5,5,9,1.0,1.0,0.15550595238095236,0.15550595238095236,0,0,2,2,3,3,0.13513513513513514,1.0,5,1.0,472.88199999999995,484.5293,0,0,0,0,,0,0.6480000000000001,0.6480000000000001,0.3
0.251264880952381,1.4072801644556308,0.0823429806307184,2.930705672565162,1.0,32.333333333333336,4.833793359671711,0.16892190032166254,1407.2801644556312,1005,2,walk,walk_adaptive_kl_1.0,kl,1.0,adaptive,8,0.015625,36,5,3,6,0.6,0.1227154046997389,0.5699404761904762,0.06994047619047619,2,0,0,0,3,3,0.08333333333333333,0.75,3,1.0,471.3295,479.4208,0,0,0,0,,0,0.6480000000000001,0.6480000000000001,0.3
0.11219618055555554,3.394932401437861,0.05950884554620702,3.655059744887192,0.5833333333333334,39.854166666666664,5.127083736577234,0.1020326984118604,3394.9324014378594,1005,3,walk,walk_adaptive_kl_1.0,kl,1.0,adaptive,8,0.015625,39,5,3,6,0.6,0.046056782334384865,1.179315476190476,0.05431547619047619,2,0,0,0,3,3,0.07692307692307693,0.75,3,1.0,467.1535,483.74845,0,0,0,0,,0,0.6480000000000001,0.6480000000000001,0.3
0.26067708333333334,1.4714764655756367,0.2524811084915825,2.208353533064445,1.0,15.125,3.421956039694662,0.11659565731470449,1471.476465575637,1006,0,walk,walk_adaptive_kl_1.0,kl,1.0,adaptive,8,0.015625,31,4,4,8,1.0,1.0,1.125,1.125,1,1,1,1,2,2,0.12903225806451613,1.0,4,1.0,463.2825,475.44615,0,0,0,0,,0,0.6480000000000001,0.6480000000000001,0.3
0.3909722222222222,1.0208772655848772,0.0717464088546169,3.114903684933587,1.0,47.854166666666664,5.390455147581041,0.3192258133676053,1020.8772655848775,1006,1,walk,walk_adaptive_kl_1.0,kl,1.0,adaptive,8,0.015625,38,1,1,2,1.0,1.0,0.017857142857142856,0.017857142857142856,0,0,0,0,1,1,0.02631578947368421,1.0,1,1.0,467.8045,482.66895,0,0,0,0,,0,0.6480000000000001,0.6480000000000001,0.3
0.10685763888888888,2.429974763052744,0.07830616156778863,3.322378686585742,1.0,34.395833333333336,4.8525852143620245,0.0970927033531624,2429.974763052743,1006,2,walk,walk_adaptive_kl_1.0,kl,1.0,adaptive,8,0.015625,38,4,3,6,0.75,0.30769230769230765,0.3611111111111111,0.1111111111111111,1,0,1,1,2,2,0.07894736842105263,0.6666666666666666,3,1.0,467.424,485.58895,0,0,0,0,,0,0.6480000000000001,0.6480000000000001,0.3
0.3912760416666667,0.9048854657410134,0.21025116861846652,2.0218524438622643,1.0,19.8125,3.8203181317552297,0.23830603220565058,904.885465741013,1006,3,walk,walk_adaptive_kl_1.0,kl,1.0,adaptive,8,0.015625,36,0,0,3,nan,nan,0.0,0.0,0,0,0,0,0,0,0.0,nan,0,1.0,469.9325,476.17945,0,0,0,0,,0,0.6480000000000001,0.6480000000000001,0.3
0.0003255208333333333,2.5269902884624673,0.10310486707988904,3.451224743933856,0.9791666666666666,34.458333333333336,4.789136284655569,0.1027793462465557,2526.9902884624676,1007,0,walk,walk_adaptive_kl_1.0,kl,1.0,adaptive,8,0.015625,30,0,0,7,nan,nan,0.0,0.0,0,0,0,0,0,0,0.0,nan,0,1.0,471.3245,491.3034,0,0,0,0,,0,0.6480000000000001,0.6480000000000001,0.3
0.09364149305555554,1.7651906203603336,0.1786255888934236,2.7919621735047397,0.9583333333333334,19.041666666666668,3.9287865597017486,0.1468086192993017,1765.1906203603346,1007,1,walk,walk_adaptive_kl_1.0,kl,1.0,adaptive,8,0.015625,38,3,3,6,1.0,1.0,0.19166666666666665,0.19166666666666665,1,1,1,1,1,1,0.07894736842105263,1.0,3,1.0,466.53200000000004,478.0743,0,0,0,0,,0,0.6480000000000001,0.6480000000000001,0.3
0.0005208333333333333,2.026288830392127,0.16017096329414418,2.6998564642313254,1.0,20.916666666666668,3.9870731997228437,0.15965012996081082,2026.2888303921254,1007,2,walk,walk_adaptive_kl_1.0,kl,1.0,adaptive,8,0.015625,35,3,2,6,0.6666666666666666,0.6923076923076923,0.203125,0.140625,1,1,1,0,1,1,0.05714285714285714,0.5,2,1.0,472.6065,478.6803,0,0,0,0,,0,0.6480000000000001,0.6480000000000001,0.3
0.0841796875,2.2219026187065234,0.08083668980231722,3.200299198490241,1.0,32.270833333333336,4.8740574265197765,0.06542070672908619,2221.902618706524,1007,3,walk,walk_adaptive_kl_1.0,kl,1.0,adaptive,8,0.015625,36,2,1,4,0.5,0.5,0.08333333333333333,0.041666666666666664,0,0,2,1,0,0,0.027777777777777776,1.0,1,1.0,473.10699999999997,486.97554999999994,0,0,0,0,,0,0.6480000000000001,0.6480000000000001,0.3
0.14765625000000002,1.6530848414365968,0.09677780809547593,2.989520639191589,1.0,28.208333333333332,4.611070569879158,0.15709851378874054,1653.0848414365971,1008,0,walk,walk_adaptive_kl_1.0,kl,1.0,adaptive,8,0.015625,36,3,3,8,1.0,1.0,0.054315476190476185,0.054315476190476185,0,0,0,0,3,3,0.08333333333333333,1.0,3,1.0,470.8035,510.44469999999995,0,0,0,0,,0,0.6480000000000001,0.6480000000000001,0.3
0.0003255208333333333,2.6754373020781093,0.07831695832433405,3.7365855891952555,1.0,34.1875,4.928112403426498,0.07799143749100072,2675.4373020781104,1008,1,walk,walk_adaptive_kl_1.0,kl,1.0,adaptive,8,0.015625,34,3,1,3,0.3333333333333333,0.06896551724137931,0.3020833333333333,0.020833333333333332,1,0,0,0,2,1,0.029411764705882353,1.0,1,1.0,468.40049999999997,520.6184,0,0,0,0,,0,0.6480000000000001,0.6480000000000001,0.3
0.10779079861111111,3.0658685313434373,0.058054088659616844,3.9953653962945883,0.7916666666666666,45.229166666666664,5.4246231383506,0.05180709204383364,3065.8685313434376,1008,2,walk,walk_adaptive_kl_1.0,kl,1.0,adaptive,8,0.015625,34,3,3,4,1.0,1.0,0.07638888888888888,0.07638888888888888,0,0,0,0,3,3,0.08823529411764706,1.0,3,1.0,609.804,804.0957,0,0,0,0,,0,0.6480000000000001,0.6480000000000001,0.3
0.08667534722222221,1.8314152353827415,0.06437626716332234,3.26344794416995,1.0,42.083333333333336,5.217452384865027,0.08669439329392403,1831.4152353827424,1008,3,walk,walk_adaptive_kl_1.0,kl,1.0,adaptive,8,0.015625,39,1,1,3,1.0,1.0,0.015625,0.015625,0,0,0,0,1,1,0.02564102564102564,1.0,1,1.0,465.8565,480.96065,0,0,0,0,,0,0.6480000000000001,0.6480000000000001,0.3
0.0003255208333333333,4.150582728967751,0.061386627808428046,4.100593407457599,0.9375,46.291666666666664,5.41270672855201,0.0610611069750947,4150.582728967754,1009,0,walk,walk_adaptive_kl_1.0,kl,1.0,adaptive,8,0.015625,40,2,1,3,0.5,0.06666666666666667,0.26785714285714285,0.017857142857142856,1,0,0,0,1,1,0.025,0.5,1,1.0,473.85350000000005,501.82275,0,0,0,0,,0,0.6480000000000001,0.6480000000000001,0.3
0.05718315972222222,2.5951203687665827,0.09222763283164159,3.383613984340584,0.9166666666666666,28.520833333333332,4.640365432885858,0.03504447310941935,2595.120368766583,1009,1,walk,walk_adaptive_kl_1.0,kl,1.0,adaptive,8,0.015625,36,5,4,8,0.8,0.618181818181818,0.1636904761904762,0.10119047619047618,0,0,2,1,3,3,0.1111111111111111,0.8,4,1.0,469.953,478.41949999999997,0,0,0,0,,0,0.6480000000000001,0.6480000000000001,0.3
0.27239583333333334,1.6088747381496697,0.13622347555439088,2.9038985892301596,0.9791666666666666,26.270833333333332,4.326036855092389,0.20296765391007168,1608.8747381496698,1009,2,walk,walk_adaptive_kl_1.0,kl,1.0,adaptive,8,0.015625,31,3,3,7,1.0,1.0,0.06944444444444445,0.06944444444444445,0,0,0,0,3,3,0.0967741935483871,1.0,3,1.0,470.74850000000004,476.21165,0,0,0,0,,0,0.6480000000000001,0.6480000000000001,0.3
0.15101996527777778,2.4232213952673214,0.07393252262125781,3.4921305862823253,0.9791666666666666,41.583333333333336,5.193966550520852,0.16150621861396217,2423.2213952673214,1009,3,walk,walk_adaptive_kl_1.0,kl,1.0,adaptive,8,0.015625,37,4,4,6,1.0,1.0,0.11979166666666666,0.11979166666666666,0,0,1,1,3,3,0.10810810810810811,1.0,4,1.0,465.356,485.25124999999997,0,0,0,0,,0,0.6480000000000001,0.6480000000000001,0.3
0.19062500000000002,1.944503811728331,0.10696134620991998,2.9189012535683436,1.0,31.166666666666668,4.588707720790363,0.14003491386109798,1944.503811728332,1010,0,walk,walk_adaptive_kl_1.0,kl,1.0,adaptive,8,0.015625,37,1,0,4,0.0,0.0,0.25,0.0,1,0,0,0,0,0,0.0,0.0,0,1.0,472.606,484.13100000000003,0,0,0,0,,0,0.6480000000000001,0.6480000000000001,0.3
0.006380208333333334,2.930331500172835,0.08307943729313828,3.9940795754864555,0.9583333333333334,31.645833333333332,4.790210913684033,0.07669922895980494,2930.331500172835,1010,1,walk,walk_adaptive_kl_1.0,kl,1.0,adaptive,8,0.015625,38,4,3,6,0.75,0.5161290322580646,0.12916666666666665,0.06666666666666667,0,0,1,0,3,3,0.07894736842105263,0.75,3,1.0,467.894,473.938,0,0,0,0,,0,0.6480000000000001,0.6480000000000001,0.3
0.04322916666666667,1.7353029863266338,0.09415720073261848,2.860980901232507,0.9791666666666666,30.375,4.697698751678272,0.05092803406595181,1735.3029863266354,1010,2,walk,walk_adaptive_kl_1.0,kl,1.0,adaptive,8,0.015625,34,3,1,7,0.3333333333333333,0.09090909090909091,0.34375,0.03125,1,0,1,0,1,1,0.029411764705882353,0.3333333333333333,1,1.0,463.8935,473.664,0,0,0,0,,0,0.6480000000000001,0.6480000000000001,0.3
0.09576822916666666,1.5902269584867244,0.06382911847076735,2.973814110600758,0.9791666666666666,38.770833333333336,5.142338101627272,0.05542435903562316,1590.2269584867252,1010,3,walk,walk_adaptive_kl_1.0,kl,1.0,adaptive,8,0.015625,35,4,4,4,1.0,1.0,0.07738095238095238,0.07738095238095238,0,0,0,0,4,4,0.11428571428571428,1.0,4,1.0,465.3555,487.8329,0,0,0,0,,0,0.6480000000000001,0.6480000000000001,0.3
0.0024739583333333332,3.401416392477154,0.07578634230492391,3.4875473896877245,0.9791666666666666,36.895833333333336,4.967970598469031,0.0733123839715906,3401.416392477153,1011,0,walk,walk_adaptive_kl_1.0,kl,1.0,adaptive,8,0.015625,40,2,2,5,1.0,1.0,0.04583333333333334,0.04583333333333334,0,0,0,0,2,2,0.05,1.0,2,1.0,463.478,478.83205,0,0,0,0,,0,0.6480000000000001,0.6480000000000001,0.3
0.32119502314814813,2.3944948118803393,0.1831364518683353,3.205617204173771,0.75,22.041666666666668,4.015701166523772,0.1380585712798129,2394.49481188034,1011,1,walk,walk_adaptive_kl_1.0,kl,1.0,adaptive,8,0.015625,34,2,1,6,0.5,0.020408163265306124,1.0208333333333333,0.020833333333333332,1,0,0,0,1,1,0.029411764705882353,0.5,1,1.0,469.24649999999997,477.7545,0,0,0,0,,0,0.6480000000000001,0.6480000000000001,0.3
0.04381510416666667,2.9946348414661244,0.07333590277954884,3.0884432127868755,1.0,39.479166666666664,5.087320569409404,0.03432578996294446,2994.6348414661243,1011,2,walk,walk_adaptive_kl_1.0,kl,1.0,adaptive,8,0.015625,34,3,2,3,0.6666666666666666,0.04680851063829788,1.0491071428571428,0.049107142857142856,1,0,0,0,2,2,0.058823529411764705,0.6666666666666666,2,1.0,465.5265,475.58015,0,0,0,0,,0,0.6480000000000001,0.6480000000000001,0.3
0.0008463541666666667,4.951350849263963,0.039298925062679506,4.412751593783795,0.9375,51.416666666666664,5.669798457454848,0.03845257089601284,4951.35084926396,1011,3,walk,walk_adaptive_kl_1.0,kl,1.0,adaptive,8,0.015625,41,5,3,3,0.6,0.31873479318734793,0.18348214285714284,0.05848214285714286,0,0,2,0,3,3,0.07317073170731707,0.75,3,1.0,466.62800000000004,478.81865,0,0,0,0,,0,0.6480000000000001,0.6480000000000001,0.3
0.271484375,1.8873033893297337,0.18977067226775898,2.4098448702416384,1.0,23.375,3.9241661369791596,0.1159883626733733,1887.3033893297343,1012,0,walk,walk_adaptive_kl_1.0,kl,1.0,adaptive,8,0.015625,33,4,2,8,0.5,0.17647058823529413,1.5178571428571428,0.26785714285714285,3,1,0,0,1,1,0.06060606060606061,0.6666666666666666,2,1.0,464.96500000000003,479.59965,0,0,0,0,,0,0.6480000000000001,0.6480000000000001,0.3
0.11675347222222221,1.6632477379942319,0.21586663414003618,2.647289021688769,1.0,20.229166666666668,3.827513397914235,0.17302763629949336,1663.2477379942331,1012,1,walk,walk_adaptive_kl_1.0,kl,1.0,adaptive,8,0.015625,35,3,1,5,0.3333333333333333,0.09090909090909091,1.375,0.125,3,1,0,0,0,0,0.02857142857142857,0.3333333333333333,1,1.0,467.244,476.7765,0,0,0,0,,0,0.6480000000000001,0.6480000000000001,0.3
0.008029513888888888,1.764226167437332,0.10092202213148127,2.9920223308909137,1.0,33.645833333333336,4.71938286936112,0.09289250824259239,1764.2261674373324,1012,2,walk,walk_adaptive_kl_1.0,kl,1.0,adaptive,8,0.015625,36,9,5,7,0.5555555555555556,0.10241066849034022,1.7407738095238094,0.1782738095238095,3,0,3,2,3,3,0.1388888888888889,0.6,5,1.0,470.4085,478.14410000000004,0,0,0,0,,0,0.6480000000000001,0.6480000000000001,0.3
0.04383680555555556,1.908493376048537,0.15615233221312216,3.2077783820231223,1.0,26.229166666666668,4.308379237545158,0.12298655143027931,1908.4933760485374,1012,3,walk,walk_adaptive_kl_1.0,kl,1.0,adaptive,8,0.015625,27,1,1,5,1.0,1.0,0.25,0.25,1,1,0,0,0,0,0.037037037037037035,1.0,1,1.0,468.0345,477.5121,0,0,0,0,,0,0.6480000000000001,0.6480000000000001,0.3
0.1046875,1.9993711218275745,0.16963193893092587,3.112188384521191,0.875,25.0625,4.142851125986391,0.09303177375088507,1999.371121827575,1013,0,walk,walk_adaptive_kl_1.0,kl,1.0,adaptive,8,0.015625,32,1,1,7,1.0,1.0,0.03125,0.03125,0,0,0,0,1,1,0.03125,1.0,1,1.0,465.7365,478.24025,0,0,0,0,,0,0.6480000000000001,0.6480000000000001,0.3
0.16994357638888888,1.9061612130594934,0.0885879634098057,2.9183369614315686,1.0,28.5,4.697694698544381,0.0813556129790832,1906.161213059495,1013,1,walk,walk_adaptive_kl_1.0,kl,1.0,adaptive,8,0.015625,36,3,3,9,1.0,1.0,0.06666666666666667,0.06666666666666667,0,0,0,0,3,3,0.08333333333333333,1.0,3,1.0,463.6885,512.2147,0,0,0,0,,0,0.6480000000000001,0.6480000000000001,0.3
0.06540798611111111,2.6973382097231373,0.1097877400542789,3.5109753084652215,0.9791666666666666,35.166666666666664,4.798602003481082,0.0742382063549795,2697.3382097231383,1013,2,walk,walk_adaptive_kl_1.0,kl,1.0,adaptive,8,0.015625,29,3,1,6,0.3333333333333333,0.01639344262295082,1.2708333333333333,0.020833333333333332,2,0,0,0,1,1,0.034482758620689655,0.3333333333333333,1,1.0,463.408,476.12225,0,0,0,0,,0,0.6480000000000001,0.6480000000000001,0.3
0.10598958333333335,2.501545475603803,0.08209947864791682,3.6902211137579175,0.875,34.5,4.846980141345959,0.044956679624577854,2501.545475603804,1013,3,walk,walk_adaptive_kl_1.0,kl,1.0,adaptive,8,0.015625,40,6,3,7,0.5,0.11475409836065573,0.6354166666666666,0.07291666666666666,2,0,1,0,3,3,0.075,1.0,3,1.0,475.135,902.00915,0,0,0,0,,0,0.6480000000000001,0.6480000000000001,0.3
0.092578125,1.7781803165511827,0.08173731537165944,2.991512061620593,1.0,36.291666666666664,4.967523655796607,0.03248163996434964,1778.180316551184,1014,0,walk,walk_adaptive_kl_1.0,kl,1.0,adaptive,8,0.015625,35,2,0,1,0.0,0.0,1.0625,0.0,1,0,1,0,0,0,0.0,0.0,0,1.0,463.70799999999997,502.72814999999997,0,0,0,0,,0,0.6480000000000001,0.6480000000000001,0.3
0.032421874999999996,3.105056482576245,0.06503741843924553,3.9973596915260434,0.8125,41.979166666666664,5.201486826758295,0.03261554343924553,3105.056482576245,1014,1,walk,walk_adaptive_kl_1.0,kl,1.0,adaptive,8,0.015625,36,1,0,3,0.0,0.0,0.0625,0.0,0,0,1,0,0,0,0.0,0.0,0,1.0,475.33500000000004,680.5,0,0,0,0,,0,0.6480000000000001,0.6480000000000001,0.3
0.12309027777777777,1.9275096687200268,0.0746953696393886,3.284634732886406,1.0,34.041666666666664,4.932112901649469,0.09966974834859162,1927.5096687200278,1014,2,walk,walk_adaptive_kl_1.0,kl,1.0,adaptive,8,0.015625,37,2,2,4,1.0,1.0,0.04583333333333334,0.04583333333333334,0,0,0,0,2,2,0.05405405405405406,1.0,2,1.0,460.654,473.17795,0,0,0,0,,0,0.6480000000000001,0.6480000000000001,0.3
0.011263020833333333,3.228300111562914,0.11119531436265291,4.226120567372826,0.9791666666666666,29.125,4.576901281674687,0.09993229352931958,3228.3001115629118,1014,3,walk,walk_adaptive_kl_1.0,kl,1.0,adaptive,8,0.015625,35,3,0,3,0.0,0.0,0.11458333333333333,0.0,0,0,1,0,2,0,0.0,0.0,0,1.0,465.576,503.38694999999996,0,0,0,0,,0,0.6480000000000001,0.6480000000000001,0.3
0.15093315972222224,2.3603608067728046,0.08503977079715136,3.0372180219680587,1.0,34.25,4.859040375966705,0.06589338892507088,2360.3608067728046,1015,0,walk,walk_adaptive_kl_1.0,kl,1.0,adaptive,8,0.015625,38,4,3,8,0.75,0.19230769230769232,0.3095238095238095,0.05952380952380952,1,0,0,0,3,3,0.07894736842105263,0.75,3,1.0,467.283,541.9713499999999,0,0,0,0,,0,0.6480000000000001,0.6480000000000001,0.3
0.25156249999999997,1.7589655343090742,0.16886303383661838,2.9719798480862987,0.9375,19.833333333333332,3.962097772859932,0.12368769160771659,1758.9655343090737,1015,1,walk,walk_adaptive_kl_1.0,kl,1.0,adaptive,8,0.015625,32,1,1,4,1.0,1.0,0.0625,0.0625,0,0,1,1,0,0,0.03125,1.0,1,1.0,460.399,472.9508,0,0,0,0,,0,0.6480000000000001,0.6480000000000001,0.3
0.0008680555555555555,1.7886325364607096,0.09160613623596496,2.9789772289711465,1.0,29.541666666666668,4.685234378580131,0.0907380806804094,1788.6325364607112,1015,2,walk,walk_adaptive_kl_1.0,kl,1.0,adaptive,8,0.015625,38,0,0,3,nan,nan,0.0,0.0,0,0,0,0,0,0,0.0,nan,0,1.0,460.43899999999996,473.4721,0,0,0,0,,0,0.6480000000000001,0.6480000000000001,0.3
0.30008680555555556,1.863981213385216,0.10890853542571877,2.732677307715558,0.8958333333333334,32.25,4.6696300458698135,0.1911782701298368,1863.9812133852163,1015,3,walk,walk_adaptive_kl_1.0,kl,1.0,adaptive,8,0.015625,36,2,2,4,1.0,1.0,0.04583333333333334,0.04583333333333334,0,0,0,0,2,2,0.05555555555555555,1.0,2,1.0,460.8195,481.5562,0,0,0,0,,0,0.6480000000000001,0.6480000000000001,0.3
0.3103515625,1.1580663163106688,0.17907238492364494,2.386900870901438,1.0,24.333333333333332,3.995797164507486,0.1312791775763551,1158.0663163106688,1016,0,walk,walk_adaptive_kl_1.0,kl,1.0,adaptive,8,0.015625,35,4,3,8,0.75,0.05352112676056338,1.056547619047619,0.05654761904761905,1,0,0,0,3,3,0.08571428571428572,1.0,3,1.0,467.6035,474.2445,0,0,0,0,,0,0.6480000000000001,0.6480000000000001,0.3
0.3556640625,2.1296923576938664,0.17932616923380248,2.4407532872662654,1.0,21.5,3.835544517165537,0.23061907414729735,2129.6923576938675,1016,1,walk,walk_adaptive_kl_1.0,kl,1.0,adaptive,8,0.015625,34,9,8,14,0.8888888888888888,0.4659885568976478,0.4681547619047619,0.2181547619047619,1,0,1,1,7,7,0.23529411764705882,1.0,8,1.0,467.254,481.2665,0,0,0,0,,0,0.6480000000000001,0.6480000000000001,0.3
0.0005208333333333333,2.622741528849644,0.07823689545269581,3.3226872546540562,1.0,35.395833333333336,4.935745928796722,0.07771606211936245,2622.7415288496445,1016,2,walk,walk_adaptive_kl_1.0,kl,1.0,adaptive,8,0.015625,37,3,3,7,1.0,1.0,0.08229166666666667,0.08229166666666667,0,0,1,1,2,2,0.08108108108108109,1.0,3,1.0,463.13250000000005,475.44915000000003,0,0,0,0,,0,0.6480000000000001,0.6480000000000001,0.3
0.0017375578703703702,2.0922482456318865,0.06796637512393426,3.06581292014603,1.0,43.583333333333336,5.306512460999822,0.06622881725356387,2092.2482456318867,1016,3,walk,walk_adaptive_kl_1.0,kl,1.0,adaptive,8,0.015625,40,6,5,5,0.8333333333333334,0.322944653412144,0.36924603174603177,0.11924603174603175,1,0,0,0,5,5,0.125,1.0,5,1.0,468.701,474.65065,0,0,0,0,,0,0.6480000000000001,0.6480000000000001,0.3
0.08333333333333333,1.962385482534781,0.15812345288669094,2.687390535564019,0.9583333333333334,21.5625,4.060857839105281,0.08503869611128756,1962.3854825347828,1017,0,walk,walk_adaptive_kl_1.0,kl,1.0,adaptive,8,0.015625,35,5,5,10,1.0,1.0,0.11577380952380951,0.11577380952380951,0,0,0,0,5,5,0.14285714285714285,1.0,5,1.0,462.77200000000005,482.80915,0,0,0,0,,0,0.6480000000000001,0.6480000000000001,0.3
0.08554997519841269,2.394611655061308,0.0827087517307212,3.6956843694433377,0.8958333333333334,29.875,4.721788166095565,0.04801491078742015,2394.611655061307,1017,1,walk,walk_adaptive_kl_1.0,kl,1.0,adaptive,8,0.015625,40,5,4,7,0.8,0.6557377049180327,0.18154761904761904,0.11904761904761904,0,0,2,1,3,3,0.1,1.0,4,1.0,467.664,475.9398,0,0,0,0,,0,0.6480000000000001,0.6480000000000001,0.3
0.110546875,1.9321852942667388,0.07979027154180618,3.255555057376189,1.0,40.416666666666664,5.102023300416059,0.04921613738325462,1932.1852942667394,1017,2,walk,walk_adaptive_kl_1.0,kl,1.0,adaptive,8,0.015625,34,5,2,4,0.4,0.1764705882352941,0.45535714285714285,0.08035714285714285,1,0,3,1,1,1,0.058823529411764705,0.5,2,1.0,469.597,484.60904999999997,0,0,0,0,,0,0.6480000000000001,0.6480000000000001,0.3
0.0030164930555555552,2.911058340555803,0.08997549316107549,3.8373300516760676,0.9583333333333334,38.395833333333336,4.977864591614211,0.08695900010551993,2911.0583405558027,1017,3,walk,walk_adaptive_kl_1.0,kl,1.0,adaptive,8,0.015625,38,2,2,5,1.0,1.0,0.08035714285714285,0.08035714285714285,0,0,1,1,1,1,0.05263157894736842,1.0,2,1.0,463.368,480.07465,0,0,0,0,,0,0.6480000000000001,0.6480000000000001,0.3
0.024674479166666666,1.9364449816923057,0.059122820407701525,3.3795136882823105,1.0,42.291666666666664,5.282179358163913,0.034448341241034845,1936.4449816923063,1018,0,walk,walk_adaptive_kl_1.0,kl,1.0,adaptive,8,0.015625,37,1,1,3,1.0,1.0,0.025,0.025,0,0,0,0,1,1,0.02702702702702703,1.0,1,1.0,462.616,476.6863,0,0,0,0,,0,0.6480000000000001,0.6480000000000001,0.3
0.1687127976190476,3.2794473928138292,0.10006066003413881,3.0751783579682725,1.0,28.0,4.543041979656512,0.15812743726064554,3279.4473928138286,1018,1,walk,walk_adaptive_kl_1.0,kl,1.0,adaptive,8,0.015625,39,3,1,5,0.3333333333333333,0.023809523809523815,1.0499999999999998,0.025,1,0,0,0,2,1,0.02564102564102564,0.3333333333333333,1,1.0,465.6005,476.93865,0,0,0,0,,0,0.6480000000000001,0.6480000000000001,0.3
0.18836805555555558,1.3400910592359827,0.15959308893843718,2.39595846075225,1.0,20.208333333333332,4.030051657187476,0.14424442365623324,1340.0910592359833,1018,2,walk,walk_adaptive_kl_1.0,kl,1.0,adaptive,8,0.015625,33,4,4,8,1.0,1.0,0.13958333333333334,0.13958333333333334,0,0,2,2,2,2,0.12121212121212122,1.0,4,1.0,465.681,473.7575,0,0,0,0,,0,0.6480000000000001,0.6480000000000001,0.3
0.2532769097222222,1.0052014640939495,0.17103908489891415,2.2942848044068387,1.0,20.458333333333332,4.021252125339393,0.13261236941806945,1005.2014640939497,1018,3,walk,walk_adaptive_kl_1.0,kl,1.0,adaptive,8,0.015625,37,4,4,7,1.0,1.0,0.34077380952380953,0.34077380952380953,1,1,1,1,2,2,0.10810810810810811,1.0,4,1.0,460.3885,487.94745,0,0,0,0,,0,0.6480000000000001,0.6480000000000001,0.3
0.007486979166666665,4.132916758773994,0.030335830078738222,4.084914480579864,1.0,56.604166666666664,5.850373749839297,0.022848850912071558,4132.916758773994,1019,0,walk,walk_adaptive_kl_1.0,kl,1.0,adaptive,8,0.015625,44,2,2,2,1.0,1.0,0.03571428571428571,0.03571428571428571,0,0,0,0,2,2,0.045454545454545456,1.0,2,1.0,468.911,474.88765,0,0,0,0,,0,0.6480000000000001,0.6480000000000001,0.3
0.06486545138888888,4.27276912794089,0.07951369217486405,3.528388507542125,1.0,38.833333333333336,5.070062656303267,0.040328715133363564,4272.769127940891,1019,1,walk,walk_adaptive_kl_1.0,kl,1.0,adaptive,8,0.015625,36,5,4,5,0.8,0.2663755458515284,0.3407738095238095,0.09077380952380952,1,0,0,0,4,4,0.1111111111111111,0.6666666666666666,4,1.0,467.7995,485.68815,0,0,0,0,,0,0.6480000000000001,0.6480000000000001,0.3
0.008695023148148148,2.4477471986432904,0.1396628558138672,3.4002008359207156,0.8958333333333334,21.604166666666668,4.095756704512512,0.13096783266571901,2447.747198643289,1019,2,walk,walk_adaptive_kl_1.0,kl,1.0,adaptive,8,0.015625,39,3,2,6,0.6666666666666666,0.25,0.3333333333333333,0.08333333333333333,1,0,1,1,1,1,0.05128205128205128,0.6666666666666666,2,1.0,468.8065,480.9258,0,0,0,0,,0,0.6480000000000001,0.6480000000000001,0.3
0.04322916666666667,2.171248508133147,0.11417344364348993,3.5019175145518413,1.0,31.291666666666668,4.6091735492564565,0.07094427697682328,2171.2485081331465,1019,3,walk,walk_adaptive_kl_1.0,kl,1.0,adaptive,8,0.015625,34,4,3,8,0.75,0.6551724137931034,0.18125,0.11875,0,0,2,1,2,2,0.08823529411764706,0.75,3,1.0,467.13800000000003,481.66525,0,0,0,0,,0,0.6480000000000001,0.6480000000000001,0.3
0.021354166666666664,3.940804956946511,0.08520048296587124,4.417157604561344,0.5833333333333334,32.791666666666664,4.763861963606567,0.0638463162992046,3940.8049569465097,1000,0,walk,walk_adaptive_kl_2.0,kl,2.0,adaptive,8,0.015625,34,8,6,7,0.75,0.4235807860262009,0.4770833333333333,0.20208333333333334,1,0,2,2,5,4,0.17647058823529413,1.0,6,1.0,456.5775,469.81465000000003,0,0,0,0,,0,0.6480000000000001,0.6480000000000001,0.3
0.007530381944444445,3.0513820343921356,0.0394684011922854,3.6004928192522194,1.0,50.270833333333336,5.601900348336422,0.03193801924784096,3051.3820343921348,1000,1,walk,walk_adaptive_kl_2.0,kl,2.0,adaptive,8,0.015625,40,2,1,2,0.5,0.058823529411764705,0.265625,0.015625,1,0,0,0,1,1,0.025,1.0,1,1.0,456.342,469.2858,0,0,0,0,,0,0.6480000000000001,0.6480000000000001,0.3
0.044900173611111115,1.771687474408848,0.20207869720115104,2.3564011017399586,1.0,18.895833333333332,3.752530838130155,0.1571785235900399,1771.6874744088493,1000,2,walk,walk_adaptive_kl_2.0,kl,2.0,adaptive,8,0.015625,36,3,3,7,1.0,1.0,0.22916666666666666,0.22916666666666666,1,1,2,2,0,0,0.08333333333333333,1.0,3,1.0,456.523,470.0738,0,0,0,0,,0,0.6480000000000001,0.6480000000000001,0.3
0.2713541666666667,1.3285832490313512,0.2675833068894033,2.2115598077235123,0.9375,17.333333333333332,3.3997297114867493,0.1262123820747504,1328.5832490313512,1000,3,walk,walk_adaptive_kl_2.0,kl,2.0,adaptive,8,0.015625,31,4,4,10,1.0,1.0,0.4444444444444444,0.4444444444444444,2,2,1,1,1,1,0.12903225806451613,1.0,4,1.0,454.3145,467.01315,0,0,0,0,,0,0.6480000000000001,0.6480000000000001,0.3
0.0841796875,2.438683807546749,0.14622823523375816,3.3748139502615477,0.9791666666666666,41.708333333333336,4.807210552529719,0.10151462170609422,2438.683807546749,1001,0,walk,walk_adaptive_kl_2.0,kl,2.0,adaptive,8,0.015625,35,3,2,3,0.6666666666666666,0.8333333333333334,1.5,1.25,3,2,0,0,0,0,0.05714285714285714,0.6666666666666666,2,1.0,461.405,483.73065,0,0,0,0,,0,0.6480000000000001,0.6480000000000001,0.3
0.16731770833333334,1.4937578143800316,0.11953159028790226,2.8515837947769342,1.0,27.041666666666668,4.4966294673323395,0.12857364421309242,1493.7578143800326,1001,1,walk,walk_adaptive_kl_2.0,kl,2.0,adaptive,8,0.015625,34,4,4,7,1.0,1.0,0.17708333333333331,0.17708333333333331,0,0,2,2,2,2,0.11764705882352941,1.0,4,1.0,460.3385,470.6528,0,0,0,0,,0,0.6480000000000001,0.6480000000000001,0.3
0.0018446180555555553,3.3335135437115304,0.13045473399738403,3.624741377420498,0.9166666666666666,24.395833333333332,4.328670728871061,0.12861011594182842,3333.513543711533,1001,2,walk,walk_adaptive_kl_2.0,kl,2.0,adaptive,8,0.015625,36,3,3,8,1.0,1.0,0.05357142857142857,0.05357142857142857,0,0,0,0,3,3,0.08333333333333333,1.0,3,1.0,462.947,482.34135,0,0,0,0,,0,0.6480000000000001,0.6480000000000001,0.3
0.12586805555555555,2.5940252433292024,0.17777792113760307,3.0048988768781277,0.9375,18.416666666666668,3.8817030354610575,0.1347563546809613,2594.0252433292035,1001,3,walk,walk_adaptive_kl_2.0,kl,2.0,adaptive,8,0.015625,32,5,4,7,0.8,0.5555555555555556,0.5625,0.3125,2,1,0,0,3,3,0.125,1.0,4,1.0,455.76149999999996,471.6683,0,0,0,0,,0,0.6480000000000001,0.6480000000000001,0.3
0.08717757936507936,2.4289045763271706,0.06533746399457106,3.419921547248945,1.0,40.666666666666664,5.1104379787160426,0.05098109669057502,2428.9045763271724,1002,0,walk,walk_adaptive_kl_2.0,kl,2.0,adaptive,8,0.015625,43,3,3,6,1.0,1.0,0.06696428571428571,0.06696428571428571,0,0,0,0,3,3,0.06976744186046512,1.0,3,1.0,458.9015,471.12579999999997,0,0,0,0,,0,0.6480000000000001,0.6480000000000001,0.3
0.20833333333333334,2.0682936907526757,0.20180617406646098,3.125996829969012,0.9583333333333334,25.895833333333332,4.101785491098816,0.053249113766265725,2068.2936907526755,1002,1,walk,walk_adaptive_kl_2.0,kl,2.0,adaptive,8,0.015625,35,6,5,10,0.8333333333333334,0.5746835443037974,0.5877976190476191,0.337797619047619,2,1,0,0,4,4,0.14285714285714285,1.0,5,1.0,457.97950000000003,540.0367499999999,0,0,0,0,,0,0.6480000000000001,0.6480000000000001,0.3
0.027604166666666666,1.6144734649098353,0.08656808405064559,2.9375820316898786,1.0,30.145833333333332,4.675291428758453,0.05896391738397894,1614.4734649098366,1002,2,walk,walk_adaptive_kl_2.0,kl,2.0,adaptive,8,0.015625,39,3,1,5,0.3333333333333333,0.01639344262295082,1.2708333333333333,0.020833333333333332,2,0,0,0,1,1,0.02564102564102564,0.5,1,1.0,457.06899999999996,466.89979999999997,0,0,0,0,,0,0.6480000000000001,0.6480000000000001,0.3
0.0005208333333333333,2.1546037946172096,0.1146808481376898,3.5618598166289765,0.9166666666666666,25.291666666666668,4.4530625880614485,0.11416001480435645,2154.603794617211,1002,3,walk,walk_adaptive_kl_2.0,kl,2.0,adaptive,8,0.015625,35,4,4,7,1.0,1.0,0.12291666666666667,0.12291666666666667,0,0,1,1,3,3,0.11428571428571428,1.0,4,1.0,460.79449999999997,469.3915,0,0,0,0,,0,0.6480000000000001,0.6480000000000001,0.3
0.10501302083333335,2.0677282470482323,0.17203411590614137,2.8748966546900916,1.0,27.4375,4.2280582893713925,0.1092640377243224,2067.7282470482337,1003,0,walk,walk_adaptive_kl_2.0,kl,2.0,adaptive,8,0.015625,38,4,4,9,1.0,1.0,0.35535714285714287,0.35535714285714287,1,1,1,1,2,2,0.10526315789473684,1.0,4,1.0,458.9315,467.719,0,0,0,0,,0,0.6480000000000001,0.6480000000000001,0.3
0.2392578125,1.373769596305668,0.1847991597787009,2.5130327364145053,1.0,19.6875,3.877953644828382,0.09477537466322383,1373.7695963056685,1003,1,walk,walk_adaptive_kl_2.0,kl,2.0,adaptive,8,0.015625,35,7,7,12,1.0,1.0,1.4657738095238095,1.4657738095238095,2,2,3,3,2,2,0.2,1.0,7,1.0,461.17949999999996,472.79545,0,0,0,0,,0,0.6480000000000001,0.6480000000000001,0.3
0.19062500000000002,1.6673008549412698,0.20644766984701482,2.3991159609208874,1.0,27.854166666666668,4.023746750003056,0.08488324876383103,1667.3008549412714,1003,2,walk,walk_adaptive_kl_2.0,kl,2.0,adaptive,8,0.015625,40,3,3,7,1.0,1.0,0.125,0.125,0,0,1,1,2,2,0.075,1.0,3,1.0,463.348,470.78015,0,0,0,0,,0,0.6480000000000001,0.6480000000000001,0.3
0.31649305555555557,1.5779211076642976,0.14242146176470744,2.5499791547646278,1.0,28.479166666666668,4.341989969272706,0.21613427203444388,1577.921107664298,1003,3,walk,walk_adaptive_kl_2.0,kl,2.0,adaptive,8,0.015625,40,2,2,5,1.0,1.0,0.046875,0.046875,0,0,0,0,2,2,0.05,1.0,2,1.0,461.2595,761.3552999999998,0,0,0,0,,0,0.6480000000000001,0.6480000000000001,0.3
0.1060474537037037,2.31367745205057,0.07605205142848147,3.9377898101554245,0.8541666666666666,38.354166666666664,5.053480076639728,0.0803483875618914,2313.677452050571,1004,0,walk,walk_adaptive_kl_2.0,kl,2.0,adaptive,8,0.015625,39,7,5,6,0.7142857142857143,0.19706866337422335,0.622718253968254,0.12271825396825398,2,0,0,0,5,5,0.1282051282051282,0.6,5,1.0,464.70500000000004,467.8765,0,0,0,0,,0,0.6480000000000001,0.6480000000000001,0.3
0.25329694177350426,1.5379806964147626,0.12140639836299322,2.8290576417622613,1.0,25.104166666666668,4.373621095240364,0.13189054341051107,1537.980696414763,1004,1,walk,walk_adaptive_kl_2.0,kl,2.0,adaptive,8,0.015625,36,3,3,5,1.0,1.0,0.11458333333333333,0.11458333333333333,0,0,1,1,2,2,0.08333333333333333,1.0,3,1.0,457.209,476.8259,0,0,0,0,,0,0.6480000000000001,0.6480000000000001,0.3
0.22960069444444442,2.102654862057871,0.15277104044883144,2.7046297041602574,0.9583333333333334,22.145833333333332,4.1355026891294715,0.15442632963881917,2102.654862057871,1004,2,walk,walk_adaptive_kl_2.0,kl,2.0,adaptive,8,0.015625,34,9,7,12,0.7777777777777778,0.2876325088339223,0.7018849206349206,0.20188492063492064,2,0,1,1,6,6,0.20588235294117646,0.8,7,1.0,459.6775,473.1929,0,0,0,0,,0,0.6480000000000001,0.6480000000000001,0.3
0.1494140625,1.5693231322950636,0.21559678101026739,2.4903680793271334,0.9375,16.6875,3.619666187692274,0.1364718900397807,1569.3231322950642,1004,3,walk,walk_adaptive_kl_2.0,kl,2.0,adaptive,8,0.015625,33,3,2,6,0.6666666666666666,0.42857142857142855,0.4375,0.1875,2,1,1,1,0,0,0.06060606060606061,1.0,2,1.0,459.1115,469.51715,0,0,0,0,,0,0.6480000000000001,0.6480000000000001,0.3
0.3205295138888889,1.284765141528968,0.1500689569368099,2.5110555149227483,1.0,20.4375,4.0411694846526025,0.2228168241016111,1284.7651415289686,1005,0,walk,walk_adaptive_kl_2.0,kl,2.0,adaptive,8,0.015625,33,4,4,7,1.0,1.0,0.28869047619047616,0.28869047619047616,2,2,0,0,2,2,0.12121212121212122,1.0,4,1.0,459.2315,468.46815,0,0,0,0,,0,0.6480000000000001,0.6480000000000001,0.3
0.27997271825396824,1.3723102045203077,0.16713936250705078,2.299663984107866,1.0,22.541666666666668,4.015932178728794,0.11472579375633991,1372.3102045203075,1005,1,walk,walk_adaptive_kl_2.0,kl,2.0,adaptive,8,0.015625,37,5,5,7,1.0,1.0,0.15550595238095236,0.15550595238095236,0,0,2,2,3,3,0.13513513513513514,1.0,5,1.0,463.663,469.30315,0,0,0,0,,0,0.6480000000000001,0.6480000000000001,0.3
0.3345982142857143,1.2259049638332613,0.12191647585341542,2.9639354667736693,0.9583333333333334,29.895833333333332,4.559689485949108,0.2126817384322989,1225.9049638332622,1005,2,walk,walk_adaptive_kl_2.0,kl,2.0,adaptive,8,0.015625,36,5,4,6,0.8,0.5613577023498695,0.5699404761904762,0.31994047619047616,2,1,0,0,3,3,0.1111111111111111,1.0,4,1.0,458.571,470.4025,0,0,0,0,,0,0.6480000000000001,0.6480000000000001,0.3
0.0107421875,3.7838494727053926,0.04880207678426939,3.9206970588097345,0.7291666666666666,50.104166666666664,5.545873224246338,0.03805988928426939,3783.8494727053953,1005,3,walk,walk_adaptive_kl_2.0,kl,2.0,adaptive,8,0.015625,39,5,3,3,0.6,0.046056782334384865,1.179315476190476,0.05431547619047619,2,0,0,0,3,3,0.07692307692307693,0.75,3,1.0,462.4665,467.91900000000004,0,0,0,0,,0,0.6480000000000001,0.6480000000000001,0.3
0.07421875,1.9032849343541942,0.15937157425739185,2.9614555194745074,0.8958333333333334,20.770833333333332,4.071720745611126,0.1097208838243454,1903.284934354193,1006,0,walk,walk_adaptive_kl_2.0,kl,2.0,adaptive,8,0.015625,31,4,3,7,0.75,0.1111111111111111,1.125,0.125,1,0,1,1,2,2,0.0967741935483871,0.6666666666666666,3,1.0,464.7695,471.66195,0,0,0,0,,0,0.6480000000000001,0.6480000000000001,0.3
0.41180555555555554,1.1091286817827897,0.11621026764400111,2.7913447989496114,1.0,32.0,4.666518695012297,0.3656712181198533,1109.1286817827897,1006,1,walk,walk_adaptive_kl_2.0,kl,2.0,adaptive,8,0.015625,38,1,1,5,1.0,1.0,0.017857142857142856,0.017857142857142856,0,0,0,0,1,1,0.02631578947368421,1.0,1,1.0,458.4705,490.71779999999995,0,0,0,0,,0,0.6480000000000001,0.6480000000000001,0.3
0.06400359623015874,2.4245619605361717,0.10846874288566133,2.9692555314779896,1.0,32.291666666666664,4.665503110921413,0.04446514665550263,2424.561960536172,1006,2,walk,walk_adaptive_kl_2.0,kl,2.0,adaptive,8,0.015625,38,4,3,8,0.75,0.30769230769230765,0.3611111111111111,0.1111111111111111,1,0,1,1,2,2,0.07894736842105263,0.6666666666666666,3,1.0,458.40999999999997,471.67225,0,0,0,0,,0,0.6480000000000001,0.6480000000000001,0.3
0.3287760416666667,0.9242382196604827,0.2748223549910353,1.8628594796633136,1.0,16.583333333333332,3.3945046850041742,0.185423210992244,924.2382196604825,1006,3,walk,walk_adaptive_kl_2.0,kl,2.0,adaptive,8,0.015625,36,0,0,4,nan,nan,0.0,0.0,0,0,0,0,0,0,0.0,nan,0,1.0,463.0725,469.6101,0,0,0,0,,0,0.6480000000000001,0.6480000000000001,0.3
0.1044921875,1.9743051332869113,0.12381551970466743,3.026466803170044,1.0,32.395833333333336,4.675518706428609,0.06854430911464633,1974.3051332869118,1007,0,walk,walk_adaptive_kl_2.0,kl,2.0,adaptive,8,0.015625,30,0,0,5,nan,nan,0.0,0.0,0,0,0,0,0,0,0.0,nan,0,1.0,462.131,482.83335,0,0,0,0,,0,0.6480000000000001,0.6480000000000001,0.3
0.1978081597222222,1.4043186533785275,0.09638272322859459,2.7895247298654042,1.0,27.145833333333332,4.611048772625654,0.11845408568198706,1404.3186533785276,1007,1,walk,walk_adaptive_kl_2.0,kl,2.0,adaptive,8,0.015625,38,3,3,4,1.0,1.0,0.19166666666666665,0.19166666666666665,1,1,1,1,1,1,0.07894736842105263,1.0,3,1.0,459.9825,479.138,0,0,0,0,,0,0.6480000000000001,0.6480000000000001,0.3
0.2713541666666667,1.220908068145822,0.22767523324100739,2.0596798520475077,1.0,17.604166666666668,3.5976846875441653,0.16042826448010514,1220.908068145822,1007,2,walk,walk_adaptive_kl_2.0,kl,2.0,adaptive,8,0.015625,35,3,3,8,1.0,1.0,0.203125,0.203125,1,1,1,1,1,1,0.08571428571428572,1.0,3,1.0,456.71299999999997,467.7758,0,0,0,0,,0,0.6480000000000001,0.6480000000000001,0.3
0.32269965277777773,1.6480955700800575,0.12310173514639604,3.0364243284260333,0.9583333333333334,26.4375,4.384509466324064,0.1995979176313817,1648.0955700800585,1007,3,walk,walk_adaptive_kl_2.0,kl,2.0,adaptive,8,0.015625,36,2,2,4,1.0,1.0,0.08333333333333333,0.08333333333333333,0,0,2,2,0,0,0.05555555555555555,1.0,2,1.0,457.219,468.5175,0,0,0,0,,0,0.6480000000000001,0.6480000000000001,0.3
0.29348958333333336,1.589255529530331,0.1082999931628187,2.7145816553257767,1.0,27.75,4.521357569984045,0.18518959017051465,1589.255529530331,1008,0,walk,walk_adaptive_kl_2.0,kl,2.0,adaptive,8,0.015625,36,3,3,8,1.0,1.0,0.054315476190476185,0.054315476190476185,0,0,0,0,3,3,0.08333333333333333,1.0,3,1.0,462.517,470.13415,0,0,0,0,,0,0.6480000000000001,0.6480000000000001,0.3
0.20876736111111108,2.256446242725876,0.13187019645422385,3.4393106859656766,0.7916666666666666,33.479166666666664,4.62618439261098,0.08433036058492005,2256.4462427258773,1008,1,walk,walk_adaptive_kl_2.0,kl,2.0,adaptive,8,0.015625,34,3,3,7,1.0,1.0,0.3020833333333333,0.3020833333333333,1,1,0,0,2,2,0.08823529411764706,1.0,3,1.0,465.4405,475.3989,0,0,0,0,,0,0.6480000000000001,0.6480000000000001,0.3
0.10779079861111111,3.6455871472013737,0.06382570305338123,3.9793280746307604,0.75,43.645833333333336,5.344472750224518,0.05232525166998919,3645.5871472013737,1008,2,walk,walk_adaptive_kl_2.0,kl,2.0,adaptive,8,0.015625,34,3,3,5,1.0,1.0,0.07638888888888888,0.07638888888888888,0,0,0,0,3,3,0.08823529411764706,1.0,3,1.0,459.0115,470.3,0,0,0,0,,0,0.6480000000000001,0.6480000000000001,0.3
0.08667534722222221,1.8314152353827415,0.06437626716332234,3.26344794416995,1.0,42.083333333333336,5.217452384865027,0.08669439329392403,1831.4152353827424,1008,3,walk,walk_adaptive_kl_2.0,kl,2.0,adaptive,8,0.015625,39,1,1,3,1.0,1.0,0.015625,0.015625,0,0,0,0,1,1,0.02564102564102564,1.0,1,1.0,460.45849999999996,471.361,0,0,0,0,,0,0.6480000000000001,0.6480000000000001,0.3
0.0003255208333333333,5.290624654075812,0.07640540947330998,4.590398806726203,0.875,44.041666666666664,5.2444424384606805,0.07607988863997665,5290.624654075814,1009,0,walk,walk_adaptive_kl_2.0,kl,2.0,adaptive,8,0.015625,40,2,1,4,0.5,0.06666666666666667,0.26785714285714285,0.017857142857142856,1,0,0,0,1,1,0.025,0.5,1,1.0,468.24,474.15,0,0,0,0,,0,0.6480000000000001,0.6480000000000001,0.3
0.09884982638888888,2.05172869215864,0.10990967623399477,3.101126010059128,1.0,25.833333333333332,4.483146133966325,0.030951524734714474,2051.7286921586397,1009,1,walk,walk_adaptive_kl_2.0,kl,2.0,adaptive,8,0.015625,36,5,5,8,1.0,1.0,0.1636904761904762,0.1636904761904762,0,0,2,2,3,3,0.1388888888888889,1.0,5,1.0,463.0325,479.2529,0,0,0,0,,0,0.6480000000000001,0.6480000000000001,0.3
0.14739583333333334,1.7081233219517575,0.14628521082794546,2.885922505857671,0.9791666666666666,26.770833333333332,4.320532584195378,0.0898496321522345,1708.1233219517578,1009,2,walk,walk_adaptive_kl_2.0,kl,2.0,adaptive,8,0.015625,31,3,3,8,1.0,1.0,0.06944444444444445,0.06944444444444445,0,0,0,0,3,3,0.0967741935483871,1.0,3,1.0,465.065,474.18059999999997,0,0,0,0,,0,0.6480000000000001,0.6480000000000001,0.3
0.005186631944444444,3.4379116463298587,0.08222400054838064,3.985518064785858,0.9583333333333334,45.1875,5.223502776163363,0.07703736860393619,3437.911646329861,1009,3,walk,walk_adaptive_kl_2.0,kl,2.0,adaptive,8,0.015625,37,4,4,5,1.0,1.0,0.11979166666666666,0.11979166666666666,0,0,1,1,3,3,0.10810810810810811,1.0,4,1.0,459.3765,470.94800000000004,0,0,0,0,,0,0.6480000000000001,0.6480000000000001,0.3
0.23386896761392728,1.4874999788462613,0.1528481506742093,2.5846469906183867,1.0,26.291666666666668,4.263138863942775,0.14759969305051235,1487.4999788462617,1010,0,walk,walk_adaptive_kl_2.0,kl,2.0,adaptive,8,0.015625,37,1,1,3,1.0,1.0,0.25,0.25,1,1,0,0,0,0,0.02702702702702703,1.0,1,1.0,458.851,475.41225000000003,0,0,0,0,,0,0.6480000000000001,0.6480000000000001,0.3
0.0037760416666666667,3.2677385887231654,0.0888443366344099,4.5963423825719785,0.6458333333333334,36.270833333333336,4.933725417875439,0.08506829496774325,3267.738588723165,1010,1,walk,walk_adaptive_kl_2.0,kl,2.0,adaptive,8,0.015625,38,4,3,7,0.75,0.5161290322580646,0.12916666666666665,0.06666666666666667,0,0,1,0,3,3,0.07894736842105263,0.75,3,1.0,463.8935,475.4281,0,0,0,0,,0,0.6480000000000001,0.6480000000000001,0.3
0.04322916666666667,1.7266735371105277,0.11864977681441657,2.7142733261721514,0.9791666666666666,27.458333333333332,4.446129209376753,0.07542061014774988,1726.673537110529,1010,2,walk,walk_adaptive_kl_2.0,kl,2.0,adaptive,8,0.015625,34,3,2,8,0.6666666666666666,0.2727272727272727,0.34375,0.09375,1,0,1,1,1,1,0.058823529411764705,0.6666666666666666,2,1.0,460.3935,490.13554999999997,0,0,0,0,,0,0.6480000000000001,0.6480000000000001,0.3
0.1791015625,1.2604680600545122,0.17987875131355732,2.467305004361766,0.9791666666666666,25.625,4.111569507481118,0.265339725621671,1260.4680600545123,1010,3,walk,walk_adaptive_kl_2.0,kl,2.0,adaptive,8,0.015625,35,4,4,7,1.0,1.0,0.07738095238095238,0.07738095238095238,0,0,0,0,4,4,0.11428571428571428,1.0,4,1.0,465.371,487.8961,0,0,0,0,,0,0.6480000000000001,0.6480000000000001,0.3
0.08483692956349205,3.013108575686671,0.07389866418270877,3.7752811478437454,0.8125,32.541666666666664,4.879023649699733,0.011945844036252934,3013.108575686672,1011,0,walk,walk_adaptive_kl_2.0,kl,2.0,adaptive,8,0.015625,40,2,2,4,1.0,1.0,0.04583333333333334,0.04583333333333334,0,0,0,0,2,2,0.05,1.0,2,1.0,458.06,484.4904,0,0,0,0,,0,0.6480000000000001,0.6480000000000001,0.3
0.17536168981481481,2.557723975096291,0.2597682644885562,4.0143410105270805,0.6875,13.458333333333334,3.2142538419418343,0.14059476919032163,2557.7239750962913,1011,1,walk,walk_adaptive_kl_2.0,kl,2.0,adaptive,8,0.015625,34,2,1,7,0.5,0.020408163265306124,1.0208333333333333,0.020833333333333332,1,0,0,0,1,1,0.029411764705882353,0.5,1,1.0,458.9515,469.60245,0,0,0,0,,0,0.6480000000000001,0.6480000000000001,0.3
0.0646484375,2.381838725583351,0.062407286979448834,3.1375509791262917,1.0,42.3125,5.206553094889247,0.02723166627229283,2381.838725583351,1011,2,walk,walk_adaptive_kl_2.0,kl,2.0,adaptive,8,0.015625,34,3,2,2,0.6666666666666666,0.04680851063829788,1.0491071428571428,0.049107142857142856,1,0,0,0,2,2,0.058823529411764705,0.6666666666666666,2,1.0,465.396,476.99875,0,0,0,0,,0,0.6480000000000001,0.6480000000000001,0.3
0.0216796875,2.975427277280201,0.07974547233733832,3.6424305523981135,0.9166666666666666,36.6875,4.9513207544547,0.058065784837338326,2975.4272772802,1011,3,walk,walk_adaptive_kl_2.0,kl,2.0,adaptive,8,0.015625,41,5,5,6,1.0,1.0,0.18348214285714284,0.18348214285714284,0,0,2,2,3,3,0.12195121951219512,1.0,5,1.0,463.85400000000004,489.44104999999996,0,0,0,0,,0,0.6480000000000001,0.6480000000000001,0.3
0.4173177083333333,2.0355257619558507,0.2426294384553446,2.3099460927381195,1.0,25.208333333333332,3.840875208807103,0.21199436424193166,2035.5257619558504,1012,0,walk,walk_adaptive_kl_2.0,kl,2.0,adaptive,8,0.015625,33,4,3,8,0.75,0.8352941176470589,1.5178571428571428,1.2678571428571428,3,2,0,0,1,1,0.09090909090909091,0.6666666666666666,3,1.0,462.231,480.62829999999997,0,0,0,0,,0,0.6480000000000001,0.6480000000000001,0.3
0.07508680555555555,1.8025454775987164,0.25381137345348515,2.458880605969141,1.0,14.0,3.366347113714074,0.18980877546578603,1802.5454775987164,1012,1,walk,walk_adaptive_kl_2.0,kl,2.0,adaptive,8,0.015625,35,3,2,5,0.6666666666666666,0.2727272727272727,1.375,0.375,3,2,0,0,0,0,0.05714285714285714,0.6666666666666666,2,1.0,464.30449999999996,472.55095,0,0,0,0,,0,0.6480000000000001,0.6480000000000001,0.3
0.07052951388888888,1.5217369710310928,0.22173505982493688,2.672397513446578,1.0,27.208333333333332,3.9955342836713172,0.15120554593604787,1521.736971031094,1012,2,walk,walk_adaptive_kl_2.0,kl,2.0,adaptive,8,0.015625,36,9,8,11,0.8888888888888888,0.8563857069584544,1.7407738095238094,1.4907738095238094,3,2,3,3,3,3,0.2222222222222222,1.0,8,1.0,462.206,470.8745,0,0,0,0,,0,0.6480000000000001,0.6480000000000001,0.3
0.0021701388888888886,2.5504060492007747,0.15134491884726256,3.6930427393069416,0.8541666666666666,22.479166666666668,4.11419064577943,0.14917477995837367,2550.406049200775,1012,3,walk,walk_adaptive_kl_2.0,kl,2.0,adaptive,8,0.015625,27,1,1,6,1.0,1.0,0.25,0.25,1,1,0,0,0,0,0.037037037037037035,1.0,1,1.0,457.98,498.6585,0,0,0,0,,0,0.6480000000000001,0.6480000000000001,0.3
0.22968750000000002,1.9151357333319015,0.12879917487047113,3.128045774987497,0.875,23.583333333333332,4.261967743832767,0.13422087690076084,1915.1357333319017,1013,0,walk,walk_adaptive_kl_2.0,kl,2.0,adaptive,8,0.015625,32,1,1,6,1.0,1.0,0.03125,0.03125,0,0,0,0,1,1,0.03125,1.0,1,1.0,462.161,472.14965,0,0,0,0,,0,0.6480000000000001,0.6480000000000001,0.3
0.10744357638888889,1.7804219035296864,0.09682385230507039,3.0997079177808105,1.0,32.041666666666664,4.775704303682096,0.026624951344184283,1780.4219035296865,1013,1,walk,walk_adaptive_kl_2.0,kl,2.0,adaptive,8,0.015625,36,3,3,7,1.0,1.0,0.06666666666666667,0.06666666666666667,0,0,0,0,3,3,0.08333333333333333,1.0,3,1.0,463.053,470.86765,0,0,0,0,,0,0.6480000000000001,0.6480000000000001,0.3
0.10707465277777778,2.4912914090876197,0.1415240137132126,3.1203439760662266,1.0,31.125,4.525012104827886,0.13104023492185876,2491.2914090876216,1013,2,walk,walk_adaptive_kl_2.0,kl,2.0,adaptive,8,0.015625,29,3,1,8,0.3333333333333333,0.01639344262295082,1.2708333333333333,0.020833333333333332,2,0,0,0,1,1,0.034482758620689655,0.3333333333333333,1,1.0,459.24699999999996,471.91215,0,0,0,0,,0,0.6480000000000001,0.6480000000000001,0.3
0.04348958333333333,2.2423475644940667,0.06454395296379276,3.221911306961447,1.0,37.3125,5.088580667341865,0.024934638181865827,2242.3475644940672,1013,3,walk,walk_adaptive_kl_2.0,kl,2.0,adaptive,8,0.015625,40,6,4,5,0.6666666666666666,0.21311475409836064,0.6354166666666666,0.13541666666666666,2,0,1,1,3,3,0.1,1.0,4,1.0,463.433,476.39695,0,0,0,0,,0,0.6480000000000001,0.6480000000000001,0.3
0.32369791666666664,1.142053988038236,0.10213289829141732,2.6061276374235622,1.0,29.541666666666668,4.668832355703461,0.2215650183752493,1142.0539880382362,1014,0,walk,walk_adaptive_kl_2.0,kl,2.0,adaptive,8,0.015625,35,2,1,1,0.5,0.058823529411764705,1.0625,0.0625,1,0,1,1,0,0,0.02857142857142857,1.0,1,1.0,459.8875,471.0495,0,0,0,0,,0,0.6480000000000001,0.6480000000000001,0.3
0.06888020833333333,1.6885391383450055,0.14347829971936973,2.8980086255683855,0.9375,25.625,4.2638221619067185,0.08000309326208743,1688.5391383450078,1014,1,walk,walk_adaptive_kl_2.0,kl,2.0,adaptive,8,0.015625,36,1,1,4,1.0,1.0,0.0625,0.0625,0,0,1,1,0,0,0.027777777777777776,1.0,1,1.0,461.129,470.24925,0,0,0,0,,0,0.6480000000000001,0.6480000000000001,0.3
0.1439236111111111,2.0759187068129017,0.06271312201025941,3.3294804449322393,1.0,44.604166666666664,5.371298278446897,0.0812104891008517,2075.9187068129017,1014,2,walk,walk_adaptive_kl_2.0,kl,2.0,adaptive,8,0.015625,37,2,2,3,1.0,1.0,0.04583333333333334,0.04583333333333334,0,0,0,0,2,2,0.05405405405405406,1.0,2,1.0,460.5135,471.2285,0,0,0,0,,0,0.6480000000000001,0.6480000000000001,0.3
0.011263020833333333,2.2819737286177877,0.0873625601452917,3.62946142384269,1.0,33.645833333333336,4.873047701628232,0.07609953931195836,2281.973728617788,1014,3,walk,walk_adaptive_kl_2.0,kl,2.0,adaptive,8,0.015625,35,3,2,3,0.6666666666666666,0.7272727272727273,0.11458333333333333,0.08333333333333333,0,0,1,1,2,1,0.05714285714285714,1.0,2,1.0,461.72,471.17,0,0,0,0,,0,0.6480000000000001,0.6480000000000001,0.3
0.043294270833333336,2.850185297910167,0.08509976055603787,3.5891329374816294,1.0,34.104166666666664,4.853615101680199,0.041805489722704536,2850.1852979101677,1015,0,walk,walk_adaptive_kl_2.0,kl,2.0,adaptive,8,0.015625,38,4,3,8,0.75,0.19230769230769232,0.3095238095238095,0.05952380952380952,1,0,0,0,3,3,0.07894736842105263,0.75,3,1.0,465.155,480.018,0,0,0,0,,0,0.6480000000000001,0.6480000000000001,0.3
0.1890625,1.8189953093260371,0.1885173206280399,3.0082238375118795,0.875,18.166666666666668,3.790753443059319,0.11231702910564871,1818.9953093260374,1015,1,walk,walk_adaptive_kl_2.0,kl,2.0,adaptive,8,0.015625,32,1,1,6,1.0,1.0,0.0625,0.0625,0,0,1,1,0,0,0.03125,1.0,1,1.0,461.5405,471.81480000000005,0,0,0,0,,0,0.6480000000000001,0.6480000000000001,0.3
0.0008680555555555555,2.158934736481332,0.09762864942824549,3.1048459340558963,1.0,28.9375,4.630084509054079,0.09676059387268991,2158.9347364813307,1015,2,walk,walk_adaptive_kl_2.0,kl,2.0,adaptive,8,0.015625,38,0,0,3,nan,nan,0.0,0.0,0,0,0,0,0,0,0.0,nan,0,1.0,460.7885,478.24915,0,0,0,0,,0,0.6480000000000001,0.6480000000000001,0.3
0.4398148148148148,3.497400164628473,0.08134272959005992,3.100816140398019,0.9375,39.5625,5.069731747992761,0.3584720852247549,3497.400164628473,1015,3,walk,walk_adaptive_kl_2.0,kl,2.0,adaptive,8,0.015625,36,2,2,3,1.0,1.0,0.04583333333333334,0.04583333333333334,0,0,0,0,2,2,0.05555555555555555,1.0,2,1.0,463.944,485.27945,0,0,0,0,,0,0.6480000000000001,0.6480000000000001,0.3
0.3103515625,1.0979340346987383,0.24837053027010422,2.143818070178071,1.0,24.583333333333332,3.7997705774516963,0.09240294517633947,1097.934034698738,1016,0,walk,walk_adaptive_kl_2.0,kl,2.0,adaptive,8,0.015625,35,4,4,8,1.0,1.0,1.056547619047619,1.056547619047619,1,1,0,0,3,3,0.11428571428571428,1.0,4,1.0,467.4945,482.11019999999996,0,0,0,0,,0,0.6480000000000001,0.6480000000000001,0.3
0.12649739583333333,2.2479611153661154,0.15858795969015108,2.8436873115459407,1.0,26.458333333333332,4.256366078530889,0.08078999494421085,2247.9611153661167,1016,1,walk,walk_adaptive_kl_2.0,kl,2.0,adaptive,8,0.015625,34,9,8,10,0.8888888888888888,0.4659885568976478,0.4681547619047619,0.2181547619047619,1,0,1,1,7,7,0.23529411764705882,1.0,8,1.0,463.068,494.26919999999996,0,0,0,0,,0,0.6480000000000001,0.6480000000000001,0.3
0.18802083333333333,2.26486349583145,0.09154627214564993,3.185810035127206,1.0,35.416666666666664,4.900428191121982,0.15746694218264298,2264.863495831451,1016,2,walk,walk_adaptive_kl_2.0,kl,2.0,adaptive,8,0.015625,37,3,3,7,1.0,1.0,0.08229166666666667,0.08229166666666667,0,0,1,1,2,2,0.08108108108108109,1.0,3,1.0,460.5685,474.03929999999997,0,0,0,0,,0,0.6480000000000001,0.6480000000000001,0.3
0.3142375578703704,1.2883319802099586,0.11906771221290019,2.5146493282359814,1.0,30.645833333333332,4.61197217103969,0.25722719139782263,1288.3319802099588,1016,3,walk,walk_adaptive_kl_2.0,kl,2.0,adaptive,8,0.015625,40,6,6,8,1.0,1.0,0.36924603174603177,0.36924603174603177,1,1,0,0,5,5,0.15,1.0,6,1.0,465.6015,479.52164999999997,0,0,0,0,,0,0.6480000000000001,0.6480000000000001,0.3
0.10416666666666667,1.984699395281978,0.15616494225147728,2.790657648020694,0.9583333333333334,22.520833333333332,4.116649113410841,0.0708405513503426,1984.699395281981,1017,0,walk,walk_adaptive_kl_2.0,kl,2.0,adaptive,8,0.015625,35,5,5,9,1.0,1.0,0.11577380952380951,0.11577380952380951,0,0,0,0,5,5,0.14285714285714285,1.0,5,1.0,465.04999999999995,484.22499999999997,0,0,0,0,,0,0.6480000000000001,0.6480000000000001,0.3
0.08554997519841269,2.568900199947175,0.09811070951192384,3.6464904992581055,0.8958333333333334,28.854166666666668,4.587137066628508,0.1283949228384085,2568.9001999471743,1017,1,walk,walk_adaptive_kl_2.0,kl,2.0,adaptive,8,0.015625,40,5,5,7,1.0,1.0,0.18154761904761904,0.18154761904761904,0,0,2,2,3,3,0.125,1.0,5,1.0,468.295,484.98474999999996,0,0,0,0,,0,0.6480000000000001,0.6480000000000001,0.3
0.15221354166666667,1.501214224332884,0.12834190278648855,2.882404018621925,1.0,35.1875,4.650838824276677,0.09145264897267003,1501.2142243328844,1017,2,walk,walk_adaptive_kl_2.0,kl,2.0,adaptive,8,0.015625,34,5,5,7,1.0,1.0,0.45535714285714285,0.45535714285714285,1,1,3,3,1,1,0.14705882352941177,1.0,5,1.0,464.82000000000005,473.0275,0,0,0,0,,0,0.6480000000000001,0.6480000000000001,0.3
0.0030164930555555552,2.725323787096317,0.0918751978322027,3.7031229598410316,0.9791666666666666,38.041666666666664,4.953225623847808,0.08885870477664715,2725.3237870963194,1017,3,walk,walk_adaptive_kl_2.0,kl,2.0,adaptive,8,0.015625,38,2,2,5,1.0,1.0,0.08035714285714285,0.08035714285714285,0,0,1,1,1,1,0.05263157894736842,1.0,2,1.0,461.1195,478.92015,0,0,0,0,,0,0.6480000000000001,0.6480000000000001,0.3
0.0455078125,2.163654724322121,0.061075452830657705,3.618570596995196,1.0,39.104166666666664,5.1405259294324805,0.022647634358603508,2163.654724322122,1018,0,walk,walk_adaptive_kl_2.0,kl,2.0,adaptive,8,0.015625,37,1,1,4,1.0,1.0,0.025,0.025,0,0,0,0,1,1,0.02702702702702703,1.0,1,1.0,456.02750000000003,469.38865,0,0,0,0,,0,0.6480000000000001,0.6480000000000001,0.3
0.022879464285714288,3.0478841301961963,0.07904987891031065,3.438091864778101,1.0,32.8125,4.8784377426576375,0.056170414624596376,3047.884130196196,1018,1,walk,walk_adaptive_kl_2.0,kl,2.0,adaptive,8,0.015625,39,3,2,6,0.6666666666666666,0.04761904761904763,1.0499999999999998,0.05,1,0,0,0,2,2,0.05128205128205128,0.6666666666666666,2,1.0,461.7205,470.54565,0,0,0,0,,0,0.6480000000000001,0.6480000000000001,0.3
0.20920138888888892,1.2307324468039251,0.16498801328725468,2.4523869407393266,1.0,19.041666666666668,3.9793902430012476,0.1195119345913568,1230.7324468039255,1018,2,walk,walk_adaptive_kl_2.0,kl,2.0,adaptive,8,0.015625,33,4,4,9,1.0,1.0,0.13958333333333334,0.13958333333333334,0,0,2,2,2,2,0.12121212121212122,1.0,4,1.0,461.0395,482.15389999999996,0,0,0,0,,0,0.6480000000000001,0.6480000000000001,0.3
0.08661024305555555,1.5732129873981868,0.15707630791039554,2.6398224026572277,1.0,20.833333333333332,4.080499045208399,0.07452712006430084,1573.2129873981874,1018,3,walk,walk_adaptive_kl_2.0,kl,2.0,adaptive,8,0.015625,37,4,4,6,1.0,1.0,0.34077380952380953,0.34077380952380953,1,1,1,1,2,2,0.10810810810810811,1.0,4,1.0,460.6385,478.72285,0,0,0,0,,0,0.6480000000000001,0.6480000000000001,0.3
0.0026041666666666665,5.212687166862202,0.04425492969365961,4.383384686381508,0.8958333333333334,52.645833333333336,5.678719392187655,0.04165076302699295,5212.687166862201,1019,0,walk,walk_adaptive_kl_2.0,kl,2.0,adaptive,8,0.015625,44,2,2,3,1.0,1.0,0.03571428571428571,0.03571428571428571,0,0,0,0,2,2,0.045454545454545456,1.0,2,1.0,464.2745,474.67915,0,0,0,0,,0,0.6480000000000001,0.6480000000000001,0.3
0.06486545138888888,4.27276912794089,0.07951369217486405,3.528388507542125,1.0,38.833333333333336,5.070062656303267,0.040328715133363564,4272.769127940891,1019,1,walk,walk_adaptive_kl_2.0,kl,2.0,adaptive,8,0.015625,36,5,4,5,0.8,0.2663755458515284,0.3407738095238095,0.09077380952380952,1,0,0,0,4,4,0.1111111111111111,0.6666666666666666,4,1.0,464.0235,474.34465,0,0,0,0,,0,0.6480000000000001,0.6480000000000001,0.3
0.008695023148148148,2.975976055758775,0.15108108754237776,3.8834459614603465,0.8958333333333334,22.791666666666668,4.191753653816773,0.14238606439422954,2975.976055758778,1019,2,walk,walk_adaptive_kl_2.0,kl,2.0,adaptive,8,0.015625,39,3,2,5,0.6666666666666666,0.25,0.3333333333333333,0.08333333333333333,1,0,1,1,1,1,0.05128205128205128,0.6666666666666666,2,1.0,459.7675,474.46065,0,0,0,0,,0,0.6480000000000001,0.6480000000000001,0.3
0.022395833333333334,2.1841702746436193,0.10635476508834657,3.1142022627236465,1.0,32.125,4.676200943685429,0.11397067814591488,2184.1702746436195,1019,3,walk,walk_adaptive_kl_2.0,kl,2.0,adaptive,8,0.015625,34,4,4,8,1.0,1.0,0.18125,0.18125,0,0,2,2,2,2,0.11764705882352941,1.0,4,1.0,461.055,472.70215,0,0,0,0,,0,0.6480000000000001,0.6480000000000001,0.3
0.0026041666666666665,4.184768184843478,0.04722566420752053,4.289242779734816,0.9583333333333334,52.4375,5.681148648315381,0.044621497540853865,4184.7681848434795,1000,0,commute,commute_adaptive_kl_0.25,kl,0.25,adaptive,8,0.015625,34,5,0,5,0.0,0.0,0.17083333333333334,0.0,0,0,1,0,4,0,0.0,0.0,0,1.0,465.8015,475.96815,0,0,0,0,,0,0.6480000000000001,0.6480000000000001,0.3
0.0146484375,3.731488030065899,0.028937068704353253,4.195389811126887,0.9166666666666666,56.5,5.811207668379891,0.014288631204353253,3731.4880300658992,1000,1,commute,commute_adaptive_kl_0.25,kl,0.25,adaptive,8,0.015625,40,2,1,3,0.5,0.058823529411764705,0.265625,0.015625,1,0,0,0,1,1,0.025,0.5,1,1.0,470.023,484.55045,0,0,0,0,,0,0.6480000000000001,0.6480000000000001,0.3
0.02595796130952381,3.9492622627111094,0.04743085649054033,4.831546475948092,0.7083333333333334,37.833333333333336,5.263089370483342,0.021472895181016523,3949.2622627111073,1000,2,commute,commute_adaptive_kl_0.25,kl,0.25,adaptive,8,0.015625,36,1,0,9,0.0,0.0,0.041666666666666664,0.0,0,0,1,0,0,0,0.0,0.0,0,1.0,465.0355,479.3683,0,0,0,0,,0,0.6480000000000001,0.6480000000000001,0.3
0.016431051587301588,3.5767873525206517,0.03846119865959755,4.406328735139817,0.8333333333333334,44.104166666666664,5.5025250422337,0.022030147072295964,3576.787352520651,1000,3,commute,commute_adaptive_kl_0.25,kl,0.25,adaptive,8,0.015625,31,4,0,9,0.0,0.0,1.0777777777777777,0.0,1,0,0,0,3,0,0.0,0.0,0,1.0,463.0575,480.33545000000004,0,0,0,0,,0,0.6480000000000001,0.6480000000000001,0.3
0.005905877976190476,3.573666765129428,0.033379481906744495,3.894405848147853,0.9583333333333334,47.729166666666664,5.616338012376169,0.027473603930554022,3573.666765129428,1001,0,commute,commute_adaptive_kl_0.25,kl,0.25,adaptive,8,0.015625,35,0,0,9,nan,nan,0.0,0.0,0,0,0,0,0,0,0.0,nan,0,1.0,470.9495,485.4844,0,0,0,0,,0,0.6480000000000001,0.6480000000000001,0.3
0.006510416666666667,4.666928438219069,0.05471614521483922,4.510572064341493,0.8333333333333334,45.875,5.4392560716055876,0.048205728548172545,4666.92843821907,1001,1,commute,commute_adaptive_kl_0.25,kl,0.25,adaptive,8,0.015625,34,3,1,6,0.3333333333333333,0.18181818181818182,0.11458333333333333,0.020833333333333332,0,0,1,0,2,1,0.029411764705882353,1.0,1,1.0,468.7505,485.12985,0,0,0,0,,0,0.6480000000000001,0.6480000000000001,0.3
0.00699094742063492,4.416042824411568,0.04095123107480111,4.516858086193365,0.8125,47.104166666666664,5.550528228191076,0.033960283654166194,4416.042824411566,1001,2,commute,commute_adaptive_kl_0.25,kl,0.25,adaptive,8,0.015625,36,5,3,9,0.6,0.15999999999999998,0.3348214285714286,0.05357142857142857,1,0,0,0,4,3,0.08333333333333333,1.0,3,1.0,471.3195,477.7855,0,0,0,0,,0,0.6480000000000001,0.6480000000000001,0.3
0.0234375,4.10819356509704,0.06712848039818932,4.6976928886552995,0.8541666666666666,44.0625,5.360002469995643,0.043690980398189305,4108.193565097041,1001,3,commute,commute_adaptive_kl_0.25,kl,0.25,adaptive,8,0.015625,32,3,0,6,0.0,0.0,0.10416666666666666,0.0,0,0,1,0,2,0,0.0,0.0,0,1.0,467.554,482.01635,0,0,0,0,,0,0.6480000000000001,0.6480000000000001,0.3
0.0779327876984127,3.05056439976704,0.02462128391718787,3.8737599397838984,1.0,53.270833333333336,5.792497240626229,0.053311503781224824,3050.5643997670395,1002,0,commute,commute_adaptive_kl_0.25,kl,0.25,adaptive,8,0.015625,43,4,2,5,0.5,0.11267605633802817,0.3169642857142857,0.03571428571428571,1,0,0,0,3,2,0.046511627906976744,0.6666666666666666,2,1.0,467.995,479.4323,0,0,0,0,,0,0.6480000000000001,0.6480000000000001,0.3
0.010416666666666666,4.140401853306063,0.03366367645086642,4.189451111585211,0.9166666666666666,51.6875,5.734832892944432,0.02324700978419975,4140.401853306061,1002,1,commute,commute_adaptive_kl_0.25,kl,0.25,adaptive,8,0.015625,35,2,1,8,0.5,0.5,0.03571428571428571,0.017857142857142856,0,0,0,0,2,1,0.02857142857142857,0.5,1,1.0,473.243,487.06444999999997,0,0,0,0,,0,0.6480000000000001,0.6480000000000001,0.3
0.02498139880952381,3.7239567935953155,0.04928319156623376,4.359776832042825,0.8125,41.708333333333336,5.374564732124845,0.024301792756709947,3723.956793595315,1002,2,commute,commute_adaptive_kl_0.25,kl,0.25,adaptive,8,0.015625,39,2,0,7,0.0,0.0,0.5,0.0,2,0,0,0,0,0,0.0,0.0,0,1.0,465.14599999999996,478.723,0,0,0,0,,0,0.6480000000000001,0.6480000000000001,0.3
0.02983940972222222,3.749310994022006,0.04478562848707399,4.059823805146798,0.9166666666666666,46.1875,5.526460509843781,0.014946218764851776,3749.3109940220056,1002,3,commute,commute_adaptive_kl_0.25,kl,0.25,adaptive,8,0.015625,35,0,0,7,nan,nan,0.0,0.0,0,0,0,0,0,0,0.0,nan,0,1.0,470.0625,487.30415,0,0,0,0,,0,0.6480000000000001,0.6480000000000001,0.3
0.0185546875,3.422475820958938,0.03653498458267247,4.294927903670491,0.8541666666666666,50.854166666666664,5.6468187429841095,0.017980297082672472,3422.4758209589395,1003,0,commute,commute_adaptive_kl_0.25,kl,0.25,adaptive,8,0.015625,38,2,1,6,0.5,0.22222222222222224,0.08035714285714285,0.017857142857142856,0,0,1,0,1,1,0.02631578947368421,0.5,1,1.0,469.54650000000004,490.15835,0,0,0,0,,0,0.6480000000000001,0.6480000000000001,0.3
0.010984002976190475,5.380628094328521,0.027593533069425497,4.352548100240905,0.8541666666666666,49.291666666666664,5.688980892200539,0.01660953009323502,5380.6280943285155,1003,1,commute,commute_adaptive_kl_0.25,kl,0.25,adaptive,8,0.015625,35,3,1,9,0.3333333333333333,0.19672131147540986,0.0907738095238095,0.017857142857142856,0,0,1,0,2,1,0.02857142857142857,0.5,1,1.0,466.6375,487.4716,0,0,0,0,,0,0.6480000000000001,0.6480000000000001,0.3
0.06395709325396826,3.381714666464798,0.04290369662032001,3.5615798295542977,0.9375,46.0,5.48509842876969,0.021053396633648247,3381.7146664647976,1003,2,commute,commute_adaptive_kl_0.25,kl,0.25,adaptive,8,0.015625,40,7,2,7,0.2857142857142857,0.19549763033175355,0.2511904761904762,0.049107142857142856,0,0,3,0,4,2,0.05,0.5,2,1.0,465.1305,490.16385,0,0,0,0,,0,0.6480000000000001,0.6480000000000001,0.3
0.012394593253968253,3.9546355109350486,0.02480147065751072,4.1761154349076675,0.875,48.895833333333336,5.697822785920437,0.012406877403542465,3954.635510935048,1003,3,commute,commute_adaptive_kl_0.25,kl,0.25,adaptive,8,0.015625,40,3,1,8,0.3333333333333333,0.030303030303030304,0.515625,0.015625,2,0,0,0,1,1,0.025,0.3333333333333333,1,1.0,461.83050000000003,477.86929999999995,0,0,0,0,,0,0.6480000000000001,0.6480000000000001,0.3
0.0078125,3.5795485190407543,0.038117662808647014,4.507502969790152,0.7291666666666666,45.979166666666664,5.550667862617284,0.030305162808647017,3579.548519040755,1004,0,commute,commute_adaptive_kl_0.25,kl,0.25,adaptive,8,0.015625,39,7,1,6,0.14285714285714285,0.03375843960990247,0.528968253968254,0.017857142857142856,2,0,1,0,4,1,0.02564102564102564,0.16666666666666666,1,1.0,470.233,488.88984999999997,0,0,0,0,,0,0.6480000000000001,0.6480000000000001,0.3
0.018253968253968255,3.508032975331068,0.02688312080424204,4.319367757009516,0.875,53.6875,5.795963288442056,0.008629152550273786,3508.0329753310684,1004,1,commute,commute_adaptive_kl_0.25,kl,0.25,adaptive,8,0.015625,36,5,0,5,0.0,0.0,0.16319444444444445,0.0,0,0,1,0,4,0,0.0,0.0,0,1.0,468.67600000000004,478.4613,0,0,0,0,,0,0.6480000000000001,0.6480000000000001,0.3
0.05460379464285714,4.3315983363425286,0.05178577826006677,4.224137508872228,0.875,45.75,5.4386870087646555,0.016000424799422725,4331.598336342528,1004,2,commute,commute_adaptive_kl_0.25,kl,0.25,adaptive,8,0.015625,34,4,0,9,0.0,0.0,0.10069444444444443,0.0,0,0,0,0,4,0,0.0,0.0,0,1.0,467.24850000000004,477.7753,0,0,0,0,,0,0.6480000000000001,0.6480000000000001,0.3
0.024786086309523808,5.697308404203519,0.040515303261682796,3.998286714126394,0.9583333333333334,55.229166666666664,5.757539889093526,0.015729216952158984,5697.308404203516,1004,3,commute,commute_adaptive_kl_0.25,kl,0.25,adaptive,8,0.015625,33,1,0,6,0.0,0.0,0.25,0.0,1,0,0,0,0,0,0.0,0.0,0,1.0,465.8665,477.14099999999996,0,0,0,0,,0,0.6480000000000001,0.6480000000000001,0.3
0.045163690476190475,4.62491644781395,0.04969432778582555,3.8127341478684644,0.9791666666666666,51.479166666666664,5.671445610914401,0.02633179420174768,4624.916447813949,1005,0,commute,commute_adaptive_kl_0.25,kl,0.25,adaptive,8,0.015625,33,2,0,5,0.0,0.0,0.08035714285714285,0.0,0,0,1,0,1,0,0.0,0.0,0,1.0,469.4165,495.53475,0,0,0,0,,0,0.6480000000000001,0.6480000000000001,0.3
0.001977926587301587,3.853130599604954,0.035742362783152244,3.8199613509506194,1.0,47.979166666666664,5.631969357718439,0.03376443619585066,3853.1305996049546,1005,1,commute,commute_adaptive_kl_0.25,kl,0.25,adaptive,8,0.015625,37,4,3,10,0.75,0.5519999999999999,0.09300595238095238,0.05133928571428571,0,0,1,0,3,3,0.08108108108108109,0.75,3,1.0,462.852,478.27214999999995,0,0,0,0,,0,0.6480000000000001,0.6480000000000001,0.3
0.020833333333333332,4.444877004765932,0.048177706869747615,4.004594034153982,0.8958333333333334,43.541666666666664,5.474890507208925,0.02734437353641428,4444.877004765934,1005,2,commute,commute_adaptive_kl_0.25,kl,0.25,adaptive,8,0.015625,36,5,2,8,0.4,0.06788511749347259,0.5699404761904762,0.03869047619047619,2,0,0,0,3,2,0.05555555555555555,0.5,2,1.0,464.57,479.79445,0,0,0,0,,0,0.6480000000000001,0.6480000000000001,0.3
0.048177083333333336,4.848257736409091,0.06482386985309398,3.858188085222548,0.9583333333333334,52.166666666666664,5.564596752738892,0.01664678651976065,4848.257736409091,1005,3,commute,commute_adaptive_kl_0.25,kl,0.25,adaptive,8,0.015625,39,5,1,2,0.2,0.023622047244094488,0.6614583333333334,0.015625,3,0,0,0,2,1,0.02564102564102564,0.3333333333333333,1,1.0,462.2715,517.72785,0,0,0,0,,0,0.6480000000000001,0.6480000000000001,0.3
0.01363467261904762,5.050936066175594,0.043502427850828675,4.048689554597647,0.9166666666666666,47.270833333333336,5.583186519228177,0.02986775523178106,5050.936066175593,1006,0,commute,commute_adaptive_kl_0.25,kl,0.25,adaptive,8,0.015625,31,0,0,10,nan,nan,0.0,0.0,0,0,0,0,0,0,0.0,nan,0,1.0,468.4205,478.9796,0,0,0,0,,0,0.6480000000000001,0.6480000000000001,0.3
0.014043898809523808,3.8973136422692214,0.045177592828449825,4.251933721985573,0.7916666666666666,42.0625,5.380385847858594,0.031133694018926017,3897.3136422692223,1006,1,commute,commute_adaptive_kl_0.25,kl,0.25,adaptive,8,0.015625,38,1,1,9,1.0,1.0,0.017857142857142856,0.017857142857142856,0,0,0,0,1,1,0.02631578947368421,1.0,1,1.0,464.87,475.94514999999996,0,0,0,0,,0,0.6480000000000001,0.6480000000000001,0.3
0.011067708333333334,3.9919229134914285,0.034711002355644234,4.3670632021565785,0.7708333333333334,49.8125,5.651413920745167,0.023643294022310902,3991.9229134914276,1006,2,commute,commute_adaptive_kl_0.25,kl,0.25,adaptive,8,0.015625,38,5,1,6,0.2,0.05309734513274336,0.3923611111111111,0.020833333333333332,1,0,1,0,3,1,0.02631578947368421,0.25,1,1.0,470.764,484.5333,0,0,0,0,,0,0.6480000000000001,0.6480000000000001,0.3
0.1492435515873016,2.7498034529044624,0.07959160012428713,2.957148510399796,1.0,32.5,4.824019033426484,0.08296039896087183,2749.803452904462,1006,3,commute,commute_adaptive_kl_0.25,kl,0.25,adaptive,8,0.015625,36,2,0,7,0.0,0.0,0.5,0.0,2,0,0,0,0,0,0.0,0.0,0,1.0,460.769,474.26265,0,0,0,0,,0,0.6480000000000001,0.6480000000000001,0.3
0.005533854166666667,4.086451388768032,0.05631129504480483,4.18456083583599,0.875,40.5625,5.306175777807495,0.05077744087813816,4086.45138876803,1007,0,commute,commute_adaptive_kl_0.25,kl,0.25,adaptive,8,0.015625,30,2,0,11,0.0,0.0,0.08333333333333333,0.0,0,0,2,0,0,0,0.0,0.0,0,1.0,463.7835,480.4932,0,0,0,0,,0,0.6480000000000001,0.6480000000000001,0.3
0.09761594742063491,3.109018710833071,0.03945501124983054,3.9273356468980434,0.9166666666666666,50.729166666666664,5.711514014522105,0.05816093617080437,3109.0187108330706,1007,1,commute,commute_adaptive_kl_0.25,kl,0.25,adaptive,8,0.015625,38,3,0,5,0.0,0.0,0.4,0.0,2,0,0,0,1,0,0.0,0.0,0,1.0,468.9815,490.36600000000004,0,0,0,0,,0,0.6480000000000001,0.6480000000000001,0.3
0.007124255952380952,4.100553916238707,0.052998760299551965,4.366615295507941,0.7916666666666666,33.854166666666664,5.070031193420567,0.04587450434717102,4100.553916238704,1007,2,commute,commute_adaptive_kl_0.25,kl,0.25,adaptive,8,0.015625,35,5,3,12,0.6,0.06048510899600861,1.1309027777777776,0.06840277777777778,1,0,1,0,3,3,0.08571428571428572,0.6666666666666666,3,1.0,462.4715,477.61899999999997,0,0,0,0,,0,0.6480000000000001,0.6480000000000001,0.3
0.013346354166666666,3.8472142325491565,0.035549215941504356,4.424588945296529,0.8541666666666666,55.145833333333336,5.735838266042289,0.022202861774837688,3847.2142325491573,1007,3,commute,commute_adaptive_kl_0.25,kl,0.25,adaptive,8,0.015625,36,0,0,3,nan,nan,0.0,0.0,0,0,0,0,0,0,0.0,nan,0,1.0,465.98699999999997,479.53915,0,0,0,0,,0,0.6480000000000001,0.6480000000000001,0.3
0.012983630952380953,3.692157341371207,0.036339181619983604,4.3165854605073175,0.8125,43.645833333333336,5.508623057146511,0.023355550667602653,3692.1573413712053,1008,0,commute,commute_adaptive_kl_0.25,kl,0.25,adaptive,8,0.015625,36,4,3,12,0.75,0.6848030018761726,0.07931547619047619,0.054315476190476185,0,0,0,0,4,3,0.08333333333333333,0.6666666666666666,3,1.0,469.432,480.522,0,0,0,0,,0,0.6480000000000001,0.6480000000000001,0.3
0.007486979166666667,3.9382932072857955,0.04403058313722824,4.838614245696953,0.75,42.666666666666664,5.4287177618393985,0.036543603970561576,3938.293207285795,1008,1,commute,commute_adaptive_kl_0.25,kl,0.25,adaptive,8,0.015625,34,3,0,7,0.0,0.0,0.3333333333333333,0.0,1,0,1,0,1,0,0.0,0.0,0,1.0,467.99,491.3501,0,0,0,0,,0,0.6480000000000001,0.6480000000000001,0.3
0.0107421875,4.769714302836882,0.048203501719123826,4.552408226021113,0.75,47.270833333333336,5.511845611671281,0.037461314219123826,4769.714302836881,1008,2,commute,commute_adaptive_kl_0.25,kl,0.25,adaptive,8,0.015625,34,3,0,5,0.0,0.0,0.07638888888888888,0.0,0,0,0,0,3,0,0.0,0.0,0,1.0,470.13300000000004,477.19565,0,0,0,0,,0,0.6480000000000001,0.6480000000000001,0.3
0.07552083333333333,3.7273000009987896,0.04675795216204625,3.8898834190208578,0.8958333333333334,53.291666666666664,5.683245276259194,0.028762881171287086,3727.3000009987886,1008,3,commute,commute_adaptive_kl_0.25,kl,0.25,adaptive,8,0.015625,39,1,1,5,1.0,1.0,0.015625,0.015625,0,0,0,0,1,1,0.02564102564102564,1.0,1,1.0,467.299,495.52344999999997,0,0,0,0,,0,0.6480000000000001,0.6480000000000001,0.3
0.0244140625,4.634927377080547,0.058150841338045205,4.152832042909558,0.75,49.020833333333336,5.4759756701666715,0.03373677883804518,4634.927377080545,1009,0,commute,commute_adaptive_kl_0.25,kl,0.25,adaptive,8,0.015625,40,2,1,5,0.5,0.06666666666666667,0.26785714285714285,0.017857142857142856,1,0,0,0,1,1,0.025,1.0,1,1.0,463.38300000000004,475.98515,0,0,0,0,,0,0.6480000000000001,0.6480000000000001,0.3
0.06673177083333333,3.834018674580132,0.08190889008481207,3.5943109171919914,0.9375,41.0625,5.172277263087623,0.01517711925147873,3834.0186745801316,1009,1,commute,commute_adaptive_kl_0.25,kl,0.25,adaptive,8,0.015625,36,5,0,5,0.0,0.0,0.35119047619047616,0.0,1,0,1,0,3,0,0.0,0.0,0,1.0,465.9815,475.007,0,0,0,0,,0,0.6480000000000001,0.6480000000000001,0.3
0.004473586309523809,3.3846977727623333,0.06548392837882723,4.614139769436864,0.7291666666666666,32.125,5.0013969862576335,0.06101034206930339,3384.697772762333,1009,2,commute,commute_adaptive_kl_0.25,kl,0.25,adaptive,8,0.015625,31,3,2,13,0.6666666666666666,0.6999999999999998,0.06944444444444445,0.048611111111111105,0,0,0,0,3,2,0.06451612903225806,0.6666666666666666,2,1.0,467.7595,479.52415,0,0,0,0,,0,0.6480000000000001,0.6480000000000001,0.3
0.03550657242063492,4.375602132377498,0.04287806991655615,4.042170263272635,0.8541666666666666,51.4375,5.698267080730723,0.007371497495921223,4375.6021323774985,1009,3,commute,commute_adaptive_kl_0.25,kl,0.25,adaptive,8,0.015625,37,5,1,6,0.2,0.013953488372093025,1.1197916666666665,0.015625,1,0,1,0,3,1,0.02702702702702703,0.2,1,1.0,463.8135,481.33155,0,0,0,0,,0,0.6480000000000001,0.6480000000000001,0.3
0.011743551587301587,3.541623274556059,0.025350979242867416,4.23442912939866,0.8958333333333334,52.854166666666664,5.774317244914415,0.013607427655565829,3541.623274556059,1010,0,commute,commute_adaptive_kl_0.25,kl,0.25,adaptive,8,0.015625,37,2,0,6,0.0,0.0,0.09375,0.0,0,0,1,0,1,0,0.0,0.0,0,1.0,467.895,482.73645,0,0,0,0,,0,0.6480000000000001,0.6480000000000001,0.3
0.048332093253968256,3.4737185862760214,0.033489321258953764,3.768409650497443,0.9791666666666666,49.416666666666664,5.6676295587034184,0.014842771995014492,3473.718586276022,1010,1,commute,commute_adaptive_kl_0.25,kl,0.25,adaptive,8,0.015625,38,4,1,7,0.25,0.06578947368421052,0.31666666666666665,0.020833333333333332,1,0,0,0,3,1,0.02631578947368421,0.3333333333333333,1,1.0,464.35450000000003,474.904,0,0,0,0,,0,0.6480000000000001,0.6480000000000001,0.3
0.06510416666666667,3.429221690516972,0.04179652515613042,3.859526034516955,0.9375,46.583333333333336,5.578807128589223,0.023307641510536242,3429.221690516972,1010,2,commute,commute_adaptive_kl_0.25,kl,0.25,adaptive,8,0.015625,34,4,0,9,0.0,0.0,0.375,0.0,1,0,1,0,2,0,0.0,0.0,0,1.0,459.772,473.49065,0,0,0,0,,0,0.6480000000000001,0.6480000000000001,0.3
0.057207961309523804,3.812569004636799,0.037411376852145316,4.090301116000107,0.9166666666666666,47.770833333333336,5.624098056245483,0.01979658445737849,3812.569004636798,1010,3,commute,commute_adaptive_kl_0.25,kl,0.25,adaptive,8,0.015625,35,2,2,9,1.0,1.0,0.03571428571428571,0.03571428571428571,0,0,0,0,2,2,0.05714285714285714,1.0,2,1.0,459.28200000000004,471.41365,0,0,0,0,,0,0.6480000000000001,0.6480000000000001,0.3
0.010984002976190475,4.2145228011443985,0.03763579169041151,4.2526692469166845,0.8958333333333334,51.770833333333336,5.701456540074652,0.02665178871422103,4214.522801144397,1011,0,commute,commute_adaptive_kl_0.25,kl,0.25,adaptive,8,0.015625,40,3,2,6,0.6666666666666666,0.043824701195219126,1.0458333333333334,0.04583333333333334,1,0,0,0,2,2,0.05,0.5,2,1.0,462.076,475.75804999999997,0,0,0,0,,0,0.6480000000000001,0.6480000000000001,0.3
0.16964285714285712,2.5511413345362954,0.07288259051637387,3.275731424503016,0.9375,35.916666666666664,5.074851317675841,0.09676026662648328,2551.1413345362957,1011,1,commute,commute_adaptive_kl_0.25,kl,0.25,adaptive,8,0.015625,34,5,0,9,0.0,0.0,0.7125,0.0,3,0,1,0,1,0,0.0,0.0,0,1.0,462.8675,472.59815,0,0,0,0,,0,0.6480000000000001,0.6480000000000001,0.3
0.0009765625,4.065358638587117,0.05150920178106327,4.112762121449668,1.0,53.208333333333336,5.669008773619653,0.05053263928106327,4065.358638587117,1011,2,commute,commute_adaptive_kl_0.25,kl,0.25,adaptive,8,0.015625,34,4,0,6,0.0,0.0,0.5491071428571429,0.0,2,0,0,0,2,0,0.0,0.0,0,1.0,462.0065,474.3563,0,0,0,0,,0,0.6480000000000001,0.6480000000000001,0.3
0.0006975446428571429,4.651460607408128,0.025530198045392662,4.350501779035581,0.8541666666666666,57.4375,5.898877875472691,0.02483265340253552,4651.4606074081275,1011,3,commute,commute_adaptive_kl_0.25,kl,0.25,adaptive,8,0.015625,41,4,2,5,0.5,0.4010695187165775,0.08348214285714287,0.033482142857142856,0,0,0,0,4,2,0.04878048780487805,0.6666666666666666,2,1.0,465.201,473.1173,0,0,0,0,,0,0.6480000000000001,0.6480000000000001,0.3
0.0666232638888889,3.094509008378519,0.05019550813791618,4.2530652205417185,0.8125,39.854166666666664,5.2974903100667,0.016427755750972717,3094.50900837852,1012,0,commute,commute_adaptive_kl_0.25,kl,0.25,adaptive,8,0.015625,33,2,1,11,0.5,0.06666666666666667,0.26785714285714285,0.017857142857142856,1,0,0,0,1,1,0.030303030303030304,0.5,1,1.0,460.60900000000004,475.75559999999996,0,0,0,0,,0,0.6480000000000001,0.6480000000000001,0.3
0.015128968253968254,3.8649675823649425,0.03333420609315805,4.255470390243935,0.875,45.8125,5.567837022739437,0.018205237839189797,3864.9675823649436,1012,1,commute,commute_adaptive_kl_0.25,kl,0.25,adaptive,8,0.015625,35,3,1,8,0.3333333333333333,0.13043478260869568,0.19166666666666665,0.025,1,0,1,0,1,1,0.02857142857142857,0.3333333333333333,1,1.0,463.2335,473.7335,0,0,0,0,,0,0.6480000000000001,0.6480000000000001,0.3
0.04429563492063492,5.220535259324008,0.044158980862969655,3.859416292990298,0.9166666666666666,47.416666666666664,5.579705735583745,0.00013665405766526603,5220.535259324009,1012,2,commute,commute_adaptive_kl_0.25,kl,0.25,adaptive,8,0.015625,36,1,0,8,0.0,0.0,0.041666666666666664,0.0,0,0,1,0,0,0,0.0,0.0,0,1.0,462.472,474.93424999999996,0,0,0,0,,0,0.6480000000000001,0.6480000000000001,0.3
0.022941468253968256,4.406092043148816,0.05396683288929668,4.536202061958904,0.8125,50.6875,5.626515119457893,0.06806199941130263,4406.092043148816,1012,3,commute,commute_adaptive_kl_0.25,kl,0.25,adaptive,8,0.015625,27,0,0,7,nan,nan,0.0,0.0,0,0,0,0,0,0,0.0,nan,0,1.0,470.1275,477.83415,0,0,0,0,,0,0.6480000000000001,0.6480000000000001,0.3
0.0003720238095238095,4.01927020968114,0.0518104517735545,4.138325182230326,0.8958333333333334,44.666666666666664,5.4786418458738035,0.05143842796403069,4019.2702096811395,1013,0,commute,commute_adaptive_kl_0.25,kl,0.25,adaptive,8,0.015625,32,1,1,10,1.0,1.0,0.020833333333333332,0.020833333333333332,0,0,0,0,1,1,0.03125,1.0,1,1.0,459.6625,474.25559999999996,0,0,0,0,,0,0.6480000000000001,0.6480000000000001,0.3
0.005905877976190476,3.3295415093098506,0.051077770830014885,4.126648893994925,0.875,39.166666666666664,5.254657442785157,0.04517189285382442,3329.541509309849,1013,1,commute,commute_adaptive_kl_0.25,kl,0.25,adaptive,8,0.015625,36,4,3,11,0.75,0.7272727272727272,0.09166666666666667,0.06666666666666667,0,0,0,0,4,3,0.08333333333333333,0.75,3,1.0,465.5915,492.06655,0,0,0,0,,0,0.6480000000000001,0.6480000000000001,0.3
0.010463169642857142,3.1898098150478353,0.03629396799884154,3.9606723890649627,0.9791666666666666,48.625,5.616112066773453,0.0258307983559844,3189.809815047835,1013,2,commute,commute_adaptive_kl_0.25,kl,0.25,adaptive,8,0.015625,29,0,0,12,nan,nan,0.0,0.0,0,0,0,0,0,0,0.0,nan,0,1.0,467.54949999999997,475.96515,0,0,0,0,,0,0.6480000000000001,0.6480000000000001,0.3
0.006231398809523809,3.864345650942203,0.02806717015614299,4.19574533954205,0.8958333333333334,49.020833333333336,5.680329499046597,0.02183577134661918,3864.3456509422035,1013,3,commute,commute_adaptive_kl_0.25,kl,0.25,adaptive,8,0.015625,40,5,0,7,0.0,0.0,0.5729166666666667,0.0,2,0,0,0,3,0,0.0,0.0,0,1.0,464.7795,473.92965,0,0,0,0,,0,0.6480000000000001,0.6480000000000001,0.3
0.10807291666666667,3.305361421515329,0.052666715407978903,3.7104707862787625,0.9166666666666666,50.833333333333336,5.599443136700136,0.05540620125868776,3305.361421515329,1014,0,commute,commute_adaptive_kl_0.25,kl,0.25,adaptive,8,0.015625,35,3,0,5,0.0,0.0,0.5416666666666667,0.0,2,0,1,0,0,0,0.0,0.0,0,1.0,467.59450000000004,483.51325,0,0,0,0,,0,0.6480000000000001,0.6480000000000001,0.3
0.006882440476190476,5.0430424327264705,0.05231159434636462,5.229601698458361,0.6666666666666666,41.229166666666664,5.34208446634809,0.04542915387017415,5043.042432726469,1014,1,commute,commute_adaptive_kl_0.25,kl,0.25,adaptive,8,0.015625,36,1,0,7,0.0,0.0,0.0625,0.0,0,0,1,0,0,0,0.0,0.0,0,1.0,466.568,480.92535,0,0,0,0,,0,0.6480000000000001,0.6480000000000001,0.3
0.08370535714285714,4.518380962971695,0.036717490772423256,3.648377144841728,1.0,56.458333333333336,5.816954270715662,0.046987866370433874,4518.380962971693,1014,2,commute,commute_adaptive_kl_0.25,kl,0.25,adaptive,8,0.015625,37,3,0,4,0.0,0.0,0.14583333333333334,0.0,0,0,2,0,1,0,0.0,0.0,0,1.0,471.68,485.32565,0,0,0,0,,0,0.6480000000000001,0.6480000000000001,0.3
0.0029296875,6.430687207064477,0.043235737035935744,4.330272482759562,0.8958333333333334,54.520833333333336,5.759435506670239,0.040306049535935744,6430.687207064474,1014,3,commute,commute_adaptive_kl_0.25,kl,0.25,adaptive,8,0.015625,35,2,0,4,0.0,0.0,0.05208333333333333,0.0,0,0,0,0,2,0,0.0,0.0,0,1.0,463.26800000000003,474.8953,0,0,0,0,,0,0.6480000000000001,0.6480000000000001,0.3
0.019339037698412696,3.2063863814102143,0.027657204234031615,4.009219710125856,0.9583333333333334,50.625,5.703885175760337,0.008318166535618917,3206.3863814102147,1015,0,commute,commute_adaptive_kl_0.25,kl,0.25,adaptive,8,0.015625,38,4,2,9,0.5,0.3170731707317073,0.12202380952380952,0.03869047619047619,0,0,1,0,3,2,0.05263157894736842,0.5,2,1.0,468.756,489.28345,0,0,0,0,,0,0.6480000000000001,0.6480000000000001,0.3
0.02120535714285714,3.6613797225941074,0.04662970659245932,4.003639639533054,0.875,47.354166666666664,5.545411092718495,0.025424349449602174,3661.3797225941084,1015,1,commute,commute_adaptive_kl_0.25,kl,0.25,adaptive,8,0.015625,32,3,0,7,0.0,0.0,0.34375,0.0,1,0,1,0,1,0,0.0,0.0,0,1.0,468.4705,476.15465,0,0,0,0,,0,0.6480000000000001,0.6480000000000001,0.3
0.021639384920634924,3.586909179010585,0.02983398069814533,3.851023182250037,1.0,49.125,5.695193132616588,0.008194595777510407,3586.909179010585,1015,2,commute,commute_adaptive_kl_0.25,kl,0.25,adaptive,8,0.015625,38,0,0,7,nan,nan,0.0,0.0,0,0,0,0,0,0,0.0,nan,0,1.0,463.3685,482.13315,0,0,0,0,,0,0.6480000000000001,0.6480000000000001,0.3
0.005859375,5.958221607592801,0.037451359594184594,4.320678857848927,0.8541666666666666,51.666666666666664,5.704285469010923,0.031591984594184594,5958.221607592798,1015,3,commute,commute_adaptive_kl_0.25,kl,0.25,adaptive,8,0.015625,36,2,0,5,0.0,0.0,0.04583333333333334,0.0,0,0,0,0,2,0,0.0,0.0,0,1.0,466.6175,476.159,0,0,0,0,,0,0.6480000000000001,0.6480000000000001,0.3
0.005307539682539682,3.993656462188563,0.0466386330788007,4.170393637739936,0.9166666666666666,42.6875,5.392850985291074,0.041331093396261016,3993.6564621885605,1016,0,commute,commute_adaptive_kl_0.25,kl,0.25,adaptive,8,0.015625,35,5,3,10,0.6,0.5013192612137204,0.11279761904761904,0.05654761904761905,0,0,0,0,5,3,0.08571428571428572,1.0,3,1.0,467.46900000000005,485.23035,0,0,0,0,,0,0.6480000000000001,0.6480000000000001,0.3
0.002954489087301587,3.962930043985716,0.04026379719106418,4.237278178660622,0.9166666666666666,51.145833333333336,5.674134258031039,0.037309308103762595,3962.9300439857147,1016,1,commute,commute_adaptive_kl_0.25,kl,0.25,adaptive,8,0.015625,34,9,4,12,0.4444444444444444,0.15893197711379528,0.4681547619047619,0.0744047619047619,1,0,1,0,7,4,0.11764705882352941,0.4,4,1.0,467.30899999999997,479.17295,0,0,0,0,,0,0.6480000000000001,0.6480000000000001,0.3
0.005580357142857143,4.5834328064647485,0.033047075562945984,4.5473861387196886,0.75,46.666666666666664,5.591177789090494,0.027466718420088843,4583.432806464748,1016,2,commute,commute_adaptive_kl_0.25,kl,0.25,adaptive,8,0.015625,37,1,1,8,1.0,1.0,0.015625,0.015625,0,0,0,0,1,1,0.02702702702702703,1.0,1,1.0,470.659,477.8768,0,0,0,0,,0,0.6480000000000001,0.6480000000000001,0.3
0.028562127976190472,2.9815029946684164,0.038162528305956823,3.8856983409683985,0.9791666666666666,52.395833333333336,5.731677451998274,0.009600400329766353,2981.5029946684176,1016,3,commute,commute_adaptive_kl_0.25,kl,0.25,adaptive,8,0.015625,40,9,1,6,0.1111111111111111,0.011737854581023803,1.521329365079365,0.017857142857142856,2,0,3,0,4,1,0.025,0.2,1,1.0,470.4885,478.796,0,0,0,0,,0,0.6480000000000001,0.6480000000000001,0.3
0.007859002976190476,4.104184886406508,0.05604621770846637,4.791747636399299,0.75,38.6875,5.138511158529472,0.04818721473227589,4104.184886406508,1017,0,commute,commute_adaptive_kl_0.25,kl,0.25,adaptive,8,0.015625,35,7,3,9,0.42857142857142855,0.08318584070796459,0.8407738095238096,0.06994047619047619,3,0,0,0,4,3,0.08571428571428572,0.75,3,1.0,463.59299999999996,477.3066,0,0,0,0,,0,0.6480000000000001,0.6480000000000001,0.3
0.028345114087301587,3.002663827738873,0.02804109373736979,3.858132681988877,1.0,49.375,5.701913442982039,0.00030402034993179855,3002.663827738874,1017,1,commute,commute_adaptive_kl_0.25,kl,0.25,adaptive,8,0.015625,40,4,3,8,0.75,0.05352112676056339,1.0565476190476188,0.05654761904761905,1,0,0,0,3,3,0.075,1.0,3,1.0,518.81,542.8968,0,0,0,0,,0,0.6480000000000001,0.6480000000000001,0.3
0.0036272321428571425,3.2189832244527494,0.059426588715694006,3.8358092870709495,0.9583333333333334,46.416666666666664,5.495341054706277,0.05579935657283686,3218.9832244527497,1017,2,commute,commute_adaptive_kl_0.25,kl,0.25,adaptive,8,0.015625,34,4,0,6,0.0,0.0,0.1636904761904762,0.0,0,0,2,0,2,0,0.0,0.0,0,1.0,467.2835,491.05525,0,0,0,0,,0,0.6480000000000001,0.6480000000000001,0.3
0.012937127976190475,3.8803380119928774,0.03877202322493947,4.022968483459936,0.8958333333333334,56.5625,5.788969202582891,0.025834895248749,3880.338011992877,1017,3,commute,commute_adaptive_kl_0.25,kl,0.25,adaptive,8,0.015625,38,4,0,3,0.0,0.0,0.5803571428571429,0.0,2,0,1,0,1,0,0.0,0.0,0,1.0,463.5535,473.68915,0,0,0,0,,0,0.6480000000000001,0.6480000000000001,0.3
0.0087890625,3.800722520332103,0.042517824704560093,5.131778487256326,0.6458333333333334,43.770833333333336,5.410228376184203,0.033728762204560093,3800.722520332105,1018,0,commute,commute_adaptive_kl_0.25,kl,0.25,adaptive,8,0.015625,37,2,0,5,0.0,0.0,0.0875,0.0,0,0,1,0,1,0,0.0,0.0,0,1.0,463.198,474.74929999999995,0,0,0,0,,0,0.6480000000000001,0.6480000000000001,0.3
0.030840773809523808,4.48077215902364,0.031189295499680122,4.205896627763672,0.875,49.416666666666664,5.681673511952695,0.0003485216901563161,4480.772159023638,1018,1,commute,commute_adaptive_kl_0.25,kl,0.25,adaptive,8,0.015625,39,5,0,6,0.0,0.0,1.3624999999999998,0.0,2,0,1,0,2,0,0.0,0.0,0,1.0,460.79949999999997,479.66605,0,0,0,0,,0,0.6480000000000001,0.6480000000000001,0.3
0.035398065476190475,3.3348148928928496,0.0397625603543151,4.283716646921134,0.8958333333333334,49.104166666666664,5.639937999128726,0.004364494878124625,3334.8148928928495,1018,2,commute,commute_adaptive_kl_0.25,kl,0.25,adaptive,8,0.015625,33,2,0,8,0.0,0.0,0.07291666666666666,0.0,0,0,1,0,1,0,0.0,0.0,0,1.0,462.37649999999996,470.8525,0,0,0,0,,0,0.6480000000000001,0.6480000000000001,0.3
0.050046502976190475,5.668170880195107,0.03671074369138096,3.82632307469397,0.9583333333333334,52.854166666666664,5.724948393733005,0.013335759284809507,5668.170880195107,1018,3,commute,commute_adaptive_kl_0.25,kl,0.25,adaptive,8,0.015625,37,4,0,4,0.0,0.0,0.1157738095238095,0.0,0,0,1,0,3,0,0.0,0.0,0,1.0,468.2205,475.654,0,0,0,0,,0,0.6480000000000001,0.6480000000000001,0.3
0.007486979166666665,4.5498028101084165,0.036534829723967537,4.340106425065223,0.9166666666666666,54.604166666666664,5.793058101309157,0.029047850557300872,4549.802810108417,1019,0,commute,commute_adaptive_kl_0.25,kl,0.25,adaptive,8,0.015625,44,5,2,4,0.4,0.0995850622406639,0.3586309523809524,0.03571428571428571,1,0,1,0,3,2,0.045454545454545456,0.5,2,1.0,465.87699999999995,482.18095,0,0,0,0,,0,0.6480000000000001,0.6480000000000001,0.3
0.005533854166666667,4.70354563882714,0.04344300092213523,4.2073483599783135,0.9375,54.5625,5.709777599437005,0.037909146755468574,4703.545638827139,1019,1,commute,commute_adaptive_kl_0.25,kl,0.25,adaptive,8,0.015625,36,5,1,5,0.2,0.16438356164383564,0.10863095238095237,0.017857142857142856,0,0,0,0,5,1,0.027777777777777776,0.3333333333333333,1,1.0,462.1465,473.89145,0,0,0,0,,0,0.6480000000000001,0.6480000000000001,0.3
0.048418898809523804,3.930429152398552,0.027609215295206824,4.537002087116815,0.7708333333333334,47.895833333333336,5.635317277471375,0.020809683514316984,3930.4291523985517,1019,2,commute,commute_adaptive_kl_0.25,kl,0.25,adaptive,8,0.015625,39,2,0,6,0.0,0.0,0.0625,0.0,0,0,1,0,1,0,0.0,0.0,0,1.0,465.1255,475.11825,0,0,0,0,,0,0.6480000000000001,0.6480000000000001,0.3
0.009114583333333334,4.155643512039315,0.04120443294677413,4.9809609278263505,0.7083333333333334,42.4375,5.427643274585912,0.032089849613440795,4155.643512039314,1019,3,commute,commute_adaptive_kl_0.25,kl,0.25,adaptive,8,0.015625,34,6,0,9,0.0,0.0,1.8375,0.0,4,0,1,0,1,0,0.0,0.0,0,1.0,462.64250000000004,473.30915,0,0,0,0,,0,0.6480000000000001,0.6480000000000001,0.3
0.003472222222222222,4.284258577636439,0.07777397943611715,5.170163168144394,0.6458333333333334,31.416666666666668,4.791841646842869,0.07430175721389494,4284.258577636436,1000,0,commute,commute_adaptive_kl_0.5,kl,0.5,adaptive,8,0.015625,34,5,3,7,0.6,0.45121951219512196,0.17083333333333334,0.07708333333333334,0,0,1,0,4,3,0.08823529411764706,0.5,3,1.0,461.66999999999996,470.23515,0,0,0,0,,0,0.6480000000000001,0.6480000000000001,0.3
0.007703993055555555,3.925282703804239,0.04257206780945749,4.116508068688582,0.9166666666666666,49.645833333333336,5.571503050293573,0.03486807475390194,3925.282703804238,1000,1,commute,commute_adaptive_kl_0.5,kl,0.5,adaptive,8,0.015625,40,2,1,4,0.5,0.058823529411764705,0.265625,0.015625,1,0,0,0,1,1,0.025,0.5,1,1.0,461.45500000000004,469.484,0,0,0,0,,0,0.6480000000000001,0.6480000000000001,0.3
0.07545572916666667,2.8975266377773914,0.08524409005038526,4.44372023280832,0.75,28.833333333333332,4.707710111265025,0.08952089959816983,2897.526637777393,1000,2,commute,commute_adaptive_kl_0.5,kl,0.5,adaptive,8,0.015625,36,1,1,9,1.0,1.0,0.041666666666666664,0.041666666666666664,0,0,1,1,0,0,0.027777777777777776,1.0,1,1.0,461.18449999999996,476.73859999999996,0,0,0,0,,0,0.6480000000000001,0.6480000000000001,0.3
0.1046875,2.675025495697398,0.06680057692566409,4.721350953564281,0.75,32.791666666666664,4.973185587935283,0.037886923074335915,2675.025495697398,1000,3,commute,commute_adaptive_kl_0.5,kl,0.5,adaptive,8,0.015625,31,4,2,9,0.5,0.04639175257731959,1.0777777777777777,0.05,1,0,0,0,3,2,0.06451612903225806,0.5,2,1.0,464.2545,770.7571,0,0,0,0,,0,0.6480000000000001,0.6480000000000001,0.3
0.04676649305555556,3.2756145008382624,0.06561322379728671,4.500638943767144,0.7083333333333334,32.166666666666664,4.946313205379945,0.018846730741731144,3275.6145008382628,1001,0,commute,commute_adaptive_kl_0.5,kl,0.5,adaptive,8,0.015625,35,0,0,5,nan,nan,0.0,0.0,0,0,0,0,0,0,0.0,nan,0,1.0,464.0235,472.2498,0,0,0,0,,0,0.6480000000000001,0.6480000000000001,0.3
0.00390625,3.282086658604856,0.04449369327859384,4.217417217751429,0.875,47.020833333333336,5.502128748066027,0.04058744327859384,3282.0866586048555,1001,1,commute,commute_adaptive_kl_0.5,kl,0.5,adaptive,8,0.015625,34,3,1,5,0.3333333333333333,0.18181818181818182,0.11458333333333333,0.020833333333333332,0,0,1,0,2,1,0.029411764705882353,1.0,1,1.0,461.615,474.2721,0,0,0,0,,0,0.6480000000000001,0.6480000000000001,0.3
0.0014973958333333332,3.7987249854606855,0.047040908348169465,4.68852880407417,0.75,39.979166666666664,5.316682458489956,0.04554351251483615,3798.7249854606866,1001,2,commute,commute_adaptive_kl_0.5,kl,0.5,adaptive,8,0.015625,36,5,3,7,0.6,0.15999999999999998,0.3348214285714286,0.05357142857142857,1,0,0,0,4,3,0.08333333333333333,1.0,3,1.0,457.81949999999995,470.40985,0,0,0,0,,0,0.6480000000000001,0.6480000000000001,0.3
0.0021701388888888886,3.794450786755825,0.10159730854102648,5.444440389938218,0.7083333333333334,33.604166666666664,4.80781376855559,0.09942716965213759,3794.450786755824,1001,3,commute,commute_adaptive_kl_0.5,kl,0.5,adaptive,8,0.015625,32,3,1,5,0.3333333333333333,0.2,0.10416666666666666,0.020833333333333332,0,0,1,0,2,1,0.03125,0.3333333333333333,1,1.0,456.212,471.5206,0,0,0,0,,0,0.6480000000000001,0.6480000000000001,0.3
0.004495287698412699,4.366424285850017,0.04391759773688548,4.22501373191759,0.8333333333333334,41.208333333333336,5.349825502345872,0.03942231003847278,4366.424285850014,1002,0,commute,commute_adaptive_kl_0.5,kl,0.5,adaptive,8,0.015625,43,4,2,6,0.5,0.11267605633802817,0.3169642857142857,0.03571428571428571,1,0,0,0,3,2,0.046511627906976744,0.6666666666666666,2,1.0,463.088,469.22795,0,0,0,0,,0,0.6480000000000001,0.6480000000000001,0.3
0.044270833333333336,2.771230094857881,0.0657927973613809,4.272264973464894,0.8333333333333334,33.833333333333336,4.951948839669172,0.023081725647672986,2771.230094857881,1002,1,commute,commute_adaptive_kl_0.5,kl,0.5,adaptive,8,0.015625,35,2,2,9,1.0,1.0,0.03571428571428571,0.03571428571428571,0,0,0,0,2,2,0.05714285714285714,1.0,2,1.0,459.54200000000003,469.5003,0,0,0,0,,0,0.6480000000000001,0.6480000000000001,0.3
0.06822916666666666,2.256284163240929,0.0645656609123051,3.662909780351543,0.8541666666666666,29.625,4.862658927083711,0.007939924224173193,2256.284163240929,1002,2,commute,commute_adaptive_kl_0.5,kl,0.5,adaptive,8,0.015625,39,2,0,6,0.0,0.0,0.5,0.0,2,0,0,0,0,0,0.0,0.0,0,1.0,460.9245,467.96279999999996,0,0,0,0,,0,0.6480000000000001,0.6480000000000001,0.3
0.045138888888888895,3.45942945623849,0.07317602180155285,4.5893778107535335,0.75,33.5625,4.965871252702878,0.028037132912663954,3459.429456238489,1002,3,commute,commute_adaptive_kl_0.5,kl,0.5,adaptive,8,0.015625,35,0,0,4,nan,nan,0.0,0.0,0,0,0,0,0,0,0.0,nan,0,1.0,464.685,469.632,0,0,0,0,,0,0.6480000000000001,0.6480000000000001,0.3
0.06499565972222222,3.948347607585456,0.061353999732171226,4.63163756516166,0.7291666666666666,41.25,5.2417110956210875,0.04108800278443775,3948.3476075854574,1003,0,commute,commute_adaptive_kl_0.5,kl,0.5,adaptive,8,0.015625,38,2,1,5,0.5,0.22222222222222224,0.08035714285714285,0.017857142857142856,0,0,1,0,1,1,0.02631578947368421,0.5,1,1.0,464.4495,474.4754,0,0,0,0,,0,0.6480000000000001,0.6480000000000001,0.3
0.08687065972222223,2.8314698367192848,0.11879451918517621,4.639817784620969,0.6458333333333334,23.270833333333332,4.29644919530748,0.031923859462953987,2831.469836719285,1003,1,commute,commute_adaptive_kl_0.5,kl,0.5,adaptive,8,0.015625,35,3,3,9,1.0,1.0,0.0907738095238095,0.0907738095238095,0,0,1,1,2,2,0.08571428571428572,1.0,3,1.0,457.735,470.19565,0,0,0,0,,0,0.6480000000000001,0.6480000000000001,0.3
0.1056857638888889,2.98442543307535,0.11274799735745512,3.7339906738192425,0.8333333333333334,31.270833333333332,4.629922684798895,0.029959288930573636,2984.4254330753515,1003,2,commute,commute_adaptive_kl_0.5,kl,0.5,adaptive,8,0.015625,40,7,3,6,0.42857142857142855,0.3613744075829384,0.2511904761904762,0.09077380952380952,0,0,3,1,4,2,0.075,0.5,3,1.0,460.3685,472.50550000000004,0,0,0,0,,0,0.6480000000000001,0.6480000000000001,0.3
0.0018229166666666665,3.4277761144645216,0.09091107831191127,4.463265078177314,0.75,30.9375,4.80765856750253,0.08908816164524463,3427.776114464521,1003,3,commute,commute_adaptive_kl_0.5,kl,0.5,adaptive,8,0.015625,40,3,1,7,0.3333333333333333,0.030303030303030304,0.515625,0.015625,2,0,0,0,1,1,0.025,0.3333333333333333,1,1.0,457.7695,468.7975,0,0,0,0,,0,0.6480000000000001,0.6480000000000001,0.3
0.01171875,3.5776011281375992,0.06003829796265254,4.372878706323949,0.7708333333333334,33.645833333333336,4.998891777862425,0.04831954796265255,3577.601128137598,1004,0,commute,commute_adaptive_kl_0.5,kl,0.5,adaptive,8,0.015625,39,7,3,6,0.42857142857142855,0.12040510127531882,0.528968253968254,0.06369047619047619,2,0,1,0,4,3,0.07692307692307693,0.5,3,1.0,464.134,472.08594999999997,0,0,0,0,,0,0.6480000000000001,0.6480000000000001,0.3
0.023307291666666664,3.2373157760570126,0.05228807720466558,4.039333734527158,0.8333333333333334,39.729166666666664,5.2896571753132475,0.028980785537998918,3237.315776057012,1004,1,commute,commute_adaptive_kl_0.5,kl,0.5,adaptive,8,0.015625,36,5,3,7,0.6,0.42553191489361697,0.16319444444444445,0.06944444444444443,0,0,1,0,4,3,0.08333333333333333,0.75,3,1.0,464.8155,480.52909999999997,0,0,0,0,,0,0.6480000000000001,0.6480000000000001,0.3
0.12005208333333334,2.287095927669341,0.09428776281284205,4.002051581004016,0.8333333333333334,31.125,4.703778210803907,0.06258764417243053,2287.0959276693407,1004,2,commute,commute_adaptive_kl_0.5,kl,0.5,adaptive,8,0.015625,34,4,3,9,0.75,0.689655172413793,0.10069444444444443,0.06944444444444443,0,0,0,0,4,3,0.08823529411764706,0.75,3,1.0,464.1295,476.3214,0,0,0,0,,0,0.6480000000000001,0.6480000000000001,0.3
0.0031467013888888886,3.9098513715759116,0.06363478314627567,5.423254512939614,0.6458333333333334,36.125,5.122275184653863,0.06048808175738679,3909.8513715759104,1004,3,commute,commute_adaptive_kl_0.5,kl,0.5,adaptive,8,0.015625,33,1,0,3,0.0,0.0,0.25,0.0,1,0,0,0,0,0,0.0,0.0,0,1.0,458.2,482.614,0,0,0,0,,0,0.6480000000000001,0.6480000000000001,0.3
0.06649305555555556,3.0423029609817642,0.0615801436705691,3.5820142219869364,0.9791666666666666,40.666666666666664,5.288484366776038,0.017224607252976212,3042.302960981764,1005,0,commute,commute_adaptive_kl_0.5,kl,0.5,adaptive,8,0.015625,33,2,1,6,0.5,0.22222222222222224,0.08035714285714285,0.017857142857142856,0,0,1,0,1,1,0.030303030303030304,0.5,1,1.0,465.125,472.6406,0,0,0,0,,0,0.6480000000000001,0.6480000000000001,0.3
0.06447792658730159,3.151293345453476,0.053046439774270975,4.1279040533694635,0.8541666666666666,37.1875,5.194814586284986,0.011431486813030614,3151.2933454534764,1005,1,commute,commute_adaptive_kl_0.5,kl,0.5,adaptive,8,0.015625,37,4,3,10,0.75,0.5519999999999999,0.09300595238095238,0.05133928571428571,0,0,1,0,3,3,0.08108108108108109,0.75,3,1.0,456.8135,474.5227,0,0,0,0,,0,0.6480000000000001,0.6480000000000001,0.3
0.025868055555555557,3.0976971775817446,0.062171317860795945,4.831933028394022,0.7083333333333334,31.208333333333332,4.944212077802718,0.03630326230524038,3097.697177581746,1005,2,commute,commute_adaptive_kl_0.5,kl,0.5,adaptive,8,0.015625,36,5,3,7,0.6,0.1227154046997389,0.5699404761904762,0.06994047619047619,2,0,0,0,3,3,0.08333333333333333,0.75,3,1.0,462.0155,473.92965,0,0,0,0,,0,0.6480000000000001,0.6480000000000001,0.3
0.06857638888888888,3.3105458677485573,0.090350082556945,3.6224449108455468,0.8958333333333334,42.104166666666664,5.041546476022778,0.021773693668056125,3310.5458677485585,1005,3,commute,commute_adaptive_kl_0.5,kl,0.5,adaptive,8,0.015625,39,5,2,6,0.4,0.055118110236220465,0.6614583333333334,0.03645833333333333,3,0,0,0,2,2,0.05128205128205128,0.6666666666666666,2,1.0,463.7685,477.58725,0,0,0,0,,0,0.6480000000000001,0.6480000000000001,0.3
0.10503472222222222,2.957155672538395,0.10918700441611827,4.856719138185197,0.7083333333333334,27.083333333333332,4.5506553596035575,0.09002215491722436,2957.155672538395,1006,0,commute,commute_adaptive_kl_0.5,kl,0.5,adaptive,8,0.015625,31,0,0,5,nan,nan,0.0,0.0,0,0,0,0,0,0,0.0,nan,0,1.0,458.30550000000005,472.00985,0,0,0,0,,0,0.6480000000000001,0.6480000000000001,0.3
0.005425347222222221,3.3204695270052142,0.06709580176990514,3.7721463705202254,0.9375,39.395833333333336,5.1326537295999275,0.061670454547682906,3320.4695270052166,1006,1,commute,commute_adaptive_kl_0.5,kl,0.5,adaptive,8,0.015625,38,1,1,5,1.0,1.0,0.017857142857142856,0.017857142857142856,0,0,0,0,1,1,0.02631578947368421,1.0,1,1.0,474.324,869.7036999999999,0,0,0,0,,0,0.6480000000000001,0.6480000000000001,0.3
0.024088541666666668,3.7785972477073844,0.09073378592857027,5.037248816765344,0.6875,35.104166666666664,4.813918936486487,0.0666452442619036,3778.5972477073833,1006,2,commute,commute_adaptive_kl_0.5,kl,0.5,adaptive,8,0.015625,38,5,0,3,0.0,0.0,0.3923611111111111,0.0,1,0,1,0,3,0,0.0,0.0,0,1.0,457.304,479.66365,0,0,0,0,,0,0.6480000000000001,0.6480000000000001,0.3
0.06302083333333333,2.908896588408643,0.07517089784760432,4.316610288157284,0.7291666666666666,30.354166666666668,4.7838247036092145,0.02128785970252679,2908.896588408644,1006,3,commute,commute_adaptive_kl_0.5,kl,0.5,adaptive,8,0.015625,36,2,0,5,0.0,0.0,0.5,0.0,2,0,0,0,0,0,0.0,0.0,0,1.0,463.0925,697.9458499999998,0,0,0,0,,0,0.6480000000000001,0.6480000000000001,0.3
0.10709635416666667,2.899720662110166,0.08209532524014135,4.750522391388913,0.7083333333333334,32.041666666666664,4.78972440733775,0.03369915711098668,2899.720662110167,1007,0,commute,commute_adaptive_kl_0.5,kl,0.5,adaptive,8,0.015625,30,2,0,8,0.0,0.0,0.08333333333333333,0.0,0,0,2,0,0,0,0.0,0.0,0,1.0,458.40549999999996,484.72625,0,0,0,0,,0,0.6480000000000001,0.6480000000000001,0.3
0.08700086805555556,3.390985120714704,0.07528984583433489,3.378379622075803,0.9375,32.270833333333336,4.915780906704766,0.023650324791157265,3390.985120714704,1007,1,commute,commute_adaptive_kl_0.5,kl,0.5,adaptive,8,0.015625,38,3,1,4,0.3333333333333333,0.0625,0.4,0.025,2,0,0,0,1,1,0.02631578947368421,0.3333333333333333,1,1.0,463.76300000000003,469.77915,0,0,0,0,,0,0.6480000000000001,0.6480000000000001,0.3
0.0008680555555555555,2.756008229015562,0.07673436844974979,4.6173273153551255,0.7708333333333334,34.895833333333336,4.979041867827481,0.07586631289419425,2756.008229015563,1007,2,commute,commute_adaptive_kl_0.5,kl,0.5,adaptive,8,0.015625,35,5,2,7,0.4,0.03592262818544674,1.1309027777777776,0.040625,1,0,1,0,3,2,0.05714285714285714,0.6666666666666666,2,1.0,464.655,869.9798,0,0,0,0,,0,0.6480000000000001,0.6480000000000001,0.3
0.002495659722222222,4.317963566733951,0.05293849282067727,4.9793438979198825,0.6458333333333334,43.625,5.358393151488969,0.05044283309845505,4317.963566733953,1007,3,commute,commute_adaptive_kl_0.5,kl,0.5,adaptive,8,0.015625,36,0,0,4,nan,nan,0.0,0.0,0,0,0,0,0,0,0.0,nan,0,1.0,456.7885,475.9441,0,0,0,0,,0,0.6480000000000001,0.6480000000000001,0.3
0.08745659722222222,2.9690518076243797,0.06724311972248243,3.950308544549434,0.8333333333333334,39.354166666666664,5.224747170865876,0.032627295307321856,2969.05180762438,1008,0,commute,commute_adaptive_kl_0.5,kl,0.5,adaptive,8,0.015625,36,4,3,7,0.75,0.7373358348968105,0.07931547619047619,0.05848214285714286,0,0,0,0,4,3,0.08333333333333333,1.0,3,1.0,466.097,645.2323499999998,0,0,0,0,,0,0.6480000000000001,0.6480000000000001,0.3
0.1044921875,2.5678403061831525,0.05067818871865739,3.829678057830614,0.9583333333333334,45.958333333333336,5.465413860727498,0.05381399878134261,2567.8403061831527,1008,1,commute,commute_adaptive_kl_0.5,kl,0.5,adaptive,8,0.015625,34,3,0,4,0.0,0.0,0.3333333333333333,0.0,1,0,1,0,1,0,0.0,0.0,0,1.0,456.8585,471.8982,0,0,0,0,,0,0.6480000000000001,0.6480000000000001,0.3
0.04546440972222223,3.279086240590663,0.052306650985623176,3.9123885530097393,0.8958333333333334,37.979166666666664,5.21254088913594,0.006842241263400948,3279.0862405906623,1008,2,commute,commute_adaptive_kl_0.5,kl,0.5,adaptive,8,0.015625,34,3,1,4,0.3333333333333333,0.27272727272727276,0.07638888888888888,0.020833333333333332,0,0,0,0,3,1,0.029411764705882353,0.3333333333333333,1,1.0,465.431,679.6826999999996,0,0,0,0,,0,0.6480000000000001,0.6480000000000001,0.3
0.1271701388888889,2.7673596693059874,0.06453560460967375,3.5074083649758716,0.9791666666666666,42.75,5.241113163536467,0.06263453427921516,2767.3596693059876,1008,3,commute,commute_adaptive_kl_0.5,kl,0.5,adaptive,8,0.015625,39,1,1,4,1.0,1.0,0.015625,0.015625,0,0,0,0,1,1,0.02564102564102564,1.0,1,1.0,462.60699999999997,472.099,0,0,0,0,,0,0.6480000000000001,0.6480000000000001,0.3
0.025933159722222224,4.877563339590625,0.05019059325548686,5.04663729645227,0.75,46.4375,5.410959063357205,0.024257433533264636,4877.563339590624,1009,0,commute,commute_adaptive_kl_0.5,kl,0.5,adaptive,8,0.015625,40,2,1,3,0.5,0.06666666666666667,0.26785714285714285,0.017857142857142856,1,0,0,0,1,1,0.025,1.0,1,1.0,465.5155,654.8051999999999,0,0,0,0,,0,0.6480000000000001,0.6480000000000001,0.3
0.1648220486111111,2.542432098254788,0.10738242888277562,3.6843697977666996,0.8333333333333334,30.1875,4.666503981021327,0.0574396197283355,2542.4320982547883,1009,1,commute,commute_adaptive_kl_0.5,kl,0.5,adaptive,8,0.015625,36,5,4,7,0.8,0.288135593220339,0.35119047619047616,0.10119047619047618,1,0,1,1,3,3,0.1111111111111111,1.0,4,1.0,463.398,475.8178,0,0,0,0,,0,0.6480000000000001,0.6480000000000001,0.3
0.027929687499999998,3.0551466707466677,0.11569640995026963,4.712027731428003,0.6458333333333334,19.916666666666668,4.17997567302375,0.08776672245026962,3055.1466707466675,1009,2,commute,commute_adaptive_kl_0.5,kl,0.5,adaptive,8,0.015625,31,3,3,12,1.0,1.0,0.06944444444444445,0.06944444444444445,0,0,0,0,3,3,0.0967741935483871,1.0,3,1.0,456.2375,479.11165,0,0,0,0,,0,0.6480000000000001,0.6480000000000001,0.3
0.14754774305555554,2.683174548993163,0.06889336745277318,3.413544374599159,0.9375,36.979166666666664,5.085146169358714,0.07865437560278238,2683.174548993163,1009,3,commute,commute_adaptive_kl_0.5,kl,0.5,adaptive,8,0.015625,37,5,3,6,0.6,0.051162790697674425,1.1197916666666665,0.057291666666666664,1,0,1,0,3,3,0.08108108108108109,0.6,3,1.0,460.033,468.9858,0,0,0,0,,0,0.6480000000000001,0.6480000000000001,0.3
0.04583333333333334,3.7103392519791885,0.059006451361208946,4.683751438879491,0.6875,35.375,5.077226399442354,0.013173118027875607,3710.3392519791882,1010,0,commute,commute_adaptive_kl_0.5,kl,0.5,adaptive,8,0.015625,37,2,1,6,0.5,0.3333333333333333,0.09375,0.03125,0,0,1,0,1,1,0.02702702702702703,0.5,1,1.0,459.36199999999997,467.6723,0,0,0,0,,0,0.6480000000000001,0.6480000000000001,0.3
0.024609375,3.017796335288438,0.05633327697405301,4.354148820488189,0.8125,38.770833333333336,5.209398270929527,0.031723901974053004,3017.7963352884376,1010,1,commute,commute_adaptive_kl_0.5,kl,0.5,adaptive,8,0.015625,38,4,2,7,0.5,0.14473684210526316,0.31666666666666665,0.04583333333333334,1,0,0,0,3,2,0.05263157894736842,0.6666666666666666,2,1.0,457.1035,475.223,0,0,0,0,,0,0.6480000000000001,0.6480000000000001,0.3
0.041666666666666664,2.8940320911911948,0.06015921656435066,3.5994512208328775,0.9375,33.375,5.021299493466514,0.01849254989768399,2894.032091191195,1010,2,commute,commute_adaptive_kl_0.5,kl,0.5,adaptive,8,0.015625,34,4,1,6,0.25,0.08333333333333333,0.375,0.03125,1,0,1,0,2,1,0.029411764705882353,0.3333333333333333,1,1.0,459.7175,467.7755,0,0,0,0,,0,0.6480000000000001,0.6480000000000001,0.3
0.022330729166666664,3.4443581222696977,0.073054351359975,4.360509721659012,0.75,32.5625,4.901193145874971,0.05072362219330831,3444.358122269696,1010,3,commute,commute_adaptive_kl_0.5,kl,0.5,adaptive,8,0.015625,35,2,2,9,1.0,1.0,0.03571428571428571,0.03571428571428571,0,0,0,0,2,2,0.05714285714285714,1.0,2,1.0,456.75350000000003,476.40025,0,0,0,0,,0,0.6480000000000001,0.6480000000000001,0.3
0.06380208333333333,3.4363652142587497,0.06616397235486929,3.8177481602024113,0.9166666666666666,45.208333333333336,5.3423639228727176,0.002809475957976875,3436.365214258749,1011,0,commute,commute_adaptive_kl_0.5,kl,0.5,adaptive,8,0.015625,40,3,2,5,0.6666666666666666,0.043824701195219126,1.0458333333333334,0.04583333333333334,1,0,0,0,2,2,0.05,0.5,2,1.0,459.873,489.5232,0,0,0,0,,0,0.6480000000000001,0.6480000000000001,0.3
0.1271701388888889,2.472431667942756,0.15299205215155323,3.9383873805657763,0.75,22.520833333333332,4.096439811453878,0.06689082198152037,2472.431667942756,1011,1,commute,commute_adaptive_kl_0.5,kl,0.5,adaptive,8,0.015625,34,5,0,7,0.0,0.0,0.7125,0.0,3,0,1,0,1,0,0.0,0.0,0,1.0,464.29449999999997,481.775,0,0,0,0,,0,0.6480000000000001,0.6480000000000001,0.3
0.004014756944444444,3.7694214816042835,0.09768328073132586,5.200229085461236,0.6041666666666666,29.0625,4.648947196226933,0.09366852378688144,3769.4214816042827,1011,2,commute,commute_adaptive_kl_0.5,kl,0.5,adaptive,8,0.015625,34,4,2,8,0.5,0.08943089430894308,0.5491071428571429,0.049107142857142856,2,0,0,0,2,2,0.058823529411764705,0.3333333333333333,2,1.0,464.22900000000004,470.41965,0,0,0,0,,0,0.6480000000000001,0.6480000000000001,0.3
0.0216796875,3.6363843028291343,0.047495631478252004,4.069734471484861,0.8958333333333334,39.645833333333336,5.2968119634119954,0.025815943978251987,3636.3843028291317,1011,3,commute,commute_adaptive_kl_0.5,kl,0.5,adaptive,8,0.015625,41,4,2,5,0.5,0.4010695187165775,0.08348214285714287,0.033482142857142856,0,0,0,0,4,2,0.04878048780487805,0.6666666666666666,2,1.0,460.25300000000004,477.37345,0,0,0,0,,0,0.6480000000000001,0.6480000000000001,0.3
0.0006510416666666666,2.5546103798540103,0.06651179242871284,4.084760852106058,0.8125,31.8125,4.915219097911601,0.06586075076204617,2554.610379854011,1012,0,commute,commute_adaptive_kl_0.5,kl,0.5,adaptive,8,0.015625,33,2,1,7,0.5,0.06666666666666667,0.26785714285714285,0.017857142857142856,1,0,0,0,1,1,0.030303030303030304,0.5,1,1.0,455.647,473.0089,0,0,0,0,,0,0.6480000000000001,0.6480000000000001,0.3
0.05425347222222222,2.594578437319751,0.08167396152728729,3.878854882415063,0.7916666666666666,28.333333333333332,4.6849268211410315,0.03827027839910083,2594.5784373197516,1012,1,commute,commute_adaptive_kl_0.5,kl,0.5,adaptive,8,0.015625,35,3,2,8,0.6666666666666666,0.3478260869565218,0.19166666666666665,0.06666666666666667,1,0,1,1,1,1,0.05714285714285714,0.6666666666666666,2,1.0,456.928,469.10865,0,0,0,0,,0,0.6480000000000001,0.6480000000000001,0.3
0.1291232638888889,2.7654369798858762,0.08227402681483739,3.6384743763021827,0.8541666666666666,38.041666666666664,4.846760815717107,0.04684923707405151,2765.4369798858756,1012,2,commute,commute_adaptive_kl_0.5,kl,0.5,adaptive,8,0.015625,36,1,0,6,0.0,0.0,0.041666666666666664,0.0,0,0,1,0,0,0,0.0,0.0,0,1.0,459.477,472.74525,0,0,0,0,,0,0.6480000000000001,0.6480000000000001,0.3
0.0018229166666666665,3.14153221579906,0.050944340752824675,3.9365410700904264,0.8958333333333334,41.458333333333336,5.324150263084519,0.049121424086158,3141.532215799061,1012,3,commute,commute_adaptive_kl_0.5,kl,0.5,adaptive,8,0.015625,27,0,0,4,nan,nan,0.0,0.0,0,0,0,0,0,0,0.0,nan,0,1.0,458.1655,483.522,0,0,0,0,,0,0.6480000000000001,0.6480000000000001,0.3
0.0050347222222222225,3.410507202479764,0.06988338682500837,4.490857002517074,0.8541666666666666,36.5,5.0790755411452375,0.06484866460278614,3410.5072024797646,1013,0,commute,commute_adaptive_kl_0.5,kl,0.5,adaptive,8,0.015625,32,1,1,7,1.0,1.0,0.020833333333333332,0.020833333333333332,0,0,0,0,1,1,0.03125,1.0,1,1.0,462.7065,478.3831,0,0,0,0,,0,0.6480000000000001,0.6480000000000001,0.3
0.005099826388888889,3.636447844111711,0.08218119639887236,5.229108515565729,0.6458333333333334,25.708333333333332,4.586035869806921,0.07708137000998348,3636.447844111711,1013,1,commute,commute_adaptive_kl_0.5,kl,0.5,adaptive,8,0.015625,36,4,2,8,0.5,0.5,0.09166666666666667,0.04583333333333334,0,0,0,0,4,2,0.05555555555555555,0.5,2,1.0,460.91949999999997,473.22695,0,0,0,0,,0,0.6480000000000001,0.6480000000000001,0.3
0.005859375,3.989915630773918,0.06453588739576646,4.713422785021232,0.8125,41.395833333333336,5.20677247841281,0.058676512395766454,3989.9156307739177,1013,2,commute,commute_adaptive_kl_0.5,kl,0.5,adaptive,8,0.015625,29,0,0,6,nan,nan,0.0,0.0,0,0,0,0,0,0,0.0,nan,0,1.0,465.356,481.8816,0,0,0,0,,0,0.6480000000000001,0.6480000000000001,0.3
0.006293402777777777,2.782704390404684,0.04895507692818112,4.266510848521947,0.8125,42.041666666666664,5.327257266985318,0.04266167415040334,2782.7043904046845,1013,3,commute,commute_adaptive_kl_0.5,kl,0.5,adaptive,8,0.015625,40,5,3,6,0.6,0.12727272727272723,0.5729166666666667,0.07291666666666666,2,0,0,0,3,3,0.075,0.75,3,1.0,464.8755,483.76175,0,0,0,0,,0,0.6480000000000001,0.6480000000000001,0.3
0.14583333333333334,2.996792569186429,0.08625419653529763,3.8337349584988574,0.7708333333333334,36.666666666666664,4.989808826948554,0.08160959267034812,2996.792569186429,1014,0,commute,commute_adaptive_kl_0.5,kl,0.5,adaptive,8,0.015625,35,3,0,4,0.0,0.0,0.5416666666666667,0.0,2,0,1,0,0,0,0.0,0.0,0,1.0,456.5575,478.61060000000003,0,0,0,0,,0,0.6480000000000001,0.6480000000000001,0.3
0.04774305555555555,2.8453605026186484,0.06794988452758177,4.087775812386028,0.8333333333333334,43.583333333333336,5.255239511373417,0.02020682897202622,2845.3605026186488,1014,1,commute,commute_adaptive_kl_0.5,kl,0.5,adaptive,8,0.015625,36,1,0,3,0.0,0.0,0.0625,0.0,0,0,1,0,0,0,0.0,0.0,0,1.0,463.0575,469.5975,0,0,0,0,,0,0.6480000000000001,0.6480000000000001,0.3
0.08559027777777778,3.5069116301734624,0.04445048404488933,4.111917666119331,0.8541666666666666,43.6875,5.459374662774132,0.04113979373288845,3506.9116301734625,1014,2,commute,commute_adaptive_kl_0.5,kl,0.5,adaptive,8,0.015625,37,3,1,4,0.3333333333333333,0.14285714285714285,0.14583333333333334,0.020833333333333332,0,0,2,0,1,1,0.02702702702702703,0.5,1,1.0,457.59400000000005,481.62915,0,0,0,0,,0,0.6480000000000001,0.6480000000000001,0.3
0.0003255208333333333,3.5522385990230565,0.07124334765337462,3.5476312331109816,0.9583333333333334,35.708333333333336,5.053770947992174,0.07091782682004129,3552.2385990230564,1014,3,commute,commute_adaptive_kl_0.5,kl,0.5,adaptive,8,0.015625,35,2,2,5,1.0,1.0,0.05208333333333333,0.05208333333333333,0,0,0,0,2,2,0.05714285714285714,1.0,2,1.0,466.753,473.424,0,0,0,0,,0,0.6480000000000001,0.6480000000000001,0.3
0.010677083333333332,2.773670650193489,0.06376722130576325,4.096000660141712,0.8333333333333334,34.145833333333336,4.957406975707676,0.05309013797242992,2773.6706501934896,1015,0,commute,commute_adaptive_kl_0.5,kl,0.5,adaptive,8,0.015625,38,4,3,9,0.75,0.4878048780487805,0.12202380952380952,0.05952380952380952,0,0,1,0,3,3,0.07894736842105263,0.75,3,1.0,461.9915,476.0378,0,0,0,0,,0,0.6480000000000001,0.6480000000000001,0.3
0.06302083333333333,3.755835943312429,0.08531032352280372,4.8412231421303895,0.6458333333333334,27.875,4.6822926968308884,0.05645984236878593,3755.835943312429,1015,1,commute,commute_adaptive_kl_0.5,kl,0.5,adaptive,8,0.015625,32,3,0,8,0.0,0.0,0.34375,0.0,1,0,1,0,1,0,0.0,0.0,0,1.0,460.79499999999996,474.6429,0,0,0,0,,0,0.6480000000000001,0.6480000000000001,0.3
0.02170138888888889,3.063290355775059,0.04767239629570901,3.730338296272653,0.9791666666666666,44.125,5.45761644268115,0.025971007406820124,3063.2903557750583,1015,2,commute,commute_adaptive_kl_0.5,kl,0.5,adaptive,8,0.015625,38,0,0,4,nan,nan,0.0,0.0,0,0,0,0,0,0,0.0,nan,0,1.0,462.03200000000004,473.0293,0,0,0,0,,0,0.6480000000000001,0.6480000000000001,0.3
0.07052951388888888,3.499189469208689,0.08496559561904586,4.21437615850193,0.8333333333333334,34.666666666666664,4.915632493420687,0.04770880861861252,3499.1894692086885,1015,3,commute,commute_adaptive_kl_0.5,kl,0.5,adaptive,8,0.015625,36,2,2,5,1.0,1.0,0.04583333333333334,0.04583333333333334,0,0,0,0,2,2,0.05555555555555555,1.0,2,1.0,455.868,500.1785,0,0,0,0,,0,0.6480000000000001,0.6480000000000001,0.3
0.03324652777777778,2.511205720264518,0.07140798177389372,3.783388167613076,0.9166666666666666,37.958333333333336,5.062695380226491,0.03816145399611595,2511.2057202645183,1016,0,commute,commute_adaptive_kl_0.5,kl,0.5,adaptive,8,0.015625,35,5,4,11,0.8,0.7229551451187335,0.11279761904761904,0.08154761904761904,0,0,0,0,5,4,0.11428571428571428,1.0,4,1.0,458.85249999999996,483.21425,0,0,0,0,,0,0.6480000000000001,0.6480000000000001,0.3
0.023849826388888887,2.8820093174285777,0.06931443039663247,4.536948474828043,0.7708333333333334,33.4375,4.981302833064614,0.04546460400774358,2882.009317428578,1016,1,commute,commute_adaptive_kl_0.5,kl,0.5,adaptive,8,0.015625,34,9,7,13,0.7777777777777778,0.33248569612205975,0.4681547619047619,0.1556547619047619,1,0,1,0,7,7,0.20588235294117646,0.6,7,1.0,457.4305,475.49345,0,0,0,0,,0,0.6480000000000001,0.6480000000000001,0.3
0.004774305555555555,3.4978175663413107,0.07537732643908322,4.381444659952176,0.8333333333333334,36.125,4.961927110502903,0.07060302088352767,3497.8175663413112,1016,2,commute,commute_adaptive_kl_0.5,kl,0.5,adaptive,8,0.015625,37,1,1,8,1.0,1.0,0.015625,0.015625,0,0,0,0,1,1,0.02702702702702703,1.0,1,1.0,460.56449999999995,471.22115,0,0,0,0,,0,0.6480000000000001,0.6480000000000001,0.3
0.04945746527777778,3.3228114025247812,0.062048527885395825,4.131634520684266,0.7916666666666666,35.5,5.036507404154154,0.029343012236349535,3322.8114025247814,1016,3,commute,commute_adaptive_kl_0.5,kl,0.5,adaptive,8,0.015625,40,9,2,7,0.2222222222222222,0.029996739484838608,1.521329365079365,0.04563492063492063,2,0,3,0,4,2,0.05,0.4,2,1.0,467.651,485.07395,0,0,0,0,,0,0.6480000000000001,0.6480000000000001,0.3
0.001519097222222222,3.569805625629687,0.07257022270619291,4.369559017179646,0.7916666666666666,33.9375,4.951277717343538,0.0710511254839707,3569.805625629686,1017,0,commute,commute_adaptive_kl_0.5,kl,0.5,adaptive,8,0.015625,35,7,3,8,0.42857142857142855,0.08318584070796459,0.8407738095238096,0.06994047619047619,3,0,0,0,4,3,0.08571428571428572,0.75,3,1.0,463.6445,476.49694999999997,0,0,0,0,,0,0.6480000000000001,0.6480000000000001,0.3
0.0020430307539682536,3.5539274300570303,0.04294942266078045,4.2514585324522765,0.875,43.458333333333336,5.422105695695087,0.0409063919068122,3553.927430057031,1017,1,commute,commute_adaptive_kl_0.5,kl,0.5,adaptive,8,0.015625,40,4,2,4,0.5,0.033802816901408454,1.0565476190476188,0.03571428571428571,1,0,0,0,3,2,0.05,0.6666666666666666,2,1.0,462.187,492.77775,0,0,0,0,,0,0.6480000000000001,0.6480000000000001,0.3
0.01540798611111111,3.9080494840860163,0.07977745775292634,4.090126899154603,0.7916666666666666,35.9375,4.9251627474200586,0.06436947164181524,3908.049484086017,1017,2,commute,commute_adaptive_kl_0.5,kl,0.5,adaptive,8,0.015625,34,4,3,6,0.75,0.6181818181818182,0.1636904761904762,0.10119047619047619,0,0,2,1,2,2,0.08823529411764706,0.6666666666666666,3,1.0,460.58500000000004,474.971,0,0,0,0,,0,0.6480000000000001,0.6480000000000001,0.3
0.006922743055555555,3.0961110918063386,0.05380813162459233,3.9211603725662534,0.8125,36.5625,5.1452531289845025,0.04688538856903678,3096.111091806338,1017,3,commute,commute_adaptive_kl_0.5,kl,0.5,adaptive,8,0.015625,38,4,2,6,0.5,0.13846153846153844,0.5803571428571429,0.08035714285714285,2,0,1,1,1,1,0.05263157894736842,0.6666666666666666,2,1.0,468.73199999999997,486.3863,0,0,0,0,,0,0.6480000000000001,0.6480000000000001,0.3
0.009223090277777778,3.415023478238741,0.055844414944211336,4.5481093155520975,0.8125,37.25,5.109261211087192,0.04662132466643356,3415.023478238741,1018,0,commute,commute_adaptive_kl_0.5,kl,0.5,adaptive,8,0.015625,37,2,1,4,0.5,0.28571428571428575,0.0875,0.025,0,0,1,0,1,1,0.02702702702702703,0.5,1,1.0,466.008,481.13264999999996,0,0,0,0,,0,0.6480000000000001,0.6480000000000001,0.3
0.0021701388888888886,3.0323544215339524,0.06410237124161083,4.030560567370838,0.8958333333333334,37.75,5.148999774423036,0.061932232352721946,3032.354421533953,1018,1,commute,commute_adaptive_kl_0.5,kl,0.5,adaptive,8,0.015625,39,5,1,5,0.2,0.018348623853211014,1.3624999999999998,0.025,2,0,1,0,2,1,0.02564102564102564,0.3333333333333333,1,1.0,467.2345,484.7765,0,0,0,0,,0,0.6480000000000001,0.6480000000000001,0.3
0.0008680555555555555,3.960131143711916,0.13840144364518706,5.541954882240867,0.6041666666666666,23.0,4.219741380934917,0.13753338808963148,3960.131143711917,1018,2,commute,commute_adaptive_kl_0.5,kl,0.5,adaptive,8,0.015625,33,2,1,9,0.5,0.4285714285714286,0.07291666666666666,0.03125,0,0,1,0,1,1,0.030303030303030304,0.5,1,1.0,466.61850000000004,473.40364999999997,0,0,0,0,,0,0.6480000000000001,0.6480000000000001,0.3
0.14251302083333334,2.2968078591298915,0.09448989941853027,3.610008709348456,0.875,35.125,4.92526060583089,0.06282894847243532,2296.8078591298913,1018,3,commute,commute_adaptive_kl_0.5,kl,0.5,adaptive,8,0.015625,37,4,2,6,0.5,0.3701799485861183,0.1157738095238095,0.04285714285714286,0,0,1,0,3,2,0.05405405405405406,0.3333333333333333,2,1.0,461.27599999999995,481.08595,0,0,0,0,,0,0.6480000000000001,0.6480000000000001,0.3
0.007486979166666665,4.111565244619219,0.04675285817274035,4.17761195424452,0.9791666666666666,51.625,5.627335770291885,0.03926587900607368,4111.565244619221,1019,0,commute,commute_adaptive_kl_0.5,kl,0.5,adaptive,8,0.015625,44,5,3,4,0.6,0.18672199170124482,0.3586309523809524,0.06696428571428571,1,0,1,0,3,3,0.06818181818181818,0.75,3,1.0,458.2065,478.29294999999996,0,0,0,0,,0,0.6480000000000001,0.6480000000000001,0.3
0.005099826388888889,3.765849795195359,0.09430861650679802,5.350242881592841,0.6458333333333334,30.583333333333332,4.635538018077507,0.08920879011790912,3765.849795195359,1019,1,commute,commute_adaptive_kl_0.5,kl,0.5,adaptive,8,0.015625,36,5,5,9,1.0,1.0,0.10863095238095237,0.10863095238095237,0,0,0,0,5,5,0.1388888888888889,1.0,5,1.0,461.606,470.66815,0,0,0,0,,0,0.6480000000000001,0.6480000000000001,0.3
0.003472222222222222,3.4340727746862085,0.06110696993088267,4.468141063105644,0.8125,36.958333333333336,5.055798668342283,0.05763474770866045,3434.072774686209,1019,2,commute,commute_adaptive_kl_0.5,kl,0.5,adaptive,8,0.015625,39,2,1,5,0.5,0.3333333333333333,0.0625,0.020833333333333332,0,0,1,0,1,1,0.02564102564102564,1.0,1,1.0,459.308,476.3351,0,0,0,0,,0,0.6480000000000001,0.6480000000000001,0.3
0.06510416666666667,3.128965576690224,0.0696575584596416,3.921293080789928,0.875,36.020833333333336,5.0542284644231525,0.04584806264930206,3128.9655766902238,1019,3,commute,commute_adaptive_kl_0.5,kl,0.5,adaptive,8,0.015625,34,6,1,9,0.16666666666666666,0.01360544217687075,1.8375,0.025,4,0,1,0,1,1,0.029411764705882353,0.25,1,1.0,462.4125,469.30865,0,0,0,0,,0,0.6480000000000001,0.6480000000000001,0.3
0.0015625000000000003,3.2699962730990744,0.06450984958023016,3.909577631453061,0.875,37.208333333333336,5.110855910795758,0.06294734958023018,3269.996273099075,1000,0,commute,commute_adaptive_kl_1.0,kl,1.0,adaptive,8,0.015625,34,5,5,6,1.0,1.0,0.17083333333333334,0.17083333333333334,0,0,1,1,4,4,0.14705882352941177,1.0,5,1.0,462.137,480.47889999999995,0,0,0,0,,0,0.6480000000000001,0.6480000000000001,0.3
0.007530381944444445,4.033671665732479,0.026553481482137018,4.208215402244397,1.0,57.333333333333336,5.86922328856599,0.019023099537692576,4033.6716657324773,1000,1,commute,commute_adaptive_kl_1.0,kl,1.0,adaptive,8,0.015625,40,2,1,1,0.5,0.058823529411764705,0.265625,0.015625,1,0,0,0,1,1,0.025,0.5,1,1.0,462.33299999999997,477.104,0,0,0,0,,0,0.6480000000000001,0.6480000000000001,0.3
0.06399739583333333,2.8392664408630686,0.048587131276292134,4.148950030676511,0.8958333333333334,48.458333333333336,5.501651377623454,0.025029941023863665,2839.2664408630685,1000,2,commute,commute_adaptive_kl_1.0,kl,1.0,adaptive,8,0.015625,36,1,0,1,0.0,0.0,0.041666666666666664,0.0,0,0,1,0,0,0,0.0,0.0,0,1.0,468.211,478.55224999999996,0,0,0,0,,0,0.6480000000000001,0.6480000000000001,0.3
0.10750868055555556,1.9952300158500573,0.08351143943617627,3.5981586392399527,0.9375,36.729166666666664,5.010823686015683,0.03238451481436734,1995.2300158500577,1000,3,commute,commute_adaptive_kl_1.0,kl,1.0,adaptive,8,0.015625,31,4,3,5,0.75,0.07216494845360825,1.0777777777777777,0.07777777777777778,1,0,0,0,3,3,0.0967741935483871,0.75,3,1.0,463.4895,473.93195,0,0,0,0,,0,0.6480000000000001,0.6480000000000001,0.3
0.045290798611111106,4.035505309479709,0.08392182044131023,4.7275884948914895,0.6666666666666666,32.416666666666664,4.805015698848808,0.03863102183019911,4035.5053094797076,1001,0,commute,commute_adaptive_kl_1.0,kl,1.0,adaptive,8,0.015625,35,0,0,1,nan,nan,0.0,0.0,0,0,0,0,0,0,0.0,nan,0,1.0,469.72299999999996,481.551,0,0,0,0,,0,0.6480000000000001,0.6480000000000001,0.3
0.043185763888888895,2.3748166103072665,0.11301883946580128,3.7184618163631,0.8125,29.729166666666668,4.588920830791759,0.08049882035498833,2374.8166103072667,1001,1,commute,commute_adaptive_kl_1.0,kl,1.0,adaptive,8,0.015625,34,3,2,6,0.6666666666666666,0.45454545454545453,0.11458333333333333,0.05208333333333333,0,0,1,0,2,2,0.058823529411764705,1.0,2,1.0,463.91499999999996,476.0493,0,0,0,0,,0,0.6480000000000001,0.6480000000000001,0.3
0.04858940972222222,3.5472844678141726,0.05382003164212749,4.10034364747693,0.8541666666666666,41.645833333333336,5.276745673168704,0.005230621919905272,3547.2844678141732,1001,2,commute,commute_adaptive_kl_1.0,kl,1.0,adaptive,8,0.015625,36,5,4,5,0.8,0.2533333333333333,0.3348214285714286,0.08482142857142858,1,0,0,0,4,4,0.1111111111111111,1.0,4,1.0,460.81550000000004,478.71025000000003,0,0,0,0,,0,0.6480000000000001,0.6480000000000001,0.3
0.04283854166666667,2.4946398366163574,0.13089533445670468,4.121101991249689,0.7708333333333334,28.479166666666668,4.517545252901746,0.08837820484905527,2494.639836616357,1001,3,commute,commute_adaptive_kl_1.0,kl,1.0,adaptive,8,0.015625,32,3,3,6,1.0,1.0,0.10416666666666666,0.10416666666666666,0,0,1,1,2,2,0.09375,1.0,3,1.0,468.7375,481.5243,0,0,0,0,,0,0.6480000000000001,0.6480000000000001,0.3
0.0016741071428571428,3.556850550946784,0.048274209509073164,4.01928679972618,0.9583333333333334,43.375,5.3338578779587635,0.04660010236621601,3556.850550946782,1002,0,commute,commute_adaptive_kl_1.0,kl,1.0,adaptive,8,0.015625,43,4,3,5,0.75,0.2112676056338028,0.3169642857142857,0.06696428571428571,1,0,0,0,3,3,0.06976744186046512,0.6666666666666666,3,1.0,466.1825,476.1608,0,0,0,0,,0,0.6480000000000001,0.6480000000000001,0.3
0.024175347222222223,3.185639035359358,0.10408075957289419,4.85868315897098,0.6666666666666666,25.4375,4.494270315112682,0.0799054123506719,3185.6390353593583,1002,1,commute,commute_adaptive_kl_1.0,kl,1.0,adaptive,8,0.015625,35,2,2,6,1.0,1.0,0.03571428571428571,0.03571428571428571,0,0,0,0,2,2,0.05714285714285714,1.0,2,1.0,467.3745,484.3586,0,0,0,0,,0,0.6480000000000001,0.6480000000000001,0.3
0.021354166666666664,2.42745927606941,0.06656679343370576,3.354716743810061,0.9791666666666666,32.729166666666664,4.964694595756936,0.045212626767039105,2427.4592760694104,1002,2,commute,commute_adaptive_kl_1.0,kl,1.0,adaptive,8,0.015625,39,2,0,2,0.0,0.0,0.5,0.0,2,0,0,0,0,0,0.0,0.0,0,1.0,466.4835,476.55215,0,0,0,0,,0,0.6480000000000001,0.6480000000000001,0.3
0.02170138888888889,3.3717297672076665,0.06042175971590696,4.378547981778191,0.8125,44.895833333333336,5.3740457560210535,0.03872037082701806,3371.729767207666,1002,3,commute,commute_adaptive_kl_1.0,kl,1.0,adaptive,8,0.015625,35,0,0,1,nan,nan,0.0,0.0,0,0,0,0,0,0,0.0,nan,0,1.0,465.9175,481.8048,0,0,0,0,,0,0.6480000000000001,0.6480000000000001,0.3
0.06486545138888888,3.749580869511307,0.04752807476113347,3.9645818570517233,0.9791666666666666,53.125,5.663924011426922,0.017337376627755408,3749.5808695113064,1003,0,commute,commute_adaptive_kl_1.0,kl,1.0,adaptive,8,0.015625,38,2,1,1,0.5,0.22222222222222224,0.08035714285714285,0.017857142857142856,0,0,1,0,1,1,0.02631578947368421,0.5,1,1.0,461.716,475.86465000000004,0,0,0,0,,0,0.6480000000000001,0.6480000000000001,0.3
0.10731336805555557,2.681359163760743,0.21114458230145908,4.3760838179245125,0.6666666666666666,18.8125,3.785041673623762,0.10469926980145912,2681.359163760743,1003,1,commute,commute_adaptive_kl_1.0,kl,1.0,adaptive,8,0.015625,35,3,3,8,1.0,1.0,0.0907738095238095,0.0907738095238095,0,0,1,1,2,2,0.08571428571428572,1.0,3,1.0,462.7635,473.08285,0,0,0,0,,0,0.6480000000000001,0.6480000000000001,0.3
0.06432291666666666,3.2257324192626697,0.14687846392639453,4.779607149635548,0.6875,28.041666666666668,4.312196556588963,0.09893725171704619,3225.7324192626706,1003,2,commute,commute_adaptive_kl_1.0,kl,1.0,adaptive,8,0.015625,40,7,3,5,0.42857142857142855,0.3613744075829384,0.2511904761904762,0.09077380952380952,0,0,3,1,4,2,0.075,0.5,3,1.0,464.756,473.1588,0,0,0,0,,0,0.6480000000000001,0.6480000000000001,0.3
0.043185763888888895,3.797307871666298,0.08070517585983648,4.721481369891129,0.75,32.75,4.925928509648879,0.03751941197094762,3797.307871666297,1003,3,commute,commute_adaptive_kl_1.0,kl,1.0,adaptive,8,0.015625,40,3,1,4,0.3333333333333333,0.030303030303030304,0.515625,0.015625,2,0,0,0,1,1,0.025,0.3333333333333333,1,1.0,466.3435,485.68345,0,0,0,0,,0,0.6480000000000001,0.6480000000000001,0.3
0.001880787037037037,3.1038346122914966,0.05762385490576874,4.181346626297908,0.8333333333333334,40.770833333333336,5.223157986663861,0.0557430678687317,3103.8346122914973,1004,0,commute,commute_adaptive_kl_1.0,kl,1.0,adaptive,8,0.015625,39,7,4,6,0.5714285714285714,0.17291822955738936,0.528968253968254,0.09146825396825398,2,0,1,0,4,4,0.10256410256410256,0.6666666666666666,4,1.0,467.8905,484.6242,0,0,0,0,,0,0.6480000000000001,0.6480000000000001,0.3
0.035481770833333336,2.7460971907192118,0.111374905172112,4.730091019826696,0.625,29.833333333333332,4.5954090533406005,0.0778198791421077,2746.0971907192124,1004,1,commute,commute_adaptive_kl_1.0,kl,1.0,adaptive,8,0.015625,36,5,4,7,0.8,0.8297872340425532,0.16319444444444445,0.13541666666666666,0,0,1,1,4,3,0.1111111111111111,0.75,4,1.0,469.23749999999995,478.18265,0,0,0,0,,0,0.6480000000000001,0.6480000000000001,0.3
0.11762152777777778,2.187986700893943,0.1388182588363586,2.803112581161391,0.9375,22.333333333333332,4.102774063171117,0.0495699853681941,2187.986700893943,1004,2,commute,commute_adaptive_kl_1.0,kl,1.0,adaptive,8,0.015625,34,4,4,8,1.0,1.0,0.10069444444444443,0.10069444444444443,0,0,0,0,4,4,0.11764705882352941,1.0,4,1.0,466.02250000000004,477.55815,0,0,0,0,,0,0.6480000000000001,0.6480000000000001,0.3
0.025296585648148146,3.2578126568191585,0.11752447465322363,4.59525908040673,0.7708333333333334,30.145833333333332,4.560329784825974,0.0922278890050755,3257.8126568191583,1004,3,commute,commute_adaptive_kl_1.0,kl,1.0,adaptive,8,0.015625,33,1,0,2,0.0,0.0,0.25,0.0,1,0,0,0,0,0,0.0,0.0,0,1.0,464.0,479.50165000000004,0,0,0,0,,0,0.6480000000000001,0.6480000000000001,0.3
0.063671875,3.390789763895087,0.09500028806009432,3.8390313981069286,0.8125,26.645833333333332,4.518786369698371,0.07565918951040994,3390.789763895087,1005,0,commute,commute_adaptive_kl_1.0,kl,1.0,adaptive,8,0.015625,33,2,2,6,1.0,1.0,0.08035714285714285,0.08035714285714285,0,0,1,1,1,1,0.06060606060606061,1.0,2,1.0,466.5635,484.5306,0,0,0,0,,0,0.6480000000000001,0.6480000000000001,0.3
0.03583209325396825,2.877765740247673,0.06536469152009564,4.243765664933835,0.8333333333333334,40.604166666666664,5.2065647324192454,0.0295325982661274,2877.765740247674,1005,1,commute,commute_adaptive_kl_1.0,kl,1.0,adaptive,8,0.015625,37,4,3,6,0.75,0.5519999999999999,0.09300595238095238,0.05133928571428571,0,0,1,0,3,3,0.08108108108108109,0.75,3,1.0,465.782,478.72015,0,0,0,0,,0,0.6480000000000001,0.6480000000000001,0.3
0.08459821428571429,2.184263917528518,0.06994408613822103,3.5132303442895876,0.9791666666666666,40.354166666666664,5.184483255129187,0.044507721324036575,2184.2639175285185,1005,2,commute,commute_adaptive_kl_1.0,kl,1.0,adaptive,8,0.015625,36,5,3,4,0.6,0.1227154046997389,0.5699404761904762,0.06994047619047619,2,0,0,0,3,3,0.08333333333333333,0.75,3,1.0,466.57399999999996,477.57065,0,0,0,0,,0,0.6480000000000001,0.6480000000000001,0.3
0.06844618055555556,3.473637744183298,0.045815450814097214,3.728662858799322,1.0,47.770833333333336,5.516994166843701,0.026955194508005858,3473.6377441832974,1005,3,commute,commute_adaptive_kl_1.0,kl,1.0,adaptive,8,0.015625,39,5,2,3,0.4,0.055118110236220465,0.6614583333333334,0.03645833333333333,3,0,0,0,2,2,0.05128205128205128,0.6666666666666666,2,1.0,463.905,474.54814999999996,0,0,0,0,,0,0.6480000000000001,0.6480000000000001,0.3
0.12617187500000002,2.9158097979688535,0.16852249420982843,3.521461453317006,0.8958333333333334,20.041666666666668,3.967353127620765,0.09589182835274608,2915.8097979688537,1006,0,commute,commute_adaptive_kl_1.0,kl,1.0,adaptive,8,0.015625,31,0,0,5,nan,nan,0.0,0.0,0,0,0,0,0,0,0.0,nan,0,1.0,467.5655,476.005,0,0,0,0,,0,0.6480000000000001,0.6480000000000001,0.3
0.06649305555555556,2.8860877301369907,0.0731213934850041,3.521617143674989,0.9583333333333334,37.458333333333336,5.046813726127744,0.0723889122532002,2886.087730136991,1006,1,commute,commute_adaptive_kl_1.0,kl,1.0,adaptive,8,0.015625,38,1,1,3,1.0,1.0,0.017857142857142856,0.017857142857142856,0,0,0,0,1,1,0.02631578947368421,1.0,1,1.0,466.21299999999997,482.12075,0,0,0,0,,0,0.6480000000000001,0.6480000000000001,0.3
0.003993055555555555,3.6219834847479935,0.056248445358201844,4.832433092190648,0.75,44.916666666666664,5.373994032137354,0.052255389802646275,3621.9834847479947,1006,2,commute,commute_adaptive_kl_1.0,kl,1.0,adaptive,8,0.015625,38,5,1,3,0.2,0.05309734513274336,0.3923611111111111,0.020833333333333332,1,0,1,0,3,1,0.02631578947368421,0.25,1,1.0,467.961,489.61924999999997,0,0,0,0,,0,0.6480000000000001,0.6480000000000001,0.3
0.07183159722222222,3.0984933493261546,0.14045018365152603,3.7843398381071456,0.7916666666666666,21.270833333333332,4.150959088619442,0.09678072426018386,3098.4933493261547,1006,3,commute,commute_adaptive_kl_1.0,kl,1.0,adaptive,8,0.015625,36,2,0,4,0.0,0.0,0.5,0.0,2,0,0,0,0,0,0.0,0.0,0,1.0,466.97900000000004,483.4217,0,0,0,0,,0,0.6480000000000001,0.6480000000000001,0.3
0.0419921875,2.929036835488238,0.08811598856887377,4.584159937224523,0.7916666666666666,36.125,4.9209233381690565,0.04612380106887378,2929.036835488239,1007,0,commute,commute_adaptive_kl_1.0,kl,1.0,adaptive,8,0.015625,30,2,0,5,0.0,0.0,0.08333333333333333,0.0,0,0,2,0,0,0,0.0,0.0,0,1.0,460.17949999999996,477.66685,0,0,0,0,,0,0.6480000000000001,0.6480000000000001,0.3
0.0216796875,4.207499471659157,0.060382473211347286,5.272802047465689,0.6875,38.5,5.15882368332542,0.05264974821711591,4207.499471659156,1007,1,commute,commute_adaptive_kl_1.0,kl,1.0,adaptive,8,0.015625,38,3,1,2,0.3333333333333333,0.0625,0.4,0.025,2,0,0,0,1,1,0.02631578947368421,0.3333333333333333,1,1.0,468.74699999999996,486.51845000000003,0,0,0,0,,0,0.6480000000000001,0.6480000000000001,0.3
0.0015625000000000003,3.416409434141661,0.08785214217271758,4.589056195248692,0.7083333333333334,31.666666666666668,4.782547674499381,0.08628964217271758,3416.40943414166,1007,2,commute,commute_adaptive_kl_1.0,kl,1.0,adaptive,8,0.015625,35,5,4,7,0.8,0.11575069081977282,1.1309027777777776,0.13090277777777778,1,0,1,1,3,3,0.11428571428571428,1.0,4,1.0,463.00350000000003,479.2867,0,0,0,0,,0,0.6480000000000001,0.6480000000000001,0.3
0.044552951388888894,3.2887878216403927,0.07956659193207931,4.439711825916546,0.7291666666666666,35.041666666666664,4.918674926795855,0.03501364054319043,3288.7878216403938,1007,3,commute,commute_adaptive_kl_1.0,kl,1.0,adaptive,8,0.015625,36,0,0,5,nan,nan,0.0,0.0,0,0,0,0,0,0,0.0,nan,0,1.0,463.474,474.616,0,0,0,0,,0,0.6480000000000001,0.6480000000000001,0.3
0.10598958333333335,2.36881232656018,0.058333503029530165,3.5014675350299935,0.9791666666666666,45.708333333333336,5.391188240990766,0.04765608030380316,2368.8123265601803,1008,0,commute,commute_adaptive_kl_1.0,kl,1.0,adaptive,8,0.015625,36,4,4,5,1.0,1.0,0.07931547619047619,0.07931547619047619,0,0,0,0,4,4,0.1111111111111111,1.0,4,1.0,464.816,478.89915,0,0,0,0,,0,0.6480000000000001,0.6480000000000001,0.3
0.0419921875,3.6250424393376193,0.06186397481230805,4.101882796381243,0.8958333333333334,42.520833333333336,5.2705320272537906,0.02692962310670873,3625.0424393376193,1008,1,commute,commute_adaptive_kl_1.0,kl,1.0,adaptive,8,0.015625,34,3,1,5,0.3333333333333333,0.0625,0.3333333333333333,0.020833333333333332,1,0,1,0,1,1,0.029411764705882353,0.3333333333333333,1,1.0,473.24350000000004,495.39425,0,0,0,0,,0,0.6480000000000001,0.6480000000000001,0.3
0.024457465277777774,3.2082754425380102,0.0673549200606504,4.129036904576604,0.8541666666666666,37.895833333333336,5.126538080206475,0.04289745478287263,3208.2754425380085,1008,2,commute,commute_adaptive_kl_1.0,kl,1.0,adaptive,8,0.015625,34,3,3,5,1.0,1.0,0.07638888888888888,0.07638888888888888,0,0,0,0,3,3,0.08823529411764706,1.0,3,1.0,467.876,483.54795,0,0,0,0,,0,0.6480000000000001,0.6480000000000001,0.3
0.04370659722222222,4.247410426186709,0.036102685624693175,4.165898770472239,0.9375,55.270833333333336,5.7576245794092555,0.007603911597529045,4247.410426186708,1008,3,commute,commute_adaptive_kl_1.0,kl,1.0,adaptive,8,0.015625,39,1,1,1,1.0,1.0,0.015625,0.015625,0,0,0,0,1,1,0.02564102564102564,1.0,1,1.0,470.509,476.8206,0,0,0,0,,0,0.6480000000000001,0.6480000000000001,0.3
0.005099826388888889,4.35501102089065,0.06374820380337233,4.447843979347039,0.8541666666666666,46.583333333333336,5.343292590019872,0.05864837741448344,4355.011020890649,1009,0,commute,commute_adaptive_kl_1.0,kl,1.0,adaptive,8,0.015625,40,2,1,2,0.5,0.06666666666666667,0.26785714285714285,0.017857142857142856,1,0,0,0,1,1,0.025,1.0,1,1.0,467.966,478.5391,0,0,0,0,,0,0.6480000000000001,0.6480000000000001,0.3
0.1082248263888889,2.2437053589450815,0.1388920730198901,3.127677323813218,0.9166666666666666,23.270833333333332,4.2078372882447725,0.07557763218766701,2243.705358945082,1009,1,commute,commute_adaptive_kl_1.0,kl,1.0,adaptive,8,0.015625,36,5,4,7,0.8,0.288135593220339,0.35119047619047616,0.10119047619047618,1,0,1,1,3,3,0.1111111111111111,1.0,4,1.0,470.78999999999996,488.67195,0,0,0,0,,0,0.6480000000000001,0.6480000000000001,0.3
0.08333333333333333,2.649923560606041,0.12746848583673856,4.381215793212886,0.7291666666666666,21.395833333333332,4.200453109232351,0.04413515250340524,2649.9235606060406,1009,2,commute,commute_adaptive_kl_1.0,kl,1.0,adaptive,8,0.015625,31,3,3,11,1.0,1.0,0.06944444444444445,0.06944444444444445,0,0,0,0,3,3,0.0967741935483871,1.0,3,1.0,470.0585,491.2088,0,0,0,0,,0,0.6480000000000001,0.6480000000000001,0.3
0.10536024305555557,3.1211073857360745,0.07460156780354198,4.557836049326145,0.7708333333333334,36.854166666666664,5.008637778343396,0.03075867525201359,3121.107385736075,1009,3,commute,commute_adaptive_kl_1.0,kl,1.0,adaptive,8,0.015625,37,5,3,5,0.6,0.051162790697674425,1.1197916666666665,0.057291666666666664,1,0,1,0,3,3,0.08108108108108109,0.6,3,1.0,467.0695,476.70015,0,0,0,0,,0,0.6480000000000001,0.6480000000000001,0.3
0.024305555555555556,3.215456424527284,0.08034787701843425,5.603400882229657,0.5625,30.645833333333332,4.781475617270403,0.056042321462878686,3215.4564245272836,1010,0,commute,commute_adaptive_kl_1.0,kl,1.0,adaptive,8,0.015625,37,2,1,5,0.5,0.3333333333333333,0.09375,0.03125,0,0,1,0,1,1,0.02702702702702703,0.5,1,1.0,468.4915,477.4141,0,0,0,0,,0,0.6480000000000001,0.6480000000000001,0.3
0.06888020833333333,2.425596656680017,0.07566533250465783,4.786047392604038,0.6875,35.75,5.011107348766113,0.008006344000030132,2425.596656680017,1010,1,commute,commute_adaptive_kl_1.0,kl,1.0,adaptive,8,0.015625,38,4,3,6,0.75,0.2105263157894737,0.31666666666666665,0.06666666666666667,1,0,0,0,3,3,0.07894736842105263,0.6666666666666666,3,1.0,461.957,475.48165,0,0,0,0,,0,0.6480000000000001,0.6480000000000001,0.3
0.16718750000000002,2.4526507756575424,0.10685847532612847,4.108526187889576,0.8125,25.229166666666668,4.462517269230234,0.13214454765361008,2452.6507756575425,1010,2,commute,commute_adaptive_kl_1.0,kl,1.0,adaptive,8,0.015625,34,4,2,8,0.5,0.16666666666666666,0.375,0.0625,1,0,1,0,2,2,0.058823529411764705,0.6666666666666666,2,1.0,462.58799999999997,482.6508,0,0,0,0,,0,0.6480000000000001,0.6480000000000001,0.3
0.10536024305555557,2.6370437537705276,0.1686530032351278,4.166087002467966,0.7291666666666666,22.9375,4.087060875437518,0.09779612281719592,2637.0437537705275,1010,3,commute,commute_adaptive_kl_1.0,kl,1.0,adaptive,8,0.015625,35,2,2,5,1.0,1.0,0.03571428571428571,0.03571428571428571,0,0,0,0,2,2,0.05714285714285714,1.0,2,1.0,460.875,488.26645,0,0,0,0,,0,0.6480000000000001,0.6480000000000001,0.3
0.04891493055555555,3.4685997855194315,0.06573174850894209,4.107599093982675,0.8541666666666666,38.791666666666664,5.1208811846981535,0.025283804149293414,3468.599785519431,1011,0,commute,commute_adaptive_kl_1.0,kl,1.0,adaptive,8,0.015625,40,3,2,5,0.6666666666666666,0.043824701195219126,1.0458333333333334,0.04583333333333334,1,0,0,0,2,2,0.05,0.5,2,1.0,470.36400000000003,498.0523,0,0,0,0,,0,0.6480000000000001,0.6480000000000001,0.3
0.1275607638888889,2.001941406025606,0.24405051852273485,3.512456375416239,0.7916666666666666,19.333333333333332,3.638706640831328,0.16472673671432997,2001.9414060256058,1011,1,commute,commute_adaptive_kl_1.0,kl,1.0,adaptive,8,0.015625,34,5,2,8,0.4,0.21052631578947367,0.7125,0.15,3,1,1,0,1,1,0.058823529411764705,0.5,2,1.0,467.911,475.48900000000003,0,0,0,0,,0,0.6480000000000001,0.6480000000000001,0.3
0.08548177083333335,3.5204996116435487,0.08778395821735968,5.116678065275603,0.625,33.8125,4.882422481048265,0.035505337790802026,3520.499611643549,1011,2,commute,commute_adaptive_kl_1.0,kl,1.0,adaptive,8,0.015625,34,4,2,5,0.5,0.08943089430894308,0.5491071428571429,0.049107142857142856,2,0,0,0,2,2,0.058823529411764705,0.3333333333333333,2,1.0,464.46000000000004,488.7485,0,0,0,0,,0,0.6480000000000001,0.6480000000000001,0.3
0.008485243055555555,3.6810125394956565,0.063723048476814,4.596759089157119,0.7291666666666666,36.375,5.078863255281219,0.055237805421258446,3681.0125394956553,1011,3,commute,commute_adaptive_kl_1.0,kl,1.0,adaptive,8,0.015625,41,4,2,4,0.5,0.4010695187165775,0.08348214285714287,0.033482142857142856,0,0,0,0,4,2,0.04878048780487805,0.6666666666666666,2,1.0,465.841,495.91695,0,0,0,0,,0,0.6480000000000001,0.6480000000000001,0.3
0.063671875,2.265565888412597,0.11010491975151644,3.2592812430664106,0.9375,26.291666666666668,4.536126109133579,0.05081194181010312,2265.5658884125974,1012,0,commute,commute_adaptive_kl_1.0,kl,1.0,adaptive,8,0.015625,33,2,1,5,0.5,0.06666666666666667,0.26785714285714285,0.017857142857142856,1,0,0,0,1,1,0.030303030303030304,0.5,1,1.0,469.2365,483.5351,0,0,0,0,,0,0.6480000000000001,0.6480000000000001,0.3
0.046310763888888884,2.0458470303758163,0.1306112334571042,3.7049575268534682,0.7916666666666666,24.3125,4.289760719837754,0.10738628487085249,2045.847030375816,1012,1,commute,commute_adaptive_kl_1.0,kl,1.0,adaptive,8,0.015625,35,3,2,4,0.6666666666666666,0.3478260869565218,0.19166666666666665,0.06666666666666667,1,0,1,1,1,1,0.05714285714285714,0.6666666666666666,2,1.0,466.16200000000003,479.75404999999995,0,0,0,0,,0,0.6480000000000001,0.6480000000000001,0.3
0.0859375,3.374609562163343,0.08356181166917344,4.630235228771764,0.75,39.395833333333336,5.0929050990371225,0.028869094547984326,3374.6095621633435,1012,2,commute,commute_adaptive_kl_1.0,kl,1.0,adaptive,8,0.015625,36,1,1,3,1.0,1.0,0.041666666666666664,0.041666666666666664,0,0,1,1,0,0,0.027777777777777776,1.0,1,1.0,464.004,475.30359999999996,0,0,0,0,,0,0.6480000000000001,0.6480000000000001,0.3
0.04869791666666667,2.720708130627403,0.12484649879963038,4.188775922823399,0.7291666666666666,24.395833333333332,4.357771064224309,0.0761485821329637,2720.7081306274026,1012,3,commute,commute_adaptive_kl_1.0,kl,1.0,adaptive,8,0.015625,27,0,0,5,nan,nan,0.0,0.0,0,0,0,0,0,0,0.0,nan,0,1.0,468.961,487.5205,0,0,0,0,,0,0.6480000000000001,0.6480000000000001,0.3
0.08489583333333334,2.804124088198735,0.10142777656744466,4.313899030672007,0.75,31.645833333333332,4.751170841128182,0.03462863323541059,2804.1240881987346,1013,0,commute,commute_adaptive_kl_1.0,kl,1.0,adaptive,8,0.015625,32,1,1,6,1.0,1.0,0.020833333333333332,0.020833333333333332,0,0,0,0,1,1,0.03125,1.0,1,1.0,464.394,474.11699999999996,0,0,0,0,,0,0.6480000000000001,0.6480000000000001,0.3
0.02341579861111111,3.3697063669602922,0.12070328987102362,5.324012425785142,0.6041666666666666,21.104166666666668,4.176853728217691,0.0972874912599125,3369.7063669602926,1013,1,commute,commute_adaptive_kl_1.0,kl,1.0,adaptive,8,0.015625,36,4,4,9,1.0,1.0,0.09166666666666667,0.09166666666666667,0,0,0,0,4,4,0.1111111111111111,1.0,4,1.0,468.4755,484.0478,0,0,0,0,,0,0.6480000000000001,0.6480000000000001,0.3
0.026692708333333332,3.251787694181573,0.08225831515848747,4.584436691479673,0.8333333333333334,38.729166666666664,5.0373131647368385,0.05556560682515413,3251.787694181572,1013,2,commute,commute_adaptive_kl_1.0,kl,1.0,adaptive,8,0.015625,29,0,0,5,nan,nan,0.0,0.0,0,0,0,0,0,0,0.0,nan,0,1.0,467.0385,477.0506,0,0,0,0,,0,0.6480000000000001,0.6480000000000001,0.3
0.029600694444444447,3.1747019664459084,0.042258329168480685,4.3691113533421015,0.8333333333333334,45.645833333333336,5.495970659932912,0.01265763472403624,3174.701966445909,1013,3,commute,commute_adaptive_kl_1.0,kl,1.0,adaptive,8,0.015625,40,5,3,3,0.6,0.12727272727272723,0.5729166666666667,0.07291666666666666,2,0,0,0,3,3,0.075,0.75,3,1.0,459.77750000000003,473.45245,0,0,0,0,,0,0.6480000000000001,0.6480000000000001,0.3
0.06302083333333333,2.4408013524198053,0.08696985711678125,3.446646207242496,0.9375,29.125,4.729638072688714,0.04689178808769231,2440.801352419806,1014,0,commute,commute_adaptive_kl_1.0,kl,1.0,adaptive,8,0.015625,35,3,1,3,0.3333333333333333,0.07692307692307691,0.5416666666666667,0.041666666666666664,2,0,1,1,0,0,0.02857142857142857,0.3333333333333333,1,1.0,464.5645,474.05385,0,0,0,0,,0,0.6480000000000001,0.6480000000000001,0.3
0.004644097222222222,3.4969830701691333,0.06455917606448,4.414494491781854,0.7916666666666666,44.0,5.281105634600895,0.059915078842257795,3496.983070169133,1014,1,commute,commute_adaptive_kl_1.0,kl,1.0,adaptive,8,0.015625,36,1,0,2,0.0,0.0,0.0625,0.0,0,0,1,0,0,0,0.0,0.0,0,1.0,460.4385,484.76085,0,0,0,0,,0,0.6480000000000001,0.6480000000000001,0.3
0.04253472222222223,3.543412009920433,0.08187048201323699,5.014443324887329,0.6666666666666666,34.5,4.960140735710193,0.04550313553061955,3543.412009920434,1014,2,commute,commute_adaptive_kl_1.0,kl,1.0,adaptive,8,0.015625,37,3,1,3,0.3333333333333333,0.14285714285714285,0.14583333333333334,0.020833333333333332,0,0,2,0,1,1,0.02702702702702703,0.5,1,1.0,458.741,471.55350000000004,0,0,0,0,,0,0.6480000000000001,0.6480000000000001,0.3
0.024283854166666664,2.5728956246486416,0.09177572769089247,3.3713543707084574,1.0,32.770833333333336,4.826557373611549,0.06749187352422581,2572.895624648643,1014,3,commute,commute_adaptive_kl_1.0,kl,1.0,adaptive,8,0.015625,35,2,2,3,1.0,1.0,0.05208333333333333,0.05208333333333333,0,0,0,0,2,2,0.05714285714285714,1.0,2,1.0,466.733,491.99465,0,0,0,0,,0,0.6480000000000001,0.6480000000000001,0.3
0.05440538194444444,3.811806942348078,0.10693133842825547,4.22570140126924,0.7916666666666666,28.270833333333332,4.453478761174637,0.07263720737437804,3811.806942348079,1015,0,commute,commute_adaptive_kl_1.0,kl,1.0,adaptive,8,0.015625,38,4,4,7,1.0,1.0,0.12202380952380952,0.12202380952380952,0,0,1,1,3,3,0.10526315789473684,1.0,4,1.0,466.4825,488.0877,0,0,0,0,,0,0.6480000000000001,0.6480000000000001,0.3
0.02170138888888889,3.8574265299980843,0.1839168834644335,8.274053042370214,0.2916666666666667,16.791666666666668,3.7643667467219597,0.16221549457554466,3857.426529998085,1015,1,commute,commute_adaptive_kl_1.0,kl,1.0,adaptive,8,0.015625,32,3,0,6,0.0,0.0,0.34375,0.0,1,0,1,0,1,0,0.0,0.0,0,1.0,471.73,477.954,0,0,0,0,,0,0.6480000000000001,0.6480000000000001,0.3
0.08450520833333335,3.2668364747638208,0.07871509368077488,3.5953754228741546,0.8125,35.354166666666664,4.931258106264488,0.02541945601666386,3266.8364747638207,1015,2,commute,commute_adaptive_kl_1.0,kl,1.0,adaptive,8,0.015625,38,0,0,4,nan,nan,0.0,0.0,0,0,0,0,0,0,0.0,nan,0,1.0,464.11400000000003,485.07245,0,0,0,0,,0,0.6480000000000001,0.6480000000000001,0.3
0.09175347222222223,3.060273319129538,0.07349591609752902,4.407473706722217,0.7916666666666666,36.979166666666664,4.998330792192051,0.018257556124693198,3060.273319129539,1015,3,commute,commute_adaptive_kl_1.0,kl,1.0,adaptive,8,0.015625,36,2,2,4,1.0,1.0,0.04583333333333334,0.04583333333333334,0,0,0,0,2,2,0.05555555555555555,1.0,2,1.0,465.8815,484.6269,0,0,0,0,,0,0.6480000000000001,0.6480000000000001,0.3
0.06751302083333334,2.4668000233856735,0.06190809310859873,3.6767843118119754,0.9375,43.0625,5.297343892586956,0.03279115728046412,2466.800023385674,1016,0,commute,commute_adaptive_kl_1.0,kl,1.0,adaptive,8,0.015625,35,5,4,6,0.8,0.7229551451187335,0.11279761904761904,0.08154761904761904,0,0,0,0,5,4,0.11428571428571428,1.0,4,1.0,468.52049999999997,482.35315,0,0,0,0,,0,0.6480000000000001,0.6480000000000001,0.3
0.023980034722222224,3.0392966684283724,0.11298398369383933,4.520586931475509,0.6666666666666666,24.166666666666668,4.410018951737685,0.08900394897161708,3039.2966684283733,1016,1,commute,commute_adaptive_kl_1.0,kl,1.0,adaptive,8,0.015625,34,9,8,11,0.8888888888888888,0.4659885568976478,0.4681547619047619,0.2181547619047619,1,0,1,1,7,7,0.23529411764705882,0.8,8,1.0,463.0825,490.08125,0,0,0,0,,0,0.6480000000000001,0.6480000000000001,0.3
0.024175347222222223,4.389057076522158,0.04452253251678077,4.132332294477355,0.9166666666666666,50.520833333333336,5.6308658683763975,0.020347185294558548,4389.057076522156,1016,2,commute,commute_adaptive_kl_1.0,kl,1.0,adaptive,8,0.015625,37,1,1,2,1.0,1.0,0.015625,0.015625,0,0,0,0,1,1,0.02702702702702703,1.0,1,1.0,468.93600000000004,510.14899999999994,0,0,0,0,,0,0.6480000000000001,0.6480000000000001,0.3
0.021737557870370367,2.403973925094211,0.0991255885290213,3.835648961947701,0.8125,24.5625,4.467478194137577,0.07738803065865092,2403.9739250942116,1016,3,commute,commute_adaptive_kl_1.0,kl,1.0,adaptive,8,0.015625,40,9,6,8,0.6666666666666666,0.13726768829475058,1.521329365079365,0.20882936507936506,2,0,3,2,4,4,0.15,0.8,6,1.0,462.4065,475.0258,0,0,0,0,,0,0.6480000000000001,0.6480000000000001,0.3
0.0,4.367199213574674,0.07284759413480893,5.551041188065406,0.6666666666666666,39.4375,5.1185856614072796,0.07284759413480889,4367.199213574674,1017,0,commute,commute_adaptive_kl_1.0,kl,1.0,adaptive,8,0.015625,35,7,4,6,0.5714285714285714,0.10796460176991149,0.8407738095238096,0.09077380952380952,3,0,0,0,4,4,0.11428571428571428,1.0,4,1.0,467.96450000000004,486.0823,0,0,0,0,,0,0.6480000000000001,0.6480000000000001,0.3
0.06992497519841269,2.527092002489262,0.039413612307637395,3.7384671419669893,0.9791666666666666,50.583333333333336,5.6070803806549145,0.03051136289077531,2527.0920024892616,1017,1,commute,commute_adaptive_kl_1.0,kl,1.0,adaptive,8,0.015625,40,4,3,4,0.75,0.05352112676056339,1.0565476190476188,0.05654761904761905,1,0,0,0,3,3,0.075,1.0,3,1.0,464.905,474.76815,0,0,0,0,,0,0.6480000000000001,0.6480000000000001,0.3
0.048046874999999996,2.587312039768453,0.11754815132318876,3.913621734868968,0.8541666666666666,30.041666666666668,4.536443444713651,0.09404311277870159,2587.312039768453,1017,2,commute,commute_adaptive_kl_1.0,kl,1.0,adaptive,8,0.015625,34,4,4,7,1.0,1.0,0.1636904761904762,0.1636904761904762,0,0,2,2,2,2,0.11764705882352941,1.0,4,1.0,465.51099999999997,490.0465,0,0,0,0,,0,0.6480000000000001,0.6480000000000001,0.3
0.0014973958333333332,3.670767399032974,0.0782390113847642,4.9998190289413165,0.7083333333333334,38.958333333333336,5.025027693926722,0.07674161555143084,3670.7673990329745,1017,3,commute,commute_adaptive_kl_1.0,kl,1.0,adaptive,8,0.015625,38,4,2,4,0.5,0.13846153846153844,0.5803571428571429,0.08035714285714285,2,0,1,1,1,1,0.05263157894736842,0.6666666666666666,2,1.0,465.536,485.9441,0,0,0,0,,0,0.6480000000000001,0.6480000000000001,0.3
0.06477864583333333,3.313099260389085,0.07490325792363546,4.333066445511017,0.7291666666666666,34.145833333333336,4.908348109939387,0.024973366856949692,3313.099260389086,1018,0,commute,commute_adaptive_kl_1.0,kl,1.0,adaptive,8,0.015625,37,2,1,5,0.5,0.28571428571428575,0.0875,0.025,0,0,1,0,1,1,0.02702702702702703,0.5,1,1.0,462.847,472.99815,0,0,0,0,,0,0.6480000000000001,0.6480000000000001,0.3
0.08333333333333333,3.067213254444541,0.12704465264289602,4.053624097889938,0.8125,31.354166666666668,4.501312844196533,0.07116815374905937,3067.2132544445412,1018,1,commute,commute_adaptive_kl_1.0,kl,1.0,adaptive,8,0.015625,39,5,3,6,0.6,0.08256880733944955,1.3624999999999998,0.11249999999999999,2,0,1,1,2,2,0.07692307692307693,0.6666666666666666,3,1.0,462.53650000000005,485.3715,0,0,0,0,,0,0.6480000000000001,0.6480000000000001,0.3
0.10533854166666667,2.7667778592448102,0.13225779638717175,4.129284618618917,0.7708333333333334,24.6875,4.335918612739528,0.05060053614100108,2766.7778592448108,1018,2,commute,commute_adaptive_kl_1.0,kl,1.0,adaptive,8,0.015625,33,2,2,7,1.0,1.0,0.07291666666666666,0.07291666666666666,0,0,1,1,1,1,0.06060606060606061,1.0,2,1.0,468.14,492.45914999999997,0,0,0,0,,0,0.6480000000000001,0.6480000000000001,0.3
0.0841796875,2.6354939878306647,0.11385434162638054,3.7905815565402463,0.8333333333333334,22.416666666666668,4.311021813264181,0.029674654126380526,2635.4939878306654,1018,3,commute,commute_adaptive_kl_1.0,kl,1.0,adaptive,8,0.015625,37,4,2,5,0.5,0.3701799485861183,0.1157738095238095,0.04285714285714286,0,0,1,0,3,2,0.05405405405405406,0.3333333333333333,2,1.0,466.0625,485.8735,0,0,0,0,,0,0.6480000000000001,0.6480000000000001,0.3
0.007486979166666665,4.350736642151617,0.05073374694720565,4.799322812123638,0.75,43.604166666666664,5.376112740096463,0.04324676778053899,4350.736642151619,1019,0,commute,commute_adaptive_kl_1.0,kl,1.0,adaptive,8,0.015625,44,5,3,4,0.6,0.2157676348547718,0.3586309523809524,0.07738095238095238,1,0,1,1,3,2,0.06818181818181818,0.75,3,1.0,460.32349999999997,475.6468,0,0,0,0,,0,0.6480000000000001,0.6480000000000001,0.3
0.0036675347222222218,3.7443332931774065,0.08565368629306262,4.508548532792727,0.75,35.083333333333336,4.919749269469501,0.0819861515708404,3744.333293177407,1019,1,commute,commute_adaptive_kl_1.0,kl,1.0,adaptive,8,0.015625,36,5,5,7,1.0,1.0,0.10863095238095237,0.10863095238095237,0,0,0,0,5,5,0.1388888888888889,1.0,5,1.0,462.767,480.88509999999997,0,0,0,0,,0,0.6480000000000001,0.6480000000000001,0.3
0.001171875,3.215424314720605,0.0735869910249962,3.628474037767308,1.0,34.333333333333336,4.94614057908765,0.07241511602499622,3215.4243147206057,1019,2,commute,commute_adaptive_kl_1.0,kl,1.0,adaptive,8,0.015625,39,2,2,3,1.0,1.0,0.0625,0.0625,0,0,1,1,1,1,0.05128205128205128,1.0,2,1.0,463.2825,475.37195,0,0,0,0,,0,0.6480000000000001,0.6480000000000001,0.3
0.041666666666666664,3.6027534620611945,0.07961833211459306,4.327717340799715,0.8125,34.854166666666664,4.894857957065681,0.037951665447926365,3602.753462061195,1019,3,commute,commute_adaptive_kl_1.0,kl,1.0,adaptive,8,0.015625,34,6,1,4,0.16666666666666666,0.034013605442176874,1.8375,0.0625,4,0,1,1,1,0,0.029411764705882353,0.25,1,1.0,459.84299999999996,473.61565,0,0,0,0,,0,0.6480000000000001,0.6480000000000001,0.3
0.022395833333333334,3.695625068568947,0.07790785950124443,4.295075627714899,0.8333333333333334,35.166666666666664,4.944588561260603,0.055512026167911115,3695.625068568946,1000,0,commute,commute_adaptive_kl_2.0,kl,2.0,adaptive,8,0.015625,34,5,5,7,1.0,1.0,0.17083333333333334,0.17083333333333334,0,0,1,1,4,4,0.14705882352941177,1.0,5,1.0,463.95399999999995,474.58965,0,0,0,0,,0,0.6480000000000001,0.6480000000000001,0.3
0.028363715277777774,3.997702474091931,0.042030014405737386,3.93197017944911,1.0,51.541666666666664,5.635111473790109,0.01366629912795961,3997.702474091931,1000,1,commute,commute_adaptive_kl_2.0,kl,2.0,adaptive,8,0.015625,40,2,1,2,0.5,0.058823529411764705,0.265625,0.015625,1,0,0,0,1,1,0.025,0.5,1,1.0,464.765,493.90605,0,0,0,0,,0,0.6480000000000001,0.6480000000000001,0.3
0.043164062499999996,3.490367479524662,0.10831801572929867,5.10723167743532,0.7291666666666666,33.791666666666664,4.691386790022582,0.06515395322929865,3490.3674795246625,1000,2,commute,commute_adaptive_kl_2.0,kl,2.0,adaptive,8,0.015625,36,1,1,4,1.0,1.0,0.041666666666666664,0.041666666666666664,0,0,1,1,0,0,0.027777777777777776,1.0,1,1.0,466.137,475.9961,0,0,0,0,,0,0.6480000000000001,0.6480000000000001,0.3
0.04761284722222222,2.3826244145599444,0.08696122084032916,3.827425186492123,1.0,41.541666666666664,5.142191513637139,0.07458758162867579,2382.624414559944,1000,3,commute,commute_adaptive_kl_2.0,kl,2.0,adaptive,8,0.015625,31,4,3,4,0.75,0.07216494845360825,1.0777777777777777,0.07777777777777778,1,0,0,0,3,3,0.0967741935483871,0.75,3,1.0,464.36400000000003,488.92094999999995,0,0,0,0,,0,0.6480000000000001,0.6480000000000001,0.3
0.024457465277777774,3.401755326489816,0.07357331230328233,4.36762045435448,0.8333333333333334,37.520833333333336,5.031964121512557,0.04911584702550457,3401.7553264898156,1001,0,commute,commute_adaptive_kl_2.0,kl,2.0,adaptive,8,0.015625,35,0,0,2,nan,nan,0.0,0.0,0,0,0,0,0,0,0.0,nan,0,1.0,466.8175,492.20745,0,0,0,0,,0,0.6480000000000001,0.6480000000000001,0.3
0.06922743055555555,2.6507685228753766,0.12495841831459663,4.3212704285471455,0.75,22.895833333333332,4.299583004852947,0.07012908468995536,2650.7685228753767,1001,1,commute,commute_adaptive_kl_2.0,kl,2.0,adaptive,8,0.015625,34,3,3,8,1.0,1.0,0.11458333333333333,0.11458333333333333,0,0,1,1,2,2,0.08823529411764706,1.0,3,1.0,464.315,475.574,0,0,0,0,,0,0.6480000000000001,0.6480000000000001,0.3
0.027756076388888887,3.9938150716174423,0.06334791151859033,4.75783833292346,0.7083333333333334,36.083333333333336,5.064446424650907,0.03559183512970144,3993.8150716174423,1001,2,commute,commute_adaptive_kl_2.0,kl,2.0,adaptive,8,0.015625,36,5,4,6,0.8,0.2533333333333333,0.3348214285714286,0.08482142857142858,1,0,0,0,4,4,0.1111111111111111,1.0,4,1.0,459.312,470.05415,0,0,0,0,,0,0.6480000000000001,0.6480000000000001,0.3
0.04283854166666667,2.5464699189455158,0.13504207351442732,4.015289942708225,0.7708333333333334,27.6875,4.47188332152365,0.10117662170724155,2546.4699189455155,1001,3,commute,commute_adaptive_kl_2.0,kl,2.0,adaptive,8,0.015625,32,3,3,6,1.0,1.0,0.10416666666666666,0.10416666666666666,0,0,1,1,2,2,0.09375,1.0,3,1.0,464.95500000000004,475.09565,0,0,0,0,,0,0.6480000000000001,0.6480000000000001,0.3
0.022507440476190476,3.2354521148689135,0.04810781013224775,3.825025349382552,0.9583333333333334,45.958333333333336,5.455038923478863,0.025600369656057276,3235.452114868914,1002,0,commute,commute_adaptive_kl_2.0,kl,2.0,adaptive,8,0.015625,43,4,3,4,0.75,0.2112676056338028,0.3169642857142857,0.06696428571428571,1,0,0,0,3,3,0.06976744186046512,0.6666666666666666,3,1.0,457.745,480.0928,0,0,0,0,,0,0.6480000000000001,0.6480000000000001,0.3
0.06584201388888888,2.6151096504201568,0.1141107468687132,4.599758474450016,0.6875,25.583333333333332,4.448563507339855,0.04826873297982428,2615.1096504201573,1002,1,commute,commute_adaptive_kl_2.0,kl,2.0,adaptive,8,0.015625,35,2,2,9,1.0,1.0,0.03571428571428571,0.03571428571428571,0,0,0,0,2,2,0.05714285714285714,1.0,2,1.0,458.586,472.8634,0,0,0,0,,0,0.6480000000000001,0.6480000000000001,0.3
0.042187499999999996,2.624185388462027,0.10552910481531175,3.3827612840463375,0.9166666666666666,29.166666666666668,4.626983309408529,0.06334160481531172,2624.1853884620273,1002,2,commute,commute_adaptive_kl_2.0,kl,2.0,adaptive,8,0.015625,39,2,1,2,0.5,0.5,0.5,0.25,2,1,0,0,0,0,0.02564102564102564,0.5,1,1.0,460.023,471.3438,0,0,0,0,,0,0.6480000000000001,0.6480000000000001,0.3
0.02170138888888889,3.3717297672076665,0.05983763329539746,4.349243473804601,0.8125,44.583333333333336,5.368101757556851,0.03813624440650857,3371.729767207666,1002,3,commute,commute_adaptive_kl_2.0,kl,2.0,adaptive,8,0.015625,35,0,0,1,nan,nan,0.0,0.0,0,0,0,0,0,0,0.0,nan,0,1.0,461.67499999999995,475.20945,0,0,0,0,,0,0.6480000000000001,0.6480000000000001,0.3
0.06486545138888888,3.2525559596525366,0.0765126773569962,3.9604109367578477,0.8333333333333334,34.25,4.923366944453787,0.02723987010023506,3252.555959652537,1003,0,commute,commute_adaptive_kl_2.0,kl,2.0,adaptive,8,0.015625,38,2,2,5,1.0,1.0,0.08035714285714285,0.08035714285714285,0,0,1,1,1,1,0.05263157894736842,1.0,2,1.0,465.2805,482.6841,0,0,0,0,,0,0.6480000000000001,0.6480000000000001,0.3
0.08648003472222222,3.1042875612554464,0.1491537158060861,4.948635822249898,0.6458333333333334,23.166666666666668,4.166783731382092,0.06267368108386391,3104.2875612554467,1003,1,commute,commute_adaptive_kl_2.0,kl,2.0,adaptive,8,0.015625,35,3,3,5,1.0,1.0,0.0907738095238095,0.0907738095238095,0,0,1,1,2,2,0.08571428571428572,1.0,3,1.0,464.95500000000004,480.6624,0,0,0,0,,0,0.6480000000000001,0.6480000000000001,0.3
0.10598958333333335,3.213272327932065,0.17463154804235592,4.378727883148125,0.6666666666666666,22.229166666666668,3.944079837503878,0.08932419225577998,3213.272327932065,1003,2,commute,commute_adaptive_kl_2.0,kl,2.0,adaptive,8,0.015625,40,7,6,8,0.8571428571428571,0.8755924170616113,0.2511904761904762,0.21994047619047616,0,0,3,3,4,3,0.15,1.0,6,1.0,458.471,472.36965,0,0,0,0,,0,0.6480000000000001,0.6480000000000001,0.3
0.12651909722222224,2.8165186385983874,0.1570865496387436,5.047034404989372,0.625,21.6875,4.081629126917824,0.03260307093983381,2816.518638598387,1003,3,commute,commute_adaptive_kl_2.0,kl,2.0,adaptive,8,0.015625,40,3,3,8,1.0,1.0,0.515625,0.515625,2,2,0,0,1,1,0.075,1.0,3,1.0,464.47950000000003,473.62265,0,0,0,0,,0,0.6480000000000001,0.6480000000000001,0.3
0.001880787037037037,4.527975095601861,0.056426544747791095,4.593168085872799,0.7916666666666666,42.041666666666664,5.285957986759309,0.05454575771075406,4527.9750956018615,1004,0,commute,commute_adaptive_kl_2.0,kl,2.0,adaptive,8,0.015625,39,7,5,6,0.7142857142857143,0.291072768192048,0.528968253968254,0.15396825396825398,2,0,1,1,4,4,0.1282051282051282,0.8333333333333334,5,1.0,460.01800000000003,473.3045,0,0,0,0,,0,0.6480000000000001,0.6480000000000001,0.3
0.04242621527777777,2.99401992154997,0.11448070389897219,4.608038621483751,0.7083333333333334,32.5625,4.659162398970277,0.0720544886211944,2994.0199215499706,1004,1,commute,commute_adaptive_kl_2.0,kl,2.0,adaptive,8,0.015625,36,5,4,5,0.8,0.8085106382978724,0.16319444444444445,0.13194444444444445,0,0,1,1,4,3,0.1111111111111111,0.75,4,1.0,462.9625,480.8666,0,0,0,0,,0,0.6480000000000001,0.6480000000000001,0.3
0.14973958333333334,2.30557938265511,0.21111752004618356,3.5626430636794075,0.7916666666666666,26.229166666666668,3.9961946197893514,0.16961541676016265,2305.5793826551103,1004,2,commute,commute_adaptive_kl_2.0,kl,2.0,adaptive,8,0.015625,34,4,4,7,1.0,1.0,0.10069444444444443,0.10069444444444443,0,0,0,0,4,4,0.11764705882352941,1.0,4,1.0,461.29449999999997,469.49064999999996,0,0,0,0,,0,0.6480000000000001,0.6480000000000001,0.3
0.06696325231481481,2.643176524939441,0.12014787138194483,4.041808414219459,0.8125,27.395833333333332,4.4773299563293945,0.06475875219644134,2643.1765249394416,1004,3,commute,commute_adaptive_kl_2.0,kl,2.0,adaptive,8,0.015625,33,1,1,3,1.0,1.0,0.25,0.25,1,1,0,0,0,0,0.030303030303030304,1.0,1,1.0,466.613,482.0694,0,0,0,0,,0,0.6480000000000001,0.6480000000000001,0.3
0.08450520833333335,2.5656248436987403,0.09850487738018439,3.6224287051392348,0.9166666666666666,33.291666666666664,4.743092786851537,0.07396615565739785,2565.6248436987407,1005,0,commute,commute_adaptive_kl_2.0,kl,2.0,adaptive,8,0.015625,33,2,2,4,1.0,1.0,0.08035714285714285,0.08035714285714285,0,0,1,1,1,1,0.06060606060606061,1.0,2,1.0,462.626,477.85814999999997,0,0,0,0,,0,0.6480000000000001,0.6480000000000001,0.3
0.028019593253968255,3.3121741801237117,0.08352744392031342,4.449990861604605,0.7291666666666666,35.895833333333336,5.002989333244355,0.05550785066634519,3312.174180123713,1005,1,commute,commute_adaptive_kl_2.0,kl,2.0,adaptive,8,0.015625,37,4,4,7,1.0,1.0,0.09300595238095238,0.09300595238095238,0,0,1,1,3,3,0.10810810810810811,1.0,4,1.0,466.2425,473.75545,0,0,0,0,,0,0.6480000000000001,0.6480000000000001,0.3
0.06376488095238096,2.6249339495688218,0.06508342297018306,3.626789002015442,0.9791666666666666,40.416666666666664,5.213144908245253,0.028535051158741238,2624.9339495688214,1005,2,commute,commute_adaptive_kl_2.0,kl,2.0,adaptive,8,0.015625,36,5,3,4,0.6,0.1227154046997389,0.5699404761904762,0.06994047619047619,2,0,0,0,3,3,0.08333333333333333,0.75,3,1.0,461.40999999999997,487.3799,0,0,0,0,,0,0.6480000000000001,0.6480000000000001,0.3
0.09016927083333333,3.386627792921804,0.07733684333085007,3.5461429064387744,0.9166666666666666,37.25,4.918837548954932,0.07143591431978417,3386.627792921805,1005,3,commute,commute_adaptive_kl_2.0,kl,2.0,adaptive,8,0.015625,39,5,2,5,0.4,0.055118110236220465,0.6614583333333334,0.03645833333333333,3,0,0,0,2,2,0.05128205128205128,0.6666666666666666,2,1.0,459.96299999999997,473.46645,0,0,0,0,,0,0.6480000000000001,0.6480000000000001,0.3
0.001171875,2.787158174512186,0.11106018236634567,4.579336787425317,0.75,27.895833333333332,4.562383170704102,0.10988830736634565,2787.1581745121857,1006,0,commute,commute_adaptive_kl_2.0,kl,2.0,adaptive,8,0.015625,31,0,0,5,nan,nan,0.0,0.0,0,0,0,0,0,0,0.0,nan,0,1.0,467.544,483.5039,0,0,0,0,,0,0.6480000000000001,0.6480000000000001,0.3
0.04565972222222222,3.281426554032611,0.12389862607071962,4.410497659179281,0.8333333333333334,33.5,4.604796871078687,0.09709791315377857,3281.4265540326105,1006,1,commute,commute_adaptive_kl_2.0,kl,2.0,adaptive,8,0.015625,38,1,1,4,1.0,1.0,0.017857142857142856,0.017857142857142856,0,0,0,0,1,1,0.02631578947368421,1.0,1,1.0,464.49,475.013,0,0,0,0,,0,0.6480000000000001,0.6480000000000001,0.3
0.0224609375,2.8233718692037573,0.10296313721853458,4.664600027165304,0.6875,29.666666666666668,4.6411956264933005,0.08050219971853456,2823.3718692037587,1006,2,commute,commute_adaptive_kl_2.0,kl,2.0,adaptive,8,0.015625,38,5,4,7,0.8,0.36283185840707965,0.3923611111111111,0.1423611111111111,1,0,1,1,3,3,0.10526315789473684,1.0,4,1.0,461.1595,472.98044999999996,0,0,0,0,,0,0.6480000000000001,0.6480000000000001,0.3
0.07183159722222222,3.2123926270277594,0.21842044004267033,5.116175614498237,0.625,16.833333333333332,3.5819208095921944,0.16719574048281186,3212.3926270277593,1006,3,commute,commute_adaptive_kl_2.0,kl,2.0,adaptive,8,0.015625,36,2,0,5,0.0,0.0,0.5,0.0,2,0,0,0,0,0,0.0,0.0,0,1.0,463.61850000000004,482.91765,0,0,0,0,,0,0.6480000000000001,0.6480000000000001,0.3
0.06282552083333333,3.1972145981842015,0.1699495019346643,5.135513314079558,0.625,23.8125,4.090876827742924,0.13013725274596433,3197.2145981842004,1007,0,commute,commute_adaptive_kl_2.0,kl,2.0,adaptive,8,0.015625,30,2,1,6,0.5,0.5,0.08333333333333333,0.041666666666666664,0,0,2,1,0,0,0.03333333333333333,0.5,1,1.0,462.121,475.0663,0,0,0,0,,0,0.6480000000000001,0.6480000000000001,0.3
0.04251302083333333,4.429376718201371,0.04191642754260736,4.328158529256594,0.8541666666666666,49.833333333333336,5.584886117727227,0.0005965932907259682,4429.37671820137,1007,1,commute,commute_adaptive_kl_2.0,kl,2.0,adaptive,8,0.015625,38,3,1,1,0.3333333333333333,0.0625,0.4,0.025,2,0,0,0,1,1,0.02631578947368421,0.3333333333333333,1,1.0,458.17499999999995,474.5951,0,0,0,0,,0,0.6480000000000001,0.6480000000000001,0.3
0.022395833333333334,2.3785353336091757,0.09426187126093055,3.8858357737530196,0.8333333333333334,37.8125,4.980583953114191,0.0754504475981748,2378.535333609176,1007,2,commute,commute_adaptive_kl_2.0,kl,2.0,adaptive,8,0.015625,35,5,4,6,0.8,0.11575069081977282,1.1309027777777776,0.13090277777777778,1,0,1,1,3,3,0.11428571428571428,1.0,4,1.0,464.3595,485.5086,0,0,0,0,,0,0.6480000000000001,0.6480000000000001,0.3
0.04210069444444444,2.3871873416582816,0.0713389577410334,3.8865178422363713,0.9166666666666666,40.8125,5.156425739833375,0.02923826329658896,2387.1873416582816,1007,3,commute,commute_adaptive_kl_2.0,kl,2.0,adaptive,8,0.015625,36,0,0,4,nan,nan,0.0,0.0,0,0,0,0,0,0,0.0,nan,0,1.0,465.481,472.07399999999996,0,0,0,0,,0,0.6480000000000001,0.6480000000000001,0.3
0.10598958333333335,2.3737304094247587,0.060151604763620185,3.472536362709856,0.9791666666666666,44.75,5.355341448476079,0.045837978569713146,2373.730409424759,1008,0,commute,commute_adaptive_kl_2.0,kl,2.0,adaptive,8,0.015625,36,4,4,5,1.0,1.0,0.07931547619047619,0.07931547619047619,0,0,0,0,4,4,0.1111111111111111,1.0,4,1.0,467.36400000000003,596.0156,0,0,0,0,,0,0.6480000000000001,0.6480000000000001,0.3
0.06380208333333333,3.1383603845286516,0.10441676337926924,5.086579420217137,0.6458333333333334,25.645833333333332,4.505191018711271,0.040614680045935915,3138.360384528651,1008,1,commute,commute_adaptive_kl_2.0,kl,2.0,adaptive,8,0.015625,34,3,2,5,0.6666666666666666,0.25,0.3333333333333333,0.08333333333333333,1,0,1,1,1,1,0.058823529411764705,0.6666666666666666,2,1.0,465.62649999999996,481.67395,0,0,0,0,,0,0.6480000000000001,0.6480000000000001,0.3
0.024457465277777774,3.0570806714899104,0.0716953160928427,4.142090829259952,0.8541666666666666,37.041666666666664,5.077760346286868,0.04723785081506491,3057.08067148991,1008,2,commute,commute_adaptive_kl_2.0,kl,2.0,adaptive,8,0.015625,34,3,3,5,1.0,1.0,0.07638888888888888,0.07638888888888888,0,0,0,0,3,3,0.08823529411764706,1.0,3,1.0,460.08299999999997,473.07480000000004,0,0,0,0,,0,0.6480000000000001,0.6480000000000001,0.3
0.04370659722222222,4.247410426186709,0.036102685624693175,4.165898770472239,0.9375,55.270833333333336,5.7576245794092555,0.007603911597529045,4247.410426186708,1008,3,commute,commute_adaptive_kl_2.0,kl,2.0,adaptive,8,0.015625,39,1,1,1,1.0,1.0,0.015625,0.015625,0,0,0,0,1,1,0.02564102564102564,1.0,1,1.0,460.93399999999997,474.0277,0,0,0,0,,0,0.6480000000000001,0.6480000000000001,0.3
0.025933159722222224,3.421816060811887,0.07474004883655329,3.892898731046104,0.8958333333333334,44.708333333333336,5.249047351281598,0.048806889114331065,3421.816060811887,1009,0,commute,commute_adaptive_kl_2.0,kl,2.0,adaptive,8,0.015625,40,2,1,3,0.5,0.06666666666666667,0.26785714285714285,0.017857142857142856,1,0,0,0,1,1,0.025,1.0,1,1.0,459.65200000000004,470.04814999999996,0,0,0,0,,0,0.6480000000000001,0.6480000000000001,0.3
0.1082248263888889,2.7240964755614443,0.22589758362919957,3.4789164787400626,0.8333333333333334,17.729166666666668,3.6105365196847425,0.1411830220348747,2724.096475561444,1009,1,commute,commute_adaptive_kl_2.0,kl,2.0,adaptive,8,0.015625,36,5,5,8,1.0,1.0,0.35119047619047616,0.35119047619047616,1,1,1,1,3,3,0.1388888888888889,1.0,5,1.0,464.8655,473.17435,0,0,0,0,,0,0.6480000000000001,0.6480000000000001,0.3
0.020833333333333332,3.0619095154744884,0.16253609869762245,4.715152534913232,0.6458333333333334,20.166666666666668,3.997410239384726,0.14170276536428908,3061.90951547449,1009,2,commute,commute_adaptive_kl_2.0,kl,2.0,adaptive,8,0.015625,31,3,3,9,1.0,1.0,0.06944444444444445,0.06944444444444445,0,0,0,0,3,3,0.0967741935483871,1.0,3,1.0,463.353,471.514,0,0,0,0,,0,0.6480000000000001,0.6480000000000001,0.3
0.08452690972222222,3.453276938003224,0.09595481850734604,4.718044883939151,0.7083333333333334,31.3125,4.692588824091066,0.06497360265942664,3453.2769380032255,1009,3,commute,commute_adaptive_kl_2.0,kl,2.0,adaptive,8,0.015625,37,5,4,9,0.8,0.10697674418604652,1.1197916666666665,0.11979166666666666,1,0,1,1,3,3,0.10810810810810811,0.8,4,1.0,461.796,471.97195,0,0,0,0,,0,0.6480000000000001,0.6480000000000001,0.3
0.08428819444444445,2.6753256175547366,0.1126546947041927,4.437761785834712,0.7083333333333334,27.75,4.542990942357527,0.051004458338711055,2675.3256175547367,1010,0,commute,commute_adaptive_kl_2.0,kl,2.0,adaptive,8,0.015625,37,2,2,5,1.0,1.0,0.09375,0.09375,0,0,1,1,1,1,0.05405405405405406,1.0,2,1.0,462.922,473.1563,0,0,0,0,,0,0.6480000000000001,0.6480000000000001,0.3
0.024609375,2.8280189757933534,0.12528232409533915,4.455159155670117,0.6875,29.145833333333332,4.552660915020737,0.10417343364014096,2828.0189757933535,1010,1,commute,commute_adaptive_kl_2.0,kl,2.0,adaptive,8,0.015625,38,4,3,7,0.75,0.2105263157894737,0.31666666666666665,0.06666666666666667,1,0,0,0,3,3,0.07894736842105263,0.6666666666666666,3,1.0,462.997,469.93465000000003,0,0,0,0,,0,0.6480000000000001,0.6480000000000001,0.3
0.021354166666666664,2.69784631205572,0.10413813375113588,4.484267895042302,0.75,26.854166666666668,4.565005604952746,0.08278396708446921,2697.8463120557212,1010,2,commute,commute_adaptive_kl_2.0,kl,2.0,adaptive,8,0.015625,34,4,2,7,0.5,0.16666666666666666,0.375,0.0625,1,0,1,0,2,2,0.058823529411764705,0.6666666666666666,2,1.0,464.329,481.36334999999997,0,0,0,0,,0,0.6480000000000001,0.6480000000000001,0.3
0.10536024305555557,2.8453770871038606,0.12487688786673472,4.351185627297663,0.7291666666666666,24.666666666666668,4.373785061613027,0.024647471298130403,2845.377087103861,1010,3,commute,commute_adaptive_kl_2.0,kl,2.0,adaptive,8,0.015625,35,2,2,6,1.0,1.0,0.03571428571428571,0.03571428571428571,0,0,0,0,2,2,0.05714285714285714,1.0,2,1.0,458.8615,485.6621,0,0,0,0,,0,0.6480000000000001,0.6480000000000001,0.3
0.000759548611111111,3.7977093087238365,0.0737963067544478,5.038879685636438,0.6041666666666666,32.5,4.881189543305985,0.07303675814333667,3797.7093087238372,1011,0,commute,commute_adaptive_kl_2.0,kl,2.0,adaptive,8,0.015625,40,3,2,5,0.6666666666666666,0.043824701195219126,1.0458333333333334,0.04583333333333334,1,0,0,0,2,2,0.05,0.5,2,1.0,466.3425,487.48369999999994,0,0,0,0,,0,0.6480000000000001,0.6480000000000001,0.3
0.14839409722222222,2.459821983535091,0.2023072357379623,3.1518916875887775,0.875,18.4375,3.7274469719224452,0.07325070448990023,2459.8219835350915,1011,1,commute,commute_adaptive_kl_2.0,kl,2.0,adaptive,8,0.015625,34,5,3,6,0.6,0.2982456140350877,0.7125,0.2125,3,1,1,1,1,1,0.08823529411764706,0.75,3,1.0,464.1085,479.22909999999996,0,0,0,0,,0,0.6480000000000001,0.6480000000000001,0.3
0.04381510416666667,3.693726546317265,0.14760619337811864,6.327925110121133,0.5,26.645833333333332,4.352848214380509,0.10379108921145198,3693.726546317264,1011,2,commute,commute_adaptive_kl_2.0,kl,2.0,adaptive,8,0.015625,34,4,2,5,0.5,0.08943089430894308,0.5491071428571429,0.049107142857142856,2,0,0,0,2,2,0.058823529411764705,0.3333333333333333,2,1.0,464.90999999999997,473.2203,0,0,0,0,,0,0.6480000000000001,0.6480000000000001,0.3
0.008485243055555555,3.126660759177017,0.06542974888681927,4.422547922756448,0.7916666666666666,36.0625,5.105005122843494,0.05694450583126371,3126.6607591770166,1011,3,commute,commute_adaptive_kl_2.0,kl,2.0,adaptive,8,0.015625,41,4,4,6,1.0,1.0,0.08348214285714287,0.08348214285714287,0,0,0,0,4,4,0.0975609756097561,1.0,4,1.0,463.46299999999997,472.61195,0,0,0,0,,0,0.6480000000000001,0.6480000000000001,0.3
0.063671875,2.5659888706850413,0.13907385125892077,4.2593382216026585,0.75,25.708333333333332,4.310889914253305,0.08798270528197571,2565.988870685041,1012,0,commute,commute_adaptive_kl_2.0,kl,2.0,adaptive,8,0.015625,33,2,2,6,1.0,1.0,0.26785714285714285,0.26785714285714285,1,1,0,0,1,1,0.06060606060606061,1.0,2,1.0,461.235,476.268,0,0,0,0,,0,0.6480000000000001,0.6480000000000001,0.3
0.046310763888888884,2.3486090622879745,0.10887087465680771,3.7709583879784283,0.8125,27.104166666666668,4.553020915575553,0.06256011076791877,2348.609062287974,1012,1,commute,commute_adaptive_kl_2.0,kl,2.0,adaptive,8,0.015625,35,3,2,4,0.6666666666666666,0.3478260869565218,0.19166666666666665,0.06666666666666667,1,0,1,1,1,1,0.05714285714285714,0.6666666666666666,2,1.0,462.49649999999997,481.53215,0,0,0,0,,0,0.6480000000000001,0.6480000000000001,0.3
0.12760416666666666,3.1387748199750565,0.15249539551886745,4.1303905628323205,0.75,32.791666666666664,4.499514436059238,0.11677149014232814,3138.7748199750567,1012,2,commute,commute_adaptive_kl_2.0,kl,2.0,adaptive,8,0.015625,36,1,0,5,0.0,0.0,0.041666666666666664,0.0,0,0,1,0,0,0,0.0,0.0,0,1.0,467.44899999999996,497.19755,0,0,0,0,,0,0.6480000000000001,0.6480000000000001,0.3
0.04869791666666667,2.266244412634688,0.14067363604316258,3.7488426970442053,0.8541666666666666,27.5,4.405943627984757,0.09758671289982372,2266.2444126346886,1012,3,commute,commute_adaptive_kl_2.0,kl,2.0,adaptive,8,0.015625,27,0,0,4,nan,nan,0.0,0.0,0,0,0,0,0,0,0.0,nan,0,1.0,466.6375,475.36165,0,0,0,0,,0,0.6480000000000001,0.6480000000000001,0.3
0.022395833333333334,3.215079284567455,0.14013317373381712,4.30226582554319,0.7291666666666666,28.395833333333332,4.467120163322148,0.11773734040048382,3215.0792845674537,1013,0,commute,commute_adaptive_kl_2.0,kl,2.0,adaptive,8,0.015625,32,1,1,8,1.0,1.0,0.020833333333333332,0.020833333333333332,0,0,0,0,1,1,0.03125,1.0,1,1.0,460.959,471.4945,0,0,0,0,,0,0.6480000000000001,0.6480000000000001,0.3
0.06508246527777778,2.970284262668647,0.12714908357758362,4.484716521637331,0.7291666666666666,21.5,4.228915396984903,0.09080006337575162,2970.284262668647,1013,1,commute,commute_adaptive_kl_2.0,kl,2.0,adaptive,8,0.015625,36,4,4,11,1.0,1.0,0.09166666666666667,0.09166666666666667,0,0,0,0,4,4,0.1111111111111111,1.0,4,1.0,464.4995,474.41055,0,0,0,0,,0,0.6480000000000001,0.6480000000000001,0.3
0.026692708333333332,3.3204301614477476,0.09816967172554987,4.541166430580306,0.8125,35.625,4.859584533882387,0.0714769633922165,3320.4301614477477,1013,2,commute,commute_adaptive_kl_2.0,kl,2.0,adaptive,8,0.015625,29,0,0,6,nan,nan,0.0,0.0,0,0,0,0,0,0,0.0,nan,0,1.0,465.561,477.92555,0,0,0,0,,0,0.6480000000000001,0.6480000000000001,0.3
0.11449652777777779,2.247614679955642,0.07606709137500245,3.8929521535769154,0.8541666666666666,36.166666666666664,4.986276959053087,0.04255369751919019,2247.614679955642,1013,3,commute,commute_adaptive_kl_2.0,kl,2.0,adaptive,8,0.015625,40,5,3,7,0.6,0.12727272727272723,0.5729166666666667,0.07291666666666666,2,0,0,0,3,3,0.075,0.75,3,1.0,466.142,476.5861,0,0,0,0,,0,0.6480000000000001,0.6480000000000001,0.3
0.06302083333333333,2.6877681729709586,0.12715890986452263,3.97958690009709,0.8125,25.104166666666668,4.3180109532340705,0.06475556502964493,2687.768172970959,1014,0,commute,commute_adaptive_kl_2.0,kl,2.0,adaptive,8,0.015625,35,3,2,4,0.6666666666666666,0.5384615384615384,0.5416666666666667,0.2916666666666667,2,1,1,1,0,0,0.05714285714285714,0.6666666666666666,2,1.0,463.1075,491.35294999999996,0,0,0,0,,0,0.6480000000000001,0.6480000000000001,0.3
0.024609375,2.8704385835335526,0.10819223942924995,4.60757264463176,0.6875,27.083333333333332,4.516704833621868,0.08358286442924993,2870.438583533554,1014,1,commute,commute_adaptive_kl_2.0,kl,2.0,adaptive,8,0.015625,36,1,1,4,1.0,1.0,0.0625,0.0625,0,0,1,1,0,0,0.027777777777777776,1.0,1,1.0,461.906,469.942,0,0,0,0,,0,0.6480000000000001,0.6480000000000001,0.3
0.1467013888888889,2.95229737445382,0.14348261771869988,4.397363299574423,0.6458333333333334,17.625,3.902064327001316,0.07619436505022324,2952.29737445382,1014,2,commute,commute_adaptive_kl_2.0,kl,2.0,adaptive,8,0.015625,37,3,2,4,0.6666666666666666,0.5714285714285714,0.14583333333333334,0.08333333333333333,0,0,2,1,1,1,0.05405405405405406,0.5,2,1.0,461.851,478.80645,0,0,0,0,,0,0.6480000000000001,0.6480000000000001,0.3
0.024283854166666664,3.1665582321934242,0.08430361915673022,3.4871189045782383,1.0,34.833333333333336,4.938565588826458,0.060019764990063555,3166.5582321934257,1014,3,commute,commute_adaptive_kl_2.0,kl,2.0,adaptive,8,0.015625,35,2,2,2,1.0,1.0,0.05208333333333333,0.05208333333333333,0,0,0,0,2,2,0.05714285714285714,1.0,2,1.0,465.5965,483.65265,0,0,0,0,,0,0.6480000000000001,0.6480000000000001,0.3
0.043294270833333336,3.189782928778499,0.0840365848057486,3.605286318210784,0.8958333333333334,30.979166666666668,4.716350126303084,0.0557875297371723,3189.7829287784994,1015,0,commute,commute_adaptive_kl_2.0,kl,2.0,adaptive,8,0.015625,38,4,4,7,1.0,1.0,0.12202380952380952,0.12202380952380952,0,0,1,1,3,3,0.10526315789473684,1.0,4,1.0,465.56100000000004,473.32165,0,0,0,0,,0,0.6480000000000001,0.6480000000000001,0.3
0.02170138888888889,3.3908261677108076,0.09516573741428058,5.055660286111867,0.7083333333333334,33.791666666666664,4.842639524166752,0.0734643485253917,3390.8261677108076,1015,1,commute,commute_adaptive_kl_2.0,kl,2.0,adaptive,8,0.015625,32,3,1,5,0.3333333333333333,0.09090909090909091,0.34375,0.03125,1,0,1,0,1,1,0.03125,0.5,1,1.0,459.8375,471.05879999999996,0,0,0,0,,0,0.6480000000000001,0.6480000000000001,0.3
0.02200520833333333,3.7265561102963543,0.06448517216292372,4.70813660063663,0.6666666666666666,36.104166666666664,5.0568704644318085,0.0424799638295904,3726.5561102963547,1015,2,commute,commute_adaptive_kl_2.0,kl,2.0,adaptive,8,0.015625,38,0,0,2,nan,nan,0.0,0.0,0,0,0,0,0,0,0.0,nan,0,1.0,458.2355,471.73265000000004,0,0,0,0,,0,0.6480000000000001,0.6480000000000001,0.3
0.08808321308321308,3.7653904374262317,0.08134272959005992,3.3674675679973345,1.0,39.5625,5.069731747992761,0.04658498121601604,3765.3904374262315,1015,3,commute,commute_adaptive_kl_2.0,kl,2.0,adaptive,8,0.015625,36,2,2,3,1.0,1.0,0.04583333333333334,0.04583333333333334,0,0,0,0,2,2,0.05555555555555555,1.0,2,1.0,464.234,486.29884999999996,0,0,0,0,,0,0.6480000000000001,0.6480000000000001,0.3
0.0034505208333333332,2.7858887575865054,0.09690375297546584,4.7961795460267105,0.6875,31.1875,4.742953202924006,0.09345323214213253,2785.888757586506,1016,0,commute,commute_adaptive_kl_2.0,kl,2.0,adaptive,8,0.015625,35,5,5,9,1.0,1.0,0.11279761904761904,0.11279761904761904,0,0,0,0,5,5,0.14285714285714285,1.0,5,1.0,463.1875,472.305,0,0,0,0,,0,0.6480000000000001,0.6480000000000001,0.3
0.0656467013888889,2.8338997633173393,0.10799460239365434,4.354507070119374,0.7083333333333334,26.645833333333332,4.5700170572778225,0.06591499971662099,2833.899763317339,1016,1,commute,commute_adaptive_kl_2.0,kl,2.0,adaptive,8,0.015625,34,9,8,11,0.8888888888888888,0.4659885568976478,0.4681547619047619,0.2181547619047619,1,0,1,1,7,7,0.23529411764705882,0.8,8,1.0,456.678,482.085,0,0,0,0,,0,0.6480000000000001,0.6480000000000001,0.3
0.0033420138888888887,4.431584571489757,0.0813939388705973,5.43330412458331,0.6041666666666666,33.895833333333336,4.905202179517743,0.0780519249817084,4431.584571489757,1016,2,commute,commute_adaptive_kl_2.0,kl,2.0,adaptive,8,0.015625,37,1,1,4,1.0,1.0,0.015625,0.015625,0,0,0,0,1,1,0.02702702702702703,1.0,1,1.0,463.173,481.90885,0,0,0,0,,0,0.6480000000000001,0.6480000000000001,0.3
0.0425708912037037,2.4108883782672232,0.19142250633805502,4.514562593947518,0.625,19.3125,3.876896727026029,0.1544197069567538,2410.888378267224,1016,3,commute,commute_adaptive_kl_2.0,kl,2.0,adaptive,8,0.015625,40,9,7,10,0.7777777777777778,0.17835017932833389,1.521329365079365,0.27132936507936506,2,0,3,3,4,4,0.175,0.8,7,1.0,460.5085,473.658,0,0,0,0,,0,0.6480000000000001,0.6480000000000001,0.3
0.0,4.645937314331608,0.0773652943493313,5.434899623321094,0.6875,38.020833333333336,5.046962068040876,0.07736529434933127,4645.937314331609,1017,0,commute,commute_adaptive_kl_2.0,kl,2.0,adaptive,8,0.015625,35,7,4,8,0.5714285714285714,0.10796460176991149,0.8407738095238096,0.09077380952380952,3,0,0,0,4,4,0.11428571428571428,1.0,4,1.0,459.933,474.9383,0,0,0,0,,0,0.6480000000000001,0.6480000000000001,0.3
0.04909164186507936,2.902092002489262,0.04132227028721772,3.751743973601226,0.9791666666666666,52.895833333333336,5.680945913219063,0.00776937157786164,2902.092002489262,1017,1,commute,commute_adaptive_kl_2.0,kl,2.0,adaptive,8,0.015625,40,4,3,3,0.75,0.05352112676056339,1.0565476190476188,0.05654761904761905,1,0,0,0,3,3,0.075,1.0,3,1.0,465.07500000000005,474.5258,0,0,0,0,,0,0.6480000000000001,0.6480000000000001,0.3
0.027213541666666664,2.6732100736354876,0.08678267417786655,3.5779862664436197,0.9375,33.041666666666664,4.823004460032344,0.059569132511199864,2673.2100736354873,1017,2,commute,commute_adaptive_kl_2.0,kl,2.0,adaptive,8,0.015625,34,4,4,5,1.0,1.0,0.1636904761904762,0.1636904761904762,0,0,2,2,2,2,0.11764705882352941,1.0,4,1.0,470.02750000000003,489.3612,0,0,0,0,,0,0.6480000000000001,0.6480000000000001,0.3
0.0014973958333333332,3.7766827483808516,0.06610622527511718,3.982972705391857,0.875,42.875,5.224116866750143,0.06460882944178385,3776.6827483808506,1017,3,commute,commute_adaptive_kl_2.0,kl,2.0,adaptive,8,0.015625,38,4,2,3,0.5,0.13846153846153844,0.5803571428571429,0.08035714285714285,2,0,1,1,1,1,0.05263157894736842,0.6666666666666666,2,1.0,461.1995,479.63759999999996,0,0,0,0,,0,0.6480000000000001,0.6480000000000001,0.3
0.0439453125,3.3339325937224182,0.07844621396721688,4.303658036136913,0.7291666666666666,33.5625,4.863231436893369,0.03450090146721687,3333.932593722419,1018,0,commute,commute_adaptive_kl_2.0,kl,2.0,adaptive,8,0.015625,37,2,1,6,0.5,0.28571428571428575,0.0875,0.025,0,0,1,0,1,1,0.02702702702702703,0.5,1,1.0,459.30150000000003,480.2055,0,0,0,0,,0,0.6480000000000001,0.6480000000000001,0.3
0.0625,2.953213750514042,0.08613173989797486,3.3605235950032033,0.9791666666666666,35.625,4.8902495397925305,0.034117787904211036,2953.2137505140404,1018,1,commute,commute_adaptive_kl_2.0,kl,2.0,adaptive,8,0.015625,39,5,3,3,0.6,0.08256880733944955,1.3624999999999998,0.11249999999999999,2,0,1,1,2,2,0.07692307692307693,0.6666666666666666,3,1.0,459.74249999999995,473.3148,0,0,0,0,,0,0.6480000000000001,0.6480000000000001,0.3
0.10533854166666667,2.7042778592448102,0.1329627137655712,4.057271055531104,0.7708333333333334,24.541666666666668,4.323480342374469,0.051305453519400544,2704.2778592448108,1018,2,commute,commute_adaptive_kl_2.0,kl,2.0,adaptive,8,0.015625,33,2,2,7,1.0,1.0,0.07291666666666666,0.07291666666666666,0,0,1,1,1,1,0.06060606060606061,1.0,2,1.0,458.88599999999997,473.9658,0,0,0,0,,0,0.6480000000000001,0.6480000000000001,0.3
0.10501302083333335,2.7501513200931575,0.17766686491233605,3.4659339745910605,0.9375,22.125,4.076760835351252,0.09168436920157058,2750.151320093157,1018,3,commute,commute_adaptive_kl_2.0,kl,2.0,adaptive,8,0.015625,37,4,2,5,0.5,0.3701799485861183,0.1157738095238095,0.04285714285714286,0,0,1,0,3,2,0.05405405405405406,0.3333333333333333,2,1.0,461.405,487.51715,0,0,0,0,,0,0.6480000000000001,0.6480000000000001,0.3
0.0026041666666666665,4.8174943059188085,0.06971048921513708,5.14036448288845,0.7083333333333334,42.958333333333336,5.245999622434801,0.0671063225484704,4817.494305918808,1019,0,commute,commute_adaptive_kl_2.0,kl,2.0,adaptive,8,0.015625,44,5,3,3,0.6,0.2157676348547718,0.3586309523809524,0.07738095238095238,1,0,1,1,3,2,0.06818181818181818,0.75,3,1.0,458.155,474.56115,0,0,0,0,,0,0.6480000000000001,0.6480000000000001,0.3
0.045334201388888884,3.0756729820666027,0.09092589618432091,4.172306438095626,0.8333333333333334,34.416666666666664,4.888156471349368,0.04559169479543201,3075.672982066602,1019,1,commute,commute_adaptive_kl_2.0,kl,2.0,adaptive,8,0.015625,36,5,5,7,1.0,1.0,0.10863095238095237,0.10863095238095237,0,0,0,0,5,5,0.1388888888888889,1.0,5,1.0,460.148,471.9158,0,0,0,0,,0,0.6480000000000001,0.6480000000000001,0.3
0.04283854166666667,2.9935312040190456,0.07458206682115487,3.8644723346929375,0.8541666666666666,29.958333333333332,4.782297177451583,0.03174352515448819,2993.531204019046,1019,2,commute,commute_adaptive_kl_2.0,kl,2.0,adaptive,8,0.015625,39,2,2,5,1.0,1.0,0.0625,0.0625,0,0,1,1,1,1,0.05128205128205128,1.0,2,1.0,458.8365,510.58424999999994,0,0,0,0,,0,0.6480000000000001,0.6480000000000001,0.3
0.0625,3.115752831434204,0.12036591721160068,4.257255874583275,0.8125,31.854166666666668,4.6225219129141335,0.11463662619545319,3115.752831434204,1019,3,commute,commute_adaptive_kl_2.0,kl,2.0,adaptive,8,0.015625,34,6,2,7,0.3333333333333333,0.047619047619047616,1.8375,0.0875,4,0,1,1,1,1,0.058823529411764705,0.5,2,1.0,461.986,475.85645,0,0,0,0,,0,0.6480000000000001,0.6480000000000001,0.3
0.004231770833333333,4.334718223876236,0.07799613739058338,3.496138608175172,1.0,41.625,5.258325522214936,0.07376436655725004,18300.030890397105,2,2,geolife,geolife_adaptive_kl_0.25,kl,0.25,adaptive,8,0.015625,35,6,2,6,0.3333333333333333,0.02798708288482239,1.3824404761904763,0.03869047619047619,2,0,1,0,3,2,0.05714285714285714,0.5,2,1.0,466.6925,483.92915,0,0,0,0,,0,0.6480000000000001,0.6480000000000001,0.05087881591119333
0.0024336557539682536,3.4165571207938457,0.030423964975437177,4.138580053971224,0.8958333333333334,43.458333333333336,5.490778951513978,0.02799030922146892,14413.673922604117,3,3,geolife,geolife_adaptive_kl_0.25,kl,0.25,adaptive,8,0.015625,40,4,1,7,0.25,0.1621621621621622,0.15416666666666665,0.025,0,0,2,0,2,1,0.025,0.5,1,1.0,466.5325,479.32445,0,0,0,0,,0,0.6480000000000001,0.6480000000000001,0.05087881591119333
0.0012183779761904762,3.904478234545328,0.07687982822828916,3.147616855681729,1.0,30.6875,4.899874406124298,0.0756614502520987,16553.79284398833,4,4,geolife,geolife_adaptive_kl_0.25,kl,0.25,adaptive,8,0.015625,31,3,1,13,0.3333333333333333,0.14285714285714285,0.14583333333333334,0.020833333333333332,0,0,2,0,1,1,0.03225806451612903,0.5,1,1.0,465.366,480.6381,0,0,0,0,,0,0.6480000000000001,0.6480000000000001,0.05087881591119333
0.002737475198412698,4.641164881779451,0.05335211638096138,4.223164813313114,0.8958333333333334,34.708333333333336,5.139700612314908,0.05061464118254868,19769.517799262532,7,7,geolife,geolife_adaptive_kl_0.25,kl,0.25,adaptive,8,0.015625,40,5,2,8,0.4,0.17105263157894737,0.2261904761904762,0.03869047619047619,0,0,3,0,2,2,0.05,1.0,2,1.0,470.323,479.7333,0,0,0,0,,0,0.6480000000000001,0.6480000000000001,0.05087881591119333
0.0,2.8741130906942964,0.06722803909829697,4.011189435375605,1.0,35.458333333333336,5.09743096096524,0.06722803909829696,12163.29229423272,8,8,geolife,geolife_adaptive_kl_0.25,kl,0.25,adaptive,8,0.015625,42,6,3,6,0.5,0.16097560975609757,0.35590277777777773,0.057291666666666664,1,0,0,0,5,3,0.07142857142857142,1.0,3,1.0,473.3725,485.01,0,0,0,0,,0,0.6480000000000001,0.6480000000000001,0.05087881591119333
0.017237103174603172,3.343643180969382,0.07196402338308446,3.543432904226071,0.9375,36.791666666666664,5.127384266010355,0.0547269202084813,14206.349047848498,12,12,geolife,geolife_adaptive_kl_0.25,kl,0.25,adaptive,8,0.015625,37,5,1,10,0.2,0.013114754098360656,1.3616071428571428,0.017857142857142856,2,0,1,0,2,1,0.02702702702702703,0.3333333333333333,1,1.0,468.43600000000004,479.40465,0,0,0,0,,0,0.6480000000000001,0.6480000000000001,0.05087881591119333
0.010416666666666666,4.669683504678791,0.07078216510342446,3.5721579565106913,1.0,31.625,4.961871418319311,0.06036549843675779,19759.516213258936,14,14,geolife,geolife_adaptive_kl_0.25,kl,0.25,adaptive,8,0.015625,34,6,2,9,0.3333333333333333,0.09562260943476412,0.35014880952380956,0.033482142857142856,1,0,0,0,5,2,0.058823529411764705,1.0,2,1.0,466.3575,480.6973,0,0,0,0,,0,0.6480000000000001,0.6480000000000001,0.05087881591119333
0.001953125,4.503694823034112,0.06104153560733863,4.311789935666748,1.0,44.875,5.3940601998401485,0.059088410607338625,19118.874520814636,17,17,geolife,geolife_adaptive_kl_0.25,kl,0.25,adaptive,8,0.015625,32,3,0,6,0.0,0.0,0.5625,0.0,2,0,1,0,0,0,0.0,0.0,0,1.0,469.111,487.9425,0,0,0,0,,0,0.6480000000000001,0.6480000000000001,0.05087881591119333
0.0016741071428571428,5.063221206538389,0.07670079096895337,4.230797453285209,0.8333333333333334,38.375,5.182094443274611,0.07502668382609623,21185.818411044518,18,18,geolife,geolife_adaptive_kl_0.25,kl,0.25,adaptive,8,0.015625,39,2,1,5,0.5,0.4285714285714286,0.07291666666666666,0.03125,0,0,1,0,1,1,0.02564102564102564,0.5,1,1.0,471.369,482.99765,0,0,0,0,,0,0.6480000000000001,0.6480000000000001,0.05087881591119333
0.005580357142857143,4.514239230520217,0.06836787230313919,3.7787161269040155,1.0,39.520833333333336,5.242391714467016,0.06278751516028204,18964.29903766589,19,19,geolife,geolife_adaptive_kl_0.25,kl,0.25,adaptive,8,0.015625,35,5,1,8,0.2,0.11351351351351353,0.1376488095238095,0.015625,0,0,1,0,4,1,0.02857142857142857,0.5,1,1.0,473.2575,480.4373,0,0,0,0,,0,0.6480000000000001,0.6480000000000001,0.05087881591119333
0.0009765625,4.374714804726318,0.06141901642176451,4.881531178636564,0.4791666666666667,43.4375,5.242369353859066,0.060442453921764505,18352.02927375814,22,22,geolife,geolife_adaptive_kl_0.25,kl,0.25,adaptive,8,0.015625,34,3,0,7,0.0,0.0,1.1041666666666667,0.0,1,0,2,0,0,0,0.0,0.0,0,1.0,468.11,489.49875000000003,0,0,0,0,,0,0.6480000000000001,0.6480000000000001,0.05087881591119333
0.0009765625,5.224483130081623,0.06690269079600751,3.9067893460691123,0.7291666666666666,40.416666666666664,5.2570341933505675,0.06592612829600751,22149.76714045081,27,27,geolife,geolife_adaptive_kl_0.25,kl,0.25,adaptive,8,0.015625,35,2,0,7,0.0,0.0,0.041666666666666664,0.0,0,0,0,0,2,0,0.0,0.0,0,1.0,468.21000000000004,481.2273,0,0,0,0,,0,0.6480000000000001,0.6480000000000001,0.05087881591119333
0.0009765625,5.293771883879944,0.0557011831253404,4.691582650823463,0.7291666666666666,44.020833333333336,5.4106267980547065,0.0547246206253404,22427.120625927662,28,28,geolife,geolife_adaptive_kl_0.25,kl,0.25,adaptive,8,0.015625,34,3,0,6,0.0,0.0,0.10535714285714284,0.0,0,0,1,0,2,0,0.0,0.0,0,1.0,474.099,495.4089,0,0,0,0,,0,0.6480000000000001,0.6480000000000001,0.05087881591119333
0.0013020833333333333,2.894580740763748,0.05083883155303135,4.36001224264444,0.9375,39.875,5.2124110298949455,0.04953674821969802,12172.313664190415,29,29,geolife,geolife_adaptive_kl_0.25,kl,0.25,adaptive,8,0.015625,38,5,1,6,0.2,0.08968609865470852,0.19910714285714284,0.017857142857142856,0,0,2,0,3,1,0.02631578947368421,0.5,1,1.0,474.7895,491.159,0,0,0,0,,0,0.6480000000000001,0.6480000000000001,0.05087881591119333
0.0008928571428571428,3.0859630557947058,0.06574857428291513,3.730840213111435,0.9166666666666666,28.416666666666668,4.870523529640304,0.06485571714005799,13078.69466168128,34,34,geolife,geolife_adaptive_kl_0.25,kl,0.25,adaptive,8,0.015625,29,6,1,14,0.16666666666666666,0.02097902097902098,1.1916666666666667,0.025,1,0,3,0,2,1,0.034482758620689655,0.3333333333333333,1,1.0,468.4605,476.5793,0,0,0,0,,0,0.6480000000000001,0.6480000000000001,0.05087881591119333
0.0013268849206349205,4.262958374017276,0.041022188941013275,3.9581003593553845,1.0,39.854166666666664,5.3474287993022935,0.03969530402037836,17920.166787943384,37,37,geolife,geolife_adaptive_kl_0.25,kl,0.25,adaptive,8,0.015625,40,5,2,6,0.4,0.09498680738786279,0.3759920634920635,0.03571428571428571,1,0,1,0,3,2,0.05,1.0,2,1.0,469.337,490.21745,0,0,0,0,,0,0.6480000000000001,0.6480000000000001,0.05087881591119333
0.0,3.7996540058297605,0.06544235841537839,5.115029079449045,0.5833333333333334,45.625,5.31383141005804,0.06544235841537839,15973.446709081152,38,38,geolife,geolife_adaptive_kl_0.25,kl,0.25,adaptive,8,0.015625,33,3,0,8,0.0,0.0,0.15625,0.0,0,0,2,0,1,0,0.0,0.0,0,1.0,469.61699999999996,485.2128,0,0,0,0,,0,0.6480000000000001,0.6480000000000001,0.05087881591119333
0.0036055307539682537,3.751288462392754,0.03661192208421863,4.143914439987858,1.0,51.125,5.710669018803091,0.03300639133025038,15858.122437578231,39,39,geolife,geolife_adaptive_kl_0.25,kl,0.25,adaptive,8,0.015625,41,2,1,3,0.5,0.06666666666666667,0.26785714285714285,0.017857142857142856,1,0,0,0,1,1,0.024390243902439025,1.0,1,1.0,470.74350000000004,481.9645,0,0,0,0,,0,0.6480000000000001,0.6480000000000001,0.05087881591119333
0.0006975446428571429,3.8481324749979176,0.10696113114908441,4.743287134564775,0.5833333333333334,36.25,4.978778014695492,0.10626358650622729,16205.60221262444,43,43,geolife,geolife_adaptive_kl_0.25,kl,0.25,adaptive,8,0.015625,28,3,0,9,0.0,0.0,0.14583333333333334,0.0,0,0,2,0,1,0,0.0,0.0,0,1.0,463.0425,475.51865,0,0,0,0,,0,0.6480000000000001,0.6480000000000001,0.05087881591119333
0.007511780753968254,2.3139026428401253,0.057035789289236645,3.5100812215506347,1.0,34.354166666666664,5.086849971891034,0.04952400853526839,9832.344439284994,52,52,geolife,geolife_adaptive_kl_0.25,kl,0.25,adaptive,8,0.015625,35,0,0,10,nan,nan,0.0,0.0,0,0,0,0,0,0,0.0,nan,0,1.0,472.6515,486.8776,0,0,0,0,,0,0.6480000000000001,0.6480000000000001,0.05087881591119333
0.0006510416666666666,3.9309480646289825,0.05826676105761593,3.9587997386486458,1.0,43.0,5.353700020021218,0.057615719390949276,16509.766834043945,54,54,geolife,geolife_adaptive_kl_0.25,kl,0.25,adaptive,8,0.015625,38,3,2,8,0.6666666666666666,0.7058823529411765,0.07083333333333333,0.05,0,0,0,0,3,2,0.05263157894736842,1.0,2,1.0,477.4735,925.74735,0,0,0,0,,0,0.6480000000000001,0.6480000000000001,0.05087881591119333
0.0026506696428571425,4.689532269281336,0.10919611848660549,3.7635077747504533,0.9375,37.020833333333336,4.827614478283893,0.10654544884374834,19691.28927232356,58,58,geolife,geolife_adaptive_kl_0.25,kl,0.25,adaptive,8,0.015625,35,8,1,7,0.125,0.058027079303675046,0.3590277777777778,0.020833333333333332,1,0,2,0,5,1,0.02857142857142857,0.5,1,1.0,470.58849999999995,482.65025,0,0,0,0,,0,0.6480000000000001,0.6480000000000001,0.05087881591119333
0.0008060515873015874,2.733503736913257,0.06266360139624215,3.8406299565754356,1.0,45.020833333333336,5.460044819907734,0.06185754980894056,11559.236730819515,59,59,geolife,geolife_adaptive_kl_0.25,kl,0.25,adaptive,8,0.015625,36,1,1,7,1.0,1.0,0.015625,0.015625,0,0,0,0,1,1,0.027777777777777776,1.0,1,1.0,465.4565,488.69275,0,0,0,0,,0,0.6480000000000001,0.6480000000000001,0.05087881591119333
0.0032552083333333335,3.1687472704216124,0.05595887471957756,3.885559982284455,1.0,38.75,5.217453415946443,0.05270366638624424,13377.439436395158,62,62,geolife,geolife_adaptive_kl_0.25,kl,0.25,adaptive,8,0.015625,35,4,1,7,0.25,0.055096418732782364,0.32410714285714287,0.017857142857142856,1,0,0,0,3,1,0.02857142857142857,1.0,1,1.0,467.78999999999996,481.4273,0,0,0,0,,0,0.6480000000000001,0.6480000000000001,0.05087881591119333
0.010571676587301586,3.5977122251048663,0.046137154639700584,3.5707312333163497,1.0,41.875,5.388567188512286,0.03556547805239899,15173.82137651323,64,64,geolife,geolife_adaptive_kl_0.25,kl,0.25,adaptive,8,0.015625,35,4,0,8,0.0,0.0,0.17777777777777778,0.0,0,0,2,0,2,0,0.0,0.0,0,1.0,471.134,506.54395,0,0,0,0,,0,0.6480000000000001,0.6480000000000001,0.05087881591119333
0.0010230654761904762,4.565790586616813,0.08127125370374193,3.986602389134603,1.0,37.3125,5.112546603518096,0.08024818822755145,19216.3881869282,68,68,geolife,geolife_adaptive_kl_0.25,kl,0.25,adaptive,8,0.015625,33,6,2,10,0.3333333333333333,0.25547445255474455,0.18348214285714284,0.046875,0,0,1,0,5,2,0.06060606060606061,1.0,2,1.0,467.584,481.96855,0,0,0,0,,0,0.6480000000000001,0.6480000000000001,0.05087881591119333
0.0003720238095238095,5.105051478781093,0.06513469065962325,4.338271503204086,1.0,46.25,5.477937671952323,0.06476266685009945,21458.923446422,69,69,geolife,geolife_adaptive_kl_0.25,kl,0.25,adaptive,8,0.015625,37,2,0,6,0.0,0.0,0.08333333333333333,0.0,0,0,1,0,1,0,0.0,0.0,0,1.0,463.663,480.0455,0,0,0,0,,0,0.6480000000000001,0.6480000000000001,0.05087881591119333
0.02367931547619048,3.780640871759607,0.07617301041429213,4.118860772668667,0.75,31.604166666666668,4.962883491988726,0.05249369493810163,15997.584495887184,73,73,geolife,geolife_adaptive_kl_0.25,kl,0.25,adaptive,8,0.015625,31,3,0,9,0.0,0.0,0.11160714285714285,0.0,0,0,1,0,2,0,0.0,0.0,0,1.0,466.87850000000003,480.03015,0,0,0,0,,0,0.6480000000000001,0.6480000000000001,0.05087881591119333
0.009486607142857142,4.067549538953158,0.05437538119039928,4.0533200478534255,1.0,42.604166666666664,5.398177969492713,0.044888774047542136,17108.464630085993,74,74,geolife,geolife_adaptive_kl_0.25,kl,0.25,adaptive,8,0.015625,38,3,1,7,0.3333333333333333,0.05970149253731343,0.29910714285714285,0.017857142857142856,1,0,0,0,2,1,0.02631578947368421,0.3333333333333333,1,1.0,472.6865,485.29955,0,0,0,0,,0,0.6480000000000001,0.6480000000000001,0.05087881591119333
0.0009765625,3.583056276173984,0.08167999788731768,4.041220996555543,0.7291666666666666,34.020833333333336,4.955825969575597,0.08070343538731767,15138.508834006861,78,78,geolife,geolife_adaptive_kl_0.25,kl,0.25,adaptive,8,0.015625,30,4,1,11,0.25,0.019531250000000003,1.0666666666666664,0.020833333333333332,1,0,0,0,3,1,0.03333333333333333,0.25,1,1.0,469.4015,481.50745,0,0,0,0,,0,0.6480000000000001,0.6480000000000001,0.05087881591119333
0.0003255208333333333,3.483729863356419,0.06769242526260429,3.4690840911289746,1.0,34.4375,5.020003977250115,0.06736690442927093,14570.736311764309,79,79,geolife,geolife_adaptive_kl_0.25,kl,0.25,adaptive,8,0.015625,33,0,0,8,nan,nan,0.0,0.0,0,0,0,0,0,0,0.0,nan,0,1.0,466.918,506.1692,0,0,0,0,,0,0.6480000000000001,0.6480000000000001,0.05087881591119333
0.003931051587301587,3.2543743825961147,0.0481824993912062,3.7759754111737593,1.0,39.395833333333336,5.267999410314634,0.044251447803904616,13713.983436833745,82,82,geolife,geolife_adaptive_kl_0.25,kl,0.25,adaptive,8,0.015625,37,4,0,8,0.0,0.0,0.09583333333333333,0.0,0,0,0,0,4,0,0.0,0.0,0,1.0,466.067,487.65775,0,0,0,0,,0,0.6480000000000001,0.6480000000000001,0.05087881591119333
0.0,3.9455703773114847,0.05820885792386315,3.9594732066856206,1.0,39.1875,5.236392720337887,0.05820885792386315,16622.351320224323,83,83,geolife,geolife_adaptive_kl_0.25,kl,0.25,adaptive,8,0.015625,38,5,2,8,0.4,0.1955307262569832,0.18645833333333334,0.03645833333333333,0,0,2,0,3,2,0.05263157894736842,1.0,2,1.0,469.2665,479.37565,0,0,0,0,,0,0.6480000000000001,0.6480000000000001,0.05087881591119333
0.05914248511904762,2.4622901925084686,0.05981047667570841,3.2927155076582664,1.0,34.8125,5.116997160638896,0.021416541298754328,10450.217331211717,84,84,geolife,geolife_adaptive_kl_0.25,kl,0.25,adaptive,8,0.015625,38,4,1,8,0.25,0.19672131147540983,0.09077380952380952,0.017857142857142856,0,0,0,0,4,1,0.02631578947368421,0.5,1,1.0,463.874,482.43225,0,0,0,0,,0,0.6480000000000001,0.6480000000000001,0.05087881591119333
0.0,3.6660939858526884,0.09352202415626774,4.503308159934206,0.7708333333333334,37.479166666666664,5.061181215369438,0.09352202415626774,15489.152487815909,89,89,geolife,geolife_adaptive_kl_0.25,kl,0.25,adaptive,8,0.015625,33,3,0,6,0.0,0.0,0.3229166666666667,0.0,1,0,1,0,1,0,0.0,0.0,0,1.0,462.5965,477.049,0,0,0,0,,0,0.6480000000000001,0.6480000000000001,0.05087881591119333
0.0008060515873015874,3.41269958014262,0.06740276960228525,4.592399080108803,1.0,46.75,5.459007655494336,0.06659671801498367,14371.276962472226,102,102,geolife,geolife_adaptive_kl_0.25,kl,0.25,adaptive,8,0.015625,32,5,0,8,0.0,0.0,0.39702380952380956,0.0,1,0,2,0,2,0,0.0,0.0,0,1.0,467.10299999999995,487.10195,0,0,0,0,,0,0.6480000000000001,0.6480000000000001,0.05087881591119333
0.0013020833333333333,3.875112101106545,0.06975964940772968,4.1039852640901,1.0,46.520833333333336,5.440539704613395,0.06845756607439636,16290.864931666782,103,103,geolife,geolife_adaptive_kl_0.25,kl,0.25,adaptive,8,0.015625,36,4,1,7,0.25,0.22222222222222224,0.08035714285714285,0.017857142857142856,0,0,0,0,4,1,0.027777777777777776,0.5,1,1.0,467.749,481.18149999999997,0,0,0,0,,0,0.6480000000000001,0.6480000000000001,0.05087881591119333
0.003931051587301587,3.317828692777424,0.048058154877969876,4.028266332859757,1.0,46.854166666666664,5.535895909986158,0.04412710329066829,13938.388906687855,104,104,geolife,geolife_adaptive_kl_0.25,kl,0.25,adaptive,8,0.015625,41,3,1,6,0.3333333333333333,0.014778325123152709,1.0572916666666667,0.015625,1,0,1,0,1,1,0.024390243902439025,0.5,1,1.0,466.783,492.18055,0,0,0,0,,0,0.6480000000000001,0.6480000000000001,0.05087881591119333
0.017497519841269838,3.117271087339059,0.05398869098065068,3.1540879723921242,1.0,38.729166666666664,5.248057093332808,0.036491171139380836,13138.737278819086,113,113,geolife,geolife_adaptive_kl_0.25,kl,0.25,adaptive,8,0.015625,36,7,1,10,0.14285714285714285,0.006050826946349335,2.5822916666666664,0.015625,4,0,1,0,2,1,0.027777777777777776,1.0,1,1.0,468.6055,484.7919,0,0,0,0,,0,0.6480000000000001,0.6480000000000001,0.05087881591119333
0.0026289682539682537,4.253860452003505,0.059496798221917835,4.053080778029931,0.9583333333333334,40.229166666666664,5.285050239848063,0.05686782996794958,17988.551955364434,119,119,geolife,geolife_adaptive_kl_0.25,kl,0.25,adaptive,8,0.015625,35,1,1,9,1.0,1.0,0.017857142857142856,0.017857142857142856,0,0,0,0,1,1,0.02857142857142857,1.0,1,1.0,466.39750000000004,479.11629999999997,0,0,0,0,,0,0.6480000000000001,0.6480000000000001,0.05087881591119333
0.08370535714285714,3.4147818394120146,0.06767115947142616,3.43435263697865,1.0,29.1875,4.856921147323883,0.016034197671430977,14271.892746777221,122,122,geolife,geolife_adaptive_kl_0.25,kl,0.25,adaptive,8,0.015625,34,5,2,13,0.4,0.11009174311926606,0.32440476190476186,0.03571428571428571,1,0,0,0,4,2,0.058823529411764705,1.0,2,1.0,461.7405,475.33215,0,0,0,0,,0,0.6480000000000001,0.6480000000000001,0.05087881591119333
0.030515252976190472,2.9965784023954622,0.03849961361341124,3.584341371085095,1.0,44.104166666666664,5.494808851193554,0.007984360637220767,12670.14586340425,128,128,geolife,geolife_adaptive_kl_0.25,kl,0.25,adaptive,8,0.015625,41,4,2,6,0.5,0.4067796610169492,0.08779761904761904,0.03571428571428571,0,0,0,0,4,2,0.04878048780487805,1.0,2,1.0,470.939,633.8580999999997,0,0,0,0,,0,0.6480000000000001,0.6480000000000001,0.05087881591119333
0.0008060515873015874,4.615236297428697,0.06295773692697032,3.52297367072903,0.8333333333333334,28.625,4.801025342550312,0.06215168533966873,19434.337578230963,129,129,geolife,geolife_adaptive_kl_0.25,kl,0.25,adaptive,8,0.015625,29,3,1,14,0.3333333333333333,0.010309278350515465,2.020833333333333,0.020833333333333332,2,0,0,0,1,1,0.034482758620689655,0.5,1,1.0,463.3075,479.64845,0,0,0,0,,0,0.6480000000000001,0.6480000000000001,0.05087881591119333
0.019103422619047617,2.5411325739154287,0.045418333309447334,3.5712472664556416,1.0,38.125,5.208773602116056,0.026314910690399707,10743.469588544283,138,138,geolife,geolife_adaptive_kl_0.25,kl,0.25,adaptive,8,0.015625,37,3,0,10,0.0,0.0,1.3125,0.0,2,0,1,0,0,0,0.0,0.0,0,1.0,467.1685,484.77875,0,0,0,0,,0,0.6480000000000001,0.6480000000000001,0.05087881591119333
0.0028459821428571427,3.5539855514383025,0.05616003399911918,3.625404339010096,1.0,31.833333333333332,5.02316049422669,0.05331405185626204,15055.178390073126,142,142,geolife,geolife_adaptive_kl_0.25,kl,0.25,adaptive,8,0.015625,37,3,0,8,0.0,0.0,1.1041666666666667,0.0,1,0,2,0,0,0,0.0,0.0,0,1.0,468.135,480.5895,0,0,0,0,,0,0.6480000000000001,0.6480000000000001,0.05087881591119333
0.0022786458333333335,3.523201535499748,0.06093670388384307,4.314919322295394,0.9375,46.354166666666664,5.431263354259841,0.05865805805050974,14893.277101838763,144,144,geolife,geolife_adaptive_kl_0.25,kl,0.25,adaptive,8,0.015625,37,5,1,8,0.2,0.05084745762711865,0.35119047619047616,0.017857142857142856,1,0,0,0,4,1,0.02702702702702703,0.3333333333333333,1,1.0,470.233,490.28394999999995,0,0,0,0,,0,0.6480000000000001,0.6480000000000001,0.05087881591119333
0.0003255208333333333,4.32516838582925,0.06330326656424844,4.394593496047454,1.0,44.979166666666664,5.3995513063783065,0.0629777457309151,18306.525312124886,147,147,geolife,geolife_adaptive_kl_0.25,kl,0.25,adaptive,8,0.015625,35,0,0,7,nan,nan,0.0,0.0,0,0,0,0,0,0,0.0,nan,0,1.0,468.145,478.24815,0,0,0,0,,0,0.6480000000000001,0.6480000000000001,0.05087881591119333
0.005450148809523808,3.2656605799989165,0.047851584684367586,3.744612968397726,1.0,35.6875,5.194755877219823,0.042401435874843775,13896.883051033374,153,153,geolife,geolife_adaptive_kl_0.25,kl,0.25,adaptive,8,0.015625,37,10,1,10,0.1,0.031490552834149754,0.49618055555555557,0.015625,1,0,2,0,7,1,0.02702702702702703,0.5,1,1.0,468.6355,477.8213,0,0,0,0,,0,0.6480000000000001,0.6480000000000001,0.05087881591119333
0.0029296875,4.045592508272164,0.05153781818023687,3.3459614514653375,1.0,37.145833333333336,5.219883430820458,0.04860813068023687,16975.832799568016,163,163,geolife,geolife_adaptive_kl_0.25,kl,0.25,adaptive,8,0.015625,38,6,3,10,0.5,0.4450736126840318,0.1313988095238095,0.05848214285714286,0,0,0,0,6,3,0.07894736842105263,1.0,3,1.0,463.0875,489.757,0,0,0,0,,0,0.6480000000000001,0.6480000000000001,0.05087881591119333
0.001977926587301587,4.2511936864345055,0.04829963238736723,4.304610003234683,0.9583333333333334,46.0,5.522400240433066,0.04632170580006564,17936.113749088832,167,167,geolife,geolife_adaptive_kl_0.25,kl,0.25,adaptive,8,0.015625,36,4,2,6,0.5,0.09090909090909091,0.34375,0.03125,1,0,1,0,2,2,0.05555555555555555,1.0,2,1.0,469.5915,477.86965000000004,0,0,0,0,,0,0.6480000000000001,0.6480000000000001,0.05087881591119333
0.0029296875,3.305859540059322,0.042794809050569475,4.880560722340305,0.625,35.958333333333336,5.117811181452732,0.039865121550569475,13938.496764286254,168,168,geolife,geolife_adaptive_kl_0.25,kl,0.25,adaptive,8,0.015625,42,4,0,4,0.0,0.0,0.5833333333333334,0.0,2,0,1,0,1,0,0.0,0.0,0,1.0,470.308,483.88195,0,0,0,0,,0,0.6480000000000001,0.6480000000000001,0.05087881591119333
0.008618551587301586,4.465190625231798,0.05174738100791911,3.650604414949345,0.9791666666666666,43.8125,5.392018754428288,0.04312882942061752,18812.01353430672,169,169,geolife,geolife_adaptive_kl_0.25,kl,0.25,adaptive,8,0.015625,34,2,0,6,0.0,0.0,0.0625,0.0,0,0,1,0,1,0,0.0,0.0,0,1.0,468.3,479.3648,0,0,0,0,,0,0.6480000000000001,0.6480000000000001,0.05087881591119333
0.018880208333333332,2.375640911647547,0.06024987925228507,3.5931594971044483,1.0,33.854166666666664,4.991688226858552,0.04136967091895174,10037.687605471065,179,179,geolife,geolife_adaptive_kl_0.25,kl,0.25,adaptive,8,0.015625,36,2,2,10,1.0,1.0,0.033482142857142856,0.033482142857142856,0,0,0,0,2,2,0.05555555555555555,1.0,2,1.0,466.04650000000004,478.80244999999996,0,0,0,0,,0,0.6480000000000001,0.6480000000000001,0.05087881591119333
0.0224609375,3.4635825652461363,0.07611955397415106,3.299975496268361,0.9791666666666666,32.666666666666664,4.928674836473096,0.05365861647415108,14512.464535698518,2,2,geolife,geolife_adaptive_kl_0.5,kl,0.5,adaptive,8,0.015625,35,6,2,5,0.3333333333333333,0.02798708288482239,1.3824404761904763,0.03869047619047619,2,0,1,0,3,2,0.05714285714285714,0.5,2,1.0,470.2235,478.1975,0,0,0,0,,0,0.6480000000000001,0.6480000000000001,0.05087881591119333
0.002495659722222222,2.697225243731372,0.1210009408982158,3.43690934026332,0.9166666666666666,25.1875,4.174156998033117,0.11850528117599353,11374.383300282954,3,3,geolife,geolife_adaptive_kl_0.5,kl,0.5,adaptive,8,0.015625,40,4,3,6,0.75,0.5945945945945947,0.15416666666666665,0.09166666666666667,0,0,2,1,2,2,0.075,1.0,3,1.0,461.5955,473.907,0,0,0,0,,0,0.6480000000000001,0.6480000000000001,0.05087881591119333
0.4178602430555556,1.3107868959058184,0.3095195190237797,1.9123493430905514,1.0,13.0,3.0753131436761816,0.1359848858173761,5526.437576387812,4,4,geolife,geolife_adaptive_kl_0.5,kl,0.5,adaptive,8,0.015625,31,3,2,12,0.6666666666666666,0.5714285714285714,0.14583333333333334,0.08333333333333333,0,0,2,1,1,1,0.06451612903225806,1.0,2,1.0,461.64549999999997,475.871,0,0,0,0,,0,0.6480000000000001,0.6480000000000001,0.05087881591119333
0.3556640625,1.6766174502854305,0.14609290601632008,2.3474869261723756,1.0,24.354166666666668,4.3320300010467525,0.2367674318671791,7072.512393358349,7,7,geolife,geolife_adaptive_kl_0.5,kl,0.5,adaptive,8,0.015625,40,5,1,5,0.2,0.07894736842105263,0.2261904761904762,0.017857142857142856,0,0,3,0,2,1,0.025,0.5,1,1.0,464.2645,474.63665,0,0,0,0,,0,0.6480000000000001,0.6480000000000001,0.05087881591119333
0.0021701388888888886,2.5865673256344577,0.08338842741880875,3.7167585119383824,1.0,28.708333333333332,4.712753235416048,0.08121828852991984,10940.811007516531,8,8,geolife,geolife_adaptive_kl_0.5,kl,0.5,adaptive,8,0.015625,42,6,3,6,0.5,0.16097560975609757,0.35590277777777773,0.057291666666666664,1,0,0,0,5,3,0.07142857142857142,1.0,3,1.0,469.046,477.377,0,0,0,0,,0,0.6480000000000001,0.6480000000000001,0.05087881591119333
0.0021701388888888886,2.3891085786252058,0.14624271318130685,4.403555754633067,0.5625,21.6875,4.059316822417718,0.14407257429241796,10139.188815105743,12,12,geolife,geolife_adaptive_kl_0.5,kl,0.5,adaptive,8,0.015625,37,5,1,6,0.2,0.013114754098360656,1.3616071428571428,0.017857142857142856,2,0,1,0,2,1,0.02702702702702703,0.3333333333333333,1,1.0,468.8515,475.00165,0,0,0,0,,0,0.6480000000000001,0.6480000000000001,0.05087881591119333
0.012152777777777776,1.8871525155354574,0.15229042774776122,2.252219588309845,0.9791666666666666,15.666666666666666,3.538292555229296,0.14013764996998343,7990.005654235275,14,14,geolife,geolife_adaptive_kl_0.5,kl,0.5,adaptive,8,0.015625,34,6,3,10,0.5,0.1551211219719507,0.35014880952380956,0.05431547619047619,1,0,0,0,5,3,0.08823529411764706,1.0,3,1.0,465.19100000000003,473.1715,0,0,0,0,,0,0.6480000000000001,0.6480000000000001,0.05087881591119333
0.002907986111111111,2.466373391036434,0.10259278204834044,3.244117192256637,0.9791666666666666,29.645833333333332,4.598605592022893,0.09968479593722933,10388.906881377603,17,17,geolife,geolife_adaptive_kl_0.5,kl,0.5,adaptive,8,0.015625,32,3,0,6,0.0,0.0,0.5625,0.0,2,0,1,0,0,0,0.0,0.0,0,1.0,464.76,484.12365,0,0,0,0,,0,0.6480000000000001,0.6480000000000001,0.05087881591119333
0.0018229166666666665,2.6513890943808756,0.1108233859765826,5.004296177110908,0.2916666666666667,24.729166666666668,4.393642839247657,0.10900046930991596,11128.92462103515,18,18,geolife,geolife_adaptive_kl_0.5,kl,0.5,adaptive,8,0.015625,39,2,2,7,1.0,1.0,0.07291666666666666,0.07291666666666666,0,0,1,1,1,1,0.05128205128205128,1.0,2,1.0,466.528,480.49345,0,0,0,0,,0,0.6480000000000001,0.6480000000000001,0.05087881591119333
0.14583333333333334,2.518407077806429,0.19144120048924115,2.8353184065089523,0.9166666666666666,19.0,3.864909161030976,0.22755362297944828,10638.93594652524,19,19,geolife,geolife_adaptive_kl_0.5,kl,0.5,adaptive,8,0.015625,35,5,4,10,0.8,0.7729729729729731,0.1376488095238095,0.10639880952380952,0,0,1,1,4,3,0.11428571428571428,1.0,4,1.0,470.45349999999996,490.2556,0,0,0,0,,0,0.6480000000000001,0.6480000000000001,0.05087881591119333
0.0009765625,3.7821714742000414,0.06296984479409086,3.8444636064211135,1.0,40.416666666666664,5.146279862942223,0.06199328229409085,15879.289745709539,22,22,geolife,geolife_adaptive_kl_0.5,kl,0.5,adaptive,8,0.015625,34,3,0,3,0.0,0.0,1.1041666666666667,0.0,1,0,2,0,0,0,0.0,0.0,0,1.0,463.813,475.8098,0,0,0,0,,0,0.6480000000000001,0.6480000000000001,0.05087881591119333
0.021809895833333332,2.279443166765709,0.09954822351960911,3.3894241569100623,1.0,32.791666666666664,4.599496532414661,0.07773832768627577,9662.114418963863,27,27,geolife,geolife_adaptive_kl_0.5,kl,0.5,adaptive,8,0.015625,35,2,1,5,0.5,0.5,0.041666666666666664,0.020833333333333332,0,0,0,0,2,1,0.02857142857142857,1.0,1,1.0,467.203,475.25165,0,0,0,0,,0,0.6480000000000001,0.6480000000000001,0.05087881591119333
0.14680989583333334,3.526076089190404,0.07653223428232979,3.6121333595736136,1.0,39.020833333333336,5.011932698464125,0.09363238090079846,14980.552813562097,28,28,geolife,geolife_adaptive_kl_0.5,kl,0.5,adaptive,8,0.015625,34,3,2,6,0.6666666666666666,0.40677966101694923,0.10535714285714284,0.04285714285714286,0,0,1,0,2,2,0.058823529411764705,1.0,2,1.0,469.197,475.87915000000004,0,0,0,0,,0,0.6480000000000001,0.6480000000000001,0.05087881591119333
0.0,2.7849710725015195,0.08633596385711763,2.8790383060024407,0.9791666666666666,24.645833333333332,4.352690170634042,0.08633596385711761,11748.71946132976,29,29,geolife,geolife_adaptive_kl_0.5,kl,0.5,adaptive,8,0.015625,38,5,2,7,0.4,0.24663677130044845,0.19910714285714284,0.049107142857142856,0,0,2,0,3,2,0.05263157894736842,0.5,2,1.0,467.554,485.43835,0,0,0,0,,0,0.6480000000000001,0.6480000000000001,0.05087881591119333
0.22968750000000002,1.6491859436284149,0.2014789162042309,2.8343403967646985,0.8333333333333334,13.895833333333334,3.4669472548392304,0.15763277840962392,6942.992370745363,34,34,geolife,geolife_adaptive_kl_0.5,kl,0.5,adaptive,8,0.015625,29,6,1,9,0.16666666666666666,0.02097902097902098,1.1916666666666667,0.025,1,0,3,0,2,1,0.034482758620689655,0.3333333333333333,1,1.0,466.1725,477.74465,0,0,0,0,,0,0.6480000000000001,0.6480000000000001,0.05087881591119333
0.18913938492063495,2.478175834034181,0.07628718923981852,3.4494748710382166,1.0,30.083333333333332,4.8845198680500905,0.16624263672496728,10479.740977684518,37,37,geolife,geolife_adaptive_kl_0.5,kl,0.5,adaptive,8,0.015625,40,5,3,7,0.6,0.16886543535620052,0.3759920634920635,0.06349206349206349,1,0,1,0,3,3,0.075,1.0,3,1.0,463.794,478.0544,0,0,0,0,,0,0.6480000000000001,0.6480000000000001,0.05087881591119333
0.125,2.8142157240989003,0.05415339430981253,3.8226242596689755,0.9791666666666666,47.770833333333336,5.40914552751093,0.08326642501086198,11931.758078699813,38,38,geolife,geolife_adaptive_kl_0.5,kl,0.5,adaptive,8,0.015625,33,3,0,3,0.0,0.0,0.15625,0.0,0,0,2,0,1,0,0.0,0.0,0,1.0,469.4415,487.7359,0,0,0,0,,0,0.6480000000000001,0.6480000000000001,0.05087881591119333
0.0027994791666666667,2.9194124243644772,0.05818475052141787,3.2244119572385177,1.0,35.5,5.106880239678838,0.05538527135475122,12335.042045581957,39,39,geolife,geolife_adaptive_kl_0.5,kl,0.5,adaptive,8,0.015625,41,2,1,3,0.5,0.06666666666666667,0.26785714285714285,0.017857142857142856,1,0,0,0,1,1,0.024390243902439025,1.0,1,1.0,470.84400000000005,489.6741,0,0,0,0,,0,0.6480000000000001,0.6480000000000001,0.05087881591119333
0.0008463541666666667,3.5335639116009703,0.07356145798056853,3.3626741075031927,0.9791666666666666,28.958333333333332,4.678718864671232,0.07271510381390187,14871.533530170089,43,43,geolife,geolife_adaptive_kl_0.5,kl,0.5,adaptive,8,0.015625,28,3,0,5,0.0,0.0,0.14583333333333334,0.0,0,0,2,0,1,0,0.0,0.0,0,1.0,466.35699999999997,477.4898,0,0,0,0,,0,0.6480000000000001,0.6480000000000001,0.05087881591119333
0.0003255208333333333,2.697714239096181,0.16795267408204595,3.5836407971106907,0.9583333333333334,19.020833333333332,3.934211695254923,0.16762715324871258,11372.982168915909,52,52,geolife,geolife_adaptive_kl_0.5,kl,0.5,adaptive,8,0.015625,35,0,0,7,nan,nan,0.0,0.0,0,0,0,0,0,0,0.0,nan,0,1.0,471.9705,482.06245,0,0,0,0,,0,0.6480000000000001,0.6480000000000001,0.05087881591119333
0.4178385416666666,2.195526064303495,0.12347568140545818,2.7317026441996077,1.0,29.541666666666668,4.383952074783076,0.3430575058704957,9264.147025809178,54,54,geolife,geolife_adaptive_kl_0.5,kl,0.5,adaptive,8,0.015625,38,3,3,8,1.0,1.0,0.07083333333333333,0.07083333333333333,0,0,0,0,3,3,0.07894736842105263,1.0,3,1.0,471.1545,482.6135,0,0,0,0,,0,0.6480000000000001,0.6480000000000001,0.05087881591119333
0.10731336805555557,2.6783137784763262,0.1152465593059211,2.868752339566973,0.9375,30.5,4.319127581542867,0.0709580487223511,11350.05885217308,58,58,geolife,geolife_adaptive_kl_0.5,kl,0.5,adaptive,8,0.015625,35,8,3,9,0.375,0.2263056092843327,0.3590277777777778,0.08125,1,0,2,0,5,3,0.08571428571428572,1.0,3,1.0,469.9075,478.49330000000003,0,0,0,0,,0,0.6480000000000001,0.6480000000000001,0.05087881591119333
0.0008680555555555555,1.8850551461014848,0.1596702055989077,3.2322828622256434,0.8958333333333334,22.875,4.024656838896417,0.15880215004335216,7968.751117340368,59,59,geolife,geolife_adaptive_kl_0.5,kl,0.5,adaptive,8,0.015625,36,1,1,7,1.0,1.0,0.015625,0.015625,0,0,0,0,1,1,0.027777777777777776,1.0,1,1.0,469.2265,475.54215,0,0,0,0,,0,0.6480000000000001,0.6480000000000001,0.05087881591119333
0.006090856481481481,2.0195720156271295,0.14458945695544823,2.4659747578173503,1.0,20.5625,3.773073000248795,0.13849860047396675,8528.67340681669,62,62,geolife,geolife_adaptive_kl_0.5,kl,0.5,adaptive,8,0.015625,35,4,3,9,0.75,0.2286501377410468,0.32410714285714287,0.07410714285714286,1,0,0,0,3,3,0.08571428571428572,1.0,3,1.0,466.36199999999997,482.49994999999996,0,0,0,0,,0,0.6480000000000001,0.6480000000000001,0.05087881591119333
0.02365451388888889,2.1032251133783726,0.11645590052221476,2.732423102299801,1.0,23.5,4.16733265158939,0.09280138663332588,8873.566609140364,64,64,geolife,geolife_adaptive_kl_0.5,kl,0.5,adaptive,8,0.015625,35,4,1,7,0.25,0.140625,0.17777777777777778,0.025,0,0,2,0,2,1,0.02857142857142857,0.5,1,1.0,467.404,474.9175,0,0,0,0,,0,0.6480000000000001,0.6480000000000001,0.05087881591119333
0.23033854166666667,2.4784319057845163,0.18593058759896305,2.659468089206919,0.9791666666666666,24.083333333333332,4.1266696521647495,0.1627992804608244,10444.985197246264,68,68,geolife,geolife_adaptive_kl_0.5,kl,0.5,adaptive,8,0.015625,33,6,4,10,0.6666666666666666,0.48905109489051096,0.18348214285714284,0.08973214285714286,0,0,1,0,5,4,0.12121212121212122,1.0,4,1.0,467.24350000000004,483.41355,0,0,0,0,,0,0.6480000000000001,0.6480000000000001,0.05087881591119333
0.0008680555555555555,3.390486741710373,0.05908657882949819,3.885388641671675,0.75,28.291666666666668,4.8317214011706495,0.05821852327394264,14325.827014716242,69,69,geolife,geolife_adaptive_kl_0.5,kl,0.5,adaptive,8,0.015625,37,2,0,1,0.0,0.0,0.08333333333333333,0.0,0,0,1,0,1,0,0.0,0.0,0,1.0,469.72749999999996,487.7948,0,0,0,0,,0,0.6480000000000001,0.6480000000000001,0.05087881591119333
0.3159866898148148,1.4069880096633316,0.23799825130421134,2.309983434343123,0.9791666666666666,14.645833333333334,3.4475594865301833,0.18643351648577555,5967.542650487459,73,73,geolife,geolife_adaptive_kl_0.5,kl,0.5,adaptive,8,0.015625,31,3,2,8,0.6666666666666666,0.72,0.11160714285714285,0.08035714285714285,0,0,1,1,2,1,0.06451612903225806,1.0,2,1.0,468.0855,474.86965000000004,0,0,0,0,,0,0.6480000000000001,0.6480000000000001,0.05087881591119333
0.0013020833333333333,3.4627273952745177,0.035677384430793685,3.7129132066775004,0.9791666666666666,41.916666666666664,5.403439740203713,0.03437530109746035,14669.870697237493,74,74,geolife,geolife_adaptive_kl_0.5,kl,0.5,adaptive,8,0.015625,38,3,2,4,0.6666666666666666,0.16417910447761194,0.29910714285714285,0.049107142857142856,1,0,0,0,2,2,0.05263157894736842,0.6666666666666666,2,1.0,472.1305,480.31129999999996,0,0,0,0,,0,0.6480000000000001,0.6480000000000001,0.05087881591119333
0.0012803819444444444,3.5072829384331867,0.10285671803876989,4.335079666835033,0.75,27.270833333333332,4.492163502145161,0.10157633609432547,14780.39901878054,78,78,geolife,geolife_adaptive_kl_0.5,kl,0.5,adaptive,8,0.015625,30,4,3,9,0.75,0.06250000000000001,1.0666666666666664,0.06666666666666667,1,0,0,0,3,3,0.1,0.75,3,1.0,466.913,478.0745,0,0,0,0,,0,0.6480000000000001,0.6480000000000001,0.05087881591119333
0.0003255208333333333,3.1320658054302926,0.12204354894435114,2.939050535105658,1.0,22.041666666666668,4.15561183772027,0.12171802811101777,13196.74689076026,79,79,geolife,geolife_adaptive_kl_0.5,kl,0.5,adaptive,8,0.015625,33,0,0,5,nan,nan,0.0,0.0,0,0,0,0,0,0,0.0,nan,0,1.0,471.0845,478.70865,0,0,0,0,,0,0.6480000000000001,0.6480000000000001,0.05087881591119333
0.10609809027777778,1.7495038044956315,0.20231597629339068,2.289851739628147,1.0,19.104166666666668,3.717658784513812,0.2105899759518001,7416.714486556,82,82,geolife,geolife_adaptive_kl_0.5,kl,0.5,adaptive,8,0.015625,37,4,3,10,0.75,0.7391304347826088,0.09583333333333333,0.07083333333333333,0,0,0,0,4,3,0.08108108108108109,1.0,3,1.0,471.77049999999997,487.00124999999997,0,0,0,0,,0,0.6480000000000001,0.6480000000000001,0.05087881591119333
0.0,2.818905465066141,0.10183108454617402,3.8094242424620686,0.9791666666666666,35.229166666666664,4.902666195799459,0.10183108454617401,11801.217599554351,83,83,geolife,geolife_adaptive_kl_0.5,kl,0.5,adaptive,8,0.015625,38,5,2,6,0.4,0.1955307262569832,0.18645833333333334,0.03645833333333333,0,0,2,0,3,2,0.05263157894736842,1.0,2,1.0,471.755,480.5413,0,0,0,0,,0,0.6480000000000001,0.6480000000000001,0.05087881591119333
0.3341796875,1.4533741377031042,0.14651749311129308,2.194188798021564,1.0,23.395833333333332,4.312779716972258,0.21612249325869878,6117.375313174057,84,84,geolife,geolife_adaptive_kl_0.5,kl,0.5,adaptive,8,0.015625,38,4,3,7,0.75,0.6557377049180327,0.09077380952380952,0.05952380952380952,0,0,0,0,4,3,0.07894736842105263,1.0,3,1.0,471.6905,481.24595,0,0,0,0,,0,0.6480000000000001,0.6480000000000001,0.05087881591119333
0.0,3.11541328921339,0.07038953765977145,4.35267029422215,0.9375,43.083333333333336,5.19766444618073,0.07038953765977145,13222.225709931547,89,89,geolife,geolife_adaptive_kl_0.5,kl,0.5,adaptive,8,0.015625,33,3,1,3,0.3333333333333333,0.0967741935483871,0.3229166666666667,0.03125,1,0,1,0,1,1,0.030303030303030304,0.3333333333333333,1,1.0,471.6255,499.21394999999995,0,0,0,0,,0,0.6480000000000001,0.6480000000000001,0.05087881591119333
0.20034722222222223,2.1218498337772704,0.13714259240715923,3.086932944333329,1.0,25.3125,4.209786238525807,0.16429383090129104,8930.907552700264,102,102,geolife,geolife_adaptive_kl_0.5,kl,0.5,adaptive,8,0.015625,32,5,4,8,0.8,0.3703148425787106,0.39702380952380956,0.14702380952380953,1,0,2,2,2,2,0.125,1.0,4,1.0,470.4185,476.81395000000003,0,0,0,0,,0,0.6480000000000001,0.6480000000000001,0.05087881591119333
0.004166666666666667,2.1110395243060496,0.13557936965271986,3.1425938262029636,0.9583333333333334,24.6875,4.267678114396538,0.1314127029860532,8880.418640888187,103,103,geolife,geolife_adaptive_kl_0.5,kl,0.5,adaptive,8,0.015625,36,4,4,9,1.0,1.0,0.08035714285714285,0.08035714285714285,0,0,0,0,4,4,0.1111111111111111,1.0,4,1.0,468.27,478.10314999999997,0,0,0,0,,0,0.6480000000000001,0.6480000000000001,0.05087881591119333
0.0031249999999999997,3.7270918891565414,0.03690728966675971,3.5494907793888473,1.0,36.75,5.197187847805766,0.03378228966675972,15698.342293633375,104,104,geolife,geolife_adaptive_kl_0.5,kl,0.5,adaptive,8,0.015625,41,3,1,3,0.3333333333333333,0.014778325123152709,1.0572916666666667,0.015625,1,0,1,0,1,1,0.024390243902439025,0.5,1,1.0,469.5815,485.8214,0,0,0,0,,0,0.6480000000000001,0.6480000000000001,0.05087881591119333
0.4826388888888889,1.2498091427755773,0.1557272201634078,2.4113811935086344,1.0,20.8125,3.7304574738479412,0.362600698384323,5290.854542602495,113,113,geolife,geolife_adaptive_kl_0.5,kl,0.5,adaptive,8,0.015625,36,7,2,9,0.2857142857142857,0.02218636546994756,2.5822916666666664,0.057291666666666664,4,0,1,1,2,1,0.05555555555555555,1.0,2,1.0,471.69,497.45894999999996,0,0,0,0,,0,0.6480000000000001,0.6480000000000001,0.05087881591119333
0.0018229166666666665,3.0887623477233,0.13733242870970522,3.6432654848123467,0.75,23.958333333333332,4.157626283549538,0.13550951204303854,13024.541292014073,119,119,geolife,geolife_adaptive_kl_0.5,kl,0.5,adaptive,8,0.015625,35,1,1,8,1.0,1.0,0.017857142857142856,0.017857142857142856,0,0,0,0,1,1,0.02857142857142857,1.0,1,1.0,463.7385,482.11179999999996,0,0,0,0,,0,0.6480000000000001,0.6480000000000001,0.05087881591119333
0.2921875,1.4048566752870635,0.23998287721912392,2.060498991135274,0.9583333333333334,19.0,3.6104266433029277,0.39556767271499943,5900.521098420079,122,122,geolife,geolife_adaptive_kl_0.5,kl,0.5,adaptive,8,0.015625,34,5,4,12,0.8,0.22935779816513766,0.32440476190476186,0.0744047619047619,1,0,0,0,4,4,0.11764705882352941,1.0,4,1.0,463.669,483.9778,0,0,0,0,,0,0.6480000000000001,0.6480000000000001,0.05087881591119333
0.3630425347222222,1.3686469204739427,0.05706387170164911,3.2483421743304253,1.0,29.270833333333332,4.806819653548831,0.3456869507783296,5796.5865034507515,128,128,geolife,geolife_adaptive_kl_0.5,kl,0.5,adaptive,8,0.015625,41,4,3,6,0.75,0.7627118644067797,0.08779761904761904,0.06696428571428571,0,0,0,0,4,3,0.07317073170731707,1.0,3,1.0,467.08349999999996,480.69374999999997,0,0,0,0,,0,0.6480000000000001,0.6480000000000001,0.05087881591119333
0.0008680555555555555,2.4301765648366382,0.1636609478808366,3.36219446449258,0.7291666666666666,15.104166666666666,3.4839855878058206,0.16279289232528107,10296.504847475218,129,129,geolife,geolife_adaptive_kl_0.5,kl,0.5,adaptive,8,0.015625,29,3,1,10,0.3333333333333333,0.010309278350515465,2.020833333333333,0.020833333333333332,2,0,0,0,1,1,0.034482758620689655,0.5,1,1.0,463.9435,476.22015,0,0,0,0,,0,0.6480000000000001,0.6480000000000001,0.05087881591119333
0.18997395833333333,2.6332653631587526,0.09476526429439096,2.7779068057937444,1.0,24.8125,4.396363738684554,0.1538049570760386,11116.053006915698,138,138,geolife,geolife_adaptive_kl_0.5,kl,0.5,adaptive,8,0.015625,37,3,0,9,0.0,0.0,1.3125,0.0,2,0,1,0,0,0,0.0,0.0,0,1.0,471.194,485.9121,0,0,0,0,,0,0.6480000000000001,0.6480000000000001,0.05087881591119333
0.001171875,1.859998269291043,0.13630194445424698,2.600543435573647,1.0,16.208333333333332,3.8708469471021885,0.13513006945424702,7808.546239318177,142,142,geolife,geolife_adaptive_kl_0.5,kl,0.5,adaptive,8,0.015625,37,3,1,7,0.3333333333333333,0.056603773584905655,1.1041666666666667,0.0625,1,0,2,1,0,0,0.02702702702702703,0.5,1,1.0,469.687,476.2643,0,0,0,0,,0,0.6480000000000001,0.6480000000000001,0.05087881591119333
0.0019314236111111112,2.3607122819313417,0.081507062257066,3.4765256935830062,1.0,32.25,4.9058113490031685,0.07957563864595486,9902.257931473605,144,144,geolife,geolife_adaptive_kl_0.5,kl,0.5,adaptive,8,0.015625,37,5,2,6,0.4,0.11016949152542374,0.35119047619047616,0.03869047619047619,1,0,0,0,4,2,0.05405405405405406,0.6666666666666666,2,1.0,463.488,477.06695,0,0,0,0,,0,0.6480000000000001,0.6480000000000001,0.05087881591119333
0.0053602430555555565,2.8179279498848886,0.06539708128672138,3.3444829841268042,0.9583333333333334,33.729166666666664,4.907788502653465,0.060036838231165846,11941.53187798043,147,147,geolife,geolife_adaptive_kl_0.5,kl,0.5,adaptive,8,0.015625,35,0,0,4,nan,nan,0.0,0.0,0,0,0,0,0,0,0.0,nan,0,1.0,468.8905,488.5663,0,0,0,0,,0,0.6480000000000001,0.6480000000000001,0.05087881591119333
0.5650607638888889,0.8606718754149151,0.3820484935401253,1.4095047643541732,1.0,12.083333333333334,2.864945235538091,0.2382487187257983,3611.3471777206764,153,153,geolife,geolife_adaptive_kl_0.5,kl,0.5,adaptive,8,0.015625,37,10,9,16,0.9,0.9160251924422673,0.49618055555555557,0.4545138888888889,1,1,2,1,7,7,0.24324324324324326,1.0,9,1.0,463.33299999999997,476.2953,0,0,0,0,,0,0.6480000000000001,0.6480000000000001,0.05087881591119333
0.0003255208333333333,2.6695232790707766,0.12559281990008017,2.6026647184239446,0.9791666666666666,20.666666666666668,4.01900161901125,0.12526729906674683,11267.587739738005,163,163,geolife,geolife_adaptive_kl_0.5,kl,0.5,adaptive,8,0.015625,38,6,5,10,0.8333333333333334,0.8414496036240092,0.1313988095238095,0.11056547619047619,0,0,0,0,6,5,0.13157894736842105,1.0,5,1.0,469.3715,486.52395,0,0,0,0,,0,0.6480000000000001,0.6480000000000001,0.05087881591119333
0.02200520833333333,3.8269798467302265,0.0651567724684176,3.177672962037914,1.0,33.625,5.020212527635771,0.043151564135084274,16112.270914259114,167,167,geolife,geolife_adaptive_kl_0.5,kl,0.5,adaptive,8,0.015625,36,4,2,4,0.5,0.09090909090909091,0.34375,0.03125,1,0,1,0,2,2,0.05555555555555555,1.0,2,1.0,468.4705,485.3858,0,0,0,0,,0,0.6480000000000001,0.6480000000000001,0.05087881591119333
0.005881076388888889,2.8526240744258224,0.11281463423772697,3.7347728541590333,0.8541666666666666,27.041666666666668,4.399293524099424,0.10693355784883803,12017.808178419737,168,168,geolife,geolife_adaptive_kl_0.5,kl,0.5,adaptive,8,0.015625,42,4,0,4,0.0,0.0,0.5833333333333334,0.0,2,0,1,0,1,0,0.0,0.0,0,1.0,465.216,476.89365,0,0,0,0,,0,0.6480000000000001,0.6480000000000001,0.05087881591119333
0.005729166666666667,2.305745337280056,0.14349503094870697,3.328362154110746,0.9583333333333334,28.958333333333332,4.386441060077618,0.13776586428204032,9757.572185962976,169,169,geolife,geolife_adaptive_kl_0.5,kl,0.5,adaptive,8,0.015625,34,2,1,8,0.5,0.3333333333333333,0.0625,0.020833333333333332,0,0,1,0,1,1,0.029411764705882353,0.5,1,1.0,464.349,479.5964,0,0,0,0,,0,0.6480000000000001,0.6480000000000001,0.05087881591119333
0.02799479166666666,1.7863472074493363,0.11506279355149868,2.6612415137862593,1.0,24.125,4.217750758506796,0.08706800188483199,7569.474554522637,179,179,geolife,geolife_adaptive_kl_0.5,kl,0.5,adaptive,8,0.015625,36,2,2,8,1.0,1.0,0.033482142857142856,0.033482142857142856,0,0,0,0,2,2,0.05555555555555555,1.0,2,1.0,468.1195,478.29245,0,0,0,0,,0,0.6480000000000001,0.6480000000000001,0.05087881591119333
0.23079427083333334,1.525289646391631,0.26810591862886257,2.235873556603036,0.9583333333333334,18.270833333333332,3.4402349034869673,0.16345239269331174,6438.743846731343,2,2,geolife,geolife_adaptive_kl_1.0,kl,1.0,adaptive,8,0.015625,35,6,4,8,0.6666666666666666,0.09580193756727663,1.3824404761904763,0.1324404761904762,2,0,1,1,3,3,0.11428571428571428,0.5,4,1.0,462.6015,472.30315,0,0,0,0,,0,0.6480000000000001,0.6480000000000001,0.05087881591119333
0.020833333333333332,2.41767747210834,0.2118611912331351,3.5311427887004463,0.75,21.458333333333332,3.772161164453763,0.20900739222893072,10268.62960633594,3,3,geolife,geolife_adaptive_kl_1.0,kl,1.0,adaptive,8,0.015625,40,4,3,6,0.75,0.5945945945945947,0.15416666666666665,0.09166666666666667,0,0,2,1,2,2,0.075,1.0,3,1.0,469.04150000000004,481.4036,0,0,0,0,,0,0.6480000000000001,0.6480000000000001,0.05087881591119333
0.35674913194444446,1.3832142305852482,0.40759222674203893,1.566012929561811,1.0,10.291666666666666,2.5324569239920014,0.107685267959439,5852.6210748237345,4,4,geolife,geolife_adaptive_kl_1.0,kl,1.0,adaptive,8,0.015625,31,3,2,12,0.6666666666666666,0.5714285714285714,0.14583333333333334,0.08333333333333333,0,0,2,1,1,1,0.06451612903225806,1.0,2,1.0,461.8405,472.74765,0,0,0,0,,0,0.6480000000000001,0.6480000000000001,0.05087881591119333
0.31573350694444446,1.0774623311222193,0.48016341036955673,1.5826195111247439,0.9791666666666666,11.395833333333334,2.413024054723944,0.2336550553536434,4564.083042366428,7,7,geolife,geolife_adaptive_kl_1.0,kl,1.0,adaptive,8,0.015625,40,5,3,7,0.6,0.631578947368421,0.2261904761904762,0.14285714285714285,0,0,3,2,2,1,0.075,1.0,3,1.0,464.134,471.98235,0,0,0,0,,0,0.6480000000000001,0.6480000000000001,0.05087881591119333
0.009346064814814814,1.8342475640951463,0.11313455828477753,3.099803060232546,1.0,31.854166666666668,4.67373659951897,0.10378849346996272,7710.109377719337,8,8,geolife,geolife_adaptive_kl_1.0,kl,1.0,adaptive,8,0.015625,42,6,4,5,0.6666666666666666,0.21951219512195125,0.35590277777777773,0.078125,1,0,0,0,5,4,0.09523809523809523,1.0,4,1.0,462.3415,474.52045,0,0,0,0,,0,0.6480000000000001,0.6480000000000001,0.05087881591119333
0.25638020833333336,1.388781139980594,0.34998601422298603,3.0258389387836906,0.7916666666666666,14.270833333333334,3.024239472489954,0.2345268185813292,5880.405038446542,12,12,geolife,geolife_adaptive_kl_1.0,kl,1.0,adaptive,8,0.015625,37,5,3,6,0.6,0.08196721311475409,1.3616071428571428,0.11160714285714285,2,0,1,1,2,2,0.08108108108108109,0.6666666666666666,3,1.0,463.2125,476.92150000000004,0,0,0,0,,0,0.6480000000000001,0.6480000000000001,0.05087881591119333
0.063671875,1.4768297715462488,0.23698015800589042,2.0045792742254176,1.0,15.770833333333334,3.280827650271123,0.23765888671626337,6212.383588451322,14,14,geolife,geolife_adaptive_kl_1.0,kl,1.0,adaptive,8,0.015625,34,6,6,9,1.0,1.0,0.35014880952380956,0.35014880952380956,1,1,0,0,5,5,0.17647058823529413,1.0,6,1.0,464.5195,478.80244999999996,0,0,0,0,,0,0.6480000000000001,0.6480000000000001,0.05087881591119333
0.08528645833333333,2.792498571966698,0.08202499508698481,3.931470200796752,1.0,45.833333333333336,5.253247969069201,0.09902904356614632,11785.86956366271,17,17,geolife,geolife_adaptive_kl_1.0,kl,1.0,adaptive,8,0.015625,32,3,0,1,0.0,0.0,0.5625,0.0,2,0,1,0,0,0,0.0,0.0,0,1.0,464.735,490.00145000000003,0,0,0,0,,0,0.6480000000000001,0.6480000000000001,0.05087881591119333
0.08619791666666667,1.8256928439429874,0.1731521405151073,2.8941770239275098,1.0,25.333333333333332,3.952232472325333,0.08695422384844066,7704.9276257817955,18,18,geolife,geolife_adaptive_kl_1.0,kl,1.0,adaptive,8,0.015625,39,2,2,5,1.0,1.0,0.07291666666666666,0.07291666666666666,0,0,1,1,1,1,0.05128205128205128,1.0,2,1.0,469.562,488.29295,0,0,0,0,,0,0.6480000000000001,0.6480000000000001,0.05087881591119333
0.0625,1.8524788452656582,0.23743027127989547,2.5798763046478164,0.9166666666666666,15.520833333333334,3.4494239785960183,0.17493027127989538,7838.626650748175,19,19,geolife,geolife_adaptive_kl_1.0,kl,1.0,adaptive,8,0.015625,35,5,5,9,1.0,1.0,0.1376488095238095,0.1376488095238095,0,0,1,1,4,4,0.14285714285714285,1.0,5,1.0,466.14750000000004,484.2245,0,0,0,0,,0,0.6480000000000001,0.6480000000000001,0.05087881591119333
0.0011935763888888888,3.1715468436099594,0.20825081000554901,5.2876350849472455,0.4166666666666667,19.770833333333332,3.9282978038307306,0.20705723361666015,13294.958154456792,22,22,geolife,geolife_adaptive_kl_1.0,kl,1.0,adaptive,8,0.015625,34,3,2,4,0.6666666666666666,0.09433962264150941,1.1041666666666667,0.10416666666666666,1,0,2,2,0,0,0.058823529411764705,1.0,2,1.0,462.3265,477.07465,0,0,0,0,,0,0.6480000000000001,0.6480000000000001,0.05087881591119333
0.083984375,1.7763082174543607,0.21659713646159603,3.2656756204554256,0.8125,19.0,3.7186748968895618,0.21720376048317938,7487.354215821516,27,27,geolife,geolife_adaptive_kl_1.0,kl,1.0,adaptive,8,0.015625,35,2,2,5,1.0,1.0,0.041666666666666664,0.041666666666666664,0,0,0,0,2,2,0.05714285714285714,1.0,2,1.0,465.64599999999996,478.14945,0,0,0,0,,0,0.6480000000000001,0.6480000000000001,0.05087881591119333
0.14798177083333333,2.2152737015774155,0.19245891602161866,2.754059190683931,1.0,31.125,4.337001428350728,0.11578963661655604,9345.734277195059,28,28,geolife,geolife_adaptive_kl_1.0,kl,1.0,adaptive,8,0.015625,34,3,2,4,0.6666666666666666,0.40677966101694923,0.10535714285714284,0.04285714285714286,0,0,1,0,2,2,0.058823529411764705,1.0,2,1.0,460.69449999999995,473.4858,0,0,0,0,,0,0.6480000000000001,0.6480000000000001,0.05087881591119333
0.0,2.918383666348669,0.10407493348411194,3.730488973796556,0.9166666666666666,29.166666666666668,4.617861783393503,0.1040749334841119,12235.410954944009,29,29,geolife,geolife_adaptive_kl_1.0,kl,1.0,adaptive,8,0.015625,38,5,4,6,0.8,0.6860986547085203,0.19910714285714284,0.13660714285714287,0,0,2,1,3,3,0.10526315789473684,1.0,4,1.0,464.384,477.31735,0,0,0,0,,0,0.6480000000000001,0.6480000000000001,0.05087881591119333
0.3980902777777778,0.9180545846999472,0.42761249504547655,1.5963732253529894,0.9791666666666666,8.479166666666666,2.3900438081425857,0.17949876370707765,3888.0741130416664,34,34,geolife,geolife_adaptive_kl_1.0,kl,1.0,adaptive,8,0.015625,29,6,4,11,0.6666666666666666,0.10839160839160839,1.1916666666666667,0.12916666666666665,1,0,3,2,2,2,0.13793103448275862,1.0,4,1.0,468.6755,498.241,0,0,0,0,,0,0.6480000000000001,0.6480000000000001,0.05087881591119333
0.001240079365079365,2.0743155691021857,0.1624675737000599,3.3800993886858675,0.9791666666666666,19.916666666666668,3.965709992018566,0.1612274943349806,8774.730977250105,37,37,geolife,geolife_adaptive_kl_1.0,kl,1.0,adaptive,8,0.015625,40,5,4,6,0.8,0.33509234828496043,0.3759920634920635,0.1259920634920635,1,0,1,1,3,3,0.1,1.0,4,1.0,464.169,476.13915,0,0,0,0,,0,0.6480000000000001,0.6480000000000001,0.05087881591119333
0.041666666666666664,3.5276683795376926,0.11452803841422181,4.185946653874839,0.7291666666666666,45.875,5.112518361489773,0.11989716917441166,14826.952904234922,38,38,geolife,geolife_adaptive_kl_1.0,kl,1.0,adaptive,8,0.015625,33,3,1,4,0.3333333333333333,0.2,0.15625,0.03125,0,0,2,0,1,1,0.030303030303030304,0.5,1,1.0,462.8175,473.2035,0,0,0,0,,0,0.6480000000000001,0.6480000000000001,0.05087881591119333
0.0021484374999999997,3.277920893943882,0.06820358841649106,4.132668572155274,1.0,48.6875,5.390431440408517,0.06605515091649106,13807.34241396814,39,39,geolife,geolife_adaptive_kl_1.0,kl,1.0,adaptive,8,0.015625,41,2,1,1,0.5,0.06666666666666667,0.26785714285714285,0.017857142857142856,1,0,0,0,1,1,0.024390243902439025,1.0,1,1.0,466.052,488.9266,0,0,0,0,,0,0.6480000000000001,0.6480000000000001,0.05087881591119333
0.10501302083333335,2.207237962115381,0.13488633397015812,3.5023985770207378,0.9583333333333334,38.729166666666664,4.791243352842398,0.06565812256659848,9351.941756715796,43,43,geolife,geolife_adaptive_kl_1.0,kl,1.0,adaptive,8,0.015625,28,3,1,2,0.3333333333333333,0.14285714285714285,0.14583333333333334,0.020833333333333332,0,0,2,0,1,1,0.03571428571428571,0.5,1,1.0,463.0775,478.88785,0,0,0,0,,0,0.6480000000000001,0.6480000000000001,0.05087881591119333
0.4612630208333333,1.0895396807036215,0.29019636399929877,2.0310323885699417,0.9791666666666666,15.083333333333334,3.21321223526809,0.23379412558139143,4611.346416376171,52,52,geolife,geolife_adaptive_kl_1.0,kl,1.0,adaptive,8,0.015625,35,0,0,5,nan,nan,0.0,0.0,0,0,0,0,0,0,0.0,nan,0,1.0,461.2545,480.62014999999997,0,0,0,0,,0,0.6480000000000001,0.6480000000000001,0.05087881591119333
0.632595486111111,0.6455652159009929,0.32168601331222596,1.865608025357858,1.0,25.5,3.4554989357707306,0.31559449102255915,2743.7305566414975,54,54,geolife,geolife_adaptive_kl_1.0,kl,1.0,adaptive,8,0.015625,38,3,3,7,1.0,1.0,0.07083333333333333,0.07083333333333333,0,0,0,0,3,3,0.07894736842105263,1.0,3,1.0,463.238,473.67295,0,0,0,0,,0,0.6480000000000001,0.6480000000000001,0.05087881591119333
0.12779947916666667,2.6488514947306028,0.2893278356556765,3.242985612858558,0.7916666666666666,22.916666666666668,3.556975885208019,0.20641496407733773,11259.22237215152,58,58,geolife,geolife_adaptive_kl_1.0,kl,1.0,adaptive,8,0.015625,35,8,5,9,0.625,0.3617021276595745,0.3590277777777778,0.12986111111111112,1,0,2,0,5,5,0.14285714285714285,1.0,5,1.0,460.8945,481.14765,0,0,0,0,,0,0.6480000000000001,0.6480000000000001,0.05087881591119333
0.21037326388888888,2.110028698254503,0.1899862834578917,2.6086769969237897,1.0,25.854166666666668,3.9821638374422594,0.12815196457187933,8939.53918101722,59,59,geolife,geolife_adaptive_kl_1.0,kl,1.0,adaptive,8,0.015625,36,1,1,4,1.0,1.0,0.015625,0.015625,0,0,0,0,1,1,0.027777777777777776,1.0,1,1.0,460.08299999999997,475.15380000000005,0,0,0,0,,0,0.6480000000000001,0.6480000000000001,0.05087881591119333
0.4829427083333333,1.1586185086886245,0.2760975459186652,2.102344221950365,1.0,20.979166666666668,3.5002402604914606,0.2677116900234659,4897.985526539759,62,62,geolife,geolife_adaptive_kl_1.0,kl,1.0,adaptive,8,0.015625,35,4,3,8,0.75,0.2286501377410468,0.32410714285714287,0.07410714285714286,1,0,0,0,3,3,0.08571428571428572,1.0,3,1.0,466.2165,472.51415000000003,0,0,0,0,,0,0.6480000000000001,0.6480000000000001,0.05087881591119333
0.4831597222222222,1.3409867675388973,0.3738011646148247,1.8853206815528942,1.0,17.854166666666668,3.049760040116402,0.22583616130596043,5662.955767668329,64,64,geolife,geolife_adaptive_kl_1.0,kl,1.0,adaptive,8,0.015625,35,4,3,8,0.75,0.6484375,0.17777777777777778,0.11527777777777778,0,0,2,1,2,2,0.08571428571428572,1.0,3,1.0,459.4075,474.75865,0,0,0,0,,0,0.6480000000000001,0.6480000000000001,0.05087881591119333
0.3551432291666667,1.2673049529577902,0.31967444323376215,1.8435245078106004,1.0,15.3125,3.2323988281705422,0.1739923005623901,5332.197550174971,68,68,geolife,geolife_adaptive_kl_1.0,kl,1.0,adaptive,8,0.015625,33,6,6,9,1.0,1.0,0.18348214285714284,0.18348214285714284,0,0,1,1,5,5,0.18181818181818182,1.0,6,1.0,466.312,475.5339,0,0,0,0,,0,0.6480000000000001,0.6480000000000001,0.05087881591119333
0.12552083333333333,1.3260148947610804,0.1161592627361675,2.927946377551494,1.0,32.229166666666664,4.703145982180531,0.1054739058785306,5601.074702334726,69,69,geolife,geolife_adaptive_kl_1.0,kl,1.0,adaptive,8,0.015625,37,2,2,2,1.0,1.0,0.08333333333333333,0.08333333333333333,0,0,1,1,1,1,0.05405405405405406,1.0,2,1.0,467.97,491.5318,0,0,0,0,,0,0.6480000000000001,0.6480000000000001,0.05087881591119333
0.0021701388888888886,2.6011116888937975,0.2689243197755794,5.532469099286292,0.20833333333333334,10.041666666666666,2.9884974804261364,0.2667541808866906,10944.92156639062,73,73,geolife,geolife_adaptive_kl_1.0,kl,1.0,adaptive,8,0.015625,31,3,1,7,0.3333333333333333,0.16,0.11160714285714285,0.017857142857142856,0,0,1,0,2,1,0.03225806451612903,0.5,1,1.0,464.1995,474.86115,0,0,0,0,,0,0.6480000000000001,0.6480000000000001,0.05087881591119333
0.10546875,2.940866946438261,0.06351505981863198,3.6638724734497328,0.9791666666666666,46.416666666666664,5.355243301445281,0.09451446847142354,12359.500045895487,74,74,geolife,geolife_adaptive_kl_1.0,kl,1.0,adaptive,8,0.015625,38,3,2,4,0.6666666666666666,0.16417910447761194,0.29910714285714285,0.049107142857142856,1,0,0,0,2,2,0.05263157894736842,0.6666666666666666,2,1.0,461.4145,473.539,0,0,0,0,,0,0.6480000000000001,0.6480000000000001,0.05087881591119333
0.08461371527777778,2.803008551372665,0.14952692455312958,5.343266192932965,0.375,23.3125,4.25647841320718,0.142261992748873,11908.012873384489,78,78,geolife,geolife_adaptive_kl_1.0,kl,1.0,adaptive,8,0.015625,30,4,3,7,0.75,0.06250000000000001,1.0666666666666664,0.06666666666666667,1,0,0,0,3,3,0.1,0.75,3,1.0,465.932,486.48994999999996,0,0,0,0,,0,0.6480000000000001,0.6480000000000001,0.05087881591119333
0.3753255208333333,1.7314488319930967,0.258198408717156,2.2853447812900893,0.9791666666666666,25.8125,3.8141366729374018,0.25635066230236087,7249.178544462237,79,79,geolife,geolife_adaptive_kl_1.0,kl,1.0,adaptive,8,0.015625,33,0,0,3,nan,nan,0.0,0.0,0,0,0,0,0,0,0.0,nan,0,1.0,467.174,476.35175,0,0,0,0,,0,0.6480000000000001,0.6480000000000001,0.05087881591119333
0.6109678819444445,0.6633730709123105,0.47192277303474833,1.1360567472306988,1.0,9.625,2.2856604614234213,0.15706701597577521,2800.5464166027764,82,82,geolife,geolife_adaptive_kl_1.0,kl,1.0,adaptive,8,0.015625,37,4,4,11,1.0,1.0,0.09583333333333333,0.09583333333333333,0,0,0,0,4,4,0.10810810810810811,1.0,4,1.0,458.62649999999996,471.80915,0,0,0,0,,0,0.6480000000000001,0.6480000000000001,0.05087881591119333
0.016145833333333335,2.685087396656852,0.10180360567295688,3.0840845657020903,1.0,27.875,4.521004745603081,0.08565777233962356,11402.770078472318,83,83,geolife,geolife_adaptive_kl_1.0,kl,1.0,adaptive,8,0.015625,38,5,4,6,0.8,0.6648044692737429,0.18645833333333334,0.12395833333333332,0,0,2,1,3,3,0.10526315789473684,1.0,4,1.0,461.1395,470.3985,0,0,0,0,,0,0.6480000000000001,0.6480000000000001,0.05087881591119333
0.0014973958333333332,2.2991281812295417,0.17317280908034494,3.23223501023935,0.875,19.770833333333332,3.9756784755106716,0.17167541324701155,9761.933616573115,84,84,geolife,geolife_adaptive_kl_1.0,kl,1.0,adaptive,8,0.015625,38,4,3,7,0.75,0.6557377049180327,0.09077380952380952,0.05952380952380952,0,0,0,0,4,3,0.07894736842105263,1.0,3,1.0,463.8835,481.89085,0,0,0,0,,0,0.6480000000000001,0.6480000000000001,0.05087881591119333
0.04322916666666667,2.409083274072184,0.20353065424263195,3.1365959337027776,0.8958333333333334,19.479166666666668,3.8078127792382115,0.16030148757596527,10168.266994532607,89,89,geolife,geolife_adaptive_kl_1.0,kl,1.0,adaptive,8,0.015625,33,3,0,3,0.0,0.0,0.3229166666666667,0.0,1,0,1,0,1,0,0.0,0.0,0,1.0,465.611,471.868,0,0,0,0,,0,0.6480000000000001,0.6480000000000001,0.05087881591119333
0.06453993055555556,1.7164352982827775,0.16371627241420272,3.545681015193869,0.9791666666666666,31.9375,4.45469491408925,0.14663321282266556,7271.054731294706,102,102,geolife,geolife_adaptive_kl_1.0,kl,1.0,adaptive,8,0.015625,32,5,4,6,0.8,0.3703148425787106,0.39702380952380956,0.14702380952380953,1,0,2,2,2,2,0.125,1.0,4,1.0,462.62199999999996,477.05305,0,0,0,0,,0,0.6480000000000001,0.6480000000000001,0.05087881591119333
0.20833333333333334,1.8810768478949322,0.23754688774389257,3.0163384158841127,0.9583333333333334,23.1875,3.7664602628396,0.10130784177702155,7913.302243122888,103,103,geolife,geolife_adaptive_kl_1.0,kl,1.0,adaptive,8,0.015625,36,4,4,8,1.0,1.0,0.08035714285714285,0.08035714285714285,0,0,0,0,4,4,0.1111111111111111,1.0,4,1.0,464.97,472.2305,0,0,0,0,,0,0.6480000000000001,0.6480000000000001,0.05087881591119333
0.0024739583333333332,3.432652289124817,0.03295685044893946,3.884106319985674,0.9791666666666666,57.041666666666664,5.8221842405470055,0.03048289211560613,14460.359092627137,104,104,geolife,geolife_adaptive_kl_1.0,kl,1.0,adaptive,8,0.015625,41,3,1,1,0.3333333333333333,0.014778325123152709,1.0572916666666667,0.015625,1,0,1,0,1,1,0.024390243902439025,0.5,1,1.0,466.8835,479.6229,0,0,0,0,,0,0.6480000000000001,0.6480000000000001,0.05087881591119333
0.48459201388888884,1.3484789936706687,0.4490201865353521,1.609992861012713,1.0,17.25,2.776528382241082,0.12145633487277152,5714.234638382973,113,113,geolife,geolife_adaptive_kl_1.0,kl,1.0,adaptive,8,0.015625,36,7,6,11,0.8571428571428571,0.9031867688584106,2.5822916666666664,2.3322916666666664,4,3,1,1,2,2,0.16666666666666666,1.0,6,1.0,465.45050000000003,476.49925,0,0,0,0,,0,0.6480000000000001,0.6480000000000001,0.05087881591119333
0.023307291666666664,2.4460502828223913,0.12644047795891364,2.8283135364540537,1.0,33.791666666666664,4.530732810869147,0.10313318629224694,10348.235357044012,119,119,geolife,geolife_adaptive_kl_1.0,kl,1.0,adaptive,8,0.015625,35,1,1,4,1.0,1.0,0.017857142857142856,0.017857142857142856,0,0,0,0,1,1,0.02857142857142857,1.0,1,1.0,465.4355,473.939,0,0,0,0,,0,0.6480000000000001,0.6480000000000001,0.05087881591119333
0.5640625,0.997791709897836,0.5059452114359201,1.2649892278587165,1.0,16.354166666666668,2.5251197733150046,0.14160273092471456,4193.513513258309,122,122,geolife,geolife_adaptive_kl_1.0,kl,1.0,adaptive,8,0.015625,34,5,5,11,1.0,1.0,0.32440476190476186,0.32440476190476186,1,1,0,0,4,4,0.14705882352941177,1.0,5,1.0,462.742,487.8366,0,0,0,0,,0,0.6480000000000001,0.6480000000000001,0.05087881591119333
0.2941623263888889,1.7239728818465336,0.1705695896711613,2.4050249300883073,1.0,19.8125,3.9098021600249706,0.20776860995370425,7308.271825018473,128,128,geolife,geolife_adaptive_kl_1.0,kl,1.0,adaptive,8,0.015625,41,4,4,7,1.0,1.0,0.08779761904761904,0.08779761904761904,0,0,0,0,4,4,0.0975609756097561,1.0,4,1.0,467.2685,475.1015,0,0,0,0,,0,0.6480000000000001,0.6480000000000001,0.05087881591119333
0.0020399305555555557,2.0266847832149395,0.2252452958903496,3.782157215905214,0.6666666666666666,17.520833333333332,3.625613696427173,0.22320536533479407,8594.997587429112,129,129,geolife,geolife_adaptive_kl_1.0,kl,1.0,adaptive,8,0.015625,29,3,1,5,0.3333333333333333,0.010309278350515465,2.020833333333333,0.020833333333333332,2,0,0,0,1,1,0.034482758620689655,0.5,1,1.0,461.1495,473.3628,0,0,0,0,,0,0.6480000000000001,0.6480000000000001,0.05087881591119333
0.29348958333333336,2.170773678838993,0.319511148872438,2.220911829596097,1.0,29.229166666666668,3.6531380053074565,0.09571900700889985,9188.683571328207,138,138,geolife,geolife_adaptive_kl_1.0,kl,1.0,adaptive,8,0.015625,37,3,3,8,1.0,1.0,1.3125,1.3125,2,2,1,1,0,0,0.08108108108108109,1.0,3,1.0,462.61699999999996,482.74335,0,0,0,0,,0,0.6480000000000001,0.6480000000000001,0.05087881591119333
0.08385416666666667,1.3716575058569418,0.22447166246033293,2.2726071832190304,1.0,13.541666666666666,3.3484919174731633,0.2293196198399723,5830.496637712342,142,142,geolife,geolife_adaptive_kl_1.0,kl,1.0,adaptive,8,0.015625,37,3,2,4,0.6666666666666666,0.09433962264150941,1.1041666666666667,0.10416666666666666,1,0,2,2,0,0,0.05405405405405406,1.0,2,1.0,459.0765,482.30895,0,0,0,0,,0,0.6480000000000001,0.6480000000000001,0.05087881591119333
0.0019314236111111112,2.637039398476979,0.20029011449519718,3.9730272744651605,0.7083333333333334,17.729166666666668,3.730934736691685,0.19835869088408606,11191.091158618286,144,144,geolife,geolife_adaptive_kl_1.0,kl,1.0,adaptive,8,0.015625,37,5,4,8,0.8,0.288135593220339,0.35119047619047616,0.10119047619047619,1,0,0,0,4,4,0.10810810810810811,1.0,4,1.0,463.69899999999996,478.5259,0,0,0,0,,0,0.6480000000000001,0.6480000000000001,0.05087881591119333
0.0023654513888888887,2.1493659229507425,0.1757760765299182,3.0471938720548852,1.0,28.979166666666668,4.255252867491489,0.17341062514102934,9007.778511934377,147,147,geolife,geolife_adaptive_kl_1.0,kl,1.0,adaptive,8,0.015625,35,0,0,3,nan,nan,0.0,0.0,0,0,0,0,0,0,0.0,nan,0,1.0,459.052,470.1993,0,0,0,0,,0,0.6480000000000001,0.6480000000000001,0.05087881591119333
0.6258680555555556,0.8045685720152154,0.5118760819804501,0.9922259556489386,1.0,6.916666666666667,2.049778325808148,0.21234710096187479,3377.1302249869514,153,153,geolife,geolife_adaptive_kl_1.0,kl,1.0,adaptive,8,0.015625,37,10,10,17,1.0,1.0,0.49618055555555557,0.49618055555555557,1,1,2,2,7,7,0.2702702702702703,1.0,10,1.0,461.3705,473.7215,0,0,0,0,,0,0.6480000000000001,0.6480000000000001,0.05087881591119333
0.0003255208333333333,2.1293432026734433,0.10380657124260075,3.046015503835614,0.9791666666666666,31.979166666666668,4.716962495706196,0.10348105040926742,8908.337038285872,163,163,geolife,geolife_adaptive_kl_1.0,kl,1.0,adaptive,8,0.015625,38,6,6,7,1.0,1.0,0.1313988095238095,0.1313988095238095,0,0,0,0,6,6,0.15789473684210525,1.0,6,1.0,461.645,473.34965,0,0,0,0,,0,0.6480000000000001,0.6480000000000001,0.05087881591119333
0.0018229166666666665,2.8732109800107235,0.10302234354285972,4.294264174617614,0.6666666666666666,29.25,4.694537840104641,0.10119942687619306,12167.238203908333,167,167,geolife,geolife_adaptive_kl_1.0,kl,1.0,adaptive,8,0.015625,36,4,2,4,0.5,0.09090909090909091,0.34375,0.03125,1,0,1,0,2,2,0.05555555555555555,1.0,2,1.0,460.719,473.69714999999997,0,0,0,0,,0,0.6480000000000001,0.6480000000000001,0.05087881591119333
0.36039496527777776,1.515601769158424,0.38063988031944235,2.4473379810934817,1.0,23.166666666666668,3.280048979010617,0.18232860398755288,6410.100076416151,168,168,geolife,geolife_adaptive_kl_1.0,kl,1.0,adaptive,8,0.015625,42,4,3,7,0.75,0.5714285714285714,0.5833333333333334,0.3333333333333333,2,1,1,1,1,1,0.07142857142857142,0.6666666666666666,3,1.0,461.19000000000005,474.64715,0,0,0,0,,0,0.6480000000000001,0.6480000000000001,0.05087881591119333
0.12952256944444443,2.47032696030876,0.14195544748784486,3.3009059003584613,0.8958333333333334,29.4375,4.452909245669686,0.07740444786952945,10404.725877160696,169,169,geolife,geolife_adaptive_kl_1.0,kl,1.0,adaptive,8,0.015625,34,2,2,5,1.0,1.0,0.0625,0.0625,0,0,1,1,1,1,0.058823529411764705,1.0,2,1.0,462.39149999999995,477.05995,0,0,0,0,,0,0.6480000000000001,0.6480000000000001,0.05087881591119333
0.26180555555555557,1.7276975664354974,0.2002229931053315,2.308815212076609,0.9583333333333334,18.958333333333332,3.564967478708717,0.24552456575348955,7314.282367171875,179,179,geolife,geolife_adaptive_kl_1.0,kl,1.0,adaptive,8,0.015625,36,2,2,6,1.0,1.0,0.033482142857142856,0.033482142857142856,0,0,0,0,2,2,0.05555555555555555,1.0,2,1.0,461.0395,478.5959,0,0,0,0,,0,0.6480000000000001,0.6480000000000001,0.05087881591119333
0.16829427083333334,1.596419095607737,0.2932592010875506,2.3321060857210987,0.9375,17.895833333333332,3.3390594979649184,0.20743514633668306,6735.117220424602,2,2,geolife,geolife_adaptive_kl_2.0,kl,2.0,adaptive,8,0.015625,35,6,5,8,0.8333333333333334,0.8191603875134553,1.3824404761904763,1.1324404761904763,2,1,1,1,3,3,0.14285714285714285,1.0,5,1.0,469.1665,488.49249999999995,0,0,0,0,,0,0.6480000000000001,0.6480000000000001,0.05087881591119333
0.3333333333333333,1.0212048172763992,0.4095567311432033,2.0228338631450566,0.9583333333333334,13.229166666666666,2.748650994712229,0.1431752460122749,4319.760714257355,3,3,geolife,geolife_adaptive_kl_2.0,kl,2.0,adaptive,8,0.015625,40,4,4,9,1.0,1.0,0.15416666666666665,0.15416666666666665,0,0,2,2,2,2,0.1,1.0,4,1.0,465.381,483.40515,0,0,0,0,,0,0.6480000000000001,0.6480000000000001,0.05087881591119333
0.654079861111111,0.37507418005495735,0.48562728563077867,1.0472070535285594,1.0,7.166666666666667,2.141541906334317,0.23186541037686517,1593.6824548111351,4,4,geolife,geolife_adaptive_kl_2.0,kl,2.0,adaptive,8,0.015625,31,3,3,13,1.0,1.0,0.14583333333333334,0.14583333333333334,0,0,2,2,1,1,0.0967741935483871,1.0,3,1.0,467.509,481.51785,0,0,0,0,,0,0.6480000000000001,0.6480000000000001,0.05087881591119333
0.2936197916666667,0.9029571860752954,0.4266370657276077,1.7363112323052905,1.0,9.875,2.541135577846217,0.18399961465562129,3818.2146278970226,7,7,geolife,geolife_adaptive_kl_2.0,kl,2.0,adaptive,8,0.015625,40,5,5,9,1.0,1.0,0.2261904761904762,0.2261904761904762,0,0,3,3,2,2,0.125,1.0,5,1.0,468.89099999999996,481.8125,0,0,0,0,,0,0.6480000000000001,0.6480000000000001,0.05087881591119333
0.11351273148148149,1.3184912535284778,0.21834801689223393,2.7266419197458505,0.9583333333333334,24.479166666666668,4.0509966577510506,0.12111370434692492,5573.761710060972,8,8,geolife,geolife_adaptive_kl_2.0,kl,2.0,adaptive,8,0.015625,42,6,5,5,0.8333333333333334,0.29756097560975614,0.35590277777777773,0.10590277777777778,1,0,0,0,5,5,0.11904761904761904,1.0,5,1.0,463.323,476.08315,0,0,0,0,,0,0.6480000000000001,0.6480000000000001,0.05087881591119333
0.21471354166666667,1.4557550169544278,0.38146492521324843,3.2484823860135883,0.7291666666666666,11.958333333333334,2.7535765880995484,0.21658087717034546,6172.5417637715655,12,12,geolife,geolife_adaptive_kl_2.0,kl,2.0,adaptive,8,0.015625,37,5,4,7,0.8,0.2655737704918033,1.3616071428571428,0.36160714285714285,2,1,1,1,2,2,0.10810810810810811,0.6666666666666666,4,1.0,468.9765,479.211,0,0,0,0,,0,0.6480000000000001,0.6480000000000001,0.05087881591119333
0.23033854166666667,1.4795170674731646,0.22364023470321992,2.426925800989046,1.0,19.083333333333332,3.637449017219433,0.1511994989618307,6243.6835040995165,14,14,geolife,geolife_adaptive_kl_2.0,kl,2.0,adaptive,8,0.015625,34,6,6,7,1.0,1.0,0.35014880952380956,0.35014880952380956,1,1,0,0,5,5,0.17647058823529413,1.0,6,1.0,464.8355,478.17565,0,0,0,0,,0,0.6480000000000001,0.6480000000000001,0.05087881591119333
0.0026041666666666665,2.0198131435743405,0.21231504132120013,4.128372977897865,0.6458333333333334,21.1875,3.915859838481833,0.20971087465453345,8551.935801069596,17,17,geolife,geolife_adaptive_kl_2.0,kl,2.0,adaptive,8,0.015625,32,3,2,4,0.6666666666666666,0.5555555555555556,0.5625,0.3125,2,1,1,1,0,0,0.0625,0.6666666666666666,2,1.0,470.103,476.33915,0,0,0,0,,0,0.6480000000000001,0.6480000000000001,0.05087881591119333
0.0028645833333333336,2.484547304460096,0.06604367276615673,3.64075828970738,0.9791666666666666,35.729166666666664,5.033888569311831,0.0631790894328234,10449.981016989364,18,18,geolife,geolife_adaptive_kl_2.0,kl,2.0,adaptive,8,0.015625,39,2,2,3,1.0,1.0,0.07291666666666666,0.07291666666666666,0,0,1,1,1,1,0.05128205128205128,1.0,2,1.0,467.88,478.81714999999997,0,0,0,0,,0,0.6480000000000001,0.6480000000000001,0.05087881591119333
0.16666666666666666,1.330593819535825,0.40024944401178564,2.149561122318404,0.9166666666666666,11.4375,2.659766260087407,0.26412718230732307,5597.7288925036,19,19,geolife,geolife_adaptive_kl_2.0,kl,2.0,adaptive,8,0.015625,35,5,5,11,1.0,1.0,0.1376488095238095,0.1376488095238095,0,0,1,1,4,4,0.14285714285714285,1.0,5,1.0,471.29949999999997,481.061,0,0,0,0,,0,0.6480000000000001,0.6480000000000001,0.05087881591119333
0.0011935763888888888,3.897770323517515,0.27910665477140445,6.099354977592548,0.08333333333333333,15.208333333333334,3.382802084218713,0.2779130783825155,16315.188198178352,22,22,geolife,geolife_adaptive_kl_2.0,kl,2.0,adaptive,8,0.015625,34,3,1,3,0.3333333333333333,0.03773584905660377,1.1041666666666667,0.041666666666666664,1,0,2,1,0,0,0.029411764705882353,0.5,1,1.0,470.5385,478.23165,0,0,0,0,,0,0.6480000000000001,0.6480000000000001,0.05087881591119333
0.10481770833333333,1.9452513856967248,0.15491186241172702,3.0224690807267103,0.9166666666666666,22.791666666666668,4.163800352405036,0.1062832011644513,8190.1060462975265,27,27,geolife,geolife_adaptive_kl_2.0,kl,2.0,adaptive,8,0.015625,35,2,2,4,1.0,1.0,0.041666666666666664,0.041666666666666664,0,0,0,0,2,2,0.05714285714285714,1.0,2,1.0,468.41049999999996,483.2013,0,0,0,0,,0,0.6480000000000001,0.6480000000000001,0.05087881591119333
0.04381510416666667,2.0308054648637603,0.19567283424439189,3.0004709274650643,0.9375,26.875,4.015918786811242,0.1518577300777252,8623.090803595815,28,28,geolife,geolife_adaptive_kl_2.0,kl,2.0,adaptive,8,0.015625,34,3,3,8,1.0,1.0,0.10535714285714284,0.10535714285714284,0,0,1,1,2,2,0.08823529411764706,1.0,3,1.0,466.88800000000003,486.23365,0,0,0,0,,0,0.6480000000000001,0.6480000000000001,0.05087881591119333
0.0,2.2055456233560595,0.24557766224570463,3.5097428474944334,0.8958333333333334,17.5,3.581761111904704,0.24557766224570465,9339.918435789936,29,29,geolife,geolife_adaptive_kl_2.0,kl,2.0,adaptive,8,0.015625,38,5,5,7,1.0,1.0,0.19910714285714284,0.19910714285714284,0,0,2,2,3,3,0.13157894736842105,1.0,5,1.0,467.7495,479.63615,0,0,0,0,,0,0.6480000000000001,0.6480000000000001,0.05087881591119333
0.37725694444444446,0.9115189909710981,0.42959438822666735,1.6721443411218804,0.9583333333333334,9.708333333333334,2.525975862936701,0.2040438888665118,3867.1688719836425,34,34,geolife,geolife_adaptive_kl_2.0,kl,2.0,adaptive,8,0.015625,29,6,5,12,0.8333333333333334,0.16083916083916083,1.1916666666666667,0.19166666666666665,1,0,3,3,2,2,0.1724137931034483,1.0,5,1.0,468.711,477.49850000000004,0,0,0,0,,0,0.6480000000000001,0.6480000000000001,0.05087881591119333
0.001240079365079365,2.387200696912801,0.18175548626922275,3.6042489419944137,1.0,19.916666666666668,3.918376691122799,0.18051540690414336,10097.687862894922,37,37,geolife,geolife_adaptive_kl_2.0,kl,2.0,adaptive,8,0.015625,40,5,4,6,0.8,0.33509234828496043,0.3759920634920635,0.1259920634920635,1,0,1,1,3,3,0.1,1.0,4,1.0,470.08849999999995,483.0114,0,0,0,0,,0,0.6480000000000001,0.6480000000000001,0.05087881591119333
0.10416666666666667,2.91587015596791,0.262618012626692,3.5731390078751555,0.7291666666666666,27.166666666666668,3.852080588637666,0.1823490313199615,12266.85862789882,38,38,geolife,geolife_adaptive_kl_2.0,kl,2.0,adaptive,8,0.015625,33,3,3,6,1.0,1.0,0.15625,0.15625,0,0,2,2,1,1,0.09090909090909091,1.0,3,1.0,471.8055,479.1655,0,0,0,0,,0,0.6480000000000001,0.6480000000000001,0.05087881591119333
0.0021484374999999997,3.763550293558433,0.07605676348316147,4.146974857235215,1.0,46.208333333333336,5.22457707779411,0.07390832598316145,15804.92219855256,39,39,geolife,geolife_adaptive_kl_2.0,kl,2.0,adaptive,8,0.015625,41,2,1,1,0.5,0.06666666666666667,0.26785714285714285,0.017857142857142856,1,0,0,0,1,1,0.024390243902439025,1.0,1,1.0,464.4345,485.80595,0,0,0,0,,0,0.6480000000000001,0.6480000000000001,0.05087881591119333
0.3550130208333333,1.571121530949343,0.325555042356759,2.409576238546976,0.9583333333333334,21.104166666666668,3.4468953502890316,0.15640435395111515,6604.051376779086,43,43,geolife,geolife_adaptive_kl_2.0,kl,2.0,adaptive,8,0.015625,28,3,2,6,0.6666666666666666,0.5714285714285714,0.14583333333333334,0.08333333333333333,0,0,2,1,1,1,0.07142857142857142,1.0,2,1.0,470.0125,478.715,0,0,0,0,,0,0.6480000000000001,0.6480000000000001,0.05087881591119333
0.08626302083333333,1.6193298426877678,0.11633261131983587,2.9275007921740515,1.0,31.0625,4.7299164497980195,0.03006959048650254,6850.818078677818,52,52,geolife,geolife_adaptive_kl_2.0,kl,2.0,adaptive,8,0.015625,35,0,0,2,nan,nan,0.0,0.0,0,0,0,0,0,0,0.0,nan,0,1.0,467.83,475.32715,0,0,0,0,,0,0.6480000000000001,0.6480000000000001,0.05087881591119333
0.31293402777777773,1.8355957716584232,0.13878071622053695,2.5353633161532136,1.0,26.25,4.31351739916996,0.20249438797482303,7713.4786484143015,54,54,geolife,geolife_adaptive_kl_2.0,kl,2.0,adaptive,8,0.015625,38,3,3,6,1.0,1.0,0.07083333333333333,0.07083333333333333,0,0,0,0,3,3,0.07894736842105263,1.0,3,1.0,467.0185,478.66700000000003,0,0,0,0,,0,0.6480000000000001,0.6480000000000001,0.05087881591119333
0.2932942708333333,0.8939748356549386,0.49356000990594734,1.7779377644340226,0.9791666666666666,7.583333333333333,2.1837469557822744,0.23377474634650755,3771.7383596084496,58,58,geolife,geolife_adaptive_kl_2.0,kl,2.0,adaptive,8,0.015625,35,8,8,12,1.0,1.0,0.3590277777777778,0.3590277777777778,1,1,2,2,5,5,0.22857142857142856,1.0,8,1.0,468.235,483.97465,0,0,0,0,,0,0.6480000000000001,0.6480000000000001,0.05087881591119333
0.3353732638888889,1.1372831493030837,0.26850519677519163,2.0192708701782602,1.0,15.333333333333334,3.240087805085255,0.2008723443229213,4796.793145329261,59,59,geolife,geolife_adaptive_kl_2.0,kl,2.0,adaptive,8,0.015625,36,1,1,5,1.0,1.0,0.015625,0.015625,0,0,0,0,1,1,0.027777777777777776,1.0,1,1.0,472.54200000000003,492.2663,0,0,0,0,,0,0.6480000000000001,0.6480000000000001,0.05087881591119333
0.5454427083333333,1.0961185086886245,0.32353543599450174,1.9296406279632292,1.0,19.5,3.329363565075076,0.25934036716050074,4631.302781075622,62,62,geolife,geolife_adaptive_kl_2.0,kl,2.0,adaptive,8,0.015625,35,4,3,8,0.75,0.2286501377410468,0.32410714285714287,0.07410714285714286,1,0,0,0,3,3,0.08571428571428572,1.0,3,1.0,472.4515,479.364,0,0,0,0,,0,0.6480000000000001,0.6480000000000001,0.05087881591119333
0.6924189814814815,0.6006197879335633,0.534254011980022,1.2776355517591151,1.0,10.166666666666666,2.080041535857307,0.2385746606102286,2534.610475970245,64,64,geolife,geolife_adaptive_kl_2.0,kl,2.0,adaptive,8,0.015625,35,4,4,11,1.0,1.0,0.17777777777777778,0.17777777777777778,0,0,2,2,2,2,0.11428571428571428,1.0,4,1.0,473.748,482.26915,0,0,0,0,,0,0.6480000000000001,0.6480000000000001,0.05087881591119333
0.4384765625,1.5706056929637964,0.3567611127644152,1.831011570085496,1.0,13.145833333333334,2.9653306024044155,0.15145996074420914,6591.185252281742,68,68,geolife,geolife_adaptive_kl_2.0,kl,2.0,adaptive,8,0.015625,33,6,6,11,1.0,1.0,0.18348214285714284,0.18348214285714284,0,0,1,1,5,5,0.18181818181818182,1.0,6,1.0,467.3935,482.23045,0,0,0,0,,0,0.6480000000000001,0.6480000000000001,0.05087881591119333
0.12552083333333333,1.447166596959147,0.1906301516840724,2.7840838549474083,1.0,23.958333333333332,4.103796759178555,0.12438318780492448,6103.741669883366,69,69,geolife,geolife_adaptive_kl_2.0,kl,2.0,adaptive,8,0.015625,37,2,2,3,1.0,1.0,0.08333333333333333,0.08333333333333333,0,0,1,1,1,1,0.05405405405405406,1.0,2,1.0,466.37300000000005,479.6848,0,0,0,0,,0,0.6480000000000001,0.6480000000000001,0.05087881591119333
0.0021701388888888886,2.5858242407043903,0.24588209656143103,5.389370250433326,0.20833333333333334,12.3125,3.278211148384146,0.24371195767254208,10830.589638243417,73,73,geolife,geolife_adaptive_kl_2.0,kl,2.0,adaptive,8,0.015625,31,3,1,5,0.3333333333333333,0.16,0.11160714285714285,0.017857142857142856,0,0,1,0,2,1,0.03225806451612903,0.5,1,1.0,472.647,489.50019999999995,0,0,0,0,,0,0.6480000000000001,0.6480000000000001,0.05087881591119333
0.18880208333333334,2.7381049281016456,0.05374365223811789,3.6241769931488794,0.9791666666666666,47.083333333333336,5.411001186160861,0.15683005775500217,11545.272558851653,74,74,geolife,geolife_adaptive_kl_2.0,kl,2.0,adaptive,8,0.015625,38,3,2,4,0.6666666666666666,0.16417910447761194,0.29910714285714285,0.049107142857142856,1,0,0,0,2,2,0.05263157894736842,0.6666666666666666,2,1.0,470.57349999999997,480.6278,0,0,0,0,,0,0.6480000000000001,0.6480000000000001,0.05087881591119333
0.08461371527777778,1.9855591648978645,0.2710572923580134,5.010951420372785,0.4375,17.520833333333332,3.4716722645224145,0.3100959226826537,8431.947573722302,78,78,geolife,geolife_adaptive_kl_2.0,kl,2.0,adaptive,8,0.015625,30,4,3,9,0.75,0.06250000000000001,1.0666666666666664,0.06666666666666667,1,0,0,0,3,3,0.1,0.75,3,1.0,464.5195,482.0738,0,0,0,0,,0,0.6480000000000001,0.6480000000000001,0.05087881591119333
0.3961588541666667,1.5207477802716938,0.267370025780675,2.2008719906810996,0.9791666666666666,21.958333333333332,3.6708243399677847,0.18249400689662365,6377.879849614333,79,79,geolife,geolife_adaptive_kl_2.0,kl,2.0,adaptive,8,0.015625,33,0,0,5,nan,nan,0.0,0.0,0,0,0,0,0,0,0.0,nan,0,1.0,468.616,484.18924999999996,0,0,0,0,,0,0.6480000000000001,0.6480000000000001,0.05087881591119333
0.6526345486111111,0.5852884022082421,0.5343027789284378,1.0193549579697565,1.0,9.9375,2.180146813237099,0.13526596701991753,2458.006518052227,82,82,geolife,geolife_adaptive_kl_2.0,kl,2.0,adaptive,8,0.015625,37,4,4,11,1.0,1.0,0.09583333333333333,0.09583333333333333,0,0,0,0,4,4,0.10810810810810811,1.0,4,1.0,471.52,477.97565,0,0,0,0,,0,0.6480000000000001,0.6480000000000001,0.05087881591119333
0.06302083333333333,2.7067897313779086,0.20624191011724705,2.728120192316959,1.0,21.479166666666668,3.7668599702625998,0.14944610304841052,11496.94521718403,83,83,geolife,geolife_adaptive_kl_2.0,kl,2.0,adaptive,8,0.015625,38,5,5,9,1.0,1.0,0.18645833333333334,0.18645833333333334,0,0,2,2,3,3,0.13157894736842105,1.0,5,1.0,470.01250000000005,490.5859,0,0,0,0,,0,0.6480000000000001,0.6480000000000001,0.05087881591119333
0.10983072916666665,1.9908492056767866,0.17562874695189265,2.5836114300979784,1.0,19.333333333333332,3.886518698362845,0.15525750142217595,8470.629386056873,84,84,geolife,geolife_adaptive_kl_2.0,kl,2.0,adaptive,8,0.015625,38,4,4,8,1.0,1.0,0.09077380952380952,0.09077380952380952,0,0,0,0,4,4,0.10526315789473684,1.0,4,1.0,472.381,484.9724,0,0,0,0,,0,0.6480000000000001,0.6480000000000001,0.05087881591119333
0.0015625000000000003,2.719498249992822,0.16788776167604488,4.146798424256125,0.7291666666666666,21.145833333333332,4.057023767331752,0.1663252616760448,11527.097416500883,89,89,geolife,geolife_adaptive_kl_2.0,kl,2.0,adaptive,8,0.015625,33,3,1,3,0.3333333333333333,0.12903225806451613,0.3229166666666667,0.041666666666666664,1,0,1,1,1,0,0.030303030303030304,0.3333333333333333,1,1.0,465.4905,481.05395,0,0,0,0,,0,0.6480000000000001,0.6480000000000001,0.05087881591119333
0.0020399305555555557,2.3325209819400192,0.12777046859379637,4.098380206254265,0.875,34.708333333333336,4.736953468224694,0.12573053803824083,9893.478458400916,102,102,geolife,geolife_adaptive_kl_2.0,kl,2.0,adaptive,8,0.015625,32,5,4,6,0.8,0.3703148425787106,0.39702380952380956,0.14702380952380953,1,0,2,2,2,2,0.125,1.0,4,1.0,466.83799999999997,478.70414999999997,0,0,0,0,,0,0.6480000000000001,0.6480000000000001,0.05087881591119333
0.020833333333333332,2.3665052453896354,0.19896436426954897,3.9261728017874944,0.9583333333333334,26.625,4.154751363436562,0.1781310309362156,9936.49647008633,103,103,geolife,geolife_adaptive_kl_2.0,kl,2.0,adaptive,8,0.015625,36,4,4,7,1.0,1.0,0.08035714285714285,0.08035714285714285,0,0,0,0,4,4,0.1111111111111111,1.0,4,1.0,469.522,493.37919999999997,0,0,0,0,,0,0.6480000000000001,0.6480000000000001,0.05087881591119333
0.25247395833333336,2.2118234268900223,0.2335699179250279,2.3689337673706996,1.0,28.354166666666668,4.019334393370127,0.16460317851801645,9340.437453073022,104,104,geolife,geolife_adaptive_kl_2.0,kl,2.0,adaptive,8,0.015625,41,3,3,6,1.0,1.0,1.0572916666666667,1.0572916666666667,1,1,1,1,1,1,0.07317073170731707,1.0,3,1.0,473.548,481.74065,0,0,0,0,,0,0.6480000000000001,0.6480000000000001,0.05087881591119333
0.38042534722222215,1.4856828777878963,0.37298207295257635,1.787822974275141,1.0,18.395833333333332,3.0687891637803872,0.1380526589376785,6302.952752594076,113,113,geolife,geolife_adaptive_kl_2.0,kl,2.0,adaptive,8,0.015625,36,7,6,9,0.8571428571428571,0.9031867688584106,2.5822916666666664,2.3322916666666664,4,3,1,1,2,2,0.16666666666666666,1.0,6,1.0,472.387,481.9013,0,0,0,0,,0,0.6480000000000001,0.6480000000000001,0.05087881591119333
0.0024739583333333332,2.1432018562556663,0.15515576995439936,3.2110225900019596,0.9166666666666666,28.729166666666668,4.219094581678545,0.15268181162106603,9014.67507073347,119,119,geolife,geolife_adaptive_kl_2.0,kl,2.0,adaptive,8,0.015625,35,1,1,4,1.0,1.0,0.017857142857142856,0.017857142857142856,0,0,0,0,1,1,0.02857142857142857,1.0,1,1.0,468.4355,484.7566,0,0,0,0,,0,0.6480000000000001,0.6480000000000001,0.05087881591119333
0.5015625,1.1177366955828512,0.44259616865326784,1.5616191314041972,1.0,18.291666666666668,2.807144255071183,0.12084218195646233,4690.116896714397,122,122,geolife,geolife_adaptive_kl_2.0,kl,2.0,adaptive,8,0.015625,34,5,5,8,1.0,1.0,0.32440476190476186,0.32440476190476186,1,1,0,0,4,4,0.14705882352941177,1.0,5,1.0,468.2345,484.31145,0,0,0,0,,0,0.6480000000000001,0.6480000000000001,0.05087881591119333
0.12749565972222224,1.8388628532165638,0.21733207377678557,2.3088695237670893,1.0,17.4375,3.5507203055822227,0.19679096017364262,7777.740593442602,128,128,geolife,geolife_adaptive_kl_2.0,kl,2.0,adaptive,8,0.015625,41,4,4,8,1.0,1.0,0.08779761904761904,0.08779761904761904,0,0,0,0,4,4,0.0975609756097561,1.0,4,1.0,469.37149999999997,489.32095,0,0,0,0,,0,0.6480000000000001,0.6480000000000001,0.05087881591119333
0.4812065972222222,0.8371585777243356,0.5369710645518969,1.8318746819410014,0.9375,11.145833333333334,2.20552484995774,0.23792402553630554,3546.3073229695638,129,129,geolife,geolife_adaptive_kl_2.0,kl,2.0,adaptive,8,0.015625,29,3,2,12,0.6666666666666666,0.5051546391752578,2.020833333333333,1.0208333333333333,2,1,0,0,1,1,0.06896551724137931,0.5,2,1.0,475.03499999999997,481.55565,0,0,0,0,,0,0.6480000000000001,0.6480000000000001,0.05087881591119333
0.3559895833333333,1.9761462325397454,0.3863799906439413,2.1719208725258765,1.0,28.354166666666668,3.3724651967927133,0.09030105658372477,8365.170595971465,138,138,geolife,geolife_adaptive_kl_2.0,kl,2.0,adaptive,8,0.015625,37,3,3,11,1.0,1.0,1.3125,1.3125,2,2,1,1,0,0,0.08108108108108109,1.0,3,1.0,471.18949999999995,491.89745,0,0,0,0,,0,0.6480000000000001,0.6480000000000001,0.05087881591119333
0.4276041666666666,0.7746168516735005,0.35363798755933384,1.7191068200331356,1.0,9.395833333333334,2.653516823567555,0.17699275797943634,3276.4862023853148,142,142,geolife,geolife_adaptive_kl_2.0,kl,2.0,adaptive,8,0.015625,37,3,3,8,1.0,1.0,1.1041666666666667,1.1041666666666667,1,1,2,2,0,0,0.08108108108108109,1.0,3,1.0,473.698,485.1841,0,0,0,0,,0,0.6480000000000001,0.6480000000000001,0.05087881591119333
0.39776475694444446,1.1565494131058531,0.2546829698592917,2.2428121677292556,1.0,16.208333333333332,3.45459005723747,0.26240392276850055,4896.90643212118,144,144,geolife,geolife_adaptive_kl_2.0,kl,2.0,adaptive,8,0.015625,37,5,5,7,1.0,1.0,0.35119047619047616,0.35119047619047616,1,1,0,0,4,4,0.13513513513513514,1.0,5,1.0,466.6025,485.4692,0,0,0,0,,0,0.6480000000000001,0.6480000000000001,0.05087881591119333
0.0023654513888888887,2.1334506724819877,0.2022043135328643,2.985531225656073,1.0,28.645833333333332,4.185840235252461,0.19983886214397537,8942.209000210883,147,147,geolife,geolife_adaptive_kl_2.0,kl,2.0,adaptive,8,0.015625,35,0,0,4,nan,nan,0.0,0.0,0,0,0,0,0,0,0.0,nan,0,1.0,467.9595,483.59065000000004,0,0,0,0,,0,0.6480000000000001,0.6480000000000001,0.05087881591119333
0.6675347222222223,0.5435400258301973,0.5190065549713103,0.9419441938427089,1.0,8.020833333333334,2.1773986332815847,0.21239044366056656,2288.8624473851964,153,153,geolife,geolife_adaptive_kl_2.0,kl,2.0,adaptive,8,0.015625,37,10,10,17,1.0,1.0,0.49618055555555557,0.49618055555555557,1,1,2,2,7,7,0.2702702702702703,1.0,10,1.0,467.7445,485.07425,0,0,0,0,,0,0.6480000000000001,0.6480000000000001,0.05087881591119333
0.0003255208333333333,2.0631318363219164,0.1975601469509295,2.8104285711294725,0.9791666666666666,27.833333333333332,4.157280314962736,0.19723462611759604,8631.437404381073,163,163,geolife,geolife_adaptive_kl_2.0,kl,2.0,adaptive,8,0.015625,38,6,6,8,1.0,1.0,0.1313988095238095,0.1313988095238095,0,0,0,0,6,6,0.15789473684210525,1.0,6,1.0,466.5425,479.0815,0,0,0,0,,0,0.6480000000000001,0.6480000000000001,0.05087881591119333
0.3557942708333333,1.193204807616249,0.12643395171910746,2.4815597095493227,1.0,27.3125,4.440760486219428,0.2784299439132968,5071.868147572582,167,167,geolife,geolife_adaptive_kl_2.0,kl,2.0,adaptive,8,0.015625,36,4,3,4,0.75,0.2727272727272727,0.34375,0.09375,1,0,1,1,2,2,0.08333333333333333,1.0,3,1.0,473.58799999999997,479.82515,0,0,0,0,,0,0.6480000000000001,0.6480000000000001,0.05087881591119333
0.3395616319444444,1.5824997389694235,0.26673559693633436,2.4829425760453714,1.0,29.4375,4.031309705843248,0.23937971141007974,6687.457577265257,168,168,geolife,geolife_adaptive_kl_2.0,kl,2.0,adaptive,8,0.015625,42,4,3,4,0.75,0.5714285714285714,0.5833333333333334,0.3333333333333333,2,1,1,1,1,1,0.07142857142857142,0.6666666666666666,3,1.0,470.959,486.27135,0,0,0,0,,0,0.6480000000000001,0.6480000000000001,0.05087881591119333
0.12728522201178452,2.121924366354373,0.22353141554671271,2.9691006498060264,0.9375,25.333333333333332,3.8995166027809116,0.11513340300881686,9005.667497354716,169,169,geolife,geolife_adaptive_kl_2.0,kl,2.0,adaptive,8,0.015625,34,2,2,6,1.0,1.0,0.0625,0.0625,0,0,1,1,1,1,0.058823529411764705,1.0,2,1.0,469.827,483.54614999999995,0,0,0,0,,0,0.6480000000000001,0.6480000000000001,0.05087881591119333
0.13680555555555554,1.7595280673730063,0.16975807779740035,2.440223531392563,1.0,21.458333333333332,3.8866907962475494,0.03965117444044241,7432.505249574419,179,179,geolife,geolife_adaptive_kl_2.0,kl,2.0,adaptive,8,0.015625,36,2,2,6,1.0,1.0,0.033482142857142856,0.033482142857142856,0,0,0,0,2,2,0.05555555555555555,1.0,2,1.0,473.132,483.2266,0,0,0,0,,0,0.6480000000000001,0.6480000000000001,0.05087881591119333
