hit,error_cells,peak,logloss,covered95,credible95,entropy,ece,error_m,seed,user,scenario,condition,method,param,attack,side,prior_hit,legitimate,opportunities,complete,reports,utility,weighted_utility,weighted_opportunities,weighted_complete,small_opportunities,small_complete,medium_opportunities,medium_complete,large_opportunities,large_complete,raw_completion,coverage,reward,latency_slots,gate_us_p50,gate_us_p95,cap_violations,attacker_local_cap_violations,attacker_effective_cap_violations,attacker_absolute_cap_violations,positive_cap,robust_model_count,alpha_true,alpha_model,move_model
0.0,2.0358616572915786,0.19042201527789748,3.280107747957642,1.0,26.666666666666668,4.329854421148338,0.1904220152778974,8516.07851553013,2,2,geolife,geolife_dd_nominal_bsp,bsp,0.1,adaptive,8,0.015625,35,6,2,4,0.3333333333333333,0.02798708288482239,1.3824404761904763,0.03869047619047619,2,0,1,0,3,2,0.05714285714285714,0.5,2,1.0,39.693,53.2663,0,12,12,48,,0,0.6480000000000001,0.648,0.05143558597025365
0.25,1.2330252811474742,0.1312144693890715,2.862239967656301,0.8958333333333334,21.979166666666668,4.327868140073597,0.2184458369169614,5173.204304949276,3,3,geolife,geolife_dd_nominal_bsp,bsp,0.1,adaptive,8,0.015625,40,4,1,4,0.25,0.1621621621621622,0.15416666666666665,0.025,0,0,2,0,2,1,0.025,0.5,1,1.0,32.543,39.1765,0,8,8,31,,0,0.6480000000000001,0.648,0.05143558597025365
0.8333333333333334,0.16666666666666666,0.20841100379298536,1.940765208399131,0.9166666666666666,12.770833333333334,3.5374704771945855,0.6419396562730212,695.75,4,4,geolife,geolife_dd_nominal_bsp,bsp,0.1,adaptive,8,0.015625,31,3,3,16,1.0,1.0,0.14583333333333334,0.14583333333333334,0,0,2,2,1,1,0.0967741935483871,1.0,3,1.0,32.227000000000004,41.151149999999994,0,16,16,48,,0,0.6480000000000001,0.648,0.05143558597025365
0.4791666666666667,0.6071278254943949,0.19458868483149247,2.2354026405973233,1.0,22.25,4.074226833862818,0.372902454335686,2577.027449133728,7,7,geolife,geolife_dd_nominal_bsp,bsp,0.1,adaptive,8,0.015625,40,5,3,6,0.6,0.4473684210526316,0.2261904761904762,0.10119047619047619,0,0,3,1,2,2,0.075,1.0,3,1.0,31.5965,43.959199999999996,0,9,9,42,,0,0.6480000000000001,0.648,0.05143558597025365
0.2916666666666667,1.1380256852833606,0.13669651432507257,2.9081490204545744,1.0,27.645833333333332,4.5817119693392305,0.3437469894898102,4777.0401915889315,8,8,geolife,geolife_dd_nominal_bsp,bsp,0.1,adaptive,8,0.015625,42,6,2,2,0.3333333333333333,0.1024390243902439,0.35590277777777773,0.03645833333333333,1,0,0,0,5,2,0.047619047619047616,1.0,2,1.0,31.527,38.8963,0,4,4,22,,0,0.6480000000000001,0.648,0.05143558597025365
0.020833333333333332,1.9316294403531427,0.22180013599550905,3.5824674509833145,0.8125,17.333333333333332,3.7318001148483755,0.20096680266217568,8145.393339407495,12,12,geolife,geolife_dd_nominal_bsp,bsp,0.1,adaptive,8,0.015625,37,5,2,9,0.4,0.036065573770491806,1.3616071428571428,0.049107142857142856,2,0,1,0,2,2,0.05405405405405406,0.3333333333333333,2,1.0,32.2025,39.41265,0,9,9,40,,0,0.6480000000000001,0.648,0.05143558597025365
0.875,0.16666666666666666,0.24844454564011095,1.6612669839763932,1.0,20.020833333333332,3.8996080636900516,0.6265554543598889,703.4519939521824,14,14,geolife,geolife_dd_nominal_bsp,bsp,0.1,adaptive,8,0.015625,34,6,3,5,0.5,0.16362090947726304,0.35014880952380956,0.057291666666666664,1,0,0,0,5,3,0.08823529411764706,1.0,3,1.0,32.408,48.89884999999999,0,13,13,48,,0,0.6480000000000001,0.648,0.05143558597025365
0.0625,2.221563379121907,0.14875694313561685,3.6784455500395197,0.9166666666666666,24.6875,4.369869033923529,0.16536301302116274,9347.63464299301,17,17,geolife,geolife_dd_nominal_bsp,bsp,0.1,adaptive,8,0.015625,32,3,1,1,0.3333333333333333,0.1111111111111111,0.5625,0.0625,2,0,1,1,0,0,0.03125,0.3333333333333333,1,1.0,32.698,42.73909999999999,0,12,12,47,,0,0.6480000000000001,0.648,0.05143558597025365
0.0,3.427496032405213,0.24952162561065958,4.845112487942604,0.4166666666666667,19.791666666666668,3.8385370412748467,0.24952162561065952,14576.67028528641,18,18,geolife,geolife_dd_nominal_bsp,bsp,0.1,adaptive,8,0.015625,39,2,0,4,0.0,0.0,0.07291666666666666,0.0,0,0,1,0,1,0,0.0,0.0,0,1.0,32.192,40.120149999999995,0,11,11,48,,0,0.6480000000000001,0.648,0.05143558597025365
0.4583333333333333,0.8169417382415922,0.1810541402996413,2.3712971016957103,1.0,17.291666666666668,3.8973496620102406,0.29340233714674313,3440.4855751597934,19,19,geolife,geolife_dd_nominal_bsp,bsp,0.1,adaptive,8,0.015625,35,5,5,10,1.0,1.0,0.1376488095238095,0.1376488095238095,0,0,1,1,4,4,0.14285714285714285,1.0,5,1.0,32.1225,38.141,0,11,11,44,,0,0.6480000000000001,0.648,0.05143558597025365
0.4375,0.7985218379343625,0.25956045684951423,2.3957785128058866,0.9791666666666666,16.479166666666668,3.591862920774822,0.38527553418920163,3364.32853390321,22,22,geolife,geolife_dd_nominal_bsp,bsp,0.1,adaptive,8,0.015625,34,3,1,6,0.3333333333333333,0.03773584905660377,1.1041666666666667,0.041666666666666664,1,0,2,1,0,0,0.029411764705882353,0.5,1,1.0,32.663,38.339,0,13,13,48,,0,0.6480000000000001,0.648,0.05143558597025365
0.75,0.28451779686442463,0.2544357213252455,1.5502358756905974,1.0,19.479166666666668,3.815317818552494,0.49556427867475433,1193.195488725217,27,27,geolife,geolife_dd_nominal_bsp,bsp,0.1,adaptive,8,0.015625,35,2,1,4,0.5,0.5,0.041666666666666664,0.020833333333333332,0,0,0,0,2,1,0.02857142857142857,1.0,1,1.0,32.2025,39.01565,0,14,14,48,,0,0.6480000000000001,0.648,0.05143558597025365
0.375,0.8056707077366045,0.20208955544113938,2.2948612686253878,1.0,29.958333333333332,4.370168366178841,0.18569835688353697,3389.400965573322,28,28,geolife,geolife_dd_nominal_bsp,bsp,0.1,adaptive,8,0.015625,34,3,0,0,0.0,0.0,0.10535714285714284,0.0,0,0,1,0,2,0,0.0,0.0,0,nan,32.6385,47.465949999999985,0,16,16,48,,0,0.6480000000000001,0.648,0.05143558597025365
0.020833333333333332,1.4315224487516496,0.22117006567200637,2.832659147394509,0.8958333333333334,21.083333333333332,3.9532857582180316,0.2003367323386731,5992.391334444078,29,29,geolife,geolife_dd_nominal_bsp,bsp,0.1,adaptive,8,0.015625,38,5,3,5,0.6,0.3721973094170404,0.19910714285714284,0.07410714285714286,0,0,2,0,3,3,0.07894736842105263,1.0,3,1.0,31.631500000000003,39.38159999999999,0,12,12,48,,0,0.6480000000000001,0.648,0.05143558597025365
0.5,0.5776650429449555,0.2805304278713112,1.7041666227433032,1.0,17.125,3.5779440290342968,0.28150993826019227,2423.78359963174,34,34,geolife,geolife_dd_nominal_bsp,bsp,0.1,adaptive,8,0.015625,29,6,1,8,0.16666666666666666,0.03496503496503496,1.1916666666666667,0.041666666666666664,1,0,3,1,2,0,0.034482758620689655,0.3333333333333333,1,1.0,32.772999999999996,40.5875,0,14,14,48,,0,0.6480000000000001,0.648,0.05143558597025365
0.5416666666666666,0.6735218379343625,0.10546909087180258,2.5133487918213424,1.0,29.479166666666668,4.656564674809693,0.44530755812701955,2852.8489467387667,37,37,geolife,geolife_dd_nominal_bsp,bsp,0.1,adaptive,8,0.015625,40,5,2,4,0.4,0.09498680738786279,0.3759920634920635,0.03571428571428571,1,0,1,0,3,2,0.05,1.0,2,1.0,31.0855,48.455999999999996,0,5,5,22,,0,0.6480000000000001,0.648,0.05143558597025365
0.25,1.2570835319941696,0.22930960080241783,3.4561713661456466,0.875,20.0,3.9516054746250835,0.3348528840896113,5279.891534685855,38,38,geolife,geolife_dd_nominal_bsp,bsp,0.1,adaptive,8,0.015625,33,3,1,7,0.3333333333333333,0.2,0.15625,0.03125,0,0,2,0,1,1,0.030303030303030304,0.5,1,1.0,31.6465,40.2475,0,15,15,48,,0,0.6480000000000001,0.648,0.05143558597025365
0.375,1.255874642663173,0.136591415082406,2.6323492791095138,1.0,29.333333333333332,4.5746823262312555,0.27476184350303506,5326.111242008822,39,39,geolife,geolife_dd_nominal_bsp,bsp,0.1,adaptive,8,0.015625,41,2,1,2,0.5,0.06666666666666667,0.26785714285714285,0.017857142857142856,1,0,0,0,1,1,0.024390243902439025,1.0,1,1.0,31.647,42.62819999999999,0,7,7,38,,0,0.6480000000000001,0.648,0.05143558597025365
0.20833333333333334,0.9038495064760466,0.2669795774106166,2.237642845756286,1.0,18.229166666666668,3.6948656324749964,0.21636842796376995,3806.320576261322,43,43,geolife,geolife_dd_nominal_bsp,bsp,0.1,adaptive,8,0.015625,28,3,0,7,0.0,0.0,0.14583333333333334,0.0,0,0,2,0,1,0,0.0,0.0,0,1.0,33.414500000000004,46.3403,0,17,17,48,,0,0.6480000000000001,0.648,0.05143558597025365
0.75,0.25,0.20496151693564527,1.8437607256511066,1.0,25.208333333333332,4.150126597871802,0.5450384830643548,1059.0289879043644,52,52,geolife,geolife_dd_nominal_bsp,bsp,0.1,adaptive,8,0.015625,35,0,0,5,nan,nan,0.0,0.0,0,0,0,0,0,0,0.0,nan,0,1.0,32.6135,50.6513,0,10,10,48,,0,0.6480000000000001,0.648,0.05143558597025365
0.0,2.0110689737102043,0.15006971640329828,3.1886206407718736,0.9791666666666666,23.270833333333332,4.281189672280996,0.15006971640329828,8454.224960219533,54,54,geolife,geolife_dd_nominal_bsp,bsp,0.1,adaptive,8,0.015625,38,3,3,6,1.0,1.0,0.07083333333333333,0.07083333333333333,0,0,0,0,3,3,0.07894736842105263,1.0,3,1.0,32.092,45.04295,0,13,13,43,,0,0.6480000000000001,0.648,0.05143558597025365
0.0,1.5646654491295908,0.17890534150458595,3.4036059579918763,0.8333333333333334,16.875,3.8575714600561697,0.1789053415045859,6635.773212606663,58,58,geolife,geolife_dd_nominal_bsp,bsp,0.1,adaptive,8,0.015625,35,8,4,11,0.5,0.42553191489361697,0.3590277777777778,0.15277777777777776,1,0,2,2,5,2,0.11428571428571428,1.0,4,1.0,31.0105,37.455799999999996,0,11,11,48,,0,0.6480000000000001,0.648,0.05143558597025365
0.0,1.6792617219650732,0.21786195126872174,3.873333089605762,0.7708333333333334,22.666666666666668,4.110659875163452,0.21786195126872163,7106.437451269724,59,59,geolife,geolife_dd_nominal_bsp,bsp,0.1,adaptive,8,0.015625,36,1,1,4,1.0,1.0,0.015625,0.015625,0,0,0,0,1,1,0.027777777777777776,1.0,1,1.0,30.55,42.197149999999986,0,14,14,48,,0,0.6480000000000001,0.648,0.05143558597025365
0.020833333333333332,1.1081976105570404,0.17123858308651566,2.662957946216879,0.9791666666666666,19.145833333333332,4.078530712061149,0.15040524975318234,4710.15989046308,62,62,geolife,geolife_dd_nominal_bsp,bsp,0.1,adaptive,8,0.015625,35,4,2,9,0.5,0.1322314049586777,0.32410714285714287,0.04285714285714286,1,0,0,0,3,2,0.05714285714285714,1.0,2,1.0,32.023,38.63365,0,10,10,42,,0,0.6480000000000001,0.648,0.05143558597025365
0.7083333333333334,0.4375,0.1839885479609982,1.951064578924776,1.0,14.395833333333334,3.7021042952565435,0.5243447853723352,1837.8967409282734,64,64,geolife,geolife_dd_nominal_bsp,bsp,0.1,adaptive,8,0.015625,35,4,2,12,0.5,0.49218749999999994,0.17777777777777778,0.0875,0,0,2,1,2,1,0.05714285714285714,1.0,2,1.0,30.8955,39.1348,0,12,12,48,,0,0.6480000000000001,0.648,0.05143558597025365
0.9166666666666666,0.10416666666666667,0.29643299504134074,1.3522277519795691,1.0,14.75,3.3860874338210785,0.6202336716253259,444.47124244022797,68,68,geolife,geolife_dd_nominal_bsp,bsp,0.1,adaptive,8,0.015625,33,6,4,12,0.6666666666666666,0.5231143552311436,0.18348214285714284,0.09598214285714285,0,0,1,0,5,4,0.12121212121212122,1.0,4,1.0,30.661,39.289249999999996,0,15,15,48,,0,0.6480000000000001,0.648,0.05143558597025365
0.14583333333333334,0.8541666666666666,0.23350713036419404,2.3180178560291096,1.0,24.479166666666668,4.131428503080566,0.2295980219697422,3592.6757288326394,69,69,geolife,geolife_dd_nominal_bsp,bsp,0.1,adaptive,8,0.015625,37,2,0,0,0.0,0.0,0.08333333333333333,0.0,0,0,1,0,1,0,0.0,0.0,0,nan,30.439999999999998,42.3623,0,10,10,48,,0,0.6480000000000001,0.648,0.05143558597025365
0.0,1.8600891967858182,0.1453894049325848,3.310954041863782,0.8125,18.791666666666668,3.9870971418484467,0.14538940493258481,7892.055790497776,73,73,geolife,geolife_dd_nominal_bsp,bsp,0.1,adaptive,8,0.015625,31,3,1,12,0.3333333333333333,0.16,0.11160714285714285,0.017857142857142856,0,0,1,0,2,1,0.03225806451612903,0.5,1,1.0,33.129000000000005,38.469500000000004,0,12,12,47,,0,0.6480000000000001,0.648,0.05143558597025365
0.4791666666666667,0.8457655781770352,0.18261221181292311,2.35095485431803,1.0,24.625,4.233599201234424,0.29655445485374354,3549.8316134817996,74,74,geolife,geolife_dd_nominal_bsp,bsp,0.1,adaptive,8,0.015625,38,3,0,3,0.0,0.0,0.29910714285714285,0.0,1,0,0,0,2,0,0.0,0.0,0,1.0,32.8635,40.1365,0,9,9,48,,0,0.6480000000000001,0.648,0.05143558597025365
0.3541666666666667,1.327778553765762,0.2412480327782444,2.659653563595319,1.0,20.291666666666668,3.7890508316361764,0.22356665137517218,5656.082408558894,78,78,geolife,geolife_dd_nominal_bsp,bsp,0.1,adaptive,8,0.015625,30,4,1,5,0.25,0.019531250000000003,1.0666666666666664,0.020833333333333332,1,0,0,0,3,1,0.03333333333333333,0.25,1,1.0,30.705,35.09865,0,18,18,48,,0,0.6480000000000001,0.648,0.05143558597025365
0.6041666666666666,0.584996558835638,0.2423853426855583,1.8997211338098066,1.0,20.979166666666668,3.904776250763265,0.36178132398110824,2461.7710421158,79,79,geolife,geolife_dd_nominal_bsp,bsp,0.1,adaptive,8,0.015625,33,0,0,5,nan,nan,0.0,0.0,0,0,0,0,0,0,0.0,nan,0,1.0,30.8005,40.83514999999999,0,13,13,48,,0,0.6480000000000001,0.648,0.05143558597025365
0.0,1.1090847495312455,0.16859729845196134,2.0379838124073566,1.0,15.666666666666666,3.7367081533495115,0.16859729845196136,4728.943411166834,82,82,geolife,geolife_dd_nominal_bsp,bsp,0.1,adaptive,8,0.015625,37,4,4,12,1.0,1.0,0.09583333333333333,0.09583333333333333,0,0,0,0,4,4,0.10810810810810811,1.0,4,1.0,32.8535,43.65019999999999,0,13,13,48,,0,0.6480000000000001,0.648,0.05143558597025365
0.0,1.6875,0.2034793423053569,3.023410085391341,1.0,22.875,4.124436732236821,0.20347934230535691,7200.434127531687,83,83,geolife,geolife_dd_nominal_bsp,bsp,0.1,adaptive,8,0.015625,38,5,1,6,0.2,0.08379888268156424,0.18645833333333334,0.015625,0,0,2,0,3,1,0.02631578947368421,0.5,1,1.0,31.988,41.4153,0,10,10,48,,0,0.6480000000000001,0.648,0.05143558597025365
0.14583333333333334,1.50867516385414,0.2196316304361573,2.6040394632615222,1.0,26.4375,4.214772365450936,0.1029654467087241,6432.280459707062,84,84,geolife,geolife_dd_nominal_bsp,bsp,0.1,adaptive,8,0.015625,38,4,3,3,0.75,0.6557377049180327,0.09077380952380952,0.05952380952380952,0,0,0,0,4,3,0.07894736842105263,1.0,3,1.0,32.233000000000004,50.21824999999998,0,13,13,46,,0,0.6480000000000001,0.648,0.05143558597025365
0.0,1.9837455488223597,0.1986855573499909,3.4006016308081803,1.0,26.083333333333332,4.2826276469433475,0.19868555734999102,8432.877305458496,89,89,geolife,geolife_dd_nominal_bsp,bsp,0.1,adaptive,8,0.015625,33,3,0,3,0.0,0.0,0.3229166666666667,0.0,1,0,1,0,1,0,0.0,0.0,0,1.0,32.2375,39.07415,0,11,11,48,,0,0.6480000000000001,0.648,0.05143558597025365
0.9375,0.0625,0.24543272595382423,1.51503062643025,1.0,19.3125,3.836501558708287,0.6920672740461757,260.90625,102,102,geolife,geolife_dd_nominal_bsp,bsp,0.1,adaptive,8,0.015625,32,5,1,7,0.2,0.10494752623688154,0.39702380952380956,0.041666666666666664,1,0,2,1,2,0,0.03125,1.0,1,1.0,33.0585,40.380799999999994,0,14,14,48,,0,0.6480000000000001,0.648,0.05143558597025365
0.4583333333333333,0.5502961158827728,0.2157522916447802,1.9627444387806419,1.0,21.0,3.9905607297638976,0.28258130435269957,2327.4625995019887,103,103,geolife,geolife_dd_nominal_bsp,bsp,0.1,adaptive,8,0.015625,36,4,3,8,0.75,0.7407407407407408,0.08035714285714285,0.05952380952380952,0,0,0,0,4,3,0.08333333333333333,0.5,3,1.0,33.3895,43.45984999999999,0,12,12,48,,0,0.6480000000000001,0.648,0.05143558597025365
0.5208333333333334,0.4791666666666667,0.15806950479549028,2.139621851779277,1.0,24.625,4.3036873834492,0.3708404366725572,2044.567715225049,104,104,geolife,geolife_dd_nominal_bsp,bsp,0.1,adaptive,8,0.015625,41,3,1,5,0.3333333333333333,0.014778325123152709,1.0572916666666667,0.015625,1,0,1,0,1,1,0.024390243902439025,0.5,1,1.0,32.0675,43.015649999999994,0,9,9,46,,0,0.6480000000000001,0.648,0.05143558597025365
0.0,1.6347251132830516,0.23001191456234663,3.6796061507040427,0.7291666666666666,18.291666666666668,3.773115157970738,0.2300119145623466,6859.726442486352,113,113,geolife,geolife_dd_nominal_bsp,bsp,0.1,adaptive,8,0.015625,36,7,2,9,0.2857142857142857,0.02218636546994756,2.5822916666666664,0.057291666666666664,4,0,1,1,2,1,0.05555555555555555,1.0,2,1.0,33.109,41.76304999999999,0,11,11,48,,0,0.6480000000000001,0.648,0.05143558597025365
0.4166666666666667,1.393247570897664,0.21137443929186553,2.5834463990052976,1.0,22.083333333333332,4.033173465025723,0.23097881655892713,5938.304880836884,119,119,geolife,geolife_dd_nominal_bsp,bsp,0.1,adaptive,8,0.015625,35,1,1,6,1.0,1.0,0.017857142857142856,0.017857142857142856,0,0,0,0,1,1,0.02857142857142857,1.0,1,1.0,32.632999999999996,44.437599999999996,0,13,13,48,,0,0.6480000000000001,0.648,0.05143558597025365
0.875,0.14583333333333334,0.2009034682790963,1.6424660239829592,1.0,25.458333333333332,4.017628228362602,0.6740965317209037,618.408742440228,122,122,geolife,geolife_dd_nominal_bsp,bsp,0.1,adaptive,8,0.015625,34,5,1,6,0.2,0.05504587155963303,0.32440476190476186,0.017857142857142856,1,0,0,0,4,1,0.029411764705882353,1.0,1,1.0,32.382999999999996,38.5775,0,14,14,48,,0,0.6480000000000001,0.648,0.05143558597025365
0.6458333333333334,0.6234995849524021,0.1670877291766246,2.083696560907919,1.0,19.708333333333332,4.014656162993661,0.4787456041567088,2629.178175816492,128,128,geolife,geolife_dd_nominal_bsp,bsp,0.1,adaptive,8,0.015625,41,4,2,7,0.5,0.4067796610169492,0.08779761904761904,0.03571428571428571,0,0,0,0,4,2,0.04878048780487805,1.0,2,1.0,31.6665,38.35515,0,8,8,41,,0,0.6480000000000001,0.648,0.05143558597025365
0.4791666666666667,0.8388905712756053,0.18694533726242848,2.593107237401066,1.0,18.104166666666668,3.964620114012124,0.3295200305107127,3546.7059201816032,129,129,geolife,geolife_dd_nominal_bsp,bsp,0.1,adaptive,8,0.015625,29,3,0,8,0.0,0.0,2.020833333333333,0.0,2,0,0,0,1,0,0.0,0.0,0,1.0,34.376000000000005,43.45324999999999,0,16,16,38,,0,0.6480000000000001,0.648,0.05143558597025365
0.0,1.5211529108721795,0.17390517636245859,2.3982790656314994,1.0,18.625,3.934033263315685,0.17390517636245853,6440.023422417745,138,138,geolife,geolife_dd_nominal_bsp,bsp,0.1,adaptive,8,0.015625,37,3,1,9,0.3333333333333333,0.047619047619047616,1.3125,0.0625,2,0,1,1,0,0,0.02702702702702703,1.0,1,1.0,32.989000000000004,42.22389999999999,0,11,11,48,,0,0.6480000000000001,0.648,0.05143558597025365
0.0,1.6446067811865477,0.26486578307463354,2.7511391758329733,1.0,15.645833333333334,3.523394118371328,0.26486578307463354,6902.117679327395,142,142,geolife,geolife_dd_nominal_bsp,bsp,0.1,adaptive,8,0.015625,37,3,1,8,0.3333333333333333,0.03773584905660377,1.1041666666666667,0.041666666666666664,1,0,2,1,0,0,0.02702702702702703,0.5,1,1.0,32.6325,47.40979999999999,0,11,11,48,,0,0.6480000000000001,0.648,0.05143558597025365
0.2708333333333333,1.0440145494210016,0.21727373749060241,2.428341246054067,0.9791666666666666,18.604166666666668,3.8566254232417183,0.12061213803847341,4407.61142286915,144,144,geolife,geolife_dd_nominal_bsp,bsp,0.1,adaptive,8,0.015625,37,5,4,8,0.8,0.288135593220339,0.35119047619047616,0.10119047619047619,1,0,0,0,4,4,0.10810810810810811,1.0,4,1.0,32.838,43.26315,0,12,12,48,,0,0.6480000000000001,0.648,0.05143558597025365
0.25,0.8708122890254861,0.23520553817901338,2.6534835909742034,0.9791666666666666,19.833333333333332,3.8870295915002395,0.12787241833597354,3679.4031908828542,147,147,geolife,geolife_dd_nominal_bsp,bsp,0.1,adaptive,8,0.015625,35,0,0,4,nan,nan,0.0,0.0,0,0,0,0,0,0,0.0,nan,0,1.0,32.3025,39.397299999999994,0,11,11,48,,0,0.6480000000000001,0.648,0.05143558597025365
0.6666666666666666,0.40075141619791227,0.16575641369177863,1.9217292519420015,1.0,15.6875,3.7578915591022217,0.50919383894208,1698.836968621099,153,153,geolife,geolife_dd_nominal_bsp,bsp,0.1,adaptive,8,0.015625,37,10,4,13,0.4,0.22183344996501048,0.49618055555555557,0.11006944444444444,1,0,2,1,7,3,0.10810810810810811,1.0,4,1.0,31.4765,46.449449999999985,0,11,11,46,,0,0.6480000000000001,0.648,0.05143558597025365
0.0,1.4036213582132684,0.2293866507446002,2.511439447106014,1.0,19.416666666666668,3.836063896502567,0.22938665074460018,5874.580889299878,163,163,geolife,geolife_dd_nominal_bsp,bsp,0.1,adaptive,8,0.015625,38,6,3,8,0.5,0.41336353340883353,0.1313988095238095,0.054315476190476185,0,0,0,0,6,3,0.07894736842105263,1.0,3,1.0,31.326,47.87059999999999,0,12,12,48,,0,0.6480000000000001,0.648,0.05143558597025365
0.3541666666666667,0.680351130197758,0.20922750300549012,2.1682079100383973,1.0,22.125,4.032189371890853,0.3106223624347652,2857.1547296534904,167,167,geolife,geolife_dd_nominal_bsp,bsp,0.1,adaptive,8,0.015625,36,4,3,7,0.75,0.2727272727272727,0.34375,0.09375,1,0,1,1,2,2,0.08333333333333333,1.0,3,1.0,31.802,46.265049999999995,0,11,11,48,,0,0.6480000000000001,0.648,0.05143558597025365
0.0,3.194661003082082,0.15803374403450407,6.005257783915709,0.22916666666666666,19.604166666666668,4.028531743084836,0.15803374403450407,13495.526790739366,168,168,geolife,geolife_dd_nominal_bsp,bsp,0.1,adaptive,8,0.015625,42,4,0,3,0.0,0.0,0.5833333333333334,0.0,2,0,1,0,1,0,0.0,0.0,0,1.0,30.8955,38.20115,0,4,4,46,,0,0.6480000000000001,0.648,0.05143558597025365
0.5,0.8819921027181019,0.1588645463431427,2.997238749739953,0.8125,29.333333333333332,4.4889678833358255,0.37348001014055643,3719.254370100349,169,169,geolife,geolife_dd_nominal_bsp,bsp,0.1,adaptive,8,0.015625,34,2,1,2,0.5,0.3333333333333333,0.0625,0.020833333333333332,0,0,1,0,1,1,0.029411764705882353,0.5,1,1.0,31.897,39.357150000000004,0,19,19,48,,0,0.6480000000000001,0.648,0.05143558597025365
0.6875,0.6875,0.2031014973841543,2.0937650363551,1.0,20.083333333333332,3.936687624339464,0.4843985026158457,2869.96875,179,179,geolife,geolife_dd_nominal_bsp,bsp,0.1,adaptive,8,0.015625,36,2,2,4,1.0,1.0,0.033482142857142856,0.033482142857142856,0,0,0,0,2,2,0.05555555555555555,1.0,2,1.0,32.3125,40.06,0,12,12,48,,0,0.6480000000000001,0.648,0.05143558597025365
0.0,2.2224747307810686,0.10798704418569943,3.2598051738086244,1.0,32.875,4.864352189243868,0.10798704418569943,9313.337519336763,2,2,geolife,geolife_data_single_bsp,bsp,0.1,adaptive,8,0.0,35,6,1,3,0.16666666666666666,0.012917115177610333,1.3824404761904763,0.017857142857142856,2,0,1,0,3,1,0.02857142857142857,0.5,1,1.0,30.555500000000002,46.29074999999999,0,1,1,19,,0,0.6480000000000001,0.648,0.07542094609862206
0.0,1.5945234637048233,0.10321152847530136,2.9611590684313285,0.8958333333333334,34.229166666666664,4.8916136255611296,0.10321152847530134,6678.10750650506,3,3,geolife,geolife_data_single_bsp,bsp,0.1,adaptive,8,0.0,40,4,2,6,0.5,0.3243243243243244,0.15416666666666665,0.05,0,0,2,0,2,2,0.05,0.5,2,1.0,30.7705,38.0795,0,0,0,17,,0,0.6480000000000001,0.648,0.07542094609862206
0.125,0.875,0.10802293125920809,2.5744358120905813,1.0,28.25,4.691055429122778,0.12151350108258381,3693.1229682489593,4,4,geolife,geolife_data_single_bsp,bsp,0.1,adaptive,8,0.5625,31,3,1,11,0.3333333333333333,0.14285714285714285,0.14583333333333334,0.020833333333333332,0,0,2,0,1,1,0.03225806451612903,0.5,1,1.0,32.423,38.7345,0,0,0,17,,0,0.6480000000000001,0.648,0.07542094609862206
0.4791666666666667,0.6071278254943949,0.10880816585450463,2.6231824846052594,1.0,29.958333333333332,4.756495378899852,0.370358500812162,2577.0274491337277,7,7,geolife,geolife_data_single_bsp,bsp,0.1,adaptive,8,0.4791666666666667,40,5,1,5,0.2,0.07894736842105263,0.2261904761904762,0.017857142857142856,0,0,3,0,2,1,0.025,0.5,1,1.0,30.966,38.7941,0,0,0,17,,0,0.6480000000000001,0.648,0.07542094609862206
0.041666666666666664,1.65612622051544,0.10352738284589268,3.424351075118931,1.0,30.0625,4.769901309034005,0.06186071617922603,6946.713205438988,8,8,geolife,geolife_data_single_bsp,bsp,0.1,adaptive,8,0.10416666666666667,42,6,4,6,0.6666666666666666,0.23902439024390248,0.35590277777777773,0.08506944444444445,1,0,0,0,5,4,0.09523809523809523,1.0,4,1.0,30.595,38.20565,0,0,0,17,,0,0.6480000000000001,0.648,0.07542094609862206
0.14583333333333334,2.144892322374465,0.10828205319541141,4.222516230337402,0.6875,29.708333333333332,4.742242962909268,0.14208771247971388,9103.438939160053,12,12,geolife,geolife_data_single_bsp,bsp,0.1,adaptive,8,0.14583333333333334,37,5,0,6,0.0,0.0,1.3616071428571428,0.0,2,0,1,0,2,0,0.0,0.0,0,1.0,31.481499999999997,38.04815,0,0,0,17,,0,0.6480000000000001,0.648,0.07542094609862206
0.875,0.17650283239582457,0.10598864373401727,2.410297094496642,1.0,29.833333333333332,4.770654123770567,0.786619433015937,746.2504705051953,14,14,geolife,geolife_data_single_bsp,bsp,0.1,adaptive,8,0.9166666666666666,34,6,2,6,0.3333333333333333,0.09562260943476412,0.35014880952380956,0.033482142857142856,1,0,0,0,5,2,0.058823529411764705,1.0,2,1.0,31.586,38.48865,0,0,0,17,,0,0.6480000000000001,0.648,0.07542094609862206
0.0,2.470741985959395,0.10405611924267343,3.240932907689442,1.0,33.625,4.8882510765429625,0.10405611924267345,10384.123776301432,17,17,geolife,geolife_data_single_bsp,bsp,0.1,adaptive,8,0.0,32,3,0,3,0.0,0.0,0.5625,0.0,2,0,1,0,0,0,0.0,0.0,0,1.0,32.418,38.8963,0,0,0,17,,0,0.6480000000000001,0.648,0.07542094609862206
0.0,3.4409879509315098,0.09775447245401987,4.415787575390186,0.8125,35.145833333333336,4.93790761830702,0.09775447245401986,14506.526756013323,18,18,geolife,geolife_data_single_bsp,bsp,0.1,adaptive,8,0.0,39,2,1,2,0.5,0.5714285714285715,0.07291666666666666,0.041666666666666664,0,0,1,1,1,0,0.02564102564102564,0.5,1,1.0,30.905,39.067299999999996,0,0,0,17,,0,0.6480000000000001,0.648,0.07542094609862206
0.0625,2.0689959224613808,0.10525087729857208,3.359851635230818,1.0,31.375,4.828468104352089,0.06178555504321984,8724.756463732014,19,19,geolife,geolife_data_single_bsp,bsp,0.1,adaptive,8,0.0,35,5,1,6,0.2,0.11351351351351353,0.1376488095238095,0.015625,0,0,1,0,4,1,0.02857142857142857,0.5,1,1.0,32.0075,42.886649999999996,0,0,0,17,,0,0.6480000000000001,0.648,0.07542094609862206
0.4583333333333333,0.6458333333333334,0.10758963538986326,2.692516857404179,1.0,29.125,4.745053071948128,0.36835177469342434,2696.03125,22,22,geolife,geolife_data_single_bsp,bsp,0.1,adaptive,8,0.7291666666666666,34,3,0,6,0.0,0.0,1.1041666666666667,0.0,1,0,2,0,0,0,0.0,0.0,0,1.0,31.8465,41.366899999999994,0,0,0,17,,0,0.6480000000000001,0.648,0.07542094609862206
0.75,0.28451779686442463,0.1097560926870453,2.3453785257315793,1.0,29.333333333333332,4.720253648984393,0.6402439073129548,1193.195488725217,27,27,geolife,geolife_data_single_bsp,bsp,0.1,adaptive,8,0.75,35,2,1,7,0.5,0.5,0.041666666666666664,0.020833333333333332,0,0,0,0,2,1,0.02857142857142857,1.0,1,1.0,31.241,38.0985,0,0,0,17,,0,0.6480000000000001,0.648,0.07542094609862206
0.375,0.8490918167179474,0.10590571813667114,2.782020684014592,0.9791666666666666,30.395833333333332,4.73350390383293,0.33470261912821253,3578.8173765968772,28,28,geolife,geolife_data_single_bsp,bsp,0.1,adaptive,8,0.375,34,3,2,5,0.6666666666666666,0.7627118644067797,0.10535714285714284,0.08035714285714285,0,0,1,1,2,1,0.058823529411764705,1.0,2,1.0,31.216,43.27465,0,0,0,17,,0,0.6480000000000001,0.648,0.07542094609862206
0.0,2.1641723335070657,0.10863107409066673,3.5132582589706556,0.8958333333333334,30.9375,4.775793479840681,0.10863107409066676,9048.705269291799,29,29,geolife,geolife_data_single_bsp,bsp,0.1,adaptive,8,0.0,38,5,1,6,0.2,0.08968609865470852,0.19910714285714284,0.017857142857142856,0,0,2,0,3,1,0.02631578947368421,0.5,1,1.0,31.466,50.03565,0,0,0,17,,0,0.6480000000000001,0.648,0.07542094609862206
0.041666666666666664,1.4799427531947655,0.10603005579038959,2.84589974221618,0.9583333333333334,30.020833333333332,4.75697092335411,0.13008864570710196,6201.898756292502,34,34,geolife,geolife_data_single_bsp,bsp,0.1,adaptive,8,0.041666666666666664,29,6,1,7,0.16666666666666666,0.02097902097902098,1.1916666666666667,0.025,1,0,3,0,2,1,0.034482758620689655,0.3333333333333333,1,1.0,33.714,50.215,0,0,0,17,,0,0.6480000000000001,0.648,0.07542094609862206
0.0,2.2597121487029628,0.10323688095399682,3.248774460688285,1.0,35.229166666666664,4.926323384266028,0.1032368809539968,9547.435733119606,37,37,geolife,geolife_data_single_bsp,bsp,0.1,adaptive,8,0.0,40,5,0,1,0.0,0.0,0.3759920634920635,0.0,1,0,1,0,3,0,0.0,0.0,0,1.0,31.616500000000002,44.9426,0,0,0,17,,0,0.6480000000000001,0.648,0.07542094609862206
0.0,2.525226692030933,0.1096495547677715,3.6902712073989785,0.9791666666666666,28.291666666666668,4.657029559215727,0.10964955476777148,10584.286487077537,38,38,geolife,geolife_data_single_bsp,bsp,0.1,adaptive,8,0.25,33,3,1,9,0.3333333333333333,0.2,0.15625,0.03125,0,0,2,0,1,1,0.030303030303030304,0.5,1,1.0,32.047,42.75659999999999,0,1,1,18,,0,0.6480000000000001,0.648,0.07542094609862206
0.041666666666666664,1.0258883476483183,0.10228512607646295,3.137036949101438,1.0,39.3125,5.071165227090601,0.0606184594097963,4286.677866543912,39,39,geolife,geolife_data_single_bsp,bsp,0.1,adaptive,8,0.4791666666666667,41,2,0,1,0.0,0.0,0.26785714285714285,0.0,1,0,0,0,1,0,0.0,0.0,0,1.0,30.7805,42.655649999999994,0,0,0,17,,0,0.6480000000000001,0.648,0.07542094609862206
0.22916666666666666,0.8125,0.10772430862500244,2.6540692922801328,1.0,30.541666666666668,4.759329687733621,0.1843121237167895,3391.78125,43,43,geolife,geolife_data_single_bsp,bsp,0.1,adaptive,8,0.22916666666666666,28,3,1,9,0.3333333333333333,0.14285714285714285,0.14583333333333334,0.020833333333333332,0,0,2,0,1,1,0.03571428571428571,0.5,1,1.0,33.149,41.9156,0,0,0,17,,0,0.6480000000000001,0.648,0.07542094609862206
0.0,1.6186485376305708,0.10888267698916722,2.9126138788737705,1.0,30.791666666666668,4.796387366212442,0.10888267698916722,6873.683796472117,52,52,geolife,geolife_data_single_bsp,bsp,0.1,adaptive,8,0.0,35,0,0,6,nan,nan,0.0,0.0,0,0,0,0,0,0,0.0,nan,0,1.0,31.701999999999998,43.75704999999999,0,0,0,17,,0,0.6480000000000001,0.648,0.07542094609862206
0.0,2.234112787206683,0.10622200470209077,4.112192410444821,0.9791666666666666,31.6875,4.8407582834509135,0.10622200470209077,9365.484593178595,54,54,geolife,geolife_data_single_bsp,bsp,0.1,adaptive,8,0.0,38,3,3,7,1.0,1.0,0.07083333333333333,0.07083333333333333,0,0,0,0,3,3,0.07894736842105263,1.0,3,1.0,31.430999999999997,42.388949999999994,0,0,0,17,,0,0.6480000000000001,0.648,0.07542094609862206
0.0,1.7307645543608976,0.10800579048948701,4.155904002932869,0.7916666666666666,30.0,4.748278212389175,0.10800579048948701,7328.339884240514,58,58,geolife,geolife_data_single_bsp,bsp,0.1,adaptive,8,0.0,35,8,1,8,0.125,0.058027079303675046,0.3590277777777778,0.020833333333333332,1,0,2,0,5,1,0.02857142857142857,0.5,1,1.0,32.323,43.86665,0,0,0,17,,0,0.6480000000000001,0.648,0.07542094609862206
0.0,1.6792617219650732,0.10556328056973797,4.137062787141313,0.7916666666666666,31.104166666666668,4.8008345442714715,0.105563280569738,7106.437451269724,59,59,geolife,geolife_data_single_bsp,bsp,0.1,adaptive,8,0.0,36,1,1,5,1.0,1.0,0.015625,0.015625,0,0,0,0,1,1,0.027777777777777776,1.0,1,1.0,31.732,38.907799999999995,0,0,0,17,,0,0.6480000000000001,0.648,0.07542094609862206
0.020833333333333332,1.4529647848500666,0.10705711845833633,3.522746675615036,0.9791666666666666,31.395833333333332,4.813070110121723,0.11028237504171544,6128.968194319478,62,62,geolife,geolife_data_single_bsp,bsp,0.1,adaptive,8,0.020833333333333332,35,4,1,8,0.25,0.055096418732782364,0.32410714285714287,0.017857142857142856,1,0,0,0,3,1,0.02857142857142857,1.0,1,1.0,32.4735,44.978,0,0,0,17,,0,0.6480000000000001,0.648,0.07542094609862206
0.0,1.103553390593273,0.10893122951147517,2.702817042145682,1.0,32.583333333333336,4.84692240980787,0.10893122951147517,4630.913460127832,64,64,geolife,geolife_data_single_bsp,bsp,0.1,adaptive,8,0.08333333333333333,35,4,2,6,0.5,0.296875,0.17777777777777778,0.05277777777777778,0,0,2,0,2,2,0.05714285714285714,1.0,2,1.0,31.881999999999998,40.193949999999994,0,0,0,17,,0,0.6480000000000001,0.648,0.07542094609862206
0.0,1.8726779962499644,0.10823134695164945,3.140119182091585,1.0,31.395833333333332,4.774018456573615,0.10823134695164947,7983.745623022444,68,68,geolife,geolife_data_single_bsp,bsp,0.1,adaptive,8,0.0,33,6,2,7,0.3333333333333333,0.18248175182481752,0.18348214285714284,0.033482142857142856,0,0,1,0,5,2,0.06060606060606061,1.0,2,1.0,33.289,41.9463,0,0,0,17,,0,0.6480000000000001,0.648,0.07542094609862206
0.041666666666666664,1.1458333333333333,0.10340554337901166,2.9337436034830637,1.0,35.75,4.949164778495071,0.061738876712345035,4837.195207665279,69,69,geolife,geolife_data_single_bsp,bsp,0.1,adaptive,8,0.041666666666666664,37,2,1,3,0.5,0.25,0.08333333333333333,0.020833333333333332,0,0,1,0,1,1,0.02702702702702703,0.5,1,1.0,31.161,38.733999999999995,0,0,0,17,,0,0.6480000000000001,0.648,0.07542094609862206
0.125,2.6517774247331625,0.10721329702827069,4.007180298142752,0.7916666666666666,30.125,4.730237958875934,0.12232313531352125,11257.221182941457,73,73,geolife,geolife_data_single_bsp,bsp,0.1,adaptive,8,0.0,31,3,1,6,0.3333333333333333,0.16,0.11160714285714285,0.017857142857142856,0,0,1,0,2,1,0.03225806451612903,0.5,1,1.0,32.3675,46.10514999999999,0,0,0,17,,0,0.6480000000000001,0.648,0.07542094609862206
0.0,2.146380584051688,0.09749382167309967,3.0381320623475934,1.0,38.6875,5.050893726056439,0.09749382167309971,9006.2443205075,74,74,geolife,geolife_data_single_bsp,bsp,0.1,adaptive,8,0.0,38,3,1,3,0.3333333333333333,0.1044776119402985,0.29910714285714285,0.03125,1,0,0,0,2,1,0.02631578947368421,0.3333333333333333,1,1.0,31.737000000000002,41.634249999999994,0,0,0,17,,0,0.6480000000000001,0.648,0.07542094609862206
0.2708333333333333,1.950883540815176,0.10538002523671834,3.4304628181017502,0.8333333333333334,30.375,4.758103812554851,0.27167692622825973,8307.654757390947,78,78,geolife,geolife_data_single_bsp,bsp,0.1,adaptive,8,0.2708333333333333,30,4,1,6,0.25,0.019531250000000003,1.0666666666666664,0.020833333333333332,1,0,0,0,3,1,0.03333333333333333,0.25,1,1.0,33.6745,41.793749999999996,0,0,0,17,,0,0.6480000000000001,0.648,0.07542094609862206
0.0,2.6294487277805225,0.10683230919506971,3.2261767586430543,1.0,30.020833333333332,4.747333204366693,0.10683230919506968,11031.243020687718,79,79,geolife,geolife_data_single_bsp,bsp,0.1,adaptive,8,0.0,33,0,0,5,nan,nan,0.0,0.0,0,0,0,0,0,0,0.0,nan,0,1.0,32.2775,43.49594999999999,0,0,0,17,,0,0.6480000000000001,0.648,0.07542094609862206
0.0,2.189847882754334,0.1074244750399428,3.0460464759335166,1.0,29.6875,4.7378381497019975,0.10742447503994278,9314.124576104068,82,82,geolife,geolife_data_single_bsp,bsp,0.1,adaptive,8,0.0,37,4,1,7,0.25,0.26086956521739135,0.09583333333333333,0.025,0,0,0,0,4,1,0.02702702702702703,1.0,1,1.0,31.662,48.67634999999999,0,0,0,17,,0,0.6480000000000001,0.648,0.07542094609862206
0.0,2.1600657351297445,0.10720152950117018,3.104077175883831,1.0,32.145833333333336,4.790240478768161,0.10720152950117018,9151.742711291192,83,83,geolife,geolife_data_single_bsp,bsp,0.1,adaptive,8,0.0,38,5,2,6,0.4,0.1955307262569832,0.18645833333333334,0.03645833333333333,0,0,2,0,3,2,0.05263157894736842,1.0,2,1.0,31.612000000000002,38.4075,0,0,0,17,,0,0.6480000000000001,0.648,0.07542094609862206
0.14583333333333334,1.50867516385414,0.102052206690936,2.8963238294695715,1.0,31.666666666666668,4.854824142555834,0.14334910768247738,6432.280459707062,84,84,geolife,geolife_data_single_bsp,bsp,0.1,adaptive,8,0.14583333333333334,38,4,3,7,0.75,0.6557377049180327,0.09077380952380952,0.05952380952380952,0,0,0,0,4,3,0.07894736842105263,1.0,3,1.0,31.4865,43.13699999999999,0,0,0,17,,0,0.6480000000000001,0.648,0.07542094609862206
0.0,2.4764842281615516,0.10430031938701993,3.7598854658342393,0.9583333333333334,34.708333333333336,4.905568783285562,0.1043003193870199,10489.846159631425,89,89,geolife,geolife_data_single_bsp,bsp,0.1,adaptive,8,0.0,33,3,1,2,0.3333333333333333,0.0967741935483871,0.3229166666666667,0.03125,1,0,1,0,1,1,0.030303030303030304,0.3333333333333333,1,1.0,31.186,38.711149999999996,0,0,0,17,,0,0.6480000000000001,0.648,0.07542094609862206
0.8333333333333334,0.2954237476562281,0.10833456265620699,2.3579532201649065,1.0,29.1875,4.7163364234310405,0.7426068474270807,1237.5899413825325,102,102,geolife,geolife_data_single_bsp,bsp,0.1,adaptive,8,0.9375,32,5,1,7,0.2,0.04497751124437781,0.39702380952380956,0.017857142857142856,1,0,2,0,2,1,0.03125,1.0,1,1.0,32.522999999999996,42.79784999999999,0,0,0,17,,0,0.6480000000000001,0.648,0.07542094609862206
0.4583333333333333,1.2916666666666667,0.10928051870819348,2.423521246612734,1.0,32.604166666666664,4.819764602533575,0.3490528146251399,5392.0625,103,103,geolife,geolife_data_single_bsp,bsp,0.1,adaptive,8,0.7708333333333334,36,4,1,5,0.25,0.25925925925925924,0.08035714285714285,0.020833333333333332,0,0,0,0,4,1,0.027777777777777776,0.5,1,1.0,31.807000000000002,38.443,0,0,0,17,,0,0.6480000000000001,0.648,0.07542094609862206
0.125,1.0734773319704407,0.1084207286122426,2.8987949181282655,1.0,30.104166666666668,4.758193760574308,0.12888429627045075,4512.717810169998,104,104,geolife,geolife_data_single_bsp,bsp,0.1,adaptive,8,0.125,41,3,1,5,0.3333333333333333,0.014778325123152709,1.0572916666666667,0.015625,1,0,1,0,1,1,0.024390243902439025,0.5,1,1.0,30.941000000000003,41.50525,0,0,0,17,,0,0.6480000000000001,0.648,0.07542094609862206
0.0,2.7665404008195815,0.10854051695693327,4.88279552012431,0.6875,29.520833333333332,4.743139564045414,0.10854051695693329,11663.917763229556,113,113,geolife,geolife_data_single_bsp,bsp,0.1,adaptive,8,0.0,36,7,2,7,0.2857142857142857,0.015732150060508272,2.5822916666666664,0.040625,4,0,1,0,2,2,0.05555555555555555,1.0,2,1.0,31.951999999999998,38.98565,0,0,0,17,,0,0.6480000000000001,0.648,0.07542094609862206
0.0,2.6434161399316585,0.1089393310777191,3.5139303765680325,1.0,29.083333333333332,4.716392236452875,0.10893933107771914,11251.239665393965,119,119,geolife,geolife_data_single_bsp,bsp,0.1,adaptive,8,0.0,35,1,1,8,1.0,1.0,0.017857142857142856,0.017857142857142856,0,0,0,0,1,1,0.02857142857142857,1.0,1,1.0,31.637,41.14204999999999,0,0,0,17,,0,0.6480000000000001,0.648,0.07542094609862206
0.0,1.0,0.1078216040710413,2.6536487570660188,1.0,28.3125,4.690084896769302,0.1078216040710413,4266.923927426191,122,122,geolife,geolife_data_single_bsp,bsp,0.1,adaptive,8,0.0,34,5,2,9,0.4,0.11926605504587158,0.32440476190476186,0.03869047619047619,1,0,0,0,4,2,0.058823529411764705,1.0,2,1.0,31.887,38.7178,0,0,0,17,,0,0.6480000000000001,0.648,0.07542094609862206
0.0,2.3718169487437537,0.10850644012500393,3.3986044422824855,1.0,32.625,4.861823619981279,0.10850644012500389,9963.40950421943,128,128,geolife,geolife_data_single_bsp,bsp,0.1,adaptive,8,0.0,41,4,0,3,0.0,0.0,0.08779761904761904,0.0,0,0,0,0,4,0,0.0,0.0,0,1.0,31.0405,43.00234999999999,0,0,0,17,,0,0.6480000000000001,0.648,0.07542094609862206
0.041666666666666664,1.371425565098879,0.10820534212664568,2.7205200882148506,1.0,29.8125,4.7567623422657945,0.06653867545997895,5797.071939932249,129,129,geolife,geolife_data_single_bsp,bsp,0.1,adaptive,8,0.041666666666666664,29,3,0,8,0.0,0.0,2.020833333333333,0.0,2,0,0,0,1,0,0.0,0.0,0,1.0,33.545,47.898099999999985,0,0,0,17,,0,0.6480000000000001,0.648,0.07542094609862206
0.0,2.556929182258254,0.11066486715471306,3.4691420217084095,1.0,29.270833333333332,4.701173134923715,0.11066486715471303,10821.03061610652,138,138,geolife,geolife_data_single_bsp,bsp,0.1,adaptive,8,0.0,37,3,0,8,0.0,0.0,1.3125,0.0,2,0,1,0,0,0,0.0,0.0,0,1.0,32.393,49.020399999999995,0,0,0,17,,0,0.6480000000000001,0.648,0.07542094609862206
0.0,2.3718822865518274,0.10577850844640387,3.9423651743640065,1.0,33.895833333333336,4.91136760510617,0.1057785084464039,9926.00998080836,142,142,geolife,geolife_data_single_bsp,bsp,0.1,adaptive,8,0.0,37,3,0,2,0.0,0.0,1.1041666666666667,0.0,1,0,2,0,0,0,0.0,0.0,0,1.0,31.256,38.23765,0,0,0,17,,0,0.6480000000000001,0.648,0.07542094609862206
0.0,2.6952333493971072,0.1096929435599376,3.6708845320138983,1.0,32.083333333333336,4.808985813317782,0.10969294355993764,11480.604820111033,144,144,geolife,geolife_data_single_bsp,bsp,0.1,adaptive,8,0.0,37,5,1,8,0.2,0.05084745762711865,0.35119047619047616,0.017857142857142856,1,0,0,0,4,1,0.02702702702702703,0.3333333333333333,1,1.0,32.1425,46.70269999999999,0,0,0,17,,0,0.6480000000000001,0.648,0.07542094609862206
0.0,1.3020307225637144,0.10837881418537877,2.8679127639588367,1.0,29.791666666666668,4.7461007221298726,0.10837881418537877,5508.273256690242,147,147,geolife,geolife_data_single_bsp,bsp,0.1,adaptive,8,0.0,35,0,0,6,nan,nan,0.0,0.0,0,0,0,0,0,0,0.0,nan,0,1.0,32.583,49.16195,0,0,0,17,,0,0.6480000000000001,0.648,0.07542094609862206
0.3958333333333333,1.3622287669111097,0.10783454412865852,2.937361629276404,1.0,29.291666666666668,4.705779885963573,0.39253522154646664,5716.555440000487,153,153,geolife,geolife_data_single_bsp,bsp,0.1,adaptive,8,0.0,37,10,4,9,0.4,0.17144856543037088,0.49618055555555557,0.08506944444444443,1,0,2,0,7,4,0.10810810810810811,0.5,4,1.0,31.216,43.810249999999996,0,0,0,17,,0,0.6480000000000001,0.648,0.07542094609862206
0.0,2.248500009879793,0.1065725517859085,3.230649255588753,1.0,29.9375,4.717117223922936,0.10657255178590848,9429.325264148081,163,163,geolife,geolife_data_single_bsp,bsp,0.1,adaptive,8,0.0,38,6,3,8,0.5,0.41336353340883353,0.1313988095238095,0.054315476190476185,0,0,0,0,6,3,0.07894736842105263,1.0,3,1.0,31.6965,42.61515,0,0,0,17,,0,0.6480000000000001,0.648,0.07542094609862206
0.3333333333333333,2.187824742761013,0.10859348379596147,3.2033729319160007,0.875,33.145833333333336,4.854934337276934,0.3373903847875029,9235.326795863026,167,167,geolife,geolife_data_single_bsp,bsp,0.1,adaptive,8,0.3333333333333333,36,4,2,3,0.5,0.09090909090909091,0.34375,0.03125,1,0,1,0,2,2,0.05555555555555555,1.0,2,1.0,31.591,43.520299999999985,0,0,0,17,,0,0.6480000000000001,0.648,0.07542094609862206
0.0,2.1221818159932435,0.10435209161003083,4.17711154349736,0.7083333333333334,33.4375,4.891740199560167,0.10435209161003088,8996.0507989234,168,168,geolife,geolife_data_single_bsp,bsp,0.1,adaptive,8,0.0,42,4,1,3,0.25,0.03571428571428571,0.5833333333333334,0.020833333333333332,2,0,1,0,1,1,0.023809523809523808,0.3333333333333333,1,1.0,31.320999999999998,42.53965,0,0,0,17,,0,0.6480000000000001,0.648,0.07542094609862206
0.0,1.673045493311375,0.10880692687595893,3.6950457059660113,0.8125,30.3125,4.711242333017968,0.10880692687595893,7041.785583252091,169,169,geolife,geolife_data_single_bsp,bsp,0.1,adaptive,8,0.08333333333333333,34,2,0,7,0.0,0.0,0.0625,0.0,0,0,1,0,1,0,0.0,0.0,0,1.0,31.902,39.0423,0,0,0,17,,0,0.6480000000000001,0.648,0.07542094609862206
0.0,1.9139595351060157,0.10717046909117099,3.275375875498239,1.0,30.770833333333332,4.788689374224931,0.107170469091171,8015.834821444779,179,179,geolife,geolife_data_single_bsp,bsp,0.1,adaptive,8,0.0,36,2,2,9,1.0,1.0,0.033482142857142856,0.033482142857142856,0,0,0,0,2,2,0.05555555555555555,1.0,2,1.0,31.0005,42.51849999999999,0,0,0,17,,0,0.6480000000000001,0.648,0.07542094609862206
0.08333333333333333,1.7756405762155012,0.16317688009396702,3.4260457890739047,1.0,26.291666666666668,4.367086765917101,0.21541383619097557,7459.251745351729,2,2,geolife,geolife_hand_rbsp,rbsp,0.1,adaptive,8,0.015625,35,6,3,4,0.5,0.05059203444564047,1.3824404761904763,0.06994047619047619,2,0,1,0,3,3,0.08571428571428572,0.5,3,1.0,267.429,306.9615,0,12,12,39,,9,0.6480000000000001,0.648,0.05143558597025365
0.2708333333333333,1.0128430391949201,0.12878547547715666,2.547118497432861,1.0,21.125,4.244788337198204,0.207551943503983,4258.936746772063,3,3,geolife,geolife_hand_rbsp,rbsp,0.1,adaptive,8,0.015625,40,4,1,6,0.25,0.1621621621621622,0.15416666666666665,0.025,0,0,2,0,2,1,0.025,0.5,1,1.0,264.024,281.92595,0,5,5,30,,9,0.6480000000000001,0.648,0.05143558597025365
0.4166666666666667,0.5833333333333334,0.17500240339842546,2.3120057928822555,0.9791666666666666,15.3125,3.8094181728344556,0.2897996123974456,2435.125,4,4,geolife,geolife_hand_rbsp,rbsp,0.1,adaptive,8,0.015625,31,3,2,14,0.6666666666666666,0.5714285714285714,0.14583333333333334,0.08333333333333333,0,0,2,1,1,1,0.06451612903225806,1.0,2,1.0,262.8375,282.45279999999997,0,12,12,40,,9,0.6480000000000001,0.648,0.05143558597025365
0.4791666666666667,0.6071278254943949,0.1740304266644613,2.4906812210686042,1.0,22.8125,4.174171631292345,0.3472991379252859,2577.0274491337277,7,7,geolife,geolife_hand_rbsp,rbsp,0.1,adaptive,8,0.015625,40,5,2,5,0.4,0.3684210526315789,0.2261904761904762,0.08333333333333333,0,0,3,1,2,1,0.05,0.5,2,1.0,264.685,286.59765,0,7,7,35,,9,0.6480000000000001,0.648,0.05143558597025365
0.0,1.3180572379422715,0.1492214758196205,3.004648020206627,1.0,19.875,4.133062955366449,0.14922147581962056,5550.69509513424,8,8,geolife,geolife_hand_rbsp,rbsp,0.1,adaptive,8,0.015625,42,6,3,6,0.5,0.16097560975609757,0.35590277777777773,0.057291666666666664,1,0,0,0,5,3,0.07142857142857142,1.0,3,1.0,263.26800000000003,285.24805,0,6,6,32,,9,0.6480000000000001,0.648,0.05143558597025365
0.020833333333333332,1.835498782462924,0.19464842354698728,3.300924482941873,0.8333333333333334,19.791666666666668,3.946283859925541,0.17381509021365385,7752.3846619443475,12,12,geolife,geolife_hand_rbsp,rbsp,0.1,adaptive,8,0.015625,37,5,2,9,0.4,0.036065573770491806,1.3616071428571428,0.049107142857142856,2,0,1,0,2,2,0.05405405405405406,0.3333333333333333,2,1.0,265.64099999999996,282.45145,0,8,8,40,,9,0.6480000000000001,0.648,0.05143558597025365
0.020833333333333332,1.1172378541243642,0.11678227100669897,2.9424393439820338,0.9791666666666666,29.541666666666668,4.621936137520822,0.09594893767336567,4745.50365803028,14,14,geolife,geolife_hand_rbsp,rbsp,0.1,adaptive,8,0.015625,34,6,4,7,0.6666666666666666,0.21461963450913724,0.35014880952380956,0.07514880952380952,1,0,0,0,5,4,0.11764705882352941,1.0,4,1.0,263.954,281.16615,0,6,6,20,,9,0.6480000000000001,0.648,0.05143558597025365
0.0625,2.057559908683742,0.10809933633370077,3.501975318734082,0.9791666666666666,31.166666666666668,4.7972149255100645,0.12442617576629993,8635.0208413578,17,17,geolife,geolife_hand_rbsp,rbsp,0.1,adaptive,8,0.015625,32,3,1,3,0.3333333333333333,0.1111111111111111,0.5625,0.0625,2,0,1,1,0,0,0.03125,0.3333333333333333,1,1.0,263.50350000000003,284.2208,0,4,4,23,,9,0.6480000000000001,0.648,0.05143558597025365
0.0,3.3640606349214757,0.21842166828747114,4.208399132467183,0.75,19.729166666666668,3.897724860874661,0.21842166828747112,14319.914698847744,18,18,geolife,geolife_hand_rbsp,rbsp,0.1,adaptive,8,0.015625,39,2,0,5,0.0,0.0,0.07291666666666666,0.0,0,0,1,0,1,0,0.0,0.0,0,1.0,266.2025,303.91965000000005,0,8,8,48,,9,0.6480000000000001,0.648,0.05143558597025365
0.22916666666666666,1.0202200572599402,0.1601675530631649,2.5252213250682987,1.0,19.520833333333332,4.07877965165581,0.18936742525763992,4294.591451056108,19,19,geolife,geolife_hand_rbsp,rbsp,0.1,adaptive,8,0.015625,35,5,3,10,0.6,0.4702702702702703,0.1376488095238095,0.06473214285714285,0,0,1,0,4,3,0.08571428571428572,1.0,3,1.0,265.7065,284.62765,0,13,13,48,,9,0.6480000000000001,0.648,0.05143558597025365
0.0,1.4681953780667907,0.16707959085598437,3.0957500726712546,0.9791666666666666,28.3125,4.429337668162309,0.16707959085598442,6196.668798074436,22,22,geolife,geolife_hand_rbsp,rbsp,0.1,adaptive,8,0.015625,34,3,1,4,0.3333333333333333,0.03773584905660377,1.1041666666666667,0.041666666666666664,1,0,2,1,0,0,0.029411764705882353,0.5,1,1.0,268.4305,305.91305,0,5,5,30,,9,0.6480000000000001,0.648,0.05143558597025365
0.8125,0.1875,0.19344815987224218,1.6986298620612288,1.0,18.5,3.857617826576129,0.6190518401277578,790.4207439521823,27,27,geolife,geolife_hand_rbsp,rbsp,0.1,adaptive,8,0.015625,35,2,1,8,0.5,0.5,0.041666666666666664,0.020833333333333332,0,0,0,0,2,1,0.02857142857142857,1.0,1,1.0,263.488,294.2658,0,12,12,48,,9,0.6480000000000001,0.648,0.05143558597025365
0.375,0.8056707077366045,0.15339073955198926,2.352790745152898,1.0,34.395833333333336,4.717128394469753,0.23384348093877338,3389.400965573322,28,28,geolife,geolife_hand_rbsp,rbsp,0.1,adaptive,8,0.015625,34,3,0,0,0.0,0.0,0.10535714285714284,0.0,0,0,1,0,2,0,0.0,0.0,0,nan,265.366,303.75714999999997,0,13,13,45,,9,0.6480000000000001,0.648,0.05143558597025365
0.020833333333333332,1.5403333353820834,0.2208715676317722,2.914643402823511,0.8958333333333334,19.5625,3.854966877234883,0.2000382342984389,6441.014566185772,29,29,geolife,geolife_hand_rbsp,rbsp,0.1,adaptive,8,0.015625,38,5,0,4,0.0,0.0,0.19910714285714284,0.0,0,0,2,0,3,0,0.0,0.0,0,1.0,265.722,296.76644999999996,0,8,8,48,,9,0.6480000000000001,0.648,0.05143558597025365
0.16666666666666666,1.1746828398093796,0.1762361508265842,2.55238348054201,1.0,21.875,4.154158382714359,0.07801183757173102,4934.988827773274,34,34,geolife,geolife_hand_rbsp,rbsp,0.1,adaptive,8,0.015625,29,6,1,7,0.16666666666666666,0.02097902097902098,1.1916666666666667,0.025,1,0,3,0,2,1,0.034482758620689655,0.3333333333333333,1,1.0,265.02049999999997,302.02175,0,10,10,37,,9,0.6480000000000001,0.648,0.05143558597025365
0.5833333333333334,0.5147542485937369,0.1132308991006802,2.5188937233017916,1.0,24.875,4.464935835049808,0.470102434232653,2164.9738949203233,37,37,geolife,geolife_hand_rbsp,rbsp,0.1,adaptive,8,0.015625,40,5,2,5,0.4,0.09498680738786279,0.3759920634920635,0.03571428571428571,1,0,1,0,3,2,0.05,1.0,2,1.0,265.4365,294.05359999999996,0,4,4,26,,9,0.6480000000000001,0.648,0.05143558597025365
0.16666666666666666,1.2713812715986543,0.22920267267766226,2.8735717346454392,1.0,19.645833333333332,3.892258965915429,0.23736930429080358,5342.104046651742,38,38,geolife,geolife_hand_rbsp,rbsp,0.1,adaptive,8,0.015625,33,3,2,8,0.6666666666666666,0.6,0.15625,0.09375,0,0,2,1,1,1,0.06060606060606061,1.0,2,1.0,264.881,292.58495,0,14,14,48,,9,0.6480000000000001,0.648,0.05143558597025365
0.4375,0.6830384261246739,0.16502943725046898,2.169205991980025,1.0,23.604166666666668,4.242569714301733,0.3102887231394644,2869.199660421227,39,39,geolife,geolife_hand_rbsp,rbsp,0.1,adaptive,8,0.015625,41,2,1,3,0.5,0.06666666666666667,0.26785714285714285,0.017857142857142856,1,0,0,0,1,1,0.024390243902439025,1.0,1,1.0,264.83500000000004,302.20605,0,3,3,36,,9,0.6480000000000001,0.648,0.05143558597025365
0.020833333333333332,1.2514805794138641,0.1782849962604053,2.4604025431943826,1.0,25.208333333333332,4.312770505725437,0.1574516629270719,5233.076109394568,43,43,geolife,geolife_hand_rbsp,rbsp,0.1,adaptive,8,0.015625,28,3,0,5,0.0,0.0,0.14583333333333334,0.0,0,0,2,0,1,0,0.0,0.0,0,1.0,260.9545,277.88135,0,15,15,44,,9,0.6480000000000001,0.648,0.05143558597025365
0.25,0.7931472460805308,0.15612371537256522,2.35821100462952,1.0,27.375,4.4727120961858455,0.13576613735515022,3340.94409276307,52,52,geolife,geolife_hand_rbsp,rbsp,0.1,adaptive,8,0.015625,35,0,0,4,nan,nan,0.0,0.0,0,0,0,0,0,0,0.0,nan,0,1.0,260.9995,281.6868,0,13,13,37,,9,0.6480000000000001,0.648,0.05143558597025365
0.0,2.2360679774997876,0.14243316799466427,3.5556126614360095,0.9791666666666666,22.791666666666668,4.331074754283493,0.1424331679946643,9376.163437272307,54,54,geolife,geolife_hand_rbsp,rbsp,0.1,adaptive,8,0.015625,38,3,2,7,0.6666666666666666,0.7058823529411765,0.07083333333333333,0.05,0,0,0,0,3,2,0.05263157894736842,1.0,2,1.0,260.244,278.27115,0,9,9,37,,9,0.6480000000000001,0.648,0.05143558597025365
0.0,1.8162374578195222,0.14784807239772735,3.875297267329463,0.6875,18.979166666666668,4.0790427322062355,0.14784807239772732,7694.906205702456,58,58,geolife,geolife_hand_rbsp,rbsp,0.1,adaptive,8,0.015625,35,8,1,8,0.125,0.17408123791102514,0.3590277777777778,0.0625,1,0,2,1,5,0,0.02857142857142857,0.5,1,1.0,262.02599999999995,278.634,0,9,9,48,,9,0.6480000000000001,0.648,0.05143558597025365
0.0,1.6792617219650732,0.19298028368892725,3.3443428211105672,0.875,17.25,3.8787536960673865,0.1929802836889273,7106.437451269724,59,59,geolife,geolife_hand_rbsp,rbsp,0.1,adaptive,8,0.015625,36,1,1,6,1.0,1.0,0.015625,0.015625,0,0,0,0,1,1,0.027777777777777776,1.0,1,1.0,260.654,275.91865,0,8,8,42,,9,0.6480000000000001,0.648,0.05143558597025365
0.020833333333333332,1.0827200572599407,0.15861898312986802,2.5380203547188436,0.9791666666666666,18.395833333333332,4.016866503901277,0.1377856497965347,4543.944710127835,62,62,geolife,geolife_hand_rbsp,rbsp,0.1,adaptive,8,0.015625,35,4,3,9,0.75,0.2286501377410468,0.32410714285714287,0.07410714285714286,1,0,0,0,3,3,0.08571428571428572,1.0,3,1.0,264.1295,283.9158,0,11,11,41,,9,0.6480000000000001,0.648,0.05143558597025365
0.08333333333333333,0.9166666666666666,0.1768053404789914,2.2799960655120266,1.0,19.479166666666668,4.065403965124699,0.20674033360424157,3826.625,64,64,geolife,geolife_hand_rbsp,rbsp,0.1,adaptive,8,0.015625,35,4,2,9,0.5,0.49218749999999994,0.17777777777777778,0.0875,0,0,2,1,2,1,0.05714285714285714,1.0,2,1.0,262.332,279.06165,0,6,6,32,,9,0.6480000000000001,0.648,0.05143558597025365
0.9791666666666666,0.041666666666666664,0.22870319469600084,1.6958206860832854,1.0,20.208333333333332,3.9123841199709464,0.7504634719706657,177.78849697609118,68,68,geolife,geolife_hand_rbsp,rbsp,0.1,adaptive,8,0.015625,33,6,3,10,0.5,0.3527980535279805,0.18348214285714284,0.06473214285714285,0,0,1,0,5,3,0.09090909090909091,1.0,3,1.0,262.3415,285.31309999999996,0,9,9,40,,9,0.6480000000000001,0.648,0.05143558597025365
0.10416666666666667,1.2138905712756047,0.17137932659320695,2.5591492120199253,1.0,27.791666666666668,4.427167951087397,0.1804277835836965,5112.143420181604,69,69,geolife,geolife_hand_rbsp,rbsp,0.1,adaptive,8,0.015625,37,2,0,2,0.0,0.0,0.08333333333333333,0.0,0,0,1,0,1,0,0.0,0.0,0,1.0,262.632,274.98115,0,6,6,33,,9,0.6480000000000001,0.648,0.05143558597025365
0.0,2.049617502001307,0.1391065175944804,3.638959747331585,0.75,21.041666666666668,4.106983043496909,0.1391065175944804,8681.153760710093,73,73,geolife,geolife_hand_rbsp,rbsp,0.1,adaptive,8,0.015625,31,3,1,9,0.3333333333333333,0.16,0.11160714285714285,0.017857142857142856,0,0,1,0,2,1,0.03225806451612903,0.5,1,1.0,262.717,277.84215,0,6,6,31,,9,0.6480000000000001,0.648,0.05143558597025365
0.0,1.4472251132830511,0.1808911277997566,2.6703299110391794,1.0,20.583333333333332,4.014319471873926,0.18089112779975666,6111.666665271173,74,74,geolife,geolife_hand_rbsp,rbsp,0.1,adaptive,8,0.015625,38,3,1,4,0.3333333333333333,0.05970149253731343,0.29910714285714285,0.017857142857142856,1,0,0,0,2,1,0.02631578947368421,0.3333333333333333,1,1.0,261.881,278.56165,0,8,8,48,,9,0.6480000000000001,0.648,0.05143558597025365
0.2708333333333333,2.0040774963569965,0.17200876776062138,4.12241627402901,0.6666666666666666,22.354166666666668,4.203241228525096,0.27176769828804603,8535.99009150981,78,78,geolife,geolife_hand_rbsp,rbsp,0.1,adaptive,8,0.015625,30,4,2,9,0.5,0.042968750000000014,1.0666666666666664,0.04583333333333334,1,0,0,0,3,2,0.06666666666666667,0.5,2,1.0,260.554,279.89215,0,14,14,37,,9,0.6480000000000001,0.648,0.05143558597025365
0.4166666666666667,0.857923747656228,0.15569454476059588,2.2788523911692917,1.0,20.916666666666668,4.115858310796026,0.3524866236439772,3593.448185334715,79,79,geolife,geolife_hand_rbsp,rbsp,0.1,adaptive,8,0.015625,33,0,0,6,nan,nan,0.0,0.0,0,0,0,0,0,0,0.0,nan,0,1.0,263.50350000000003,278.011,0,7,7,35,,9,0.6480000000000001,0.648,0.05143558597025365
0.041666666666666664,1.0416666666666667,0.1530608517882505,2.1556477306968853,1.0,17.875,3.9364092163629194,0.11139418512158387,4444.7124244022825,82,82,geolife,geolife_hand_rbsp,rbsp,0.1,adaptive,8,0.015625,37,4,4,10,1.0,1.0,0.09583333333333333,0.09583333333333333,0,0,0,0,4,4,0.10810810810810811,1.0,4,1.0,262.5315,286.4876,0,10,10,47,,9,0.6480000000000001,0.648,0.05143558597025365
0.4791666666666667,0.6458333333333334,0.13730448407102672,2.3675203683832877,1.0,26.145833333333332,4.4504116473687825,0.38357105993519364,2755.7217031294144,83,83,geolife,geolife_hand_rbsp,rbsp,0.1,adaptive,8,0.015625,38,5,3,8,0.6,0.3296089385474861,0.18645833333333334,0.06145833333333334,0,0,2,0,3,3,0.07894736842105263,1.0,3,1.0,262.071,275.74125,0,5,5,28,,9,0.6480000000000001,0.648,0.05143558597025365
0.22916666666666666,0.8226100286299699,0.14575379144251396,2.8847221827434733,1.0,31.020833333333332,4.612226874430531,0.13598391149861155,3501.889936217239,84,84,geolife,geolife_hand_rbsp,rbsp,0.1,adaptive,8,0.015625,38,4,3,3,0.75,0.6557377049180327,0.09077380952380952,0.05952380952380952,0,0,0,0,4,3,0.07894736842105263,1.0,3,1.0,263.173,279.56555,0,10,10,32,,9,0.6480000000000001,0.648,0.05143558597025365
0.0,1.8713602272908052,0.15290335798348711,4.03351457979542,0.8125,26.229166666666668,4.400853023549015,0.1529033579834871,7930.881988760647,89,89,geolife,geolife_hand_rbsp,rbsp,0.1,adaptive,8,0.015625,33,3,1,5,0.3333333333333333,0.12903225806451613,0.3229166666666667,0.041666666666666664,1,0,1,1,1,0,0.030303030303030304,0.3333333333333333,1,1.0,262.202,278.2663,0,8,8,39,,9,0.6480000000000001,0.648,0.05143558597025365
0.3541666666666667,0.6458333333333334,0.1692908419649856,2.0555234215571985,1.0,27.916666666666668,4.446490143167175,0.2194509905292179,2696.03125,102,102,geolife,geolife_hand_rbsp,rbsp,0.1,adaptive,8,0.015625,32,5,1,2,0.2,0.04497751124437781,0.39702380952380956,0.017857142857142856,1,0,2,0,2,1,0.03125,1.0,1,1.0,262.89250000000004,278.10345,0,12,12,39,,9,0.6480000000000001,0.648,0.05143558597025365
0.7291666666666666,0.2708333333333333,0.15490165623703747,2.1211872580200724,1.0,28.854166666666668,4.512097888357043,0.5742650104296291,1134.4447469760912,103,103,geolife,geolife_hand_rbsp,rbsp,0.1,adaptive,8,0.015625,36,4,3,5,0.75,0.7407407407407408,0.08035714285714285,0.05952380952380952,0,0,0,0,4,3,0.08333333333333333,0.5,3,1.0,262.28150000000005,279.11499999999995,0,13,13,44,,9,0.6480000000000001,0.648,0.05143558597025365
0.5208333333333334,0.496425565098879,0.18085643634253704,1.922263760349687,1.0,18.791666666666668,3.92372757620203,0.3399768969907963,2115.5019626115663,104,104,geolife,geolife_hand_rbsp,rbsp,0.1,adaptive,8,0.015625,41,3,2,7,0.6666666666666666,0.0541871921182266,1.0572916666666667,0.057291666666666664,1,0,1,1,1,1,0.04878048780487805,1.0,2,1.0,263.278,277.474,0,8,8,48,,9,0.6480000000000001,0.648,0.05143558597025365
0.0,2.337664019128819,0.21987489745533598,4.007892714581424,0.6875,18.166666666666668,3.7337181984676033,0.21987489745533598,9920.913286006915,113,113,geolife,geolife_hand_rbsp,rbsp,0.1,adaptive,8,0.015625,36,7,2,8,0.2857142857142857,0.02218636546994756,2.5822916666666664,0.057291666666666664,4,0,1,1,2,1,0.05555555555555555,1.0,2,1.0,263.834,287.14865,0,11,11,48,,9,0.6480000000000001,0.648,0.05143558597025365
0.0,2.7290259748406895,0.17873692230790741,3.806285181626911,0.9375,24.354166666666668,4.234821540258209,0.17873692230790741,11619.032636914419,119,119,geolife,geolife_hand_rbsp,rbsp,0.1,adaptive,8,0.015625,35,1,1,4,1.0,1.0,0.017857142857142856,0.017857142857142856,0,0,0,0,1,1,0.02857142857142857,1.0,1,1.0,262.9075,283.3843,0,13,13,48,,9,0.6480000000000001,0.648,0.05143558597025365
0.8958333333333334,0.125,0.14357573910225715,1.9830281753892745,1.0,28.583333333333332,4.500093505322514,0.7522575942310762,529.5144939521824,122,122,geolife,geolife_hand_rbsp,rbsp,0.1,adaptive,8,0.015625,34,5,1,6,0.2,0.05504587155963303,0.32440476190476186,0.017857142857142856,1,0,0,0,4,1,0.029411764705882353,1.0,1,1.0,263.1275,276.3608,0,13,13,40,,9,0.6480000000000001,0.648,0.05143558597025365
0.0,1.6938788266447087,0.1384339148369681,2.8095206110868283,1.0,24.229166666666668,4.329712786807103,0.13843391483696807,7112.03488590604,128,128,geolife,geolife_hand_rbsp,rbsp,0.1,adaptive,8,0.015625,41,4,2,5,0.5,0.4067796610169492,0.08779761904761904,0.03571428571428571,0,0,0,0,4,2,0.04878048780487805,1.0,2,1.0,262.5565,292.641,0,9,9,37,,9,0.6480000000000001,0.648,0.05143558597025365
0.4791666666666667,0.7255922317655457,0.18975476730821236,2.16359542441137,1.0,20.541666666666668,4.073356654061035,0.305308924502184,3081.785705051793,129,129,geolife,geolife_hand_rbsp,rbsp,0.1,adaptive,8,0.015625,29,3,0,8,0.0,0.0,2.020833333333333,0.0,2,0,0,0,1,0,0.0,0.0,0,1.0,264.234,280.17385,0,13,13,44,,9,0.6480000000000001,0.648,0.05143558597025365
0.0,1.5037570809895613,0.16244810384839328,2.4010871104264053,1.0,22.8125,4.193784033340772,0.1624481038483933,6412.148990197755,138,138,geolife,geolife_hand_rbsp,rbsp,0.1,adaptive,8,0.015625,37,3,0,5,0.0,0.0,1.3125,0.0,2,0,1,0,0,0,0.0,0.0,0,1.0,262.02099999999996,290.85785,0,11,11,48,,9,0.6480000000000001,0.648,0.05143558597025365
0.0,1.6446067811865477,0.22938143434687508,2.626931278098351,1.0,17.479166666666668,3.746577661514669,0.2293814343468751,6902.117679327395,142,142,geolife,geolife_hand_rbsp,rbsp,0.1,adaptive,8,0.015625,37,3,1,8,0.3333333333333333,0.03773584905660377,1.1041666666666667,0.041666666666666664,1,0,2,1,0,0,0.02702702702702703,0.5,1,1.0,261.93600000000004,279.26215,0,9,9,44,,9,0.6480000000000001,0.648,0.05143558597025365
0.20833333333333334,1.1814209152604036,0.1584507386448549,2.401808051112315,1.0,20.333333333333332,4.136194637351322,0.04988259468847841,5007.616657375253,144,144,geolife,geolife_hand_rbsp,rbsp,0.1,adaptive,8,0.015625,37,5,4,10,0.8,0.288135593220339,0.35119047619047616,0.10119047619047619,1,0,0,0,4,4,0.10810810810810811,1.0,4,1.0,262.28650000000005,279.2723,0,13,13,48,,9,0.6480000000000001,0.648,0.05143558597025365
0.22916666666666666,0.8571278254943948,0.1757123714629754,2.2976148121098965,1.0,22.416666666666668,4.144818697070021,0.057458669875721534,3595.6209687891337,147,147,geolife,geolife_hand_rbsp,rbsp,0.1,adaptive,8,0.015625,35,0,0,5,nan,nan,0.0,0.0,0,0,0,0,0,0,0.0,nan,0,1.0,262.01599999999996,282.62495,0,10,10,47,,9,0.6480000000000001,0.648,0.05143558597025365
0.4791666666666667,0.6587675893406257,0.1424805341547026,2.121254316645478,1.0,17.291666666666668,3.911283021890554,0.3722099755072074,2774.4673220976006,153,153,geolife,geolife_hand_rbsp,rbsp,0.1,adaptive,8,0.015625,37,10,5,13,0.5,0.2358292512246326,0.49618055555555557,0.11701388888888889,1,0,2,0,7,5,0.13513513513513514,1.0,5,1.0,263.0025,282.90475,0,10,10,39,,9,0.6480000000000001,0.648,0.05143558597025365
0.0,1.9135291175847586,0.19182922508517788,3.082538541494872,1.0,20.145833333333332,4.005890541555018,0.19182922508517786,8045.838767531367,163,163,geolife,geolife_hand_rbsp,rbsp,0.1,adaptive,8,0.015625,38,6,4,9,0.6666666666666666,0.6828992072480181,0.1313988095238095,0.08973214285714284,0,0,0,0,6,4,0.10526315789473684,1.0,4,1.0,264.48,287.78020000000004,0,10,10,40,,9,0.6480000000000001,0.648,0.05143558597025365
0.6875,0.5065355937288493,0.16788111331050481,2.2941058353785957,1.0,23.541666666666668,4.224478227523828,0.5196188866894952,2150.5162077950267,167,167,geolife,geolife_hand_rbsp,rbsp,0.1,adaptive,8,0.015625,36,4,3,7,0.75,0.2727272727272727,0.34375,0.09375,1,0,1,1,2,2,0.08333333333333333,1.0,3,1.0,261.16499999999996,280.7556,0,4,4,27,,9,0.6480000000000001,0.648,0.05143558597025365
0.0,2.850476590664544,0.16061713514263173,5.843533257300405,0.22916666666666666,20.083333333333332,4.057136978394758,0.16061713514263173,12014.354397722671,168,168,geolife,geolife_hand_rbsp,rbsp,0.1,adaptive,8,0.015625,42,4,0,2,0.0,0.0,0.5833333333333334,0.0,2,0,1,0,1,0,0.0,0.0,0,1.0,262.682,282.50215,0,4,4,48,,9,0.6480000000000001,0.648,0.05143558597025365
0.10416666666666667,1.3123432329158595,0.14633877610657578,3.6881590915875146,0.7916666666666666,23.8125,4.3301251767911,0.10275038952216471,5513.529114873384,169,169,geolife,geolife_hand_rbsp,rbsp,0.1,adaptive,8,0.015625,34,2,2,8,1.0,1.0,0.0625,0.0625,0,0,1,1,1,1,0.058823529411764705,1.0,2,1.0,261.7805,278.94915000000003,0,11,11,37,,9,0.6480000000000001,0.648,0.05143558597025365
0.6875,0.6875,0.17452556064425914,2.3108143332485143,1.0,20.166666666666668,4.050678193505161,0.5129744393557408,2869.96875,179,179,geolife,geolife_hand_rbsp,rbsp,0.1,adaptive,8,0.015625,36,2,2,8,1.0,1.0,0.033482142857142856,0.033482142857142856,0,0,0,0,2,2,0.05555555555555555,1.0,2,1.0,263.473,294.36195,0,8,8,39,,9,0.6480000000000001,0.648,0.05143558597025365
0.0,2.4566166520158466,0.10709057457885451,3.3140045736427233,1.0,32.625,4.8811001300624595,0.1070905745788545,10320.033358462637,2,2,geolife,geolife_data_rbsp,rbsp,0.1,adaptive,8,0.015625,35,6,1,4,0.16666666666666666,0.012917115177610333,1.3824404761904763,0.017857142857142856,2,0,1,0,3,1,0.02857142857142857,0.5,1,1.0,96.788,114.41595000000001,0,3,3,20,,2,0.6480000000000001,0.648,0.05143558597025365
0.0625,1.21477771024981,0.0997267566713894,2.732471567948627,1.0,36.520833333333336,4.994269232178617,0.06730967567040251,5084.571905148808,3,3,geolife,geolife_data_rbsp,rbsp,0.1,adaptive,8,0.015625,40,4,0,5,0.0,0.0,0.15416666666666665,0.0,0,0,2,0,2,0,0.0,0.0,0,1.0,94.7995,114.07289999999999,0,0,0,17,,2,0.6480000000000001,0.648,0.05143558597025365
0.2916666666666667,1.2939501996289358,0.10292811530488695,2.5928437288925434,1.0,32.125,4.822190927505189,0.2932749837035716,5409.5894464127605,4,4,geolife,geolife_data_rbsp,rbsp,0.1,adaptive,8,0.015625,31,3,0,9,0.0,0.0,0.14583333333333334,0.0,0,0,2,0,1,0,0.0,0.0,0,1.0,99.26150000000001,121.5878,0,0,0,17,,2,0.6480000000000001,0.648,0.05143558597025365
0.4791666666666667,0.5467216809816519,0.10128613209659898,2.6354237618624308,1.0,35.729166666666664,4.993667839619024,0.3778805345700676,2315.2790938645967,7,7,geolife,geolife_data_rbsp,rbsp,0.1,adaptive,8,0.015625,40,5,1,3,0.2,0.07894736842105263,0.2261904761904762,0.017857142857142856,0,0,3,0,2,1,0.025,0.5,1,1.0,96.111,120.0329,0,0,0,17,,2,0.6480000000000001,0.648,0.05143558597025365
0.041666666666666664,1.7430339887498942,0.09532743036537432,3.549127852772795,1.0,38.895833333333336,5.092867220496529,0.05366076369870768,7297.144218636154,8,8,geolife,geolife_data_rbsp,rbsp,0.1,adaptive,8,0.015625,42,6,2,2,0.3333333333333333,0.1024390243902439,0.35590277777777773,0.03645833333333333,1,0,0,0,5,2,0.047619047619047616,0.5,2,1.0,95.12049999999999,103.641,0,0,0,17,,2,0.6480000000000001,0.648,0.05143558597025365
0.14583333333333334,2.144892322374465,0.10429999435734442,4.268032730178873,0.6875,32.375,4.85462280078741,0.1460697713177808,9103.438939160053,12,12,geolife,geolife_data_rbsp,rbsp,0.1,adaptive,8,0.015625,37,5,0,5,0.0,0.0,1.3616071428571428,0.0,2,0,1,0,2,0,0.0,0.0,0,1.0,96.7475,111.82645,0,0,0,17,,2,0.6480000000000001,0.648,0.05143558597025365
0.8125,0.2916666666666667,0.10044266521562074,2.5101412045710547,1.0,34.333333333333336,4.9443290590331515,0.7296654115343335,1225.2644939521824,14,14,geolife,geolife_data_rbsp,rbsp,0.1,adaptive,8,0.015625,34,6,1,4,0.16666666666666666,0.044623884402889925,0.35014880952380956,0.015625,1,0,0,0,5,1,0.029411764705882353,1.0,1,1.0,98.03450000000001,115.449,0,0,0,17,,2,0.6480000000000001,0.648,0.05143558597025365
0.0,1.8338046080065453,0.1019562731502829,2.9983495478511517,1.0,32.979166666666664,4.843144604423107,0.1019562731502829,7721.7984858996,17,17,geolife,geolife_data_rbsp,rbsp,0.1,adaptive,8,0.015625,32,3,0,4,0.0,0.0,0.5625,0.0,2,0,1,0,0,0,0.0,0.0,0,1.0,97.32849999999999,117.1771,0,0,0,17,,2,0.6480000000000001,0.648,0.05143558597025365
0.0,3.9318885152699465,0.09880074796223613,5.228844860320925,0.3958333333333333,37.375,5.03637478342402,0.09880074796223609,16745.292973032858,18,18,geolife,geolife_data_rbsp,rbsp,0.1,adaptive,8,0.015625,39,2,0,3,0.0,0.0,0.07291666666666666,0.0,0,0,1,0,1,0,0.0,0.0,0,1.0,95.521,117.008,0,0,0,17,,2,0.6480000000000001,0.648,0.05143558597025365
0.0,2.5692699978258884,0.10419982473723656,3.554330870261504,1.0,32.291666666666664,4.862565820094249,0.1041998247372366,10871.833393983728,19,19,geolife,geolife_data_rbsp,rbsp,0.1,adaptive,8,0.015625,35,5,1,7,0.2,0.11351351351351353,0.1376488095238095,0.015625,0,0,1,0,4,1,0.02857142857142857,0.5,1,1.0,98.0445,109.0726,0,0,0,17,,2,0.6480000000000001,0.648,0.05143558597025365
0.5416666666666666,0.6275647005337013,0.10208830229726067,2.6624563335286178,1.0,33.395833333333336,4.902168884619277,0.45718644111936024,2635.644691537552,22,22,geolife,geolife_data_rbsp,rbsp,0.1,adaptive,8,0.015625,34,3,0,5,0.0,0.0,1.1041666666666667,0.0,1,0,2,0,0,0,0.0,0.0,0,1.0,97.479,112.65115,0,0,0,17,,2,0.6480000000000001,0.648,0.05143558597025365
0.7291666666666666,0.3261844635310913,0.10410234907413334,2.41792222035101,1.0,32.875,4.874107315537954,0.6250643175925333,1367.132988725217,27,27,geolife,geolife_data_rbsp,rbsp,0.1,adaptive,8,0.015625,35,2,1,5,0.5,0.5,0.041666666666666664,0.020833333333333332,0,0,0,0,2,1,0.02857142857142857,1.0,1,1.0,96.0365,117.44184999999997,0,0,0,17,,2,0.6480000000000001,0.648,0.05143558597025365
0.375,0.8963710280128391,0.10237331126673298,2.7262050027274856,1.0,33.833333333333336,4.906585107148055,0.3311702122582744,3769.427824011091,28,28,geolife,geolife_data_rbsp,rbsp,0.1,adaptive,8,0.015625,34,3,1,5,0.3333333333333333,0.16949152542372883,0.10535714285714284,0.017857142857142856,0,0,1,0,2,1,0.029411764705882353,0.5,1,1.0,98.134,114.04595,0,0,0,17,,2,0.6480000000000001,0.648,0.05143558597025365
0.0,2.1641723335070657,0.10331299652975123,3.5809871759231715,0.8958333333333334,34.666666666666664,4.928198597373198,0.10331299652975122,9048.705269291799,29,29,geolife,geolife_data_rbsp,rbsp,0.1,adaptive,8,0.015625,38,5,1,5,0.2,0.08968609865470852,0.19910714285714284,0.017857142857142856,0,0,2,0,3,1,0.02631578947368421,0.5,1,1.0,96.1115,114.9461,0,0,0,17,,2,0.6480000000000001,0.648,0.05143558597025365
0.22916666666666666,0.92468283980938,0.10499284038141093,2.672444746143523,1.0,31.270833333333332,4.806903284825629,0.21110218187709337,3891.363827773277,34,34,geolife,geolife_data_rbsp,rbsp,0.1,adaptive,8,0.015625,29,6,1,6,0.16666666666666666,0.02097902097902098,1.1916666666666667,0.025,1,0,3,0,2,1,0.034482758620689655,0.3333333333333333,1,1.0,99.0405,119.88454999999999,0,0,0,17,,2,0.6480000000000001,0.648,0.05143558597025365
0.0,2.2597121487029628,0.10410730711468608,3.2360171228847645,1.0,32.083333333333336,4.838607001548602,0.10410730711468612,9547.435733119606,37,37,geolife,geolife_data_rbsp,rbsp,0.1,adaptive,8,0.015625,40,5,0,2,0.0,0.0,0.3759920634920635,0.0,1,0,1,0,3,0,0.0,0.0,0,1.0,94.6695,108.66365,0,0,0,17,,2,0.6480000000000001,0.648,0.05143558597025365
0.0,1.8514597475697123,0.10526276270894264,3.7018909241576323,0.9791666666666666,32.25,4.839761464317174,0.10526276270894262,7819.765742159228,38,38,geolife,geolife_data_rbsp,rbsp,0.1,adaptive,8,0.015625,33,3,0,7,0.0,0.0,0.15625,0.0,0,0,2,0,1,0,0.0,0.0,0,1.0,96.818,115.08865,0,0,0,17,,2,0.6480000000000001,0.648,0.05143558597025365
0.08333333333333333,1.8811328769609839,0.0989366474257589,3.174812453066011,0.9583333333333334,39.166666666666664,5.090920882635239,0.08893311824936638,7868.778045008679,39,39,geolife,geolife_data_rbsp,rbsp,0.1,adaptive,8,0.015625,41,2,0,1,0.0,0.0,0.26785714285714285,0.0,1,0,0,0,1,0,0.0,0.0,0,1.0,94.4495,116.8715,0,0,0,17,,2,0.6480000000000001,0.648,0.05143558597025365
0.08333333333333333,0.9339255650988788,0.10286978790775013,2.71979724551975,1.0,32.75,4.880450132871906,0.04333331110070849,3914.888733778928,43,43,geolife,geolife_data_rbsp,rbsp,0.1,adaptive,8,0.015625,28,3,1,9,0.3333333333333333,0.14285714285714285,0.14583333333333334,0.020833333333333332,0,0,2,0,1,1,0.03571428571428571,0.5,1,1.0,97.634,114.85215000000001,0,0,0,17,,2,0.6480000000000001,0.648,0.05143558597025365
0.0,1.1639595351060164,0.10382146155239615,2.879141573614906,1.0,34.645833333333336,4.921792044197761,0.10382146155239619,4917.6932957415565,52,52,geolife,geolife_data_rbsp,rbsp,0.1,adaptive,8,0.015625,35,0,0,4,nan,nan,0.0,0.0,0,0,0,0,0,0,0.0,nan,0,1.0,97.854,113.9193,0,0,0,17,,2,0.6480000000000001,0.648,0.05143558597025365
0.0,2.3292374765622785,0.10290090760924957,4.336051208846407,0.9791666666666666,32.458333333333336,4.881031659041165,0.10290090760924958,9777.169826660876,54,54,geolife,geolife_data_rbsp,rbsp,0.1,adaptive,8,0.015625,38,3,1,5,0.3333333333333333,0.29411764705882354,0.07083333333333333,0.020833333333333332,0,0,0,0,3,1,0.02631578947368421,1.0,1,1.0,97.023,112.7918,0,0,0,17,,2,0.6480000000000001,0.648,0.05143558597025365
0.0,1.6792617219650732,0.10417631572898763,4.143018387765568,0.7916666666666666,30.8125,4.803738629931028,0.10417631572898757,7106.437451269724,58,58,geolife,geolife_data_rbsp,rbsp,0.1,adaptive,8,0.015625,35,8,0,7,0.0,0.0,0.3590277777777778,0.0,1,0,2,0,5,0,0.0,0.0,0,1.0,96.768,155.0858999999999,0,0,0,17,,2,0.6480000000000001,0.648,0.05143558597025365
0.0,2.2294680842289556,0.09874002332830778,4.204961870444234,0.7916666666666666,35.770833333333336,5.0124827453643,0.09874002332830777,9464.477414486433,59,59,geolife,geolife_data_rbsp,rbsp,0.1,adaptive,8,0.015625,36,1,1,4,1.0,1.0,0.015625,0.015625,0,0,0,0,1,1,0.027777777777777776,1.0,1,1.0,98.6405,116.86115,0,0,0,17,,2,0.6480000000000001,0.648,0.05143558597025365
0.020833333333333332,1.3502329829592299,0.10360149368291656,3.513824740141093,0.9791666666666666,32.541666666666664,4.875007106791373,0.10682675026629561,5703.115997748265,62,62,geolife,geolife_data_rbsp,rbsp,0.1,adaptive,8,0.015625,35,4,1,8,0.25,0.055096418732782364,0.32410714285714287,0.017857142857142856,1,0,0,0,3,1,0.02857142857142857,1.0,1,1.0,97.934,120.04025,0,0,0,17,,2,0.6480000000000001,0.648,0.05143558597025365
0.0,1.3665989115103676,0.10635647351181217,2.7734646182638674,1.0,32.145833333333336,4.832638789969299,0.10635647351181216,5758.242369243716,64,64,geolife,geolife_data_rbsp,rbsp,0.1,adaptive,8,0.015625,35,4,0,6,0.0,0.0,0.17777777777777778,0.0,0,0,2,0,2,0,0.0,0.0,0,1.0,97.29849999999999,118.32294999999999,0,0,0,17,,2,0.6480000000000001,0.648,0.05143558597025365
0.0,2.0,0.10398214256818385,3.082461271853253,1.0,31.958333333333332,4.850995299064027,0.10398214256818389,8533.847854852382,68,68,geolife,geolife_data_rbsp,rbsp,0.1,adaptive,8,0.015625,33,6,1,8,0.16666666666666666,0.08515815085158152,0.18348214285714284,0.015625,0,0,1,0,5,1,0.030303030303030304,1.0,1,1.0,96.347,125.69479999999999,0,0,0,17,,2,0.6480000000000001,0.648,0.05143558597025365
0.041666666666666664,1.1458333333333333,0.10214254681021122,2.710012649871351,1.0,33.833333333333336,4.903980014580928,0.06047588014354455,4837.195207665279,69,69,geolife,geolife_data_rbsp,rbsp,0.1,adaptive,8,0.015625,37,2,1,4,0.5,0.25,0.08333333333333333,0.020833333333333332,0,0,1,0,1,1,0.02702702702702703,0.5,1,1.0,95.4905,116.71195,0,0,0,17,,2,0.6480000000000001,0.648,0.05143558597025365
0.041666666666666664,2.939732725048302,0.10197264115734567,4.252510010753694,0.7916666666666666,32.083333333333336,4.8501464770671845,0.06030597449067901,12486.405007590138,73,73,geolife,geolife_data_rbsp,rbsp,0.1,adaptive,8,0.015625,31,3,1,5,0.3333333333333333,0.16,0.11160714285714285,0.017857142857142856,0,0,1,0,2,1,0.03225806451612903,0.5,1,1.0,95.7815,115.8865,0,0,0,17,,2,0.6480000000000001,0.648,0.05143558597025365
0.16666666666666666,1.4843255997545388,0.09986364527245765,2.908471269170338,1.0,34.0625,4.927093179254908,0.1713394537360009,6259.206321298065,74,74,geolife,geolife_data_rbsp,rbsp,0.1,adaptive,8,0.015625,38,3,0,5,0.0,0.0,0.29910714285714285,0.0,1,0,0,0,2,0,0.0,0.0,0,1.0,95.8415,118.22194999999999,0,0,0,17,,2,0.6480000000000001,0.648,0.05143558597025365
0.2708333333333333,1.912068999169523,0.10348648600119041,3.3517339016032217,0.8125,32.458333333333336,4.87775758541208,0.2697833869927318,8131.189042597437,78,78,geolife,geolife_data_rbsp,rbsp,0.1,adaptive,8,0.015625,30,4,1,7,0.25,0.019531250000000003,1.0666666666666664,0.020833333333333332,1,0,0,0,3,1,0.03333333333333333,0.25,1,1.0,98.535,110.48615,0,0,0,17,,2,0.6480000000000001,0.648,0.05143558597025365
0.0,2.223564724274072,0.1010994179318263,3.174963903656097,1.0,34.604166666666664,4.95698321398507,0.1010994179318263,9378.728368651284,79,79,geolife,geolife_data_rbsp,rbsp,0.1,adaptive,8,0.015625,33,0,0,5,nan,nan,0.0,0.0,0,0,0,0,0,0,0.0,nan,0,1.0,93.373,107.87400000000001,0,0,0,17,,2,0.6480000000000001,0.648,0.05143558597025365
0.0,2.4166666666666665,0.10758171745158539,3.194189628699571,1.0,33.25,4.888545229274684,0.10758171745158539,10311.732824613295,82,82,geolife,geolife_data_rbsp,rbsp,0.1,adaptive,8,0.015625,37,4,0,5,0.0,0.0,0.09583333333333333,0.0,0,0,0,0,4,0,0.0,0.0,0,1.0,93.017,107.01764999999999,0,1,1,19,,2,0.6480000000000001,0.648,0.05143558597025365
0.0,2.5264339006319982,0.10370594925706435,3.097519265221812,1.0,34.208333333333336,4.917995120075445,0.10370594925706439,10775.480901489933,83,83,geolife,geolife_data_rbsp,rbsp,0.1,adaptive,8,0.015625,38,5,2,6,0.4,0.1955307262569832,0.18645833333333334,0.03645833333333333,0,0,2,0,3,2,0.05263157894736842,1.0,2,1.0,93.648,111.14314999999999,0,1,1,18,,2,0.6480000000000001,0.648,0.05143558597025365
0.14583333333333334,1.50867516385414,0.09881829777910854,2.909064814720766,1.0,34.020833333333336,4.952651624295849,0.14011519877064998,6432.280459707062,84,84,geolife,geolife_data_rbsp,rbsp,0.1,adaptive,8,0.015625,38,4,3,6,0.75,0.6557377049180327,0.09077380952380952,0.05952380952380952,0,0,0,0,4,3,0.07894736842105263,1.0,3,1.0,92.196,107.54645,0,0,0,17,,2,0.6480000000000001,0.648,0.05143558597025365
0.0,2.3973879796765183,0.09916070574289,3.689064694882992,1.0,37.854166666666664,5.063827902609561,0.09916070574289003,10204.621761159113,89,89,geolife,geolife_data_rbsp,rbsp,0.1,adaptive,8,0.015625,33,3,0,1,0.0,0.0,0.3229166666666667,0.0,1,0,1,0,1,0,0.0,0.0,0,1.0,93.66300000000001,107.47614999999999,0,0,0,17,,2,0.6480000000000001,0.648,0.05143558597025365
0.6041666666666666,0.6875,0.1045712263813914,2.3904764452508522,1.0,31.583333333333332,4.796407296152516,0.5172035170352296,2873.819746976091,102,102,geolife,geolife_data_rbsp,rbsp,0.1,adaptive,8,0.015625,32,5,1,7,0.2,0.04497751124437781,0.39702380952380956,0.017857142857142856,1,0,2,0,2,1,0.03125,1.0,1,1.0,93.43799999999999,113.12734999999999,0,0,0,17,,2,0.6480000000000001,0.648,0.05143558597025365
0.7291666666666666,0.441625813066366,0.10179577217838787,2.469701213305622,1.0,34.104166666666664,4.930123472368421,0.6273708944882789,1862.4558941441617,103,103,geolife,geolife_data_rbsp,rbsp,0.1,adaptive,8,0.015625,36,4,0,5,0.0,0.0,0.08035714285714285,0.0,0,0,0,0,4,0,0.0,0.0,0,1.0,93.9885,109.5283,0,0,0,17,,2,0.6480000000000001,0.648,0.05143558597025365
0.125,1.0734773319704407,0.10332197078437315,2.9325465146456557,1.0,34.8125,4.927427384363813,0.12378553844258124,4512.717810169998,104,104,geolife,geolife_data_rbsp,rbsp,0.1,adaptive,8,0.015625,41,3,1,4,0.3333333333333333,0.014778325123152709,1.0572916666666667,0.015625,1,0,1,0,1,1,0.024390243902439025,0.5,1,1.0,92.622,104.42375,0,0,0,17,,2,0.6480000000000001,0.648,0.05143558597025365
0.0,2.586588734489631,0.10270779892724657,4.7589923106895355,0.7083333333333334,33.208333333333336,4.878954623882801,0.10270779892724656,10930.881189607075,113,113,geolife,geolife_data_rbsp,rbsp,0.1,adaptive,8,0.015625,36,7,1,5,0.14285714285714285,0.006050826946349335,2.5822916666666664,0.015625,4,0,1,0,2,1,0.027777777777777776,1.0,1,1.0,93.337,110.41565,0,0,0,17,,2,0.6480000000000001,0.648,0.05143558597025365
0.0,2.7290259748406895,0.10379574669038072,3.6029825420173047,1.0,32.395833333333336,4.857331261308075,0.1037957466903807,11619.032636914419,119,119,geolife,geolife_data_rbsp,rbsp,0.1,adaptive,8,0.015625,35,1,1,6,1.0,1.0,0.017857142857142856,0.017857142857142856,0,0,0,0,1,1,0.02857142857142857,1.0,1,1.0,93.3125,107.3493,0,0,0,17,,2,0.6480000000000001,0.648,0.05143558597025365
0.0,1.0,0.10396438465455653,2.6956622604524973,1.0,31.916666666666668,4.8510415968896785,0.10396438465455653,4266.923927426191,122,122,geolife,geolife_data_rbsp,rbsp,0.1,adaptive,8,0.015625,34,5,2,9,0.4,0.11926605504587158,0.32440476190476186,0.03869047619047619,1,0,0,0,4,2,0.058823529411764705,1.0,2,1.0,93.633,104.59849999999999,0,0,0,17,,2,0.6480000000000001,0.648,0.05143558597025365
0.16666666666666666,1.900412427952723,0.10208003660896765,3.2024197037738404,1.0,33.770833333333336,4.926677957913712,0.16912306239949093,7973.627549318563,128,128,geolife,geolife_data_rbsp,rbsp,0.1,adaptive,8,0.015625,41,4,0,2,0.0,0.0,0.08779761904761904,0.0,0,0,0,0,4,0,0.0,0.0,0,1.0,92.917,107.00295,0,0,0,17,,2,0.6480000000000001,0.648,0.05143558597025365
0.041666666666666664,1.1680103146301246,0.10338515107285233,2.7296775536101934,1.0,32.604166666666664,4.8649584413953715,0.061718484406185624,4925.677696352212,129,129,geolife,geolife_data_rbsp,rbsp,0.1,adaptive,8,0.015625,29,3,0,7,0.0,0.0,2.020833333333333,0.0,2,0,0,0,1,0,0.0,0.0,0,1.0,92.291,105.9298,0,0,0,17,,2,0.6480000000000001,0.648,0.05143558597025365
0.0,2.328375791664981,0.10557273789157812,3.455484892508187,1.0,31.541666666666668,4.825074199391838,0.10557273789157812,9862.059640859141,138,138,geolife,geolife_data_rbsp,rbsp,0.1,adaptive,8,0.015625,37,3,0,7,0.0,0.0,1.3125,0.0,2,0,1,0,0,0,0.0,0.0,0,1.0,92.29599999999999,106.868,0,0,0,17,,2,0.6480000000000001,0.648,0.05143558597025365
0.0,1.642715619885161,0.1013572639270015,3.7318950507559396,1.0,39.770833333333336,5.091278150570411,0.10135726392700149,6920.613700569262,142,142,geolife,geolife_data_rbsp,rbsp,0.1,adaptive,8,0.015625,37,3,0,1,0.0,0.0,1.1041666666666667,0.0,1,0,2,0,0,0,0.0,0.0,0,1.0,93.227,105.3125,0,0,0,17,,2,0.6480000000000001,0.648,0.05143558597025365
0.0,2.3973879796765183,0.10352846747335438,3.629623832724174,1.0,32.854166666666664,4.85862258579055,0.10352846747335441,10204.621761159113,144,144,geolife,geolife_data_rbsp,rbsp,0.1,adaptive,8,0.015625,37,5,1,8,0.2,0.05084745762711865,0.35119047619047616,0.017857142857142856,1,0,0,0,4,1,0.02702702702702703,0.3333333333333333,1,1.0,92.9615,110.25765,0,0,0,17,,2,0.6480000000000001,0.648,0.05143558597025365
0.0,1.4255958577878847,0.10484496858805308,2.979529817764942,1.0,32.5625,4.881342832678075,0.10484496858805302,6038.5190710028355,147,147,geolife,geolife_data_rbsp,rbsp,0.1,adaptive,8,0.015625,35,0,0,5,nan,nan,0.0,0.0,0,0,0,0,0,0,0.0,nan,0,1.0,93.5825,107.22295,0,0,0,17,,2,0.6480000000000001,0.648,0.05143558597025365
0.25,1.7140734298277407,0.10458567951151604,3.104253492124839,1.0,32.604166666666664,4.868730628350703,0.24995075283027587,7192.280596212538,153,153,geolife,geolife_data_rbsp,rbsp,0.1,adaptive,8,0.015625,37,10,2,7,0.2,0.07347795661301608,0.49618055555555557,0.03645833333333333,1,0,2,0,7,2,0.05405405405405406,0.5,2,1.0,91.205,103.66215,0,0,0,17,,2,0.6480000000000001,0.648,0.05143558597025365
0.0,2.248500009879793,0.10141021504244929,3.312970545194492,1.0,32.1875,4.858951426371827,0.10141021504244929,9429.325264148081,163,163,geolife,geolife_data_rbsp,rbsp,0.1,adaptive,8,0.015625,38,6,3,8,0.5,0.41336353340883353,0.1313988095238095,0.054315476190476185,0,0,0,0,6,3,0.07894736842105263,1.0,3,1.0,93.0675,105.3296,0,0,0,17,,2,0.6480000000000001,0.648,0.05143558597025365
0.3333333333333333,1.6164955779977994,0.10025067335253636,2.8475969632729323,1.0,36.375,5.008932816305344,0.3290475743440778,6811.666162424398,167,167,geolife,geolife_data_rbsp,rbsp,0.1,adaptive,8,0.015625,36,4,2,4,0.5,0.09090909090909091,0.34375,0.03125,1,0,1,0,2,2,0.05555555555555555,1.0,2,1.0,93.1225,105.15814999999999,0,0,0,17,,2,0.6480000000000001,0.648,0.05143558597025365
0.0,2.1221818159932435,0.09861407100813223,4.257546810449285,0.7083333333333334,36.5,5.028404981026193,0.09861407100813223,8996.0507989234,168,168,geolife,geolife_data_rbsp,rbsp,0.1,adaptive,8,0.015625,42,4,0,1,0.0,0.0,0.5833333333333334,0.0,2,0,1,0,1,0,0.0,0.0,0,1.0,93.34299999999999,109.3818,0,0,0,17,,2,0.6480000000000001,0.648,0.05143558597025365
0.0,2.716217995136194,0.10809563889563883,3.791855245761173,0.8125,35.375,4.96139794674099,0.10809563889563885,11542.205560252625,169,169,geolife,geolife_data_rbsp,rbsp,0.1,adaptive,8,0.015625,34,2,0,6,0.0,0.0,0.0625,0.0,0,0,1,0,1,0,0.0,0.0,0,1.0,91.42949999999999,109.73225,0,0,0,17,,2,0.6480000000000001,0.648,0.05143558597025365
0.0,2.5128235026685055,0.10562283101035115,3.2333678529644665,1.0,31.125,4.789544261330177,0.10562283101035118,10492.14101816593,179,179,geolife,geolife_data_rbsp,rbsp,0.1,adaptive,8,0.015625,36,2,1,8,0.5,0.4666666666666667,0.033482142857142856,0.015625,0,0,0,0,2,1,0.027777777777777776,0.5,1,1.0,92.3715,108.8335,0,0,0,17,,2,0.6480000000000001,0.648,0.05143558597025365
0.0,1.705169905247127,0.20192426428055676,3.1403239699033567,0.9791666666666666,27.791666666666668,4.295719273703598,0.20192426428055676,7144.752418794759,2,2,geolife,geolife_dfbsp_tau_0.125,dfbsp,0.1,adaptive,8,0.015625,35,6,2,5,0.3333333333333333,0.02798708288482239,1.3824404761904763,0.03869047619047619,2,0,1,0,3,2,0.05714285714285714,0.5,2,1.0,39.358,48.01259999999999,0,11,11,48,0.125,0,0.6480000000000001,0.648,0.05143558597025365
0.10416666666666667,0.9821278254943945,0.15125813989634665,2.3834818626703407,1.0,20.958333333333332,4.164792799340957,0.04709147322967996,4117.433468789134,3,3,geolife,geolife_dfbsp_tau_0.125,dfbsp,0.1,adaptive,8,0.015625,40,4,3,5,0.75,0.5945945945945947,0.15416666666666665,0.09166666666666667,0,0,2,1,2,2,0.075,1.0,3,1.0,38.516999999999996,49.003099999999996,0,13,13,41,0.125,0,0.6480000000000001,0.648,0.05143558597025365
0.7708333333333334,0.2550550143149851,0.2126032254065283,1.691695908876824,1.0,13.583333333333334,3.5413829164241903,0.5752474346594784,1080.3871074721865,4,4,geolife,geolife_dfbsp_tau_0.125,dfbsp,0.1,adaptive,8,0.015625,31,3,3,14,1.0,1.0,0.14583333333333334,0.14583333333333334,0,0,2,2,1,1,0.0967741935483871,1.0,3,1.0,38.536500000000004,49.01399999999999,0,17,17,48,0.125,0,0.6480000000000001,0.648,0.05143558597025365
0.4791666666666667,0.6071278254943949,0.1886230709229281,2.3140465077273786,1.0,21.0625,4.019604247245577,0.31530562970730813,2577.027449133728,7,7,geolife,geolife_dfbsp_tau_0.125,dfbsp,0.1,adaptive,8,0.015625,40,5,2,5,0.4,0.3684210526315789,0.2261904761904762,0.08333333333333333,0,0,3,1,2,1,0.05,0.5,2,1.0,38.4715,51.0198,0,8,8,44,0.125,0,0.6480000000000001,0.648,0.05143558597025365
0.2916666666666667,1.1052166160955783,0.16465251638666437,2.7273251778477126,1.0,19.729166666666668,4.124896992477567,0.28011861084599077,4644.081012827314,8,8,geolife,geolife_dfbsp_tau_0.125,dfbsp,0.1,adaptive,8,0.015625,42,6,3,5,0.5,0.16097560975609757,0.35590277777777773,0.057291666666666664,1,0,0,0,5,3,0.07142857142857142,1.0,3,1.0,38.146,46.720949999999995,0,8,7,37,0.125,0,0.6480000000000001,0.648,0.05143558597025365
0.020833333333333332,1.8393013656268231,0.23110026563609976,3.6686964464182825,0.8541666666666666,17.708333333333332,3.7524397802682317,0.21026693230276639,7768.153866638818,12,12,geolife,geolife_dfbsp_tau_0.125,dfbsp,0.1,adaptive,8,0.015625,37,5,2,7,0.4,0.036065573770491806,1.3616071428571428,0.049107142857142856,2,0,1,0,2,2,0.05405405405405406,0.3333333333333333,2,1.0,38.496,44.102399999999996,0,9,9,48,0.125,0,0.6480000000000001,0.648,0.05143558597025365
0.9166666666666666,0.08333333333333333,0.2685760067613574,1.5412151375684358,1.0,17.25,3.6346284603442722,0.6480906599053093,355.57699395218236,14,14,geolife,geolife_dfbsp_tau_0.125,dfbsp,0.1,adaptive,8,0.015625,34,6,4,7,0.6666666666666666,0.23501912452188692,0.35014880952380956,0.08229166666666667,1,0,0,0,5,4,0.11764705882352941,1.0,4,1.0,38.982,44.7128,0,14,14,48,0.125,0,0.6480000000000001,0.648,0.05143558597025365
0.08333333333333333,1.5694466005437633,0.16632037113790313,2.910366074610522,1.0,24.208333333333332,4.281998052797339,0.09074892334840674,6610.2008041344625,17,17,geolife,geolife_dfbsp_tau_0.125,dfbsp,0.1,adaptive,8,0.015625,32,3,1,4,0.3333333333333333,0.1111111111111111,0.5625,0.0625,2,0,1,1,0,0,0.03125,0.3333333333333333,1,1.0,39.022999999999996,45.579249999999995,0,13,13,48,0.125,0,0.6480000000000001,0.648,0.05143558597025365
0.0,3.3503958174941406,0.2620072910170594,4.5386339851852355,0.625,18.5625,3.703303765065023,0.26200729101705933,14260.72748122624,18,18,geolife,geolife_dfbsp_tau_0.125,dfbsp,0.1,adaptive,8,0.015625,39,2,0,4,0.0,0.0,0.07291666666666666,0.0,0,0,1,0,1,0,0.0,0.0,0,1.0,38.697,50.743849999999995,0,11,11,48,0.125,0,0.6480000000000001,0.648,0.05143558597025365
0.3958333333333333,0.8190355937288492,0.20692979356602656,2.565041221871377,0.9583333333333334,16.3125,3.7664676790204297,0.3092063757985162,3430.015977450435,19,19,geolife,geolife_dfbsp_tau_0.125,dfbsp,0.1,adaptive,8,0.015625,35,5,5,10,1.0,1.0,0.1376488095238095,0.1376488095238095,0,0,1,1,4,4,0.14285714285714285,1.0,5,1.0,39.664,54.177949999999996,0,13,13,47,0.125,0,0.6480000000000001,0.648,0.05143558597025365
0.4583333333333333,0.7776885046010292,0.28385146757758467,2.414066878207138,0.9791666666666666,16.75,3.5366691436679116,0.41923047072949665,3275.434285415164,22,22,geolife,geolife_dfbsp_tau_0.125,dfbsp,0.1,adaptive,8,0.015625,34,3,1,6,0.3333333333333333,0.03773584905660377,1.1041666666666667,0.041666666666666664,1,0,2,1,0,0,0.029411764705882353,0.5,1,1.0,38.736999999999995,46.703199999999995,0,12,12,48,0.125,0,0.6480000000000001,0.648,0.05143558597025365
0.75,0.28451779686442463,0.27868351602096975,1.408378627281044,1.0,17.395833333333332,3.590415544348975,0.4713164839790302,1193.195488725217,27,27,geolife,geolife_dfbsp_tau_0.125,dfbsp,0.1,adaptive,8,0.015625,35,2,2,7,1.0,1.0,0.041666666666666664,0.041666666666666664,0,0,0,0,2,2,0.05714285714285714,1.0,2,1.0,38.682,45.92745,0,16,16,48,0.125,0,0.6480000000000001,0.648,0.05143558597025365
0.5208333333333334,0.6512079251871651,0.22472851793632684,2.0264896821963307,1.0,23.0,4.003656698267708,0.29610481539700645,2745.152591880063,28,28,geolife,geolife_dfbsp_tau_0.125,dfbsp,0.1,adaptive,8,0.015625,34,3,1,4,0.3333333333333333,0.16949152542372883,0.10535714285714284,0.017857142857142856,0,0,1,0,2,1,0.029411764705882353,0.5,1,1.0,38.597,48.243399999999994,0,12,12,48,0.125,0,0.6480000000000001,0.648,0.05143558597025365
0.020833333333333332,1.3165867627435863,0.21676248596146622,2.64544782965836,0.8958333333333334,17.520833333333332,3.8010891290743696,0.1959291526281329,5516.963010054172,29,29,geolife,geolife_dfbsp_tau_0.125,dfbsp,0.1,adaptive,8,0.015625,38,5,3,6,0.6,0.5605381165919282,0.19910714285714284,0.11160714285714285,0,0,2,1,3,2,0.07894736842105263,1.0,3,1.0,38.1965,49.72599999999999,0,11,11,48,0.125,0,0.6480000000000001,0.648,0.05143558597025365
0.4166666666666667,0.6782572747105012,0.25110359807997445,1.9235923188144677,1.0,14.916666666666666,3.550906704132652,0.16556306858669226,2854.1458379465307,34,34,geolife,geolife_dfbsp_tau_0.125,dfbsp,0.1,adaptive,8,0.015625,29,6,2,9,0.3333333333333333,0.055944055944055944,1.1916666666666667,0.06666666666666667,1,0,3,1,2,1,0.06896551724137931,0.6666666666666666,2,1.0,38.3315,43.62,0,16,16,48,0.125,0,0.6480000000000001,0.648,0.05143558597025365
0.20833333333333334,1.305944570637416,0.13809467903630587,3.0879489463415593,0.9375,24.8125,4.415607265349261,0.10398693312992247,5550.34770974804,37,37,geolife,geolife_dfbsp_tau_0.125,dfbsp,0.1,adaptive,8,0.015625,40,5,3,6,0.6,0.16886543535620052,0.3759920634920635,0.06349206349206349,1,0,1,0,3,3,0.075,1.0,3,1.0,39.082499999999996,48.933899999999994,0,9,9,46,0.125,0,0.6480000000000001,0.648,0.05143558597025365
0.10416666666666667,1.394287416111397,0.24749598507224965,3.2791369219366717,0.875,18.75,3.781200700468368,0.17133938684715974,5858.982156456733,38,38,geolife,geolife_dfbsp_tau_0.125,dfbsp,0.1,adaptive,8,0.015625,33,3,1,8,0.3333333333333333,0.2,0.15625,0.03125,0,0,2,0,1,1,0.030303030303030304,0.5,1,1.0,38.2715,42.59415,0,14,14,48,0.125,0,0.6480000000000001,0.648,0.05143558597025365
0.375,0.7282795276924615,0.14326716374254542,2.584603104054439,1.0,28.0625,4.481128728331326,0.25534083344406594,3084.2031433793018,39,39,geolife,geolife_dfbsp_tau_0.125,dfbsp,0.1,adaptive,8,0.015625,41,2,1,2,0.5,0.06666666666666667,0.26785714285714285,0.017857142857142856,1,0,0,0,1,1,0.024390243902439025,1.0,1,1.0,38.186,49.94854999999999,0,7,7,42,0.125,0,0.6480000000000001,0.648,0.05143558597025365
0.3541666666666667,0.6630922317655457,0.2607968807047305,1.936338211263607,1.0,18.291666666666668,3.693626037082597,0.23117977992861474,2790.0714792430645,43,43,geolife,geolife_dfbsp_tau_0.125,dfbsp,0.1,adaptive,8,0.015625,28,3,0,6,0.0,0.0,0.14583333333333334,0.0,0,0,2,0,1,0,0.0,0.0,0,1.0,38.387,44.16195,0,17,17,48,0.125,0,0.6480000000000001,0.648,0.05143558597025365
0.5416666666666666,0.4583333333333333,0.17435069469677633,2.1767778376112386,1.0,31.958333333333332,4.410387992441938,0.3673159719698904,1926.7909894163195,52,52,geolife,geolife_dfbsp_tau_0.125,dfbsp,0.1,adaptive,8,0.015625,35,0,0,4,nan,nan,0.0,0.0,0,0,0,0,0,0,0.0,nan,0,1.0,38.622,50.65369999999999,0,13,13,48,0.125,0,0.6480000000000001,0.648,0.05143558597025365
0.0,1.7224089680456036,0.20762153354190374,3.0278371155094224,0.9791666666666666,18.041666666666668,3.823266133156816,0.20762153354190374,7246.902454416239,54,54,geolife,geolife_dfbsp_tau_0.125,dfbsp,0.1,adaptive,8,0.015625,38,3,3,8,1.0,1.0,0.07083333333333333,0.07083333333333333,0,0,0,0,3,3,0.07894736842105263,1.0,3,1.0,38.4815,49.5858,0,15,15,48,0.125,0,0.6480000000000001,0.648,0.05143558597025365
0.0,1.6792617219650732,0.1918159915315619,3.338510469309876,0.7916666666666666,14.0625,3.6169748652811875,0.1918159915315619,7106.437451269724,58,58,geolife,geolife_dfbsp_tau_0.125,dfbsp,0.1,adaptive,8,0.015625,35,8,5,12,0.625,0.495164410058027,0.3590277777777778,0.17777777777777776,1,0,2,2,5,3,0.14285714285714285,1.0,5,1.0,38.927,53.850749999999984,0,13,13,48,0.125,0,0.6480000000000001,0.648,0.05143558597025365
0.0,1.6792617219650732,0.21398291014159718,3.7562827501088916,0.7708333333333334,22.5625,4.129120896297653,0.2139829101415971,7106.437451269724,59,59,geolife,geolife_dfbsp_tau_0.125,dfbsp,0.1,adaptive,8,0.015625,36,1,1,2,1.0,1.0,0.015625,0.015625,0,0,0,0,1,1,0.027777777777777776,1.0,1,1.0,37.8905,44.65389999999999,0,11,11,44,0.125,0,0.6480000000000001,0.648,0.05143558597025365
0.020833333333333332,1.0740906080438342,0.19300759244066581,2.4749341971265078,0.9791666666666666,16.1875,3.7578318352331004,0.17217425910733253,4568.16803956399,62,62,geolife,geolife_dfbsp_tau_0.125,dfbsp,0.1,adaptive,8,0.015625,35,4,3,10,0.75,0.2286501377410468,0.32410714285714287,0.07410714285714286,1,0,0,0,3,3,0.08571428571428572,1.0,3,1.0,38.842,49.049749999999996,0,11,10,43,0.125,0,0.6480000000000001,0.648,0.05143558597025365
0.0,1.1666666666666667,0.19650782852880777,2.560771874618024,0.9166666666666666,16.104166666666668,3.7453088678339372,0.1965078285288077,4870.25,64,64,geolife,geolife_dfbsp_tau_0.125,dfbsp,0.1,adaptive,8,0.015625,35,4,2,9,0.5,0.49218749999999994,0.17777777777777778,0.0875,0,0,2,1,2,1,0.05714285714285714,1.0,2,1.0,38.3565,44.762249999999995,0,13,10,48,0.125,0,0.6480000000000001,0.648,0.05143558597025365
0.5,0.5208333333333334,0.2502263007544468,1.6407455241487507,1.0,14.479166666666666,3.4531550412805765,0.24977369924555318,2178.069746976091,68,68,geolife,geolife_dfbsp_tau_0.125,dfbsp,0.1,adaptive,8,0.015625,33,6,3,12,0.5,0.3527980535279805,0.18348214285714284,0.06473214285714285,0,0,1,0,5,3,0.09090909090909091,1.0,3,1.0,38.792,55.20334999999999,0,13,13,48,0.125,0,0.6480000000000001,0.648,0.05143558597025365
0.041666666666666664,1.1132526248720247,0.2503644569521976,2.760101963265393,1.0,23.333333333333332,4.01198897012071,0.20869779028553095,4683.428238504243,69,69,geolife,geolife_dfbsp_tau_0.125,dfbsp,0.1,adaptive,8,0.015625,37,2,1,1,0.5,0.25,0.08333333333333333,0.020833333333333332,0,0,1,0,1,1,0.02702702702702703,0.5,1,1.0,37.996,45.92525,0,10,10,48,0.125,0,0.6480000000000001,0.648,0.05143558597025365
0.0625,1.3586998341843268,0.17522013273390605,2.9280128709400786,0.8541666666666666,18.125,3.8192895531667053,0.16921257251938374,5752.197538201232,73,73,geolife,geolife_dfbsp_tau_0.125,dfbsp,0.1,adaptive,8,0.015625,31,3,1,9,0.3333333333333333,0.16,0.11160714285714285,0.017857142857142856,0,0,1,0,2,1,0.03225806451612903,0.5,1,1.0,38.096000000000004,51.369949999999996,0,10,10,41,0.125,0,0.6480000000000001,0.648,0.05143558597025365
0.375,0.9499322448437019,0.19725010407992002,2.5203771054904807,1.0,22.375,4.104934347067383,0.17774989592007995,3975.0478710415714,74,74,geolife,geolife_dfbsp_tau_0.125,dfbsp,0.1,adaptive,8,0.015625,38,3,0,4,0.0,0.0,0.29910714285714285,0.0,1,0,0,0,2,0,0.0,0.0,0,1.0,38.3765,45.22344999999999,0,9,9,48,0.125,0,0.6480000000000001,0.648,0.05143558597025365
0.375,1.3700234782932608,0.26156206687318245,2.6443183081291224,0.9375,19.9375,3.668087944512411,0.14852271670480424,5825.738162193612,78,78,geolife,geolife_dfbsp_tau_0.125,dfbsp,0.1,adaptive,8,0.015625,30,4,2,8,0.5,0.03906250000000001,1.0666666666666664,0.041666666666666664,1,0,0,0,3,2,0.06666666666666667,0.5,2,1.0,38.451499999999996,53.29325,0,17,17,48,0.125,0,0.6480000000000001,0.648,0.05143558597025365
0.25,0.9735440909163229,0.20213590398739664,2.311309870970103,1.0,18.979166666666668,3.9247438019129373,0.26615158427835406,4082.8071353183623,79,79,geolife,geolife_dfbsp_tau_0.125,dfbsp,0.1,adaptive,8,0.015625,33,0,0,7,nan,nan,0.0,0.0,0,0,0,0,0,0,0.0,nan,0,1.0,38.677,42.179,0,13,13,46,0.125,0,0.6480000000000001,0.648,0.05143558597025365
0.0,1.3015028323958244,0.19665108200338977,1.9766306218558591,1.0,14.75,3.5880969367490807,0.19665108200338974,5551.706345277438,82,82,geolife,geolife_dfbsp_tau_0.125,dfbsp,0.1,adaptive,8,0.015625,37,4,4,11,1.0,1.0,0.09583333333333333,0.09583333333333333,0,0,0,0,4,4,0.10810810810810811,1.0,4,1.0,38.367,47.415099999999995,0,13,13,48,0.125,0,0.6480000000000001,0.648,0.05143558597025365
0.5416666666666666,0.8125,0.20816341594583676,2.363545071359868,1.0,24.125,4.155890701345393,0.3335032507208299,3466.875691033778,83,83,geolife,geolife_dfbsp_tau_0.125,dfbsp,0.1,adaptive,8,0.015625,38,5,4,6,0.8,0.6648044692737429,0.18645833333333334,0.12395833333333332,0,0,2,1,3,3,0.10526315789473684,1.0,4,1.0,38.751999999999995,50.71009999999998,0,13,13,48,0.125,0,0.6480000000000001,0.648,0.05143558597025365
0.14583333333333334,1.50867516385414,0.2261980656688265,2.56991361059217,1.0,23.0625,4.073139673756045,0.1085682865383729,6432.280459707062,84,84,geolife,geolife_dfbsp_tau_0.125,dfbsp,0.1,adaptive,8,0.015625,38,4,3,5,0.75,0.6557377049180327,0.09077380952380952,0.05952380952380952,0,0,0,0,4,3,0.07894736842105263,1.0,3,1.0,38.141000000000005,44.178749999999994,0,13,12,46,0.125,0,0.6480000000000001,0.648,0.05143558597025365
0.0,1.8102692130623366,0.25399149193520476,3.2521770712631413,1.0,22.145833333333332,3.906274986801814,0.25399149193520487,7704.532596349895,89,89,geolife,geolife_dfbsp_tau_0.125,dfbsp,0.1,adaptive,8,0.015625,33,3,0,3,0.0,0.0,0.3229166666666667,0.0,1,0,1,0,1,0,0.0,0.0,0,1.0,38.317,42.654,0,14,14,48,0.125,0,0.6480000000000001,0.648,0.05143558597025365
0.9375,0.0625,0.2643220786012331,1.4176818410790466,1.0,17.875,3.6598828508363774,0.673177921398767,260.90625,102,102,geolife,geolife_dfbsp_tau_0.125,dfbsp,0.1,adaptive,8,0.015625,32,5,1,7,0.2,0.10494752623688154,0.39702380952380956,0.041666666666666664,1,0,2,1,2,0,0.03125,1.0,1,1.0,39.078,50.977549999999994,0,14,14,48,0.125,0,0.6480000000000001,0.648,0.05143558597025365
0.5416666666666666,0.5776650429449554,0.2119729161655262,2.0346765184589963,1.0,21.791666666666668,4.038129705211474,0.32969375050114047,2425.7090981197844,103,103,geolife,geolife_dfbsp_tau_0.125,dfbsp,0.1,adaptive,8,0.015625,36,4,3,6,0.75,0.7407407407407408,0.08035714285714285,0.05952380952380952,0,0,0,0,4,3,0.08333333333333333,0.5,3,1.0,38.4165,51.18295,0,15,14,48,0.125,0,0.6480000000000001,0.648,0.05143558597025365
0.5208333333333334,0.4791666666666667,0.18308158546608555,1.9730205196815616,1.0,19.0625,3.9164189463420205,0.33775174786724776,2044.567715225049,104,104,geolife,geolife_dfbsp_tau_0.125,dfbsp,0.1,adaptive,8,0.015625,41,3,1,6,0.3333333333333333,0.014778325123152709,1.0572916666666667,0.015625,1,0,1,0,1,1,0.024390243902439025,0.5,1,1.0,37.916,45.11274999999999,0,9,9,48,0.125,0,0.6480000000000001,0.648,0.05143558597025365
0.0,2.2094289974002788,0.22869521124612582,4.147380936405255,0.7291666666666666,18.729166666666668,3.7846205832950606,0.22869521124612588,9257.458820305048,113,113,geolife,geolife_dfbsp_tau_0.125,dfbsp,0.1,adaptive,8,0.015625,36,7,1,8,0.14285714285714285,0.006050826946349335,2.5822916666666664,0.015625,4,0,1,0,2,1,0.027777777777777776,1.0,1,1.0,38.397,51.83094999999999,0,13,13,48,0.125,0,0.6480000000000001,0.648,0.05143558597025365
0.3541666666666667,1.1473139127471972,0.22075171310892186,2.755940547522602,0.9791666666666666,20.5625,3.9097879569399088,0.1334149535577448,4888.73078833271,119,119,geolife,geolife_dfbsp_tau_0.125,dfbsp,0.1,adaptive,8,0.015625,35,1,1,6,1.0,1.0,0.017857142857142856,0.017857142857142856,0,0,0,0,1,1,0.02857142857142857,1.0,1,1.0,38.622,43.06265,0,14,14,48,0.125,0,0.6480000000000001,0.648,0.05143558597025365
0.875,0.14583333333333334,0.209136309476435,1.6010261509545038,1.0,21.041666666666668,4.005752828085101,0.6658636905235651,618.408742440228,122,122,geolife,geolife_dfbsp_tau_0.125,dfbsp,0.1,adaptive,8,0.015625,34,5,4,10,0.8,0.22935779816513766,0.32440476190476186,0.0744047619047619,1,0,0,0,4,4,0.11764705882352941,1.0,4,1.0,38.312,46.74395,0,16,16,48,0.125,0,0.6480000000000001,0.648,0.05143558597025365
0.0,1.5368458439850243,0.17483205542932378,2.508206511245191,1.0,17.604166666666668,3.8971844498772845,0.17483205542932376,6484.38071343692,128,128,geolife,geolife_dfbsp_tau_0.125,dfbsp,0.1,adaptive,8,0.015625,41,4,3,8,0.75,0.7627118644067797,0.08779761904761904,0.06696428571428571,0,0,0,0,4,3,0.07317073170731707,1.0,3,1.0,38.3465,51.26665,0,11,11,45,0.125,0,0.6480000000000001,0.648,0.05143558597025365
0.4791666666666667,0.9376170958166724,0.20655729420809785,2.8676546802247507,0.625,13.604166666666666,3.575669587710213,0.28338089057804977,3953.128143199309,129,129,geolife,geolife_dfbsp_tau_0.125,dfbsp,0.1,adaptive,8,0.015625,29,3,1,13,0.3333333333333333,0.010309278350515465,2.020833333333333,0.020833333333333332,2,0,0,0,1,1,0.034482758620689655,0.5,1,1.0,38.817499999999995,46.1356,0,16,14,45,0.125,0,0.6480000000000001,0.648,0.05143558597025365
0.8333333333333334,0.3321723314583158,0.1708447546741271,2.0051339551195166,1.0,18.520833333333332,3.9519543501743146,0.6624885786592062,1412.0141068698558,138,138,geolife,geolife_dfbsp_tau_0.125,dfbsp,0.1,adaptive,8,0.015625,37,3,1,9,0.3333333333333333,0.047619047619047616,1.3125,0.0625,2,0,1,1,0,0,0.02702702702702703,1.0,1,1.0,38.641999999999996,51.027649999999994,0,11,11,48,0.125,0,0.6480000000000001,0.648,0.05143558597025365
0.0,1.658154313267233,0.2805530378896712,2.7502353563249655,1.0,15.75,3.5313707884618015,0.2805530378896712,6957.058542809114,142,142,geolife,geolife_dfbsp_tau_0.125,dfbsp,0.1,adaptive,8,0.015625,37,3,1,5,0.3333333333333333,0.03773584905660377,1.1041666666666667,0.041666666666666664,1,0,2,1,0,0,0.02702702702702703,0.5,1,1.0,39.082499999999996,49.35845,0,13,13,48,0.125,0,0.6480000000000001,0.648,0.05143558597025365
0.20833333333333334,1.271883282762244,0.20591378676741004,2.559722566955689,0.9791666666666666,20.708333333333332,3.9761816995107124,0.0705136346461528,5359.085997707767,144,144,geolife,geolife_dfbsp_tau_0.125,dfbsp,0.1,adaptive,8,0.015625,37,5,4,6,0.8,0.288135593220339,0.35119047619047616,0.10119047619047619,1,0,0,0,4,4,0.10810810810810811,1.0,4,1.0,38.517,45.41609999999999,0,11,11,48,0.125,0,0.6480000000000001,0.648,0.05143558597025365
0.25,0.8708122890254861,0.23067688000708064,2.6817925013627684,0.9791666666666666,18.479166666666668,3.817910850975572,0.061775735254098595,3679.4031908828542,147,147,geolife,geolife_dfbsp_tau_0.125,dfbsp,0.1,adaptive,8,0.015625,35,0,0,4,nan,nan,0.0,0.0,0,0,0,0,0,0,0.0,nan,0,1.0,38.2915,45.900549999999996,0,12,12,48,0.125,0,0.6480000000000001,0.648,0.05143558597025365
0.875,0.19241808286457895,0.1942159160074044,1.7713243296534535,1.0,14.958333333333334,3.631756855684081,0.6807840839925956,809.8944837406433,153,153,geolife,geolife_dfbsp_tau_0.125,dfbsp,0.1,adaptive,8,0.015625,37,10,6,14,0.6,0.3477956613016095,0.49618055555555557,0.17256944444444444,1,0,2,2,7,4,0.16216216216216217,1.0,6,1.0,38.552,51.88864999999999,0,14,14,48,0.125,0,0.6480000000000001,0.648,0.05143558597025365
0.0,1.4467686042937988,0.226851208972061,2.537900798529123,1.0,17.0,3.6855300883671975,0.22685120897206104,6061.544000206399,163,163,geolife,geolife_dfbsp_tau_0.125,dfbsp,0.1,adaptive,8,0.015625,38,6,3,9,0.5,0.41336353340883353,0.1313988095238095,0.054315476190476185,0,0,0,0,6,3,0.07894736842105263,1.0,3,1.0,38.501999999999995,46.23004999999999,0,11,11,48,0.125,0,0.6480000000000001,0.648,0.05143558597025365
0.3333333333333333,1.431454725661937,0.1837644173815455,2.4062815803999995,1.0,22.416666666666668,4.129602674090975,0.29442696867104085,6014.910701324866,167,167,geolife,geolife_dfbsp_tau_0.125,dfbsp,0.1,adaptive,8,0.015625,36,4,3,5,0.75,0.2727272727272727,0.34375,0.09375,1,0,1,1,2,2,0.08333333333333333,1.0,3,1.0,38.2815,52.18429999999999,0,9,9,48,0.125,0,0.6480000000000001,0.648,0.05143558597025365
0.0,2.288848695123605,0.21528906224391206,5.097423250424301,0.3958333333333333,19.125,3.8584646850079136,0.215289062243912,9683.612099115564,168,168,geolife,geolife_dfbsp_tau_0.125,dfbsp,0.1,adaptive,8,0.015625,42,4,1,4,0.25,0.03571428571428571,0.5833333333333334,0.020833333333333332,2,0,1,0,1,1,0.023809523809523808,0.3333333333333333,1,1.0,38.0815,47.403949999999995,0,9,9,48,0.125,0,0.6480000000000001,0.648,0.05143558597025365
0.5,0.8819921027181019,0.17728836424406633,3.037516418744234,0.8125,21.3125,4.0889350869248755,0.3227116357559337,3713.477874636212,169,169,geolife,geolife_dfbsp_tau_0.125,dfbsp,0.1,adaptive,8,0.015625,34,2,2,9,1.0,1.0,0.0625,0.0625,0,0,1,1,1,1,0.058823529411764705,1.0,2,1.0,38.667,50.6423,0,14,14,48,0.125,0,0.6480000000000001,0.648,0.05143558597025365
0.3125,1.1666666666666667,0.18188175541715715,2.3181619131890487,1.0,17.041666666666668,3.830498933229741,0.14224920657502219,4870.25,179,179,geolife,geolife_dfbsp_tau_0.125,dfbsp,0.1,adaptive,8,0.015625,36,2,2,8,1.0,1.0,0.033482142857142856,0.033482142857142856,0,0,0,0,2,2,0.05555555555555555,1.0,2,1.0,38.9725,48.87539999999999,0,10,8,45,0.125,0,0.6480000000000001,0.648,0.05143558597025365
0.0,2.2854312397703205,0.11012473904502672,3.2025679402403155,1.0,29.041666666666668,4.713093642366585,0.11012473904502669,9597.45714624338,2,2,geolife,geolife_data_rdfbsp_tau_0.125,rdfbsp,0.1,adaptive,8,0.015625,35,6,1,6,0.16666666666666666,0.012917115177610333,1.3824404761904763,0.017857142857142856,2,0,1,0,3,1,0.02857142857142857,0.5,1,1.0,90.98400000000001,110.6203,0,4,0,25,0.125,2,0.6480000000000001,0.648,0.05143558597025365
0.0,1.2050784759710587,0.11514759877184616,2.6724246182486535,1.0,27.833333333333332,4.617654903505529,0.1151475987718462,5080.947700043352,3,3,geolife,geolife_data_rdfbsp_tau_0.125,rdfbsp,0.1,adaptive,8,0.015625,40,4,2,7,0.5,0.5675675675675677,0.15416666666666665,0.0875,0,0,2,1,2,1,0.05,0.5,2,1.0,89.1765,110.64295,0,6,0,33,0.125,2,0.6480000000000001,0.648,0.05143558597025365
0.4791666666666667,0.7379626062886656,0.1090831710452182,2.521303886317686,1.0,27.791666666666668,4.6363426846474525,0.47459937286574255,3089.2345351185236,4,4,geolife,geolife_data_rdfbsp_tau_0.125,rdfbsp,0.1,adaptive,8,0.015625,31,3,0,10,0.0,0.0,0.14583333333333334,0.0,0,0,2,0,1,0,0.0,0.0,0,1.0,92.1605,108.2473,0,1,0,17,0.125,2,0.6480000000000001,0.648,0.05143558597025365
0.4791666666666667,0.7441035613488438,0.11266864434530689,3.0361226555326426,0.9791666666666666,28.916666666666668,4.661924944621625,0.3664980223213597,3165.496203566457,7,7,geolife,geolife_data_rdfbsp_tau_0.125,rdfbsp,0.1,adaptive,8,0.015625,40,5,2,6,0.4,0.17105263157894737,0.2261904761904762,0.03869047619047619,0,0,3,0,2,2,0.05,1.0,2,1.0,89.7075,112.93875,0,2,0,20,0.125,2,0.6480000000000001,0.648,0.05143558597025365
0.0,2.0994573213585226,0.10837954307738538,3.640597352259196,1.0,31.625,4.7947637550202025,0.10837954307738541,8835.106452064596,8,8,geolife,geolife_data_rdfbsp_tau_0.125,rdfbsp,0.1,adaptive,8,0.015625,42,6,2,3,0.3333333333333333,0.1024390243902439,0.35590277777777773,0.03645833333333333,1,0,0,0,5,2,0.047619047619047616,1.0,2,1.0,89.3765,104.26379999999999,0,1,0,19,0.125,2,0.6480000000000001,0.648,0.05143558597025365
0.14583333333333334,2.144892322374465,0.1142671420417497,4.1706676502449005,0.6875,27.6875,4.621830497060365,0.13728920412562245,9103.438939160053,12,12,geolife,geolife_data_rdfbsp_tau_0.125,rdfbsp,0.1,adaptive,8,0.015625,37,5,0,7,0.0,0.0,1.3616071428571428,0.0,2,0,1,0,2,0,0.0,0.0,0,1.0,90.7935,104.70639999999999,0,7,0,27,0.125,2,0.6480000000000001,0.648,0.05143558597025365
0.9166666666666666,0.08333333333333333,0.11013790589133425,2.3482714445099933,1.0,29.354166666666668,4.706047335440606,0.8241368375252867,355.57699395218236,14,14,geolife,geolife_data_rdfbsp_tau_0.125,rdfbsp,0.1,adaptive,8,0.015625,34,6,1,5,0.16666666666666666,0.044623884402889925,0.35014880952380956,0.015625,1,0,0,0,5,1,0.029411764705882353,1.0,1,1.0,91.435,111.1369,0,3,0,22,0.125,2,0.6480000000000001,0.648,0.05143558597025365
0.0,2.4712978467291555,0.10702159985828351,3.2279744441348055,1.0,32.520833333333336,4.8694849105803275,0.10702159985828351,10382.814268542554,17,17,geolife,geolife_data_rdfbsp_tau_0.125,rdfbsp,0.1,adaptive,8,0.015625,32,3,0,4,0.0,0.0,0.5625,0.0,2,0,1,0,0,0,0.0,0.0,0,1.0,93.588,115.45865,0,3,0,21,0.125,2,0.6480000000000001,0.648,0.05143558597025365
0.0,3.548563764876997,0.10101570821462418,4.735100752905937,0.4791666666666667,32.666666666666664,4.883778773843084,0.10101570821462415,15078.362227298092,18,18,geolife,geolife_data_rdfbsp_tau_0.125,rdfbsp,0.1,adaptive,8,0.015625,39,2,0,3,0.0,0.0,0.07291666666666666,0.0,0,0,1,0,1,0,0.0,0.0,0,1.0,91.5145,102.2999,0,1,0,17,0.125,2,0.6480000000000001,0.648,0.05143558597025365
0.0,2.380928361026021,0.1149694664381372,3.3831098070526013,1.0,28.0625,4.606069118844371,0.11496946643813717,10062.68885663873,19,19,geolife,geolife_data_rdfbsp_tau_0.125,rdfbsp,0.1,adaptive,8,0.015625,35,5,1,7,0.2,0.11351351351351353,0.1376488095238095,0.015625,0,0,1,0,4,1,0.02857142857142857,0.5,1,1.0,91.82050000000001,109.9465,0,6,0,29,0.125,2,0.6480000000000001,0.648,0.05143558597025365
0.4583333333333333,0.9166666666666666,0.1210315654182275,2.544751236006556,1.0,25.541666666666668,4.521456043546072,0.3549098446650601,3876.6879606891857,22,22,geolife,geolife_data_rdfbsp_tau_0.125,rdfbsp,0.1,adaptive,8,0.015625,34,3,0,7,0.0,0.0,1.1041666666666667,0.0,1,0,2,0,0,0,0.0,0.0,0,1.0,91.144,113.04115,0,8,2,37,0.125,2,0.6480000000000001,0.648,0.05143558597025365
0.75,0.36163511400775533,0.11373575963341394,2.382839018508479,1.0,26.375,4.562798249878144,0.636264240366586,1524.8224881228864,27,27,geolife,geolife_data_rdfbsp_tau_0.125,rdfbsp,0.1,adaptive,8,0.015625,35,2,1,8,0.5,0.5,0.041666666666666664,0.020833333333333332,0,0,0,0,2,1,0.02857142857142857,1.0,1,1.0,92.8015,105.5886,0,6,0,27,0.125,2,0.6480000000000001,0.648,0.05143558597025365
0.5,1.1041666666666667,0.1092110695628255,2.4152928202018358,1.0,29.770833333333332,4.72296056950375,0.3907889304371744,4705.618674402281,28,28,geolife,geolife_data_rdfbsp_tau_0.125,rdfbsp,0.1,adaptive,8,0.015625,34,3,0,3,0.0,0.0,0.10535714285714284,0.0,0,0,1,0,2,0,0.0,0.0,0,1.0,92.6565,111.03464999999998,0,4,2,20,0.125,2,0.6480000000000001,0.648,0.05143558597025365
0.0,1.8603017827231716,0.10977690739919498,3.2920282902680174,0.8958333333333334,29.770833333333332,4.721518124013104,0.10977690739919493,7810.449118793778,29,29,geolife,geolife_data_rdfbsp_tau_0.125,rdfbsp,0.1,adaptive,8,0.015625,38,5,1,5,0.2,0.08968609865470852,0.19910714285714284,0.017857142857142856,0,0,2,0,3,1,0.02631578947368421,0.5,1,1.0,90.27350000000001,107.03604999999999,0,2,0,23,0.125,2,0.6480000000000001,0.648,0.05143558597025365
0.041666666666666664,1.4799427531947655,0.1139212721073009,2.764926727261448,1.0,26.270833333333332,4.579851366350772,0.13797986202401327,6201.898756292502,34,34,geolife,geolife_data_rdfbsp_tau_0.125,rdfbsp,0.1,adaptive,8,0.015625,29,6,1,9,0.16666666666666666,0.02097902097902098,1.1916666666666667,0.025,1,0,3,0,2,1,0.034482758620689655,0.3333333333333333,1,1.0,92.8365,110.43969999999999,0,7,0,27,0.125,2,0.6480000000000001,0.648,0.05143558597025365
0.0,1.7899383158199857,0.1120842340087229,3.1384167997853023,1.0,31.5625,4.732036398612411,0.11208423400872292,7603.422139606733,37,37,geolife,geolife_data_rdfbsp_tau_0.125,rdfbsp,0.1,adaptive,8,0.015625,40,5,0,2,0.0,0.0,0.3759920634920635,0.0,1,0,1,0,3,0,0.0,0.0,0,1.0,89.407,103.93095,0,2,0,30,0.125,2,0.6480000000000001,0.648,0.05143558597025365
0.0,1.8378209986766552,0.10716997926334426,3.8648763856152084,0.9375,30.5625,4.774128220236952,0.10716997926334425,7759.367943772665,38,38,geolife,geolife_data_rdfbsp_tau_0.125,rdfbsp,0.1,adaptive,8,0.015625,33,3,0,5,0.0,0.0,0.15625,0.0,0,0,2,0,1,0,0.0,0.0,0,1.0,90.8185,109.08915,0,2,0,20,0.125,2,0.6480000000000001,0.648,0.05143558597025365
0.041666666666666664,1.2708333333333333,0.10098415384156885,3.017327963948741,1.0,38.958333333333336,5.044699291895729,0.05931748717490218,5328.199731856548,39,39,geolife,geolife_data_rdfbsp_tau_0.125,rdfbsp,0.1,adaptive,8,0.015625,41,2,0,1,0.0,0.0,0.26785714285714285,0.0,1,0,0,0,1,0,0.0,0.0,0,1.0,88.79599999999999,102.47019999999999,0,0,0,17,0.125,2,0.6480000000000001,0.648,0.05143558597025365
0.2916666666666667,0.742851130197758,0.10916425372462424,2.6544036395411834,1.0,33.145833333333336,4.842875953171654,0.20011048969199666,3108.4334872132636,43,43,geolife,geolife_data_rdfbsp_tau_0.125,rdfbsp,0.1,adaptive,8,0.015625,28,3,1,9,0.3333333333333333,0.14285714285714285,0.14583333333333334,0.020833333333333332,0,0,2,0,1,1,0.03571428571428571,0.5,1,1.0,93.1175,115.45629999999998,0,7,0,26,0.125,2,0.6480000000000001,0.648,0.05143558597025365
0.0,1.4510453643354937,0.11173121764505355,2.816956367583058,1.0,28.5625,4.684593715337324,0.11173121764505355,6148.1883989885,52,52,geolife,geolife_data_rdfbsp_tau_0.125,rdfbsp,0.1,adaptive,8,0.015625,35,0,0,6,nan,nan,0.0,0.0,0,0,0,0,0,0,0.0,nan,0,1.0,90.6035,104.50965,0,4,0,23,0.125,2,0.6480000000000001,0.648,0.05143558597025365
0.14583333333333334,1.8755481507290164,0.11004065584254667,3.990816876345342,0.9791666666666666,28.958333333333332,4.739359876907116,0.16157985009350265,7866.713595353401,54,54,geolife,geolife_data_rdfbsp_tau_0.125,rdfbsp,0.1,adaptive,8,0.015625,38,3,3,7,1.0,1.0,0.07083333333333333,0.07083333333333333,0,0,0,0,3,3,0.07894736842105263,1.0,3,1.0,89.842,109.63734999999998,0,4,0,22,0.125,2,0.6480000000000001,0.648,0.05143558597025365
0.0,1.6792617219650732,0.11483530099832683,3.9652405550383247,0.7916666666666666,25.3125,4.451663403538315,0.11483530099832683,7106.437451269724,58,58,geolife,geolife_data_rdfbsp_tau_0.125,rdfbsp,0.1,adaptive,8,0.015625,35,8,1,8,0.125,0.08704061895551257,0.3590277777777778,0.03125,1,0,2,0,5,1,0.02857142857142857,0.5,1,1.0,90.679,114.25465,0,6,0,31,0.125,2,0.6480000000000001,0.648,0.05143558597025365
0.0,2.347570593698374,0.10371548084890157,3.8732615382857722,0.7916666666666666,31.979166666666668,4.781487369942562,0.10371548084890152,9871.292411828761,59,59,geolife,geolife_data_rdfbsp_tau_0.125,rdfbsp,0.1,adaptive,8,0.015625,36,1,1,4,1.0,1.0,0.015625,0.015625,0,0,0,0,1,1,0.027777777777777776,1.0,1,1.0,89.832,106.04034999999999,0,2,0,21,0.125,2,0.6480000000000001,0.648,0.05143558597025365
0.020833333333333332,1.2142556509887898,0.1155825718622967,3.1163555417012874,0.9791666666666666,27.125,4.589491694413298,0.11880782844567578,5103.991937578269,62,62,geolife,geolife_data_rdfbsp_tau_0.125,rdfbsp,0.1,adaptive,8,0.015625,35,4,2,8,0.5,0.1515151515151515,0.32410714285714287,0.049107142857142856,1,0,0,0,3,2,0.05714285714285714,1.0,2,1.0,90.93950000000001,110.2863,0,5,0,30,0.125,2,0.6480000000000001,0.648,0.05143558597025365
0.041666666666666664,1.2180883864652972,0.11264694821697628,2.600486007666268,1.0,24.9375,4.488667976483611,0.07098028155030962,5101.162654374615,64,64,geolife,geolife_data_rdfbsp_tau_0.125,rdfbsp,0.1,adaptive,8,0.015625,35,4,3,10,0.75,0.6484375,0.17777777777777778,0.11527777777777778,0,0,2,1,2,2,0.08571428571428572,1.0,3,1.0,91.334,114.16424999999998,0,6,0,25,0.125,2,0.6480000000000001,0.648,0.05143558597025365
0.0,2.0,0.11103858167734594,3.3253248678181198,1.0,29.208333333333332,4.6970563187139485,0.11103858167734594,8533.847854852382,68,68,geolife,geolife_data_rdfbsp_tau_0.125,rdfbsp,0.1,adaptive,8,0.015625,33,6,3,10,0.5,0.31873479318734793,0.18348214285714284,0.05848214285714286,0,0,1,0,5,3,0.09090909090909091,1.0,3,1.0,91.2595,111.59015,0,7,0,28,0.125,2,0.6480000000000001,0.648,0.05143558597025365
0.0,1.753858614480807,0.0991098561655992,3.0370711809742326,0.9166666666666666,33.729166666666664,4.860571159940361,0.09910985616559921,7350.053973832645,69,69,geolife,geolife_data_rdfbsp_tau_0.125,rdfbsp,0.1,adaptive,8,0.015625,37,2,1,3,0.5,0.25,0.08333333333333333,0.020833333333333332,0,0,1,0,1,1,0.02702702702702703,0.5,1,1.0,89.8775,105.08165,0,1,0,18,0.125,2,0.6480000000000001,0.648,0.05143558597025365
0.0,2.981399391714969,0.11550422869594057,4.191307704146563,0.7916666666666666,27.5,4.619414178756479,0.11550422869594056,12664.19350456623,73,73,geolife,geolife_data_rdfbsp_tau_0.125,rdfbsp,0.1,adaptive,8,0.015625,31,3,0,7,0.0,0.0,0.11160714285714285,0.0,0,0,1,0,2,0,0.0,0.0,0,1.0,90.0675,101.86580000000001,0,7,0,28,0.125,2,0.6480000000000001,0.648,0.05143558597025365
0.0,1.951915047884852,0.11806557087937919,2.8722399760410386,1.0,26.520833333333332,4.535803132789476,0.11806557087937919,8259.186552576575,74,74,geolife,geolife_data_rdfbsp_tau_0.125,rdfbsp,0.1,adaptive,8,0.015625,38,3,2,8,0.6666666666666666,0.16417910447761194,0.29910714285714285,0.049107142857142856,1,0,0,0,2,2,0.05263157894736842,0.6666666666666666,2,1.0,89.58699999999999,108.98049999999999,0,5,0,32,0.125,2,0.6480000000000001,0.648,0.05143558597025365
0.2708333333333333,1.7909707570970375,0.11573361712411478,3.640617122902153,0.7708333333333334,26.208333333333332,4.551993026122468,0.20863938751586683,7604.965157322192,78,78,geolife,geolife_data_rdfbsp_tau_0.125,rdfbsp,0.1,adaptive,8,0.015625,30,4,1,9,0.25,0.019531250000000003,1.0666666666666664,0.020833333333333332,1,0,0,0,3,1,0.03333333333333333,0.25,1,1.0,94.0385,114.9,0,9,0,34,0.125,2,0.6480000000000001,0.648,0.05143558597025365
0.0,2.3357140126846647,0.10894302164519225,3.0241984779812174,1.0,30.229166666666668,4.733016424487081,0.10894302164519222,9796.280022641089,79,79,geolife,geolife_data_rdfbsp_tau_0.125,rdfbsp,0.1,adaptive,8,0.015625,33,0,0,6,nan,nan,0.0,0.0,0,0,0,0,0,0,0.0,nan,0,1.0,92.527,108.8428,0,4,0,22,0.125,2,0.6480000000000001,0.648,0.05143558597025365
0.0,2.2083333333333335,0.11545426066250351,3.0374987122073223,1.0,27.520833333333332,4.63720165848767,0.11545426066250349,9422.790339732832,82,82,geolife,geolife_data_rdfbsp_tau_0.125,rdfbsp,0.1,adaptive,8,0.015625,37,4,1,7,0.25,0.26086956521739135,0.09583333333333333,0.025,0,0,0,0,4,1,0.02702702702702703,1.0,1,1.0,90.46350000000001,104.80995,0,6,0,29,0.125,2,0.6480000000000001,0.648,0.05143558597025365
0.10416666666666667,1.75,0.10399019903191793,3.006639612468406,1.0,34.1875,4.861048913170031,0.14892117350212716,7467.116872995834,83,83,geolife,geolife_data_rdfbsp_tau_0.125,rdfbsp,0.1,adaptive,8,0.015625,38,5,2,5,0.4,0.1955307262569832,0.18645833333333334,0.03645833333333333,0,0,2,0,3,2,0.05263157894736842,1.0,2,1.0,90.84899999999999,106.89525,0,4,0,27,0.125,2,0.6480000000000001,0.648,0.05143558597025365
0.4583333333333333,0.805351130197758,0.10722209289967043,2.576855736954743,1.0,33.041666666666664,4.868675755354061,0.35111124043366293,3423.2536948785387,84,84,geolife,geolife_data_rdfbsp_tau_0.125,rdfbsp,0.1,adaptive,8,0.015625,38,4,3,6,0.75,0.6557377049180327,0.09077380952380952,0.05952380952380952,0,0,0,0,4,3,0.07894736842105263,1.0,3,1.0,90.4185,114.92805,0,2,0,21,0.125,2,0.6480000000000001,0.648,0.05143558597025365
0.0,2.7116240934907037,0.11095944185331678,4.236355494409932,0.7916666666666666,28.645833333333332,4.659319708217285,0.1109594418533168,11470.08288104795,89,89,geolife,geolife_data_rdfbsp_tau_0.125,rdfbsp,0.1,adaptive,8,0.015625,33,3,1,4,0.3333333333333333,0.12903225806451613,0.3229166666666667,0.041666666666666664,1,0,1,1,1,0,0.030303030303030304,0.3333333333333333,1,1.0,91.91499999999999,110.36489999999999,0,4,0,26,0.125,2,0.6480000000000001,0.648,0.05143558597025365
0.3541666666666667,1.3431694990624912,0.11169682492983214,2.3969758462911086,1.0,25.854166666666668,4.477454565386384,0.2600779184867888,5648.623905755613,102,102,geolife,geolife_data_rdfbsp_tau_0.125,rdfbsp,0.1,adaptive,8,0.015625,32,5,1,7,0.2,0.04497751124437781,0.39702380952380956,0.017857142857142856,1,0,2,0,2,1,0.03125,1.0,1,1.0,93.1775,111.09315000000001,0,3,0,23,0.125,2,0.6480000000000001,0.648,0.05143558597025365
0.5416666666666666,1.5643586385316801,0.10921706068991949,2.4732717042834937,1.0,28.583333333333332,4.695931024265776,0.43244960597674714,6653.559277673343,103,103,geolife,geolife_data_rdfbsp_tau_0.125,rdfbsp,0.1,adaptive,8,0.015625,36,4,2,8,0.5,0.5185185185185185,0.08035714285714285,0.041666666666666664,0,0,0,0,4,2,0.05555555555555555,1.0,2,1.0,92.706,107.09015,0,4,0,23,0.125,2,0.6480000000000001,0.648,0.05143558597025365
0.125,0.926776695296637,0.10871366172587667,2.6822694536226557,1.0,33.125,4.864973764127394,0.11048078957370328,3877.0432330878266,104,104,geolife,geolife_data_rdfbsp_tau_0.125,rdfbsp,0.1,adaptive,8,0.015625,41,3,1,3,0.3333333333333333,0.014778325123152709,1.0572916666666667,0.015625,1,0,1,0,1,1,0.024390243902439025,0.5,1,1.0,89.297,114.98375,0,2,0,21,0.125,2,0.6480000000000001,0.648,0.05143558597025365
0.0,2.5177669529663684,0.11155616447927152,4.455089934584697,0.6875,27.625,4.661301825865848,0.11155616447927151,10634.918297615264,113,113,geolife,geolife_data_rdfbsp_tau_0.125,rdfbsp,0.1,adaptive,8,0.015625,36,7,2,8,0.2857142857142857,0.015732150060508272,2.5822916666666664,0.040625,4,0,1,0,2,2,0.05555555555555555,1.0,2,1.0,90.7735,109.30899999999998,0,5,0,26,0.125,2,0.6480000000000001,0.648,0.05143558597025365
0.0,2.7290259748406895,0.11610395185877835,3.467766336055833,1.0,26.916666666666668,4.587718546617073,0.11610395185877831,11619.032636914419,119,119,geolife,geolife_data_rdfbsp_tau_0.125,rdfbsp,0.1,adaptive,8,0.015625,35,1,1,8,1.0,1.0,0.017857142857142856,0.017857142857142856,0,0,0,0,1,1,0.02857142857142857,1.0,1,1.0,90.4085,107.47565,0,7,0,33,0.125,2,0.6480000000000001,0.648,0.05143558597025365
0.1875,0.8125,0.11599451002009963,2.527538557992071,1.0,26.708333333333332,4.554315831578014,0.08911356672985467,3466.8756910337797,122,122,geolife,geolife_data_rdfbsp_tau_0.125,rdfbsp,0.1,adaptive,8,0.015625,34,5,2,10,0.4,0.11926605504587158,0.32440476190476186,0.03869047619047619,1,0,0,0,4,2,0.058823529411764705,1.0,2,1.0,92.321,110.26509999999999,0,7,0,31,0.125,2,0.6480000000000001,0.648,0.05143558597025365
0.0,2.344813101394756,0.11236624815269149,3.2173047652793554,1.0,27.979166666666668,4.674680248338082,0.11236624815269149,9876.40957990221,128,128,geolife,geolife_data_rdfbsp_tau_0.125,rdfbsp,0.1,adaptive,8,0.015625,41,4,1,5,0.25,0.35593220338983056,0.08779761904761904,0.03125,0,0,0,0,4,1,0.024390243902439025,1.0,1,1.0,92.0305,112.33449999999999,0,5,0,28,0.125,2,0.6480000000000001,0.648,0.05143558597025365
0.041666666666666664,1.184200401103412,0.1150809760336728,2.599969372106813,1.0,27.270833333333332,4.608595560524579,0.0916986658871057,4995.347697878292,129,129,geolife,geolife_data_rdfbsp_tau_0.125,rdfbsp,0.1,adaptive,8,0.015625,29,3,0,9,0.0,0.0,2.020833333333333,0.0,2,0,0,0,1,0,0.0,0.0,0,1.0,92.952,106.87365,0,8,1,31,0.125,2,0.6480000000000001,0.648,0.05143558597025365
0.0,2.328375791664981,0.1157104565635122,3.3514058171623886,1.0,27.270833333333332,4.596517553293384,0.11571045656351214,9862.059640859141,138,138,geolife,geolife_data_rdfbsp_tau_0.125,rdfbsp,0.1,adaptive,8,0.015625,37,3,0,7,0.0,0.0,1.3125,0.0,2,0,1,0,0,0,0.0,0.0,0,1.0,90.70349999999999,105.081,0,5,0,27,0.125,2,0.6480000000000001,0.648,0.05143558597025365
0.0,2.273729366816684,0.10977420027753548,4.346530770759148,1.0,33.9375,4.8668964486670845,0.10977420027753547,9582.335527896574,142,142,geolife,geolife_data_rdfbsp_tau_0.125,rdfbsp,0.1,adaptive,8,0.015625,37,3,0,4,0.0,0.0,1.1041666666666667,0.0,1,0,2,0,0,0,0.0,0.0,0,1.0,90.9395,109.72245,0,3,0,25,0.125,2,0.6480000000000001,0.648,0.05143558597025365
0.0,2.560090995636583,0.11083453833691631,3.6193810850940564,1.0,29.958333333333332,4.717337722620663,0.11083453833691631,10899.99502638776,144,144,geolife,geolife_data_rdfbsp_tau_0.125,rdfbsp,0.1,adaptive,8,0.015625,37,5,1,7,0.2,0.05084745762711865,0.35119047619047616,0.017857142857142856,1,0,0,0,4,1,0.02702702702702703,0.3333333333333333,1,1.0,90.98400000000001,110.63095,0,4,0,24,0.125,2,0.6480000000000001,0.648,0.05143558597025365
0.0,1.3191526895455208,0.11090633919788517,2.8384898848074447,1.0,30.0,4.738104220320722,0.11090633919788516,5577.3231242974,147,147,geolife,geolife_data_rdfbsp_tau_0.125,rdfbsp,0.1,adaptive,8,0.015625,35,0,0,6,nan,nan,0.0,0.0,0,0,0,0,0,0,0.0,nan,0,1.0,89.94800000000001,106.26854999999999,0,5,0,25,0.125,2,0.6480000000000001,0.648,0.05143558597025365
0.0,2.00160972974866,0.11231771006789455,3.083720827234743,1.0,28.791666666666668,4.698492026499182,0.11231771006789454,8397.753773240247,153,153,geolife,geolife_data_rdfbsp_tau_0.125,rdfbsp,0.1,adaptive,8,0.015625,37,10,4,10,0.4,0.17144856543037088,0.49618055555555557,0.08506944444444443,1,0,2,0,7,4,0.10810810810810811,0.5,4,1.0,90.5935,100.3485,0,6,0,30,0.125,2,0.6480000000000001,0.648,0.05143558597025365
0.0,2.2730904242026875,0.10812584723278641,3.1594249951838926,1.0,29.75,4.707968274902366,0.10812584723278644,9536.321455530613,163,163,geolife,geolife_data_rdfbsp_tau_0.125,rdfbsp,0.1,adaptive,8,0.015625,38,6,3,9,0.5,0.4450736126840318,0.1313988095238095,0.05848214285714286,0,0,0,0,6,3,0.07894736842105263,1.0,3,1.0,89.207,112.47989999999999,0,3,0,20,0.125,2,0.6480000000000001,0.648,0.05143558597025365
0.3333333333333333,1.6439802687417695,0.10442069142245368,3.206392002646831,1.0,36.520833333333336,4.991415003018708,0.32485855980943973,6923.901514886864,167,167,geolife,geolife_data_rdfbsp_tau_0.125,rdfbsp,0.1,adaptive,8,0.015625,36,4,2,3,0.5,0.09090909090909091,0.34375,0.03125,1,0,1,0,2,2,0.05555555555555555,1.0,2,1.0,91.33500000000001,107.9388,0,2,1,19,0.125,2,0.6480000000000001,0.648,0.05143558597025365
0.0,2.1221818159932435,0.10825919785508985,4.131149530383073,0.6875,30.583333333333332,4.78390519556125,0.10825919785508985,8996.0507989234,168,168,geolife,geolife_data_rdfbsp_tau_0.125,rdfbsp,0.1,adaptive,8,0.015625,42,4,1,5,0.25,0.03571428571428571,0.5833333333333334,0.020833333333333332,2,0,1,0,1,1,0.023809523809523808,0.3333333333333333,1,1.0,89.43199999999999,106.93294999999999,0,4,0,21,0.125,2,0.6480000000000001,0.648,0.05143558597025365
0.08333333333333333,1.784589390506758,0.1149885037119726,3.6501455585919698,0.8125,27.541666666666668,4.562059846833915,0.03165517037863925,7543.072274512119,169,169,geolife,geolife_data_rdfbsp_tau_0.125,rdfbsp,0.1,adaptive,8,0.015625,34,2,0,9,0.0,0.0,0.0625,0.0,0,0,1,0,1,0,0.0,0.0,0,1.0,92.1005,105.419,0,9,0,35,0.125,2,0.6480000000000001,0.648,0.05143558597025365
0.0,2.239276907760332,0.11135155761326528,3.312648467993345,1.0,29.666666666666668,4.692998500309765,0.11135155761326528,9413.448113222505,179,179,geolife,geolife_data_rdfbsp_tau_0.125,rdfbsp,0.1,adaptive,8,0.015625,36,2,2,9,1.0,1.0,0.033482142857142856,0.033482142857142856,0,0,0,0,2,2,0.05555555555555555,1.0,2,1.0,90.3635,110.73384999999999,0,5,0,26,0.125,2,0.6480000000000001,0.648,0.05143558597025365
0.0,1.5193130826520003,0.19393871276890937,1.9208002253077003,1.0,11.604166666666666,3.266935312735163,0.1939387127689094,6421.278388094442,2,2,geolife,geolife_dfbsp_tau_0.25,dfbsp,0.1,adaptive,8,0.015625,35,6,5,10,0.8333333333333334,0.2766415500538213,1.3824404761904763,0.38244047619047616,2,1,1,1,3,3,0.14285714285714285,0.5,5,1.0,41.411500000000004,62.589949999999995,0,12,5,48,0.25,0,0.6480000000000001,0.648,0.05143558597025365
0.4166666666666667,0.8329027033483808,0.20118956202710714,2.4233333931404437,1.0,18.916666666666668,3.919629081715746,0.2324778331056568,3508.1636458729754,3,3,geolife,geolife_dfbsp_tau_0.25,dfbsp,0.1,adaptive,8,0.015625,40,4,1,5,0.25,0.1621621621621622,0.15416666666666665,0.025,0,0,2,0,2,1,0.025,0.5,1,1.0,39.954,54.507,0,15,13,48,0.25,0,0.6480000000000001,0.648,0.05143558597025365
0.7708333333333334,0.22916666666666666,0.24723216590795385,1.558310059128208,1.0,11.8125,3.2580726060186573,0.5406184941580529,956.65625,4,4,geolife,geolife_dfbsp_tau_0.25,dfbsp,0.1,adaptive,8,0.015625,31,3,3,11,1.0,1.0,0.14583333333333334,0.14583333333333334,0,0,2,2,1,1,0.0967741935483871,1.0,3,1.0,40.849999999999994,59.959949999999985,0,15,15,48,0.25,0,0.6480000000000001,0.648,0.05143558597025365
0.4583333333333333,0.6969967525565774,0.22175841368849822,2.1964432161980905,1.0,20.583333333333332,3.8394794192135193,0.3552288845279444,2947.733188679798,7,7,geolife,geolife_dfbsp_tau_0.25,dfbsp,0.1,adaptive,8,0.015625,40,5,3,7,0.6,0.4473684210526316,0.2261904761904762,0.10119047619047619,0,0,3,1,2,2,0.075,1.0,3,1.0,39.7585,63.263199999999976,0,10,9,36,0.25,0,0.6480000000000001,0.648,0.05143558597025365
0.10416666666666667,1.262329811341794,0.1533016492904842,2.5566118739158212,1.0,17.375,3.8915698705911854,0.06023983793338104,5306.930950877889,8,8,geolife,geolife_dfbsp_tau_0.25,dfbsp,0.1,adaptive,8,0.015625,42,6,3,4,0.5,0.16097560975609757,0.35590277777777773,0.057291666666666664,1,0,0,0,5,3,0.07142857142857142,1.0,3,1.0,39.1275,52.3458,0,12,10,45,0.25,0,0.6480000000000001,0.648,0.05143558597025365
0.020833333333333332,1.9513384513358132,0.2403499303217628,3.3881606288843016,0.8333333333333334,16.020833333333332,3.536454403692634,0.21951659698842943,8230.319854036134,12,12,geolife,geolife_dfbsp_tau_0.25,dfbsp,0.1,adaptive,8,0.015625,37,5,3,7,0.6,0.08196721311475409,1.3616071428571428,0.11160714285714285,2,0,1,1,2,2,0.08108108108108109,0.6666666666666666,3,1.0,39.238,49.6013,0,9,8,46,0.25,0,0.6480000000000001,0.648,0.05143558597025365
0.7916666666666666,0.20833333333333334,0.22196869095905827,1.710979521499891,1.0,16.083333333333332,3.6413930005556403,0.5696979757076084,887.0169863924102,14,14,geolife,geolife_dfbsp_tau_0.25,dfbsp,0.1,adaptive,8,0.015625,34,6,4,9,0.6666666666666666,0.21461963450913724,0.35014880952380956,0.07514880952380952,1,0,0,0,5,4,0.11764705882352941,1.0,4,1.0,39.959,51.52345,0,11,7,48,0.25,0,0.6480000000000001,0.648,0.05143558597025365
0.3333333333333333,0.9760487407547981,0.18948072583926281,2.842213910672564,0.9166666666666666,19.25,3.9170984024056534,0.16987993539347643,4128.711367357114,17,17,geolife,geolife_dfbsp_tau_0.25,dfbsp,0.1,adaptive,8,0.015625,32,3,1,4,0.3333333333333333,0.1111111111111111,0.5625,0.0625,2,0,1,1,0,0,0.03125,0.3333333333333333,1,1.0,42.658,54.33365,0,9,8,41,0.25,0,0.6480000000000001,0.648,0.05143558597025365
0.0,2.5886984062323033,0.1764800491589822,3.7367856105481523,1.0,24.416666666666668,4.241252704742796,0.1764800491589821,10984.421945977332,18,18,geolife,geolife_dfbsp_tau_0.25,dfbsp,0.1,adaptive,8,0.015625,39,2,2,3,1.0,1.0,0.07291666666666666,0.07291666666666666,0,0,1,1,1,1,0.05128205128205128,1.0,2,1.0,39.3535,62.55915,0,10,7,46,0.25,0,0.6480000000000001,0.648,0.05143558597025365
0.375,0.8377750715749256,0.23743335427805143,1.8814847664052354,1.0,15.229166666666666,3.475909529124616,0.2245929792854459,3523.603328183702,19,19,geolife,geolife_dfbsp_tau_0.25,dfbsp,0.1,adaptive,8,0.015625,35,5,4,9,0.8,0.6972972972972973,0.1376488095238095,0.09598214285714285,0,0,1,0,4,4,0.11428571428571428,1.0,4,1.0,40.3945,52.27995,0,12,9,46,0.25,0,0.6480000000000001,0.648,0.05143558597025365
0.20833333333333334,1.0823092629087219,0.26844335424619625,2.7257895609157288,0.9791666666666666,16.083333333333332,3.5610569461830153,0.1478001812414762,4532.515075325614,22,22,geolife,geolife_dfbsp_tau_0.25,dfbsp,0.1,adaptive,8,0.015625,34,3,2,4,0.6666666666666666,0.09433962264150941,1.1041666666666667,0.10416666666666666,1,0,2,2,0,0,0.058823529411764705,1.0,2,1.0,40.555,58.71854999999999,0,12,10,48,0.25,0,0.6480000000000001,0.648,0.05143558597025365
0.8333333333333334,0.16666666666666666,0.24099098891141912,1.5301928661906035,1.0,19.229166666666668,3.795191046865398,0.5923423444219142,707.3029909282736,27,27,geolife,geolife_dfbsp_tau_0.25,dfbsp,0.1,adaptive,8,0.015625,35,2,2,4,1.0,1.0,0.041666666666666664,0.041666666666666664,0,0,0,0,2,2,0.05714285714285714,1.0,2,1.0,39.8335,56.96119999999999,0,17,14,48,0.25,0,0.6480000000000001,0.648,0.05143558597025365
0.5833333333333334,0.5086294492161062,0.2579644295955488,2.228214909317773,0.9791666666666666,23.354166666666668,3.932564920154802,0.3530947381126117,2155.4505979900327,28,28,geolife,geolife_dfbsp_tau_0.25,dfbsp,0.1,adaptive,8,0.015625,34,3,1,5,0.3333333333333333,0.23728813559322037,0.10535714285714284,0.025,0,0,1,0,2,1,0.029411764705882353,0.5,1,1.0,40.41,56.86725,0,13,13,48,0.25,0,0.6480000000000001,0.648,0.05143558597025365
0.22916666666666666,1.6599611288098925,0.1902578680671122,2.614887524748746,0.9166666666666666,17.958333333333332,3.7974684086810733,0.12789718183902268,6946.620787623736,29,29,geolife,geolife_dfbsp_tau_0.25,dfbsp,0.1,adaptive,8,0.015625,38,5,3,6,0.6,0.5291479820627802,0.19910714285714284,0.10535714285714284,0,0,2,1,3,2,0.07894736842105263,1.0,3,1.0,39.638999999999996,50.2215,0,11,7,47,0.25,0,0.6480000000000001,0.648,0.05143558597025365
0.041666666666666664,1.5271209431656694,0.25492925031927205,1.8900034654561215,1.0,9.8125,3.029880050207826,0.23375368563754706,6416.509065116367,34,34,geolife,geolife_dfbsp_tau_0.25,dfbsp,0.1,adaptive,8,0.015625,29,6,3,16,0.5,0.09090909090909091,1.1916666666666667,0.10833333333333334,1,0,3,1,2,2,0.10344827586206896,0.6666666666666666,3,1.0,40.444500000000005,50.2025,0,15,11,48,0.25,0,0.6480000000000001,0.648,0.05143558597025365
0.4791666666666667,0.7691959868353292,0.14776396073282957,2.252911666875053,1.0,17.625,3.928753541883834,0.33442462082661156,3259.228718568162,37,37,geolife,geolife_dfbsp_tau_0.25,dfbsp,0.1,adaptive,8,0.015625,40,5,3,7,0.6,0.2612137203166227,0.3759920634920635,0.09821428571428571,1,0,1,1,3,2,0.075,1.0,3,1.0,39.5685,49.4668,0,11,4,47,0.25,0,0.6480000000000001,0.648,0.05143558597025365
0.0,1.7243676258262008,0.19823426538503555,3.507864737213375,0.8958333333333334,23.458333333333332,4.00183230817171,0.19823426538503552,7329.676483511202,38,38,geolife,geolife_dfbsp_tau_0.25,dfbsp,0.1,adaptive,8,0.015625,33,3,2,7,0.6666666666666666,0.6,0.15625,0.09375,0,0,2,1,1,1,0.06060606060606061,1.0,2,1.0,40.153999999999996,52.15815,0,15,14,44,0.25,0,0.6480000000000001,0.648,0.05143558597025365
0.375,0.8631156934216193,0.14151641006756885,2.749219443011268,1.0,28.458333333333332,4.513486806934132,0.247695902959972,3657.831573326183,39,39,geolife,geolife_dfbsp_tau_0.25,dfbsp,0.1,adaptive,8,0.015625,41,2,1,2,0.5,0.06666666666666667,0.26785714285714285,0.017857142857142856,1,0,0,0,1,1,0.024390243902439025,1.0,1,1.0,39.393,53.9405,0,10,8,44,0.25,0,0.6480000000000001,0.648,0.05143558597025365
0.2916666666666667,0.7946278254943947,0.2509800734785207,2.0901091981530375,0.9791666666666666,13.520833333333334,3.3383369184277103,0.16185422605273309,3353.96970366959,43,43,geolife,geolife_dfbsp_tau_0.25,dfbsp,0.1,adaptive,8,0.015625,28,3,2,10,0.6666666666666666,0.5714285714285714,0.14583333333333334,0.08333333333333333,0,0,2,1,1,1,0.07142857142857142,1.0,2,1.0,42.047,62.53279999999999,0,17,16,48,0.25,0,0.6480000000000001,0.648,0.05143558597025365
0.2916666666666667,0.8419627825494395,0.20887385819268547,2.398659552566713,1.0,23.3125,4.074173030229078,0.10369405130321463,3562.3545858943994,52,52,geolife,geolife_dfbsp_tau_0.25,dfbsp,0.1,adaptive,8,0.015625,35,0,0,4,nan,nan,0.0,0.0,0,0,0,0,0,0,0.0,nan,0,1.0,40.129000000000005,51.77765,0,12,10,47,0.25,0,0.6480000000000001,0.648,0.05143558597025365
0.0,1.4972730328056147,0.17545691581861889,3.0032646554274094,0.9791666666666666,19.9375,4.012594438674491,0.1754569158186189,6325.0050960721555,54,54,geolife,geolife_dfbsp_tau_0.25,dfbsp,0.1,adaptive,8,0.015625,38,3,3,6,1.0,1.0,0.07083333333333333,0.07083333333333333,0,0,0,0,3,3,0.07894736842105263,1.0,3,1.0,39.6185,53.2228,0,16,12,48,0.25,0,0.6480000000000001,0.648,0.05143558597025365
0.0,1.670632272748967,0.20940550464748145,3.401932500022285,0.8125,13.229166666666666,3.511555394522881,0.20940550464748142,7070.970327576465,58,58,geolife,geolife_dfbsp_tau_0.25,dfbsp,0.1,adaptive,8,0.015625,35,8,6,12,0.75,0.5647969052224371,0.3590277777777778,0.20277777777777775,1,0,2,2,5,4,0.17142857142857143,1.0,6,1.0,40.795,61.120599999999996,0,16,10,48,0.25,0,0.6480000000000001,0.648,0.05143558597025365
0.10416666666666667,1.3386167083747929,0.1674128546952257,2.9793136046679756,0.9166666666666666,19.895833333333332,4.047624223449303,0.07550441380821371,5696.969568658121,59,59,geolife,geolife_dfbsp_tau_0.25,dfbsp,0.1,adaptive,8,0.015625,36,1,1,5,1.0,1.0,0.015625,0.015625,0,0,0,0,1,1,0.027777777777777776,1.0,1,1.0,39.964,51.416149999999995,0,7,6,41,0.25,0,0.6480000000000001,0.648,0.05143558597025365
0.020833333333333332,1.1706976105570404,0.21704074897489087,2.4537284108578605,0.9791666666666666,14.375,3.571018583542461,0.19620741564155744,4984.592320553885,62,62,geolife,geolife_dfbsp_tau_0.25,dfbsp,0.1,adaptive,8,0.015625,35,4,3,10,0.75,0.2286501377410468,0.32410714285714287,0.07410714285714286,1,0,0,0,3,3,0.08571428571428572,1.0,3,1.0,40.099000000000004,55.431,0,17,11,48,0.25,0,0.6480000000000001,0.648,0.05143558597025365
0.6458333333333334,0.3541666666666667,0.2158831702402085,1.7821493248035507,1.0,13.895833333333334,3.551455992186169,0.4299501630931248,1478.46875,64,64,geolife,geolife_dfbsp_tau_0.25,dfbsp,0.1,adaptive,8,0.015625,35,4,2,10,0.5,0.49218749999999994,0.17777777777777778,0.0875,0,0,2,1,2,1,0.05714285714285714,1.0,2,1.0,40.3495,55.4128,0,16,10,48,0.25,0,0.6480000000000001,0.648,0.05143558597025365
0.4375,0.6458333333333334,0.2616170645157651,1.7336805161756175,1.0,16.604166666666668,3.5694906943809293,0.25169004684525503,2705.658742440228,68,68,geolife,geolife_dfbsp_tau_0.25,dfbsp,0.1,adaptive,8,0.015625,33,6,4,7,0.6666666666666666,0.5231143552311436,0.18348214285714284,0.09598214285714285,0,0,1,0,5,4,0.12121212121212122,1.0,4,1.0,41.766999999999996,54.96495,0,16,14,48,0.25,0,0.6480000000000001,0.648,0.05143558597025365
0.0,1.635612252257256,0.21421760006386506,2.242065490411848,1.0,15.625,3.583472665728656,0.21421760006386512,6868.977852098844,69,69,geolife,geolife_dfbsp_tau_0.25,dfbsp,0.1,adaptive,8,0.015625,37,2,2,8,1.0,1.0,0.08333333333333333,0.08333333333333333,0,0,1,1,1,1,0.05405405405405406,1.0,2,1.0,39.70399999999999,55.279599999999995,0,9,5,48,0.25,0,0.6480000000000001,0.648,0.05143558597025365
0.08333333333333333,2.0395094195787786,0.2499401437420032,4.08419373783411,0.6458333333333334,18.770833333333332,3.7430181292495806,0.1917895035023601,8629.521180296437,73,73,geolife,geolife_dfbsp_tau_0.25,dfbsp,0.1,adaptive,8,0.015625,31,3,1,5,0.3333333333333333,0.16,0.11160714285714285,0.017857142857142856,0,0,1,0,2,1,0.03225806451612903,0.5,1,1.0,40.28,49.1725,0,13,12,48,0.25,0,0.6480000000000001,0.648,0.05143558597025365
0.5416666666666666,0.7588578099425808,0.2349683651258502,2.251654123308831,1.0,27.354166666666668,4.193241901899332,0.3066983015408165,3180.1456154041794,74,74,geolife,geolife_dfbsp_tau_0.25,dfbsp,0.1,adaptive,8,0.015625,38,3,0,2,0.0,0.0,0.29910714285714285,0.0,1,0,0,0,2,0,0.0,0.0,0,1.0,39.884,53.76395,0,11,11,48,0.25,0,0.6480000000000001,0.648,0.05143558597025365
0.2708333333333333,2.0040774963569965,0.2743585464741231,4.042130629314545,0.6875,18.979166666666668,3.621012186936456,0.07178508084009157,8535.99009150981,78,78,geolife,geolife_dfbsp_tau_0.25,dfbsp,0.1,adaptive,8,0.015625,30,4,3,7,0.75,0.06250000000000001,1.0666666666666664,0.06666666666666667,1,0,0,0,3,3,0.1,0.75,3,1.0,44.771,56.036449999999995,0,18,15,48,0.25,0,0.6480000000000001,0.648,0.05143558597025365
0.5,0.6723151214213109,0.16464965952449792,1.961265809050036,1.0,16.479166666666668,3.7165513102412966,0.3678844214511027,2830.0659153001634,79,79,geolife,geolife_dfbsp_tau_0.25,dfbsp,0.1,adaptive,8,0.015625,33,0,0,8,nan,nan,0.0,0.0,0,0,0,0,0,0,0.0,nan,0,1.0,40.7205,61.30874999999999,0,13,5,39,0.25,0,0.6480000000000001,0.648,0.05143558597025365
0.4583333333333333,0.728553390593274,0.1516515804373215,2.01628085151876,1.0,19.083333333333332,3.9497746998555354,0.3066817528960118,3084.7309450082907,82,82,geolife,geolife_dfbsp_tau_0.25,dfbsp,0.1,adaptive,8,0.015625,37,4,4,6,1.0,1.0,0.09583333333333333,0.09583333333333333,0,0,0,0,4,4,0.10810810810810811,1.0,4,1.0,39.769000000000005,54.24295,0,19,13,48,0.25,0,0.6480000000000001,0.648,0.05143558597025365
0.3333333333333333,1.1768062542521236,0.14423191238334154,2.221162251698352,1.0,23.9375,4.3021437772197295,0.1891014209499918,4996.695191536171,83,83,geolife,geolife_dfbsp_tau_0.25,dfbsp,0.1,adaptive,8,0.015625,38,5,5,7,1.0,1.0,0.18645833333333334,0.18645833333333334,0,0,2,2,3,3,0.13157894736842105,1.0,5,1.0,39.563500000000005,53.8565,0,15,9,40,0.25,0,0.6480000000000001,0.648,0.05143558597025365
0.14583333333333334,2.2780035959865224,0.2081074442348807,2.3828226050924024,1.0,14.9375,3.5799100984069523,0.19912593054629477,9606.551739626824,84,84,geolife,geolife_dfbsp_tau_0.25,dfbsp,0.1,adaptive,8,0.015625,38,4,3,8,0.75,0.6557377049180327,0.09077380952380952,0.05952380952380952,0,0,0,0,4,3,0.07894736842105263,1.0,3,1.0,39.368,52.531949999999995,0,6,4,35,0.25,0,0.6480000000000001,0.648,0.05143558597025365
0.25,1.944570354950385,0.18442368925083197,2.4915974900098306,1.0,16.416666666666668,3.809353108842228,0.19144131754321878,8261.784950690899,89,89,geolife,geolife_dfbsp_tau_0.25,dfbsp,0.1,adaptive,8,0.015625,33,3,0,5,0.0,0.0,0.3229166666666667,0.0,1,0,1,0,1,0,0.0,0.0,0,1.0,40.5495,56.5426,0,8,4,43,0.25,0,0.6480000000000001,0.648,0.05143558597025365
0.22916666666666666,1.9335705896008735,0.17150144583926716,2.354431559294682,1.0,16.229166666666668,3.8135816049682973,0.1139872439580657,8074.765171697213,102,102,geolife,geolife_dfbsp_tau_0.25,dfbsp,0.1,adaptive,8,0.015625,32,5,2,7,0.4,0.10794602698650674,0.39702380952380956,0.04285714285714286,1,0,2,0,2,2,0.0625,1.0,2,1.0,40.455,54.708149999999996,0,9,5,38,0.25,0,0.6480000000000001,0.648,0.05143558597025365
0.4791666666666667,0.5552141987473518,0.18559549839232473,2.2866010342640686,1.0,23.291666666666668,4.149838269563711,0.2975490196900202,2337.9665765710647,103,103,geolife,geolife_dfbsp_tau_0.25,dfbsp,0.1,adaptive,8,0.015625,36,4,3,5,0.75,0.7407407407407408,0.08035714285714285,0.05952380952380952,0,0,0,0,4,3,0.08333333333333333,0.5,3,1.0,40.6905,51.763299999999994,0,16,12,47,0.25,0,0.6480000000000001,0.648,0.05143558597025365
0.3958333333333333,0.8958333333333334,0.19983292214385215,1.979494078743224,1.0,17.145833333333332,3.714764574173024,0.20884839025510393,3822.452684985961,104,104,geolife,geolife_dfbsp_tau_0.25,dfbsp,0.1,adaptive,8,0.015625,41,3,1,6,0.3333333333333333,0.014778325123152709,1.0572916666666667,0.015625,1,0,1,0,1,1,0.024390243902439025,0.5,1,1.0,39.4985,53.20054999999999,0,11,7,48,0.25,0,0.6480000000000001,0.648,0.05143558597025365
0.0,1.0380922317655457,0.2736990744542972,2.293323171912125,0.9583333333333334,10.0625,2.9540146520913226,0.2736990744542972,4336.253994362609,113,113,geolife,geolife_dfbsp_tau_0.25,dfbsp,0.1,adaptive,8,0.015625,36,7,3,12,0.42857142857142855,0.11899959661153693,2.5822916666666664,0.3072916666666667,4,1,1,1,2,1,0.08333333333333333,1.0,3,1.0,40.745000000000005,55.4805,0,11,10,48,0.25,0,0.6480000000000001,0.648,0.05143558597025365
0.3541666666666667,1.1889805794138637,0.21230063565155818,2.8387829823634587,0.9791666666666666,23.270833333333332,4.050226817606178,0.2179727102842901,5060.742789844664,119,119,geolife,geolife_dfbsp_tau_0.25,dfbsp,0.1,adaptive,8,0.015625,35,1,1,3,1.0,1.0,0.017857142857142856,0.017857142857142856,0,0,0,0,1,1,0.02857142857142857,1.0,1,1.0,38.431,50.93634999999999,0,16,16,48,0.25,0,0.6480000000000001,0.648,0.05143558597025365
0.0,1.0,0.29896184860676583,1.7262984602546398,1.0,8.0,2.6915674926800874,0.29896184860676583,4266.923927426191,122,122,geolife,geolife_dfbsp_tau_0.25,dfbsp,0.1,adaptive,8,0.015625,34,5,4,16,0.8,0.22935779816513766,0.32440476190476186,0.0744047619047619,1,0,0,0,4,4,0.11764705882352941,1.0,4,1.0,38.340999999999994,43.846599999999995,0,16,14,48,0.25,0,0.6480000000000001,0.648,0.05143558597025365
0.14583333333333334,1.123499584952402,0.15014479742171508,2.250368559342427,1.0,23.9375,4.252536305201245,0.04028438281536933,4716.428175816492,128,128,geolife,geolife_dfbsp_tau_0.25,dfbsp,0.1,adaptive,8,0.015625,41,4,3,4,0.75,0.6440677966101694,0.08779761904761904,0.05654761904761904,0,0,0,0,4,3,0.07317073170731707,1.0,3,1.0,38.507000000000005,49.13889999999999,0,14,10,48,0.25,0,0.6480000000000001,0.648,0.05143558597025365
0.041666666666666664,1.1507514161979122,0.2979876669506104,1.8868117045356287,1.0,7.854166666666667,2.666730849256158,0.26176860986864253,4857.326677174583,129,129,geolife,geolife_dfbsp_tau_0.25,dfbsp,0.1,adaptive,8,0.015625,29,3,1,14,0.3333333333333333,0.010309278350515465,2.020833333333333,0.020833333333333332,2,0,0,0,1,1,0.034482758620689655,0.5,1,1.0,39.042500000000004,49.416599999999995,0,15,15,48,0.25,0,0.6480000000000001,0.648,0.05143558597025365
0.7291666666666666,0.4363389981249825,0.17224518969366373,2.1326446523985556,1.0,22.6875,4.024743242626098,0.556921476973003,1846.8578568698558,138,138,geolife,geolife_dfbsp_tau_0.25,dfbsp,0.1,adaptive,8,0.015625,37,3,1,8,0.3333333333333333,0.047619047619047616,1.3125,0.0625,2,0,1,1,0,0,0.02702702702702703,1.0,1,1.0,38.5015,45.82225,0,11,7,31,0.25,0,0.6480000000000001,0.648,0.05143558597025365
0.08333333333333333,1.1402107575829896,0.2810755312167185,1.929241817978535,1.0,12.770833333333334,3.2620000666479725,0.19774219788338518,4775.973907109474,142,142,geolife,geolife_dfbsp_tau_0.25,dfbsp,0.1,adaptive,8,0.015625,37,3,1,6,0.3333333333333333,0.03773584905660377,1.1041666666666667,0.041666666666666664,1,0,2,1,0,0,0.02702702702702703,0.5,1,1.0,38.4015,50.867749999999994,0,10,8,48,0.25,0,0.6480000000000001,0.648,0.05143558597025365
0.20833333333333334,1.1772332042858888,0.23890093847179558,2.4495093975223523,0.9791666666666666,18.041666666666668,3.6695856006007097,0.07200307453362832,4955.386910248233,144,144,geolife,geolife_dfbsp_tau_0.25,dfbsp,0.1,adaptive,8,0.015625,37,5,4,10,0.8,0.288135593220339,0.35119047619047616,0.10119047619047619,1,0,0,0,4,4,0.10810810810810811,1.0,4,1.0,38.662,42.33765,0,16,13,48,0.25,0,0.6480000000000001,0.648,0.05143558597025365
0.0625,1.507651093429529,0.1650621974084748,2.9883961005776616,1.0,30.791666666666668,4.504110060269524,0.10256219740847476,6305.614761032471,147,147,geolife,geolife_dfbsp_tau_0.25,dfbsp,0.1,adaptive,8,0.015625,35,0,0,1,nan,nan,0.0,0.0,0,0,0,0,0,0,0.0,nan,0,1.0,37.9255,43.8426,0,12,12,37,0.25,0,0.6480000000000001,0.648,0.05143558597025365
0.3125,0.7809433619633035,0.23530311843072169,1.6997191655484125,1.0,13.083333333333334,3.3359613784179296,0.13320112393910977,3312.548448312876,153,153,geolife,geolife_dfbsp_tau_0.25,dfbsp,0.1,adaptive,8,0.015625,37,10,7,14,0.7,0.3981805458362492,0.49618055555555557,0.19756944444444446,1,0,2,2,7,5,0.1891891891891892,1.0,7,1.0,38.667500000000004,47.307249999999996,0,14,11,48,0.25,0,0.6480000000000001,0.648,0.05143558597025365
0.875,0.24048341180968869,0.18791347925203014,1.81307128230693,1.0,15.479166666666666,3.6929126807012658,0.6911460127308819,1017.6467938773126,163,163,geolife,geolife_dfbsp_tau_0.25,dfbsp,0.1,adaptive,8,0.015625,38,6,3,8,0.5,0.41336353340883353,0.1313988095238095,0.054315476190476185,0,0,0,0,6,3,0.07894736842105263,1.0,3,1.0,38.161,44.344249999999995,0,12,7,47,0.25,0,0.6480000000000001,0.648,0.05143558597025365
0.3333333333333333,0.8962898423225857,0.25229729009325685,2.039942427588697,1.0,19.333333333333332,3.7209355566897604,0.23370114428904096,3766.6729332082264,167,167,geolife,geolife_dfbsp_tau_0.25,dfbsp,0.1,adaptive,8,0.015625,36,4,3,6,0.75,0.2727272727272727,0.34375,0.09375,1,0,1,1,2,2,0.08333333333333333,1.0,3,1.0,38.272000000000006,45.252649999999996,0,8,7,45,0.25,0,0.6480000000000001,0.648,0.05143558597025365
0.0,2.313530326258872,0.2288095351790069,5.273204445020845,0.4583333333333333,19.291666666666668,3.8190040322138583,0.22880953517900685,9785.21765486999,168,168,geolife,geolife_dfbsp_tau_0.25,dfbsp,0.1,adaptive,8,0.015625,42,4,1,4,0.25,0.03571428571428571,0.5833333333333334,0.020833333333333332,2,0,1,0,1,1,0.023809523809523808,0.3333333333333333,1,1.0,38.467,52.2845,0,9,9,48,0.25,0,0.6480000000000001,0.648,0.05143558597025365
0.1875,1.194492102718102,0.21968686283368857,2.823858144420491,0.8125,18.770833333333332,3.702366310447177,0.13960617554676247,5052.668097421035,169,169,geolife,geolife_dfbsp_tau_0.25,dfbsp,0.1,adaptive,8,0.015625,34,2,1,9,0.5,0.3333333333333333,0.0625,0.020833333333333332,0,0,1,0,1,1,0.029411764705882353,0.5,1,1.0,38.862,44.253249999999994,0,14,9,48,0.25,0,0.6480000000000001,0.648,0.05143558597025365
0.3958333333333333,1.5517766952966368,0.12938418450658518,2.5667140693533628,1.0,22.020833333333332,4.275114233893556,0.3399846515601827,6486.105733087826,179,179,geolife,geolife_dfbsp_tau_0.25,dfbsp,0.1,adaptive,8,0.015625,36,2,2,4,1.0,1.0,0.033482142857142856,0.033482142857142856,0,0,0,0,2,2,0.05555555555555555,1.0,2,1.0,38.706500000000005,45.27845,0,11,8,36,0.25,0,0.6480000000000001,0.648,0.05143558597025365
0.020833333333333332,2.4757434384527923,0.15122836195896283,2.6714636704457484,1.0,19.645833333333332,4.029806641511132,0.1303950286256295,10384.386367806464,2,2,geolife,geolife_data_rdfbsp_tau_0.25,rdfbsp,0.1,adaptive,8,0.015625,35,6,3,7,0.5,0.07319698600645855,1.3824404761904763,0.10119047619047619,2,0,1,1,3,2,0.08571428571428572,0.5,3,1.0,95.00999999999999,121.33675,0,8,2,39,0.25,2,0.6480000000000001,0.648,0.05143558597025365
0.0,1.3525750348066954,0.1646913431145612,2.3214609131355934,1.0,16.208333333333332,3.808253466032797,0.1646913431145612,5675.891833235705,3,3,geolife,geolife_data_rdfbsp_tau_0.25,rdfbsp,0.1,adaptive,8,0.015625,40,4,3,9,0.75,0.7297297297297297,0.15416666666666665,0.11249999999999999,0,0,2,1,2,2,0.075,0.5,3,1.0,88.4055,128.20215000000002,0,10,1,48,0.25,2,0.6480000000000001,0.648,0.05143558597025365
0.125,1.2916666666666667,0.18071232604647106,2.032759717266913,1.0,13.833333333333334,3.5857631628605984,0.06248127667476119,5392.0625,4,4,geolife,geolife_data_rdfbsp_tau_0.25,rdfbsp,0.1,adaptive,8,0.015625,31,3,1,14,0.3333333333333333,0.14285714285714285,0.14583333333333334,0.020833333333333332,0,0,2,0,1,1,0.03225806451612903,0.5,1,1.0,92.7315,114.8185,0,15,1,48,0.25,2,0.6480000000000001,0.648,0.05143558597025365
0.4791666666666667,0.5467216809816519,0.14992596565887442,2.237756276984688,0.9791666666666666,20.125,4.1377676716348715,0.39374237620313784,2315.2790938645967,7,7,geolife,geolife_data_rdfbsp_tau_0.25,rdfbsp,0.1,adaptive,8,0.015625,40,5,2,7,0.4,0.17105263157894737,0.2261904761904762,0.03869047619047619,0,0,3,0,2,2,0.05,1.0,2,1.0,89.908,112.57604999999998,0,6,0,31,0.25,2,0.6480000000000001,0.648,0.05143558597025365
0.14583333333333334,1.9041772278758213,0.09994663341078647,3.571360951679626,0.875,26.8125,4.576823890640684,0.045886699922546875,8048.195203261465,8,8,geolife,geolife_data_rdfbsp_tau_0.25,rdfbsp,0.1,adaptive,8,0.015625,42,6,3,4,0.5,0.16097560975609757,0.35590277777777773,0.057291666666666664,1,0,0,0,5,3,0.07142857142857142,1.0,3,1.0,90.443,115.22,0,4,2,21,0.25,2,0.6480000000000001,0.648,0.05143558597025365
0.25,1.8321895206142995,0.1564273695825493,3.5925029920800085,0.7083333333333334,17.854166666666668,3.894687767085132,0.09357263041745072,7787.852404546967,12,12,geolife,geolife_data_rdfbsp_tau_0.25,rdfbsp,0.1,adaptive,8,0.015625,37,5,2,7,0.4,0.059016393442622946,1.3616071428571428,0.08035714285714285,2,0,1,1,2,1,0.05405405405405406,0.6666666666666666,2,1.0,90.699,109.97709999999998,0,8,1,44,0.25,2,0.6480000000000001,0.648,0.05143558597025365
0.22916666666666666,1.7586788219430656,0.13281411080966127,2.391295423846655,1.0,17.729166666666668,4.054199392180003,0.13575907790153957,7429.309767581552,14,14,geolife,geolife_data_rdfbsp_tau_0.25,rdfbsp,0.1,adaptive,8,0.015625,34,6,5,13,0.8333333333333334,0.28601784955376114,0.35014880952380956,0.10014880952380953,1,0,0,0,5,5,0.14705882352941177,1.0,5,1.0,91.1645,111.05579999999999,0,14,3,37,0.25,2,0.6480000000000001,0.648,0.05143558597025365
0.0,2.061172199918723,0.13583039142930917,3.415498328204556,0.9166666666666666,23.333333333333332,4.238541841865981,0.1358303914293091,8722.870446739613,17,17,geolife,geolife_data_rdfbsp_tau_0.25,rdfbsp,0.1,adaptive,8,0.015625,32,3,0,5,0.0,0.0,0.5625,0.0,2,0,1,0,0,0,0.0,0.0,0,1.0,91.4195,109.04445,0,7,2,34,0.25,2,0.6480000000000001,0.648,0.05143558597025365
0.0,3.5425646523479704,0.12407072689081368,4.85714662317621,0.4583333333333333,24.854166666666668,4.399514938819733,0.12407072689081368,14991.354772359236,18,18,geolife,geolife_data_rdfbsp_tau_0.25,rdfbsp,0.1,adaptive,8,0.015625,39,2,1,3,0.5,0.5714285714285715,0.07291666666666666,0.041666666666666664,0,0,1,1,1,0,0.02564102564102564,0.5,1,1.0,89.53200000000001,105.23519999999999,0,4,1,25,0.25,2,0.6480000000000001,0.648,0.05143558597025365
0.10416666666666667,1.7472730328056152,0.10070434918062499,3.068803827097445,1.0,32.041666666666664,4.796662834496698,0.04262697065072666,7361.585831840818,19,19,geolife,geolife_data_rdfbsp_tau_0.25,rdfbsp,0.1,adaptive,8,0.015625,35,5,2,4,0.4,0.24324324324324326,0.1376488095238095,0.033482142857142856,0,0,1,0,4,2,0.05714285714285714,1.0,2,1.0,91.9205,103.178,0,4,1,15,0.25,2,0.6480000000000001,0.648,0.05143558597025365
0.2708333333333333,1.5748666945719332,0.11615613867560942,2.609024293398177,1.0,25.541666666666668,4.384028740528613,0.17228527140767821,6637.639041585083,22,22,geolife,geolife_data_rdfbsp_tau_0.25,rdfbsp,0.1,adaptive,8,0.015625,34,3,0,4,0.0,0.0,1.1041666666666667,0.0,1,0,2,0,0,0,0.0,0.0,0,1.0,90.91900000000001,109.89695,0,5,1,26,0.25,2,0.6480000000000001,0.648,0.05143558597025365
0.22916666666666666,1.8721757104406056,0.14939102076478855,3.0991967811947823,0.8541666666666666,19.479166666666668,3.9561889715736895,0.07977564590187812,7979.582640601049,27,27,geolife,geolife_data_rdfbsp_tau_0.25,rdfbsp,0.1,adaptive,8,0.015625,35,2,2,9,1.0,1.0,0.041666666666666664,0.041666666666666664,0,0,0,0,2,2,0.05714285714285714,1.0,2,1.0,91.34,114.9928,0,11,2,38,0.25,2,0.6480000000000001,0.648,0.05143558597025365
0.5,0.9399448581459956,0.1363025862577742,2.5516797663645616,0.9583333333333334,21.3125,4.15734354156454,0.36369741374222575,3940.5867932443402,28,28,geolife,geolife_data_rdfbsp_tau_0.25,rdfbsp,0.1,adaptive,8,0.015625,34,3,2,6,0.6666666666666666,0.40677966101694923,0.10535714285714284,0.04285714285714286,0,0,1,0,2,2,0.058823529411764705,1.0,2,1.0,91.36449999999999,108.79615,0,8,2,35,0.25,2,0.6480000000000001,0.648,0.05143558597025365
0.041666666666666664,1.5482125770743898,0.14171776576951586,2.7723962736081447,0.8958333333333334,18.75,4.031932616831409,0.10005109910284916,6530.825993012324,29,29,geolife,geolife_data_rdfbsp_tau_0.25,rdfbsp,0.1,adaptive,8,0.015625,38,5,2,7,0.4,0.40358744394618834,0.19910714285714284,0.08035714285714285,0,0,2,1,3,1,0.05263157894736842,0.5,2,1.0,89.6675,98.82215,0,8,1,46,0.25,2,0.6480000000000001,0.648,0.05143558597025365
0.041666666666666664,1.7190581233076756,0.14341416981491661,2.7944821895070397,0.9375,21.041666666666668,4.130494790043222,0.10174750314824993,7272.551589618167,34,34,geolife,geolife_data_rdfbsp_tau_0.25,rdfbsp,0.1,adaptive,8,0.015625,29,6,3,12,0.5,0.07342657342657342,1.1916666666666667,0.0875,1,0,3,1,2,2,0.10344827586206896,1.0,3,1.0,92.3965,110.24665,0,13,1,33,0.25,2,0.6480000000000001,0.648,0.05143558597025365
0.25,1.5151887491313107,0.10616180989772141,2.943499811346468,1.0,31.354166666666668,4.7929452577732,0.19996708561384866,6395.770302719416,37,37,geolife,geolife_data_rdfbsp_tau_0.25,rdfbsp,0.1,adaptive,8,0.015625,40,5,3,4,0.6,0.16886543535620052,0.3759920634920635,0.06349206349206349,1,0,1,0,3,3,0.075,1.0,3,1.0,88.37049999999999,100.1583,0,3,1,13,0.25,2,0.6480000000000001,0.648,0.05143558597025365
0.0,2.1978215592964894,0.1485730814349984,3.223543666236198,0.9791666666666666,23.104166666666668,4.115894101686332,0.1485730814349984,9278.224640903476,38,38,geolife,geolife_data_rdfbsp_tau_0.25,rdfbsp,0.1,adaptive,8,0.015625,33,3,2,9,0.6666666666666666,0.6,0.15625,0.09375,0,0,2,1,1,1,0.06060606060606061,1.0,2,1.0,90.40299999999999,104.89514999999999,0,10,2,30,0.25,2,0.6480000000000001,0.648,0.05143558597025365
0.041666666666666664,1.4791666666666667,0.12314830613175937,2.7355172138847745,1.0,31.916666666666668,4.746305031150744,0.08148163946509268,6267.20517742619,39,39,geolife,geolife_data_rdfbsp_tau_0.25,rdfbsp,0.1,adaptive,8,0.015625,41,2,1,3,0.5,0.06666666666666667,0.26785714285714285,0.017857142857142856,1,0,0,0,1,1,0.024390243902439025,1.0,1,1.0,88.6155,99.15495,0,3,0,27,0.25,2,0.6480000000000001,0.648,0.05143558597025365
0.020833333333333332,1.671517026441532,0.15593103932267666,2.5703515603884575,1.0,20.395833333333332,4.117993828325472,0.13509770598934334,7025.887737130009,43,43,geolife,geolife_data_rdfbsp_tau_0.25,rdfbsp,0.1,adaptive,8,0.015625,28,3,0,8,0.0,0.0,0.14583333333333334,0.0,0,0,2,0,1,0,0.0,0.0,0,1.0,92.90700000000001,106.22595,0,10,2,37,0.25,2,0.6480000000000001,0.648,0.05143558597025365
0.0,1.278042580088373,0.16125650357313676,2.381995342201689,1.0,16.666666666666668,3.850216992409825,0.16125650357313678,5410.370871099746,52,52,geolife,geolife_data_rdfbsp_tau_0.25,rdfbsp,0.1,adaptive,8,0.015625,35,0,0,10,nan,nan,0.0,0.0,0,0,0,0,0,0,0.0,nan,0,1.0,90.90899999999999,111.42524999999999,0,10,0,43,0.25,2,0.6480000000000001,0.648,0.05143558597025365
0.0,1.672250082720559,0.14326645959299159,2.824077985208811,0.9791666666666666,23.166666666666668,4.135212088929491,0.14326645959299159,7073.970119575476,54,54,geolife,geolife_data_rdfbsp_tau_0.25,rdfbsp,0.1,adaptive,8,0.015625,38,3,3,8,1.0,1.0,0.07083333333333333,0.07083333333333333,0,0,0,0,3,3,0.07894736842105263,1.0,3,1.0,90.4985,102.547,0,9,1,34,0.25,2,0.6480000000000001,0.648,0.05143558597025365
0.125,1.5111144758845427,0.15193392018690685,3.087455969223738,0.8333333333333334,15.770833333333334,3.7845186500809262,0.0340178093086645,6405.363834315384,58,58,geolife,geolife_data_rdfbsp_tau_0.25,rdfbsp,0.1,adaptive,8,0.015625,35,8,4,11,0.5,0.3036750483558994,0.3590277777777778,0.10902777777777778,1,0,2,0,5,4,0.11428571428571428,1.0,4,1.0,90.6885,107.4221,0,11,1,46,0.25,2,0.6480000000000001,0.648,0.05143558597025365
0.0,1.687480376829961,0.14985365263094994,3.3935086646554034,0.7708333333333334,16.291666666666668,3.8920863932616743,0.14985365263094994,7140.1501232754745,59,59,geolife,geolife_data_rdfbsp_tau_0.25,rdfbsp,0.1,adaptive,8,0.015625,36,1,1,7,1.0,1.0,0.015625,0.015625,0,0,0,0,1,1,0.027777777777777776,1.0,1,1.0,92.351,114.84334999999999,0,8,2,46,0.25,2,0.6480000000000001,0.648,0.05143558597025365
0.020833333333333332,1.4026327588408758,0.1441389802881555,2.6630905405389407,0.9791666666666666,20.9375,4.158641110644589,0.13876484602802575,5892.20298922071,62,62,geolife,geolife_data_rdfbsp_tau_0.25,rdfbsp,0.1,adaptive,8,0.015625,35,4,3,7,0.75,0.2286501377410468,0.32410714285714287,0.07410714285714286,1,0,0,0,3,3,0.08571428571428572,1.0,3,1.0,90.0925,101.83739999999999,0,9,2,35,0.25,2,0.6480000000000001,0.648,0.05143558597025365
0.5625,0.6666666666666666,0.17991208278206575,1.9158259788607237,1.0,16.083333333333332,3.7262999728681474,0.3825879172179343,2783.0,64,64,geolife,geolife_data_rdfbsp_tau_0.25,rdfbsp,0.1,adaptive,8,0.015625,35,4,2,11,0.5,0.296875,0.17777777777777778,0.05277777777777778,0,0,2,0,2,2,0.05714285714285714,1.0,2,1.0,91.5595,111.63859999999998,0,13,2,48,0.25,2,0.6480000000000001,0.648,0.05143558597025365
0.0,1.781308654140183,0.12165114486088498,2.712427259388733,1.0,23.5,4.357912281691793,0.12165114486088502,7523.916803171654,68,68,geolife,geolife_data_rdfbsp_tau_0.25,rdfbsp,0.1,adaptive,8,0.015625,33,6,3,8,0.5,0.31873479318734793,0.18348214285714284,0.05848214285714286,0,0,1,0,5,3,0.09090909090909091,1.0,3,1.0,89.922,114.59125,0,9,3,30,0.25,2,0.6480000000000001,0.648,0.05143558597025365
0.041666666666666664,1.2954237476562278,0.1517007797927009,2.4812530555571173,1.0,19.416666666666668,4.069578324156031,0.1564501308052488,5459.6650552118,69,69,geolife,geolife_data_rdfbsp_tau_0.25,rdfbsp,0.1,adaptive,8,0.015625,37,2,2,6,1.0,1.0,0.08333333333333333,0.08333333333333333,0,0,1,1,1,1,0.05405405405405406,1.0,2,1.0,90.6585,101.24315,0,7,1,38,0.25,2,0.6480000000000001,0.648,0.05143558597025365
0.0,3.050856861209439,0.13677286163694988,4.411956307677481,0.6666666666666666,19.0,4.087214207450139,0.1367728616369499,12837.746062090782,73,73,geolife,geolife_data_rdfbsp_tau_0.25,rdfbsp,0.1,adaptive,8,0.015625,31,3,2,8,0.6666666666666666,0.44,0.11160714285714285,0.049107142857142856,0,0,1,0,2,2,0.06451612903225806,1.0,2,1.0,91.87,100.9278,0,8,1,33,0.25,2,0.6480000000000001,0.648,0.05143558597025365
0.16666666666666666,1.1857714366896237,0.11903192873971556,2.6008533804364196,1.0,29.541666666666668,4.563450143327416,0.11108001712774777,5010.333198032279,74,74,geolife,geolife_data_rdfbsp_tau_0.25,rdfbsp,0.1,adaptive,8,0.015625,38,3,1,4,0.3333333333333333,0.05970149253731343,0.29910714285714285,0.017857142857142856,1,0,0,0,2,1,0.02631578947368421,0.3333333333333333,1,1.0,91.935,110.45384999999999,0,3,0,28,0.25,2,0.6480000000000001,0.648,0.05143558597025365
0.20833333333333334,1.6402840849690687,0.12517431211243316,3.5338852643846703,0.7291666666666666,20.3125,4.192363606822577,0.16595601780696312,6955.274850146584,78,78,geolife,geolife_data_rdfbsp_tau_0.25,rdfbsp,0.1,adaptive,8,0.015625,30,4,3,6,0.75,0.06250000000000001,1.0666666666666664,0.06666666666666667,1,0,0,0,3,3,0.1,0.75,3,1.0,93.453,114.67249999999999,0,5,1,26,0.25,2,0.6480000000000001,0.648,0.05143558597025365
0.0,1.945425168794037,0.1545102969915646,2.127265103945245,1.0,15.708333333333334,3.722017939949336,0.1545102969915646,8169.051045101579,79,79,geolife,geolife_data_rdfbsp_tau_0.25,rdfbsp,0.1,adaptive,8,0.015625,33,0,0,9,nan,nan,0.0,0.0,0,0,0,0,0,0,0.0,nan,0,1.0,90.724,111.57699999999998,0,9,0,37,0.25,2,0.6480000000000001,0.648,0.05143558597025365
0.3333333333333333,1.1520950641613703,0.1440080931764575,2.4611284834044316,1.0,16.979166666666668,3.9607343222307243,0.26975333377070804,4906.977878062654,82,82,geolife,geolife_data_rdfbsp_tau_0.25,rdfbsp,0.1,adaptive,8,0.015625,37,4,3,8,0.75,0.7391304347826088,0.09583333333333333,0.07083333333333333,0,0,0,0,4,3,0.08108108108108109,1.0,3,1.0,90.35849999999999,109.50679999999998,0,9,2,38,0.25,2,0.6480000000000001,0.648,0.05143558597025365
0.041666666666666664,2.4706776067634797,0.13142313265291553,2.4521555394497683,1.0,22.916666666666668,4.282083012180702,0.11198763616989062,10408.79914039072,83,83,geolife,geolife_data_rdfbsp_tau_0.25,rdfbsp,0.1,adaptive,8,0.015625,38,5,2,7,0.4,0.1955307262569832,0.18645833333333334,0.03645833333333333,0,0,2,0,3,2,0.05263157894736842,1.0,2,1.0,89.85249999999999,108.86585,0,6,0,31,0.25,2,0.6480000000000001,0.648,0.05143558597025365
0.2708333333333333,1.126708940140338,0.1362497734365015,2.34485829191328,1.0,20.458333333333332,4.166045080730462,0.18341030917834056,4790.067082676133,84,84,geolife,geolife_data_rdfbsp_tau_0.25,rdfbsp,0.1,adaptive,8,0.015625,38,4,3,9,0.75,0.6557377049180327,0.09077380952380952,0.05952380952380952,0,0,0,0,4,3,0.07894736842105263,1.0,3,1.0,90.5685,115.393,0,7,0,32,0.25,2,0.6480000000000001,0.648,0.05143558597025365
0.0,2.306976463738139,0.10541940012553669,3.643323271622575,0.875,31.541666666666668,4.772567144265169,0.10541940012553669,9768.674993481802,89,89,geolife,geolife_data_rdfbsp_tau_0.25,rdfbsp,0.1,adaptive,8,0.015625,33,3,2,3,0.6666666666666666,0.2258064516129032,0.3229166666666667,0.07291666666666666,1,0,1,1,1,1,0.06060606060606061,0.6666666666666666,2,1.0,90.644,107.20689999999999,0,3,0,15,0.25,2,0.6480000000000001,0.648,0.05143558597025365
0.5833333333333334,0.6900960791145438,0.14147769801879032,2.2145040786312316,1.0,18.229166666666668,3.97882123153299,0.441855635314543,2896.32638844074,102,102,geolife,geolife_data_rdfbsp_tau_0.25,rdfbsp,0.1,adaptive,8,0.015625,32,5,2,9,0.4,0.2023988005997001,0.39702380952380956,0.08035714285714285,1,0,2,1,2,1,0.0625,1.0,2,1.0,90.32849999999999,110.4191,0,8,0,34,0.25,2,0.6480000000000001,0.648,0.05143558597025365
0.1875,1.8065571591638436,0.1124981681553095,2.980781750790148,0.9375,20.375,4.253396613064835,0.15971431129251712,7616.7762749664735,103,103,geolife,geolife_data_rdfbsp_tau_0.25,rdfbsp,0.1,adaptive,8,0.015625,36,4,3,7,0.75,0.7407407407407408,0.08035714285714285,0.05952380952380952,0,0,0,0,4,3,0.08333333333333333,1.0,3,1.0,90.64850000000001,112.00354999999999,0,5,0,26,0.25,2,0.6480000000000001,0.648,0.05143558597025365
0.125,1.9264933134409636,0.11776229291451494,2.982712434637932,1.0,29.895833333333332,4.678640106861153,0.0911398070502339,8152.128074866928,104,104,geolife,geolife_data_rdfbsp_tau_0.25,rdfbsp,0.1,adaptive,8,0.015625,41,3,1,3,0.3333333333333333,0.014778325123152709,1.0572916666666667,0.015625,1,0,1,0,1,1,0.024390243902439025,0.5,1,1.0,87.634,104.02845,0,2,0,23,0.25,2,0.6480000000000001,0.648,0.05143558597025365
0.14583333333333334,1.9043783697476575,0.1085856406961318,3.8993461546323673,0.7291666666666666,26.895833333333332,4.487602153242941,0.10908221963071814,8042.92477431397,113,113,geolife,geolife_data_rdfbsp_tau_0.25,rdfbsp,0.1,adaptive,8,0.015625,36,7,3,5,0.42857142857142855,0.0318676885841065,2.5822916666666664,0.08229166666666667,4,0,1,1,2,2,0.08333333333333333,1.0,3,1.0,91.83600000000001,108.3804,0,5,1,29,0.25,2,0.6480000000000001,0.648,0.05143558597025365
0.041666666666666664,3.1275393653234254,0.1074816633744408,3.362715410698877,0.8958333333333334,32.9375,4.852749323899044,0.0658149967077741,13271.935823298532,119,119,geolife,geolife_data_rdfbsp_tau_0.25,rdfbsp,0.1,adaptive,8,0.015625,35,1,1,2,1.0,1.0,0.017857142857142856,0.017857142857142856,0,0,0,0,1,1,0.02857142857142857,1.0,1,1.0,89.58250000000001,111.87769999999998,0,3,1,20,0.25,2,0.6480000000000001,0.648,0.05143558597025365
0.0,1.0,0.19244550715324624,2.01971860984356,1.0,12.833333333333334,3.503890261031692,0.19244550715324618,4266.923927426191,122,122,geolife,geolife_data_rdfbsp_tau_0.25,rdfbsp,0.1,adaptive,8,0.015625,34,5,4,16,0.8,0.22935779816513766,0.32440476190476186,0.0744047619047619,1,0,0,0,4,4,0.11764705882352941,1.0,4,1.0,91.555,104.52434999999998,0,16,0,48,0.25,2,0.6480000000000001,0.648,0.05143558597025365
0.0625,1.918649682171513,0.16510907322550444,2.529160247881038,1.0,18.791666666666668,3.9485304899460303,0.10260907322550444,8082.3761230789605,128,128,geolife,geolife_data_rdfbsp_tau_0.25,rdfbsp,0.1,adaptive,8,0.015625,41,4,3,8,0.75,0.7627118644067797,0.08779761904761904,0.06696428571428571,0,0,0,0,4,3,0.07317073170731707,1.0,3,1.0,89.34100000000001,101.34265,0,10,2,43,0.25,2,0.6480000000000001,0.648,0.05143558597025365
0.3958333333333333,1.5300352014065988,0.17768274551827465,2.364202228670942,1.0,14.125,3.6667605556385126,0.2221242916294177,6416.591929205485,129,129,geolife,geolife_data_rdfbsp_tau_0.25,rdfbsp,0.1,adaptive,8,0.015625,29,3,1,11,0.3333333333333333,0.010309278350515465,2.020833333333333,0.020833333333333332,2,0,0,0,1,1,0.034482758620689655,0.5,1,1.0,92.81649999999999,108.2608,0,13,3,47,0.25,2,0.6480000000000001,0.648,0.05143558597025365
0.7083333333333334,0.4719265800520527,0.13116792071269084,2.3899702673420964,1.0,27.979166666666668,4.392402332744448,0.5771654126206425,1996.1465138858146,138,138,geolife,geolife_data_rdfbsp_tau_0.25,rdfbsp,0.1,adaptive,8,0.015625,37,3,0,6,0.0,0.0,1.3125,0.0,2,0,1,0,0,0,0.0,0.0,0,1.0,90.273,109.24315,0,7,1,25,0.25,2,0.6480000000000001,0.648,0.05143558597025365
0.0,1.620447209312302,0.11275002492640385,3.0060461597211923,0.9583333333333334,21.625,4.328463047324537,0.1127500249264039,6802.882613558365,142,142,geolife,geolife_data_rdfbsp_tau_0.25,rdfbsp,0.1,adaptive,8,0.015625,37,3,1,5,0.3333333333333333,0.056603773584905655,1.1041666666666667,0.0625,1,0,2,1,0,0,0.02702702702702703,0.5,1,1.0,90.51849999999999,102.82385,0,6,1,25,0.25,2,0.6480000000000001,0.648,0.05143558597025365
0.16666666666666666,1.675034742478779,0.127867708426495,2.893985486202851,1.0,23.208333333333332,4.368229042111449,0.14125638997014808,7069.409439406966,144,144,geolife,geolife_data_rdfbsp_tau_0.25,rdfbsp,0.1,adaptive,8,0.015625,37,5,3,5,0.6,0.19915254237288138,0.35119047619047616,0.06994047619047619,1,0,0,0,4,3,0.08108108108108109,0.6666666666666666,3,1.0,89.94800000000001,109.4315,0,6,1,29,0.25,2,0.6480000000000001,0.648,0.05143558597025365
0.0,1.8178068687641182,0.1134998766730624,2.9032363733736033,1.0,22.25,4.237774160723578,0.1134998766730624,7647.597141875559,147,147,geolife,geolife_data_rdfbsp_tau_0.25,rdfbsp,0.1,adaptive,8,0.015625,35,0,0,5,nan,nan,0.0,0.0,0,0,0,0,0,0,0.0,nan,0,1.0,89.8225,112.33219999999999,0,6,2,34,0.25,2,0.6480000000000001,0.648,0.05143558597025365
0.0,1.9950613939547204,0.15548159500651507,2.1955867037834342,1.0,16.625,3.807100366828639,0.15548159500651512,8385.673311718583,153,153,geolife,geolife_data_rdfbsp_tau_0.25,rdfbsp,0.1,adaptive,8,0.015625,37,10,6,12,0.6,0.27781665500349895,0.49618055555555557,0.13784722222222223,1,0,2,0,7,6,0.16216216216216217,0.5,6,1.0,90.79400000000001,102.2765,0,14,3,44,0.25,2,0.6480000000000001,0.648,0.05143558597025365
0.22916666666666666,1.445456381450233,0.15848937886655343,2.1695406386648513,1.0,15.604166666666666,3.747451877199435,0.13253015603824164,6062.733106604071,163,163,geolife,geolife_data_rdfbsp_tau_0.25,rdfbsp,0.1,adaptive,8,0.015625,38,6,5,11,0.8333333333333334,0.8414496036240092,0.1313988095238095,0.11056547619047619,0,0,0,0,6,5,0.13157894736842105,1.0,5,1.0,91.3095,110.2308,0,13,3,46,0.25,2,0.6480000000000001,0.648,0.05143558597025365
0.3333333333333333,0.8474743058536772,0.12769124594488632,2.5620776768958327,1.0,27.9375,4.546896058387758,0.2851920910750001,3585.74559900034,167,167,geolife,geolife_data_rdfbsp_tau_0.25,rdfbsp,0.1,adaptive,8,0.015625,36,4,2,5,0.5,0.09090909090909091,0.34375,0.03125,1,0,1,0,2,2,0.05555555555555555,1.0,2,1.0,91.1045,113.1208,0,3,0,24,0.25,2,0.6480000000000001,0.648,0.05143558597025365
0.3125,1.530953085285056,0.11782480094521801,3.8140839824526416,0.75,26.229166666666668,4.484789699612041,0.2122832758047363,6444.153739107317,168,168,geolife,geolife_data_rdfbsp_tau_0.25,rdfbsp,0.1,adaptive,8,0.015625,42,4,1,2,0.25,0.03571428571428571,0.5833333333333334,0.020833333333333332,2,0,1,0,1,1,0.023809523809523808,0.3333333333333333,1,1.0,88.0295,109.79105,0,3,1,31,0.25,2,0.6480000000000001,0.648,0.05143558597025365
0.041666666666666664,1.41799047899639,0.1570932024648623,3.1973990147328113,0.8125,19.8125,4.024072187448957,0.11542653579819566,6011.461436469089,169,169,geolife,geolife_data_rdfbsp_tau_0.25,rdfbsp,0.1,adaptive,8,0.015625,34,2,1,10,0.5,0.3333333333333333,0.0625,0.020833333333333332,0,0,1,0,1,1,0.029411764705882353,0.5,1,1.0,90.27799999999999,113.01079999999999,0,11,1,40,0.25,2,0.6480000000000001,0.648,0.05143558597025365
0.0,2.116598911510368,0.14188844600808895,2.5679702502686426,1.0,20.104166666666668,4.099457765683314,0.14188844600808892,8889.11736924371,179,179,geolife,geolife_data_rdfbsp_tau_0.25,rdfbsp,0.1,adaptive,8,0.015625,36,2,2,10,1.0,1.0,0.033482142857142856,0.033482142857142856,0,0,0,0,2,2,0.05555555555555555,1.0,2,1.0,89.5925,104.4356,0,11,2,45,0.25,2,0.6480000000000001,0.648,0.05143558597025365
0.0625,1.3255513518239637,0.22272347727585487,1.6412856450203444,1.0,9.625,2.906414276732018,0.16022347727585484,5591.225219832767,2,2,geolife,geolife_dfbsp_tau_0.5,dfbsp,0.1,adaptive,8,0.015625,35,6,5,11,0.8333333333333334,0.2766415500538213,1.3824404761904763,0.38244047619047616,2,1,1,1,3,3,0.14285714285714285,0.5,5,1.0,39.0025,55.0528,0,11,0,47,0.5,0,0.6480000000000001,0.648,0.05143558597025365
0.4166666666666667,0.6955161731427134,0.22040072249881784,2.396649389514146,1.0,15.791666666666666,3.6389166795220373,0.2304803649829387,2940.4840732374128,3,3,geolife,geolife_dfbsp_tau_0.5,dfbsp,0.1,adaptive,8,0.015625,40,4,3,6,0.75,0.5945945945945947,0.15416666666666665,0.09166666666666667,0,0,2,1,2,2,0.075,1.0,3,1.0,38.400999999999996,52.89375,0,15,9,48,0.5,0,0.6480000000000001,0.648,0.05143558597025365
0.8333333333333334,0.17529611588277283,0.3609507713343744,1.3518382203638117,0.9791666666666666,7.958333333333333,2.556954379392504,0.47238256199895895,733.1426221813043,4,4,geolife,geolife_dfbsp_tau_0.5,dfbsp,0.1,adaptive,8,0.015625,31,3,3,14,1.0,1.0,0.14583333333333334,0.14583333333333334,0,0,2,2,1,1,0.0967741935483871,1.0,3,1.0,38.652,52.6663,0,14,9,48,0.5,0,0.6480000000000001,0.648,0.05143558597025365
0.6041666666666666,0.5252750715749257,0.284094703623254,1.8008678973775751,1.0,17.5,3.46339791172935,0.3360353001107031,2219.072078183702,7,7,geolife,geolife_dfbsp_tau_0.5,dfbsp,0.1,adaptive,8,0.015625,40,5,5,9,1.0,1.0,0.2261904761904762,0.2261904761904762,0,0,3,3,2,2,0.125,1.0,5,1.0,38.432,51.19714999999999,0,9,7,28,0.5,0,0.6480000000000001,0.648,0.05143558597025365
0.0,1.849102133396822,0.16415830989039296,2.492933650243916,0.9791666666666666,13.083333333333334,3.530173691300751,0.16415830989039296,7767.860175421763,8,8,geolife,geolife_dfbsp_tau_0.5,dfbsp,0.1,adaptive,8,0.015625,42,6,4,7,0.6666666666666666,0.8634146341463415,0.35590277777777773,0.30729166666666663,1,1,0,0,5,3,0.09523809523809523,1.0,4,1.0,38.4465,47.91145,0,7,2,46,0.5,0,0.6480000000000001,0.648,0.05143558597025365
0.20833333333333334,2.2993518058661437,0.14683078886382575,4.432165230080386,0.4791666666666667,14.8125,3.7766072462132603,0.17300872905884512,9763.428285077915,12,12,geolife,geolife_dfbsp_tau_0.5,dfbsp,0.1,adaptive,8,0.015625,37,5,2,2,0.4,0.20655737704918034,1.3616071428571428,0.28125,2,1,1,0,2,1,0.05405405405405406,0.3333333333333333,2,1.0,38.411500000000004,46.135799999999996,0,5,3,25,0.5,0,0.6480000000000001,0.648,0.05143558597025365
0.6041666666666666,0.5405056647916492,0.2435404587708538,2.0265530174913606,0.9583333333333334,10.645833333333334,3.0351517144550537,0.4190461335825613,2302.8820902383573,14,14,geolife,geolife_dfbsp_tau_0.5,dfbsp,0.1,adaptive,8,0.015625,34,6,4,10,0.6666666666666666,0.21461963450913724,0.35014880952380956,0.07514880952380952,1,0,0,0,5,4,0.11764705882352941,1.0,4,1.0,39.268,48.9043,0,10,3,48,0.5,0,0.6480000000000001,0.648,0.05143558597025365
0.3333333333333333,1.025594649113772,0.18639218528850407,2.7641142340445692,1.0,22.729166666666668,4.0668363142430435,0.17338121529193581,4333.4275707750985,17,17,geolife,geolife_dfbsp_tau_0.5,dfbsp,0.1,adaptive,8,0.015625,32,3,2,4,0.6666666666666666,0.5555555555555556,0.5625,0.3125,2,1,1,1,0,0,0.0625,0.6666666666666666,2,1.0,40.204,51.680749999999996,0,15,11,41,0.5,0,0.6480000000000001,0.648,0.05143558597025365
0.0,2.6351282755592518,0.160967484573069,3.486415882137368,0.9583333333333334,23.708333333333332,4.260884939699992,0.160967484573069,11119.455678661077,18,18,geolife,geolife_dfbsp_tau_0.5,dfbsp,0.1,adaptive,8,0.015625,39,2,1,3,0.5,0.4285714285714286,0.07291666666666666,0.03125,0,0,1,0,1,1,0.02564102564102564,0.5,1,1.0,38.8725,52.599399999999996,0,14,11,39,0.5,0,0.6480000000000001,0.648,0.05143558597025365
0.3958333333333333,0.7392766952966369,0.2939583337089842,1.5819502445191576,1.0,11.875,3.040758095595688,0.26125338754496913,3094.324483087826,19,19,geolife,geolife_dfbsp_tau_0.5,dfbsp,0.1,adaptive,8,0.015625,35,5,4,12,0.8,0.6972972972972973,0.1376488095238095,0.09598214285714285,0,0,1,0,4,4,0.11428571428571428,1.0,4,1.0,40.769999999999996,52.6666,0,13,3,46,0.5,0,0.6480000000000001,0.648,0.05143558597025365
0.041666666666666664,1.5326980167416757,0.22092346119658335,2.915849514237376,0.9791666666666666,18.604166666666668,3.7316623350933065,0.1792567945299167,6469.873263060079,22,22,geolife,geolife_dfbsp_tau_0.5,dfbsp,0.1,adaptive,8,0.015625,34,3,2,4,0.6666666666666666,0.09433962264150941,1.1041666666666667,0.10416666666666666,1,0,2,2,0,0,0.058823529411764705,1.0,2,1.0,40.275000000000006,54.71614999999999,0,17,13,47,0.5,0,0.6480000000000001,0.648,0.05143558597025365
0.6458333333333334,0.39731391274719746,0.3293286592446175,1.651932210536115,0.9791666666666666,11.666666666666666,2.969956019845016,0.368544658700306,1675.0593533467497,27,27,geolife,geolife_dfbsp_tau_0.5,dfbsp,0.1,adaptive,8,0.015625,35,2,2,9,1.0,1.0,0.041666666666666664,0.041666666666666664,0,0,0,0,2,2,0.05714285714285714,1.0,2,1.0,40.4645,52.07915,0,20,15,48,0.5,0,0.6480000000000001,0.648,0.05143558597025365
0.3333333333333333,0.7672588984322123,0.1737088223357519,2.733446815704441,0.8958333333333334,24.9375,4.259275431063082,0.2641008518439551,3238.393718659385,28,28,geolife,geolife_dfbsp_tau_0.5,dfbsp,0.1,adaptive,8,0.015625,34,3,2,5,0.6666666666666666,0.7627118644067797,0.10535714285714284,0.08035714285714285,0,0,1,1,2,1,0.058823529411764705,1.0,2,1.0,40.409499999999994,61.0258,0,18,13,44,0.5,0,0.6480000000000001,0.648,0.05143558597025365
0.2916666666666667,0.9122374179218938,0.1659661735971909,2.669998659065159,0.9166666666666666,18.270833333333332,3.943808642236114,0.13788026277820933,3866.443783111183,29,29,geolife,geolife_dfbsp_tau_0.5,dfbsp,0.1,adaptive,8,0.015625,38,5,5,7,1.0,1.0,0.19910714285714284,0.19910714285714284,0,0,2,2,3,3,0.13157894736842105,1.0,5,1.0,39.719,49.3545,0,17,10,45,0.5,0,0.6480000000000001,0.648,0.05143558597025365
0.041666666666666664,1.7865997481151819,0.2811444304645816,2.1451677059651844,0.9791666666666666,9.729166666666666,2.870536430609372,0.2599688657828568,7481.130817009562,34,34,geolife,geolife_dfbsp_tau_0.5,dfbsp,0.1,adaptive,8,0.015625,29,6,4,15,0.6666666666666666,0.12587412587412586,1.1916666666666667,0.15,1,0,3,2,2,2,0.13793103448275862,1.0,4,1.0,40.4295,49.273,0,19,5,48,0.5,0,0.6480000000000001,0.648,0.05143558597025365
0.0625,1.3973029085213575,0.11474399603770218,2.7031074395457497,1.0,25.208333333333332,4.463160435669815,0.0734109724369779,5906.617499727386,37,37,geolife,geolife_dfbsp_tau_0.5,dfbsp,0.1,adaptive,8,0.015625,40,5,3,4,0.6,0.2612137203166227,0.3759920634920635,0.09821428571428571,1,0,1,1,3,2,0.075,1.0,3,1.0,39.272999999999996,52.749599999999994,0,10,6,23,0.5,0,0.6480000000000001,0.648,0.05143558597025365
0.0,1.8529877753653559,0.24255927580389347,3.2033967331098263,1.0,21.229166666666668,3.6913483473239883,0.24255927580389347,7861.930051162192,38,38,geolife,geolife_dfbsp_tau_0.5,dfbsp,0.1,adaptive,8,0.015625,33,3,3,8,1.0,1.0,0.15625,0.15625,0,0,2,2,1,1,0.09090909090909091,1.0,3,1.0,40.945499999999996,64.03045,0,17,10,44,0.5,0,0.6480000000000001,0.648,0.05143558597025365
0.6666666666666666,0.367851130197758,0.13633346776343647,2.2880886810811143,1.0,26.4375,4.385440532514019,0.5311629717660992,1544.9214857013085,39,39,geolife,geolife_dfbsp_tau_0.5,dfbsp,0.1,adaptive,8,0.015625,41,2,2,2,1.0,1.0,0.26785714285714285,0.26785714285714285,1,1,0,0,1,1,0.04878048780487805,1.0,2,1.0,39.278000000000006,57.65629999999999,0,6,5,27,0.5,0,0.6480000000000001,0.648,0.05143558597025365
0.5625,0.4375,0.24087285745611775,1.8439837665699683,1.0,17.645833333333332,3.7393097377686053,0.3216271425438823,1839.8222394163192,43,43,geolife,geolife_dfbsp_tau_0.5,dfbsp,0.1,adaptive,8,0.015625,28,3,0,3,0.0,0.0,0.14583333333333334,0.0,0,0,2,0,1,0,0.0,0.0,0,1.0,41.5265,57.7633,0,26,23,48,0.5,0,0.6480000000000001,0.648,0.05143558597025365
0.5208333333333334,0.555351130197758,0.20722805065866723,2.2852517331527595,0.9791666666666666,17.895833333333332,3.6781338145712703,0.385986877319735,2333.4167311654455,52,52,geolife,geolife_dfbsp_tau_0.5,dfbsp,0.1,adaptive,8,0.015625,35,0,0,6,nan,nan,0.0,0.0,0,0,0,0,0,0,0.0,nan,0,1.0,40.791,60.06049999999999,0,9,4,44,0.5,0,0.6480000000000001,0.648,0.05143558597025365
0.4375,1.0100645264556325,0.27029899082489744,2.0169052214163825,0.9791666666666666,15.6875,3.295262809658302,0.26560293225232373,4248.431454656344,54,54,geolife,geolife_dfbsp_tau_0.5,dfbsp,0.1,adaptive,8,0.015625,38,3,3,8,1.0,1.0,0.07083333333333333,0.07083333333333333,0,0,0,0,3,3,0.07894736842105263,1.0,3,1.0,39.9135,53.971199999999996,0,13,8,43,0.5,0,0.6480000000000001,0.648,0.05143558597025365
0.5833333333333334,0.528301780674422,0.3851569752169839,2.086812251198426,0.9166666666666666,6.270833333333333,2.3076824917016814,0.287692593213759,2249.454965443571,58,58,geolife,geolife_dfbsp_tau_0.5,dfbsp,0.1,adaptive,8,0.015625,35,8,8,14,1.0,1.0,0.3590277777777778,0.3590277777777778,1,1,2,2,5,5,0.22857142857142856,1.0,8,1.0,40.78,58.42729999999999,0,16,7,48,0.5,0,0.6480000000000001,0.648,0.05143558597025365
0.5208333333333334,1.0022566659419636,0.19938265431355498,2.988726047063574,0.8333333333333334,16.25,3.593507754826914,0.32945820686057653,4246.204204077567,59,59,geolife,geolife_dfbsp_tau_0.5,dfbsp,0.1,adaptive,8,0.015625,36,1,1,5,1.0,1.0,0.015625,0.015625,0,0,0,0,1,1,0.027777777777777776,1.0,1,1.0,40.409499999999994,52.76565,0,14,10,46,0.5,0,0.6480000000000001,0.648,0.05143558597025365
0.7708333333333334,0.23779611588277283,0.28106261329417076,1.6793360219472435,0.9791666666666666,9.916666666666666,2.833517538006887,0.48977072003916255,1013.30385706176,62,62,geolife,geolife_dfbsp_tau_0.5,dfbsp,0.1,adaptive,8,0.015625,35,4,4,10,1.0,1.0,0.32410714285714287,0.32410714285714287,1,1,0,0,3,3,0.11428571428571428,1.0,4,1.0,40.48950000000001,59.51974999999999,0,17,8,48,0.5,0,0.6480000000000001,0.648,0.05143558597025365
0.7291666666666666,0.3419627825494395,0.17684783323860878,1.8945946331223766,1.0,16.833333333333332,3.9102203561600013,0.5801949945804853,1430.81812066935,64,64,geolife,geolife_dfbsp_tau_0.5,dfbsp,0.1,adaptive,8,0.015625,35,4,2,4,0.5,0.49218749999999994,0.17777777777777778,0.0875,0,0,2,1,2,1,0.05714285714285714,1.0,2,1.0,40.47,61.9768,0,20,16,46,0.5,0,0.6480000000000001,0.648,0.05143558597025365
0.4583333333333333,0.614276695296637,0.32845292191185,1.4474198857539713,1.0,9.291666666666666,2.7782731060483834,0.1700057431619265,2576.362980063917,68,68,geolife,geolife_dfbsp_tau_0.5,dfbsp,0.1,adaptive,8,0.015625,33,6,4,12,0.6666666666666666,0.5231143552311436,0.18348214285714284,0.09598214285714285,0,0,1,0,5,4,0.12121212121212122,1.0,4,1.0,40.8855,58.89615,0,12,3,48,0.5,0,0.6480000000000001,0.648,0.05143558597025365
0.0,1.655989076601337,0.2091239993464887,2.6394002245704025,1.0,18.354166666666668,3.78224773551063,0.2091239993464887,6977.067381091757,69,69,geolife,geolife_dfbsp_tau_0.5,dfbsp,0.1,adaptive,8,0.015625,37,2,1,5,0.5,0.75,0.08333333333333333,0.0625,0,0,1,1,1,0,0.02702702702702703,0.5,1,1.0,40.159,50.8378,0,9,5,39,0.5,0,0.6480000000000001,0.648,0.05143558597025365
0.0625,1.4920382917133523,0.1917145708421558,3.0944432090703216,0.8958333333333334,21.854166666666668,4.026054615831305,0.15402688107040244,6318.026405533775,73,73,geolife,geolife_dfbsp_tau_0.5,dfbsp,0.1,adaptive,8,0.015625,31,3,2,6,0.6666666666666666,0.72,0.11160714285714285,0.08035714285714285,0,0,1,1,2,1,0.06451612903225806,1.0,2,1.0,41.506,52.970749999999995,0,17,11,39,0.5,0,0.6480000000000001,0.648,0.05143558597025365
0.4375,0.8034399207989412,0.3105713479198589,2.0424935370083737,1.0,13.291666666666666,3.084834366448032,0.27055991821622716,3376.100279739488,74,74,geolife,geolife_dfbsp_tau_0.5,dfbsp,0.1,adaptive,8,0.015625,38,3,2,5,0.6666666666666666,0.8955223880597015,0.29910714285714285,0.26785714285714285,1,1,0,0,2,1,0.05263157894736842,0.6666666666666666,2,1.0,40.409,51.9496,0,8,7,48,0.5,0,0.6480000000000001,0.648,0.05143558597025365
0.0625,1.7320146002303431,0.19558224024038665,3.64769511178328,0.6875,16.583333333333332,3.743798537391895,0.13308224024038665,7312.519036049632,78,78,geolife,geolife_dfbsp_tau_0.5,dfbsp,0.1,adaptive,8,0.015625,30,4,3,6,0.75,0.06250000000000001,1.0666666666666664,0.06666666666666667,1,0,0,0,3,3,0.1,0.75,3,1.0,41.0005,50.58965,0,12,6,43,0.5,0,0.6480000000000001,0.648,0.05143558597025365
0.625,0.43526921306233685,0.30855314664082956,1.478771999679117,1.0,12.604166666666666,3.0484020659255258,0.3164468533591705,1831.0779709539065,79,79,geolife,geolife_dfbsp_tau_0.5,dfbsp,0.1,adaptive,8,0.015625,33,0,0,7,nan,nan,0.0,0.0,0,0,0,0,0,0,0.0,nan,0,1.0,40.3645,52.947849999999995,0,13,11,47,0.5,0,0.6480000000000001,0.648,0.05143558597025365
0.6875,0.482127825494395,0.23515236318659452,1.6108260158262182,1.0,11.770833333333334,3.2172553376747044,0.4523476368134056,2043.6619582054539,82,82,geolife,geolife_dfbsp_tau_0.5,dfbsp,0.1,adaptive,8,0.015625,37,4,4,12,1.0,1.0,0.09583333333333333,0.09583333333333333,0,0,0,0,4,4,0.10810810810810811,1.0,4,1.0,40.134,53.33125,0,17,5,48,0.5,0,0.6480000000000001,0.648,0.05143558597025365
0.4791666666666667,0.9954310536297545,0.16375673480033678,2.4565981093699274,0.9791666666666666,18.9375,3.9645644319442184,0.34738470951653927,4215.7500538397935,83,83,geolife,geolife_dfbsp_tau_0.5,dfbsp,0.1,adaptive,8,0.015625,38,5,5,8,1.0,1.0,0.18645833333333334,0.18645833333333334,0,0,2,2,3,3,0.13157894736842105,1.0,5,1.0,40.4845,51.7235,0,16,10,40,0.5,0,0.6480000000000001,0.648,0.05143558597025365
0.14583333333333334,1.6325141619791221,0.21566235216607224,2.238576474998505,1.0,16.791666666666668,3.6305830282797817,0.20668083847748622,6949.575586232323,84,84,geolife,geolife_dfbsp_tau_0.5,dfbsp,0.1,adaptive,8,0.015625,38,4,4,8,1.0,1.0,0.09077380952380952,0.09077380952380952,0,0,0,0,4,4,0.10526315789473684,1.0,4,1.0,39.7235,60.988299999999995,0,13,7,41,0.5,0,0.6480000000000001,0.648,0.05143558597025365
0.3125,1.2061025463956703,0.16244168977051082,3.0391799296880264,0.8125,23.229166666666668,4.2430841406232975,0.17364316813581934,5116.314168035505,89,89,geolife,geolife_dfbsp_tau_0.5,dfbsp,0.1,adaptive,8,0.015625,33,3,1,3,0.3333333333333333,0.12903225806451613,0.3229166666666667,0.041666666666666664,1,0,1,1,1,0,0.030303030303030304,0.3333333333333333,1,1.0,41.215999999999994,55.079499999999996,0,13,10,41,0.5,0,0.6480000000000001,0.648,0.05143558597025365
0.5,0.5,0.2025708523957471,1.9081239022471743,1.0,15.708333333333334,3.5985288220299156,0.31860471228597775,2106.504984880457,102,102,geolife,geolife_dfbsp_tau_0.5,dfbsp,0.1,adaptive,8,0.015625,32,5,3,9,0.6,0.2653673163418291,0.39702380952380956,0.10535714285714286,1,0,2,1,2,2,0.09375,1.0,3,1.0,40.76,57.684549999999994,0,16,8,40,0.5,0,0.6480000000000001,0.648,0.05143558597025365
0.7708333333333334,0.22916666666666666,0.23969696940607813,1.5346892927906948,1.0,12.875,3.178560650389235,0.5311363639272552,956.65625,103,103,geolife,geolife_dfbsp_tau_0.5,dfbsp,0.1,adaptive,8,0.015625,36,4,4,9,1.0,1.0,0.08035714285714285,0.08035714285714285,0,0,0,0,4,4,0.1111111111111111,1.0,4,1.0,39.85850000000001,49.841,0,14,6,46,0.5,0,0.6480000000000001,0.648,0.05143558597025365
0.5208333333333334,0.4791666666666667,0.2394958760482452,1.654201381729093,1.0,19.458333333333332,3.661494371582527,0.37788166506862325,2044.567715225049,104,104,geolife,geolife_dfbsp_tau_0.5,dfbsp,0.1,adaptive,8,0.015625,41,3,2,5,0.6666666666666666,0.0541871921182266,1.0572916666666667,0.057291666666666664,1,0,1,1,1,1,0.04878048780487805,1.0,2,1.0,39.438,53.043749999999996,0,14,11,45,0.5,0,0.6480000000000001,0.648,0.05143558597025365
0.0,1.0380922317655457,0.3170452891323658,2.142153032778148,0.9583333333333334,7.229166666666667,2.462102150637044,0.3170452891323657,4336.253994362609,113,113,geolife,geolife_dfbsp_tau_0.5,dfbsp,0.1,adaptive,8,0.015625,36,7,3,12,0.42857142857142855,0.11899959661153693,2.5822916666666664,0.3072916666666667,4,1,1,1,2,1,0.08333333333333333,1.0,3,1.0,39.998999999999995,50.6013,0,11,1,48,0.5,0,0.6480000000000001,0.648,0.05143558597025365
0.0625,1.4453871730895402,0.22611395975865808,2.778283186247671,0.8958333333333334,17.9375,3.419353174948403,0.16361395975865803,6159.074236884174,119,119,geolife,geolife_dfbsp_tau_0.5,dfbsp,0.1,adaptive,8,0.015625,35,1,1,7,1.0,1.0,0.017857142857142856,0.017857142857142856,0,0,0,0,1,1,0.02857142857142857,1.0,1,1.0,40.024,50.35295,0,17,10,46,0.5,0,0.6480000000000001,0.648,0.05143558597025365
0.0,1.0,0.318799710457542,1.6536644672316667,1.0,6.666666666666667,2.4182776859966575,0.3187997104575419,4266.923927426191,122,122,geolife,geolife_dfbsp_tau_0.5,dfbsp,0.1,adaptive,8,0.015625,34,5,5,17,1.0,1.0,0.32440476190476186,0.32440476190476186,1,1,0,0,4,4,0.14705882352941177,1.0,5,1.0,39.7585,51.15765,0,15,1,48,0.5,0,0.6480000000000001,0.648,0.05143558597025365
0.4791666666666667,0.8333134976995993,0.2580729311856246,1.963918025066789,1.0,16.416666666666668,3.4870586887559116,0.2525234304059752,3511.8912867230124,128,128,geolife,geolife_dfbsp_tau_0.5,dfbsp,0.1,adaptive,8,0.015625,41,4,4,7,1.0,1.0,0.08779761904761904,0.08779761904761904,0,0,0,0,4,4,0.0975609756097561,1.0,4,1.0,40.019000000000005,59.6776,0,10,7,40,0.5,0,0.6480000000000001,0.648,0.05143558597025365
0.041666666666666664,1.1666666666666667,0.2971630061456933,1.9676970352624858,0.9583333333333334,7.75,2.622428324694809,0.31829852077116155,4926.089456153324,129,129,geolife,geolife_dfbsp_tau_0.5,dfbsp,0.1,adaptive,8,0.015625,29,3,1,14,0.3333333333333333,0.010309278350515465,2.020833333333333,0.020833333333333332,2,0,0,0,1,1,0.034482758620689655,0.5,1,1.0,42.588,52.67804999999999,0,13,1,47,0.5,0,0.6480000000000001,0.648,0.05143558597025365
0.7291666666666666,0.4363389981249825,0.15910924237031218,2.1882270596687063,1.0,24.791666666666668,4.260500964674944,0.5700574242963544,1846.8578568698558,138,138,geolife,geolife_dfbsp_tau_0.5,dfbsp,0.1,adaptive,8,0.015625,37,3,1,4,0.3333333333333333,0.047619047619047616,1.3125,0.0625,2,0,1,1,0,0,0.02702702702702703,1.0,1,1.0,40.405,56.154149999999994,0,12,8,37,0.5,0,0.6480000000000001,0.648,0.05143558597025365
0.0,1.3385054434649906,0.2220489657605402,2.79714044860737,1.0,16.875,3.698604559000369,0.22204896576054015,5655.11726036697,142,142,geolife,geolife_dfbsp_tau_0.5,dfbsp,0.1,adaptive,8,0.015625,37,3,1,4,0.3333333333333333,0.03773584905660377,1.1041666666666667,0.041666666666666664,1,0,2,1,0,0,0.02702702702702703,0.5,1,1.0,39.4275,48.9635,0,14,11,40,0.5,0,0.6480000000000001,0.648,0.05143558597025365
0.2916666666666667,1.1590871668794718,0.30709018278115024,2.283680647857666,0.9375,12.958333333333334,3.169327473328711,0.1707589220335638,4899.765766570913,144,144,geolife,geolife_dfbsp_tau_0.5,dfbsp,0.1,adaptive,8,0.015625,37,5,4,7,0.8,0.288135593220339,0.35119047619047616,0.10119047619047619,1,0,0,0,4,4,0.10810810810810811,1.0,4,1.0,39.903999999999996,53.4886,0,14,9,48,0.5,0,0.6480000000000001,0.648,0.05143558597025365
0.14583333333333334,1.2604753208068507,0.12193204410281912,2.9897957779860267,1.0,30.5625,4.689600738411285,0.12992628933477876,5301.560590970517,147,147,geolife,geolife_dfbsp_tau_0.5,dfbsp,0.1,adaptive,8,0.015625,35,0,0,1,nan,nan,0.0,0.0,0,0,0,0,0,0,0.0,nan,0,1.0,39.543,58.493449999999996,0,12,11,26,0.5,0,0.6480000000000001,0.648,0.05143558597025365
0.3958333333333333,0.680351130197758,0.2552902054841964,1.5086443631019346,1.0,9.25,2.7877543329666814,0.14766002519833168,2847.5272372132627,153,153,geolife,geolife_dfbsp_tau_0.5,dfbsp,0.1,adaptive,8,0.015625,37,10,8,16,0.8,0.8320503848845345,0.49618055555555557,0.4128472222222222,1,1,2,0,7,7,0.21621621621621623,1.0,8,1.0,40.254000000000005,51.7123,0,16,2,48,0.5,0,0.6480000000000001,0.648,0.05143558597025365
0.6666666666666666,0.448816745143022,0.2075039493331531,1.7158040853505085,1.0,14.229166666666666,3.4569360379363707,0.4632222093164257,1906.5892787577689,163,163,geolife,geolife_dfbsp_tau_0.5,dfbsp,0.1,adaptive,8,0.015625,38,6,5,10,0.8333333333333334,0.7621744054360136,0.1313988095238095,0.1001488095238095,0,0,0,0,6,5,0.13157894736842105,1.0,5,1.0,39.834,53.4595,0,15,6,47,0.5,0,0.6480000000000001,0.648,0.05143558597025365
0.3958333333333333,0.7163495064760467,0.23079725123381778,2.4248506367212452,1.0,17.6875,3.733627644521954,0.20373730366241846,3019.7508292852303,167,167,geolife,geolife_dfbsp_tau_0.5,dfbsp,0.1,adaptive,8,0.015625,36,4,3,6,0.75,0.2727272727272727,0.34375,0.09375,1,0,1,1,2,2,0.08333333333333333,1.0,3,1.0,39.5375,57.77794999999999,0,9,7,37,0.5,0,0.6480000000000001,0.648,0.05143558597025365
0.0,1.589986022878854,0.30189927199882294,3.6322516933157885,0.7708333333333334,15.0,3.3315327874039533,0.3018992719988229,6700.214880345217,168,168,geolife,geolife_dfbsp_tau_0.5,dfbsp,0.1,adaptive,8,0.015625,42,4,1,4,0.25,0.42857142857142855,0.5833333333333334,0.25,2,1,1,0,1,0,0.023809523809523808,0.3333333333333333,1,1.0,39.287,49.2035,0,11,10,48,0.5,0,0.6480000000000001,0.648,0.05143558597025365
0.3125,1.078121551934208,0.2862769785524709,2.6505260129805035,0.8125,15.479166666666666,3.188557254853018,0.14963363749193204,4554.769730186019,169,169,geolife,geolife_dfbsp_tau_0.5,dfbsp,0.1,adaptive,8,0.015625,34,2,1,7,0.5,0.3333333333333333,0.0625,0.020833333333333332,0,0,1,0,1,1,0.029411764705882353,0.5,1,1.0,39.728,52.2778,0,15,11,48,0.5,0,0.6480000000000001,0.648,0.05143558597025365
0.20833333333333334,1.5416666666666667,0.1588409313360379,2.482944208147851,1.0,30.708333333333332,4.458926506148459,0.18818387946388793,6437.612998488045,179,179,geolife,geolife_dfbsp_tau_0.5,dfbsp,0.1,adaptive,8,0.015625,36,2,2,5,1.0,1.0,0.033482142857142856,0.033482142857142856,0,0,0,0,2,2,0.05555555555555555,1.0,2,1.0,40.153999999999996,59.520999999999994,0,22,18,40,0.5,0,0.6480000000000001,0.648,0.05143558597025365
0.0,2.1312957536932666,0.1480261463809055,2.3008538883243266,1.0,16.875,3.854606344220602,0.14802614638090547,9034.292949895278,2,2,geolife,geolife_data_rdfbsp_tau_0.5,rdfbsp,0.1,adaptive,8,0.015625,35,6,4,8,0.6666666666666666,0.09580193756727663,1.3824404761904763,0.1324404761904762,2,0,1,1,3,3,0.11428571428571428,0.5,4,1.0,87.0075,101.59814999999999,0,10,3,43,0.5,2,0.6480000000000001,0.648,0.05143558597025365
0.0,1.7132792414096532,0.210041843766565,2.5408651147280943,0.8958333333333334,15.416666666666666,3.613163520363169,0.2100418437665649,7231.785860832385,3,3,geolife,geolife_data_rdfbsp_tau_0.5,rdfbsp,0.1,adaptive,8,0.015625,40,4,3,7,0.75,0.5945945945945947,0.15416666666666665,0.09166666666666667,0,0,2,1,2,2,0.075,1.0,3,1.0,86.89750000000001,100.12259999999999,0,9,2,46,0.5,2,0.6480000000000001,0.648,0.05143558597025365
0.4791666666666667,0.555351130197758,0.29383092080902834,1.554109945485285,1.0,7.6875,2.6183947934405647,0.4994510064317716,2331.4912326774006,4,4,geolife,geolife_data_rdfbsp_tau_0.5,rdfbsp,0.1,adaptive,8,0.015625,31,3,3,16,1.0,1.0,0.14583333333333334,0.14583333333333334,0,0,2,2,1,1,0.0967741935483871,1.0,3,1.0,85.96600000000001,102.77315,0,15,0,48,0.5,2,0.6480000000000001,0.648,0.05143558597025365
0.4583333333333333,1.035507822180196,0.21995958328472234,2.432457146689462,0.9791666666666666,16.854166666666668,3.5894354282631316,0.3528676772326125,4382.922256833265,7,7,geolife,geolife_data_rdfbsp_tau_0.5,rdfbsp,0.1,adaptive,8,0.015625,40,5,5,9,1.0,1.0,0.2261904761904762,0.2261904761904762,0,0,3,3,2,2,0.125,1.0,5,1.0,87.303,105.57069999999999,0,10,1,39,0.5,2,0.6480000000000001,0.648,0.05143558597025365
0.0,2.047697022120396,0.10029780063265524,3.0871963932842093,1.0,28.666666666666668,4.6118813398180825,0.10029780063265521,8649.921750932697,8,8,geolife,geolife_data_rdfbsp_tau_0.5,rdfbsp,0.1,adaptive,8,0.015625,42,6,3,4,0.5,0.16097560975609757,0.35590277777777773,0.057291666666666664,1,0,0,0,5,3,0.07142857142857142,1.0,3,1.0,88.2495,101.1045,0,3,1,28,0.5,2,0.6480000000000001,0.648,0.05143558597025365
0.10416666666666667,2.3387184772344543,0.11802212485469665,3.7701023642614584,0.7291666666666666,29.604166666666668,4.663510685608542,0.09502696651682441,9839.71716511592,12,12,geolife,geolife_data_rdfbsp_tau_0.5,rdfbsp,0.1,adaptive,8,0.015625,37,5,1,3,0.2,0.013114754098360656,1.3616071428571428,0.017857142857142856,2,0,1,0,2,1,0.02702702702702703,0.3333333333333333,1,1.0,86.5065,101.19024999999999,0,5,3,23,0.5,2,0.6480000000000001,0.648,0.05143558597025365
0.20833333333333334,1.2872508074293747,0.13574752240666477,2.9916707053995264,0.8958333333333334,20.166666666666668,4.082134534573271,0.27082441851893096,5442.149470658415,14,14,geolife,geolife_data_rdfbsp_tau_0.5,rdfbsp,0.1,adaptive,8,0.015625,34,6,5,9,0.8333333333333334,0.28601784955376114,0.35014880952380956,0.10014880952380953,1,0,0,0,5,5,0.14705882352941177,1.0,5,1.0,86.05099999999999,101.21374999999999,0,9,2,35,0.5,2,0.6480000000000001,0.648,0.05143558597025365
0.22916666666666666,1.3442702287045336,0.17223022838443144,2.491270291090997,1.0,19.895833333333332,3.8790209793901274,0.17495939866417212,5699.5322331476245,17,17,geolife,geolife_data_rdfbsp_tau_0.5,rdfbsp,0.1,adaptive,8,0.015625,32,3,1,5,0.3333333333333333,0.4444444444444444,0.5625,0.25,2,1,1,0,0,0,0.03125,0.3333333333333333,1,1.0,86.1215,109.46209999999999,0,5,0,31,0.5,2,0.6480000000000001,0.648,0.05143558597025365
0.0,2.8949431934767555,0.12482581998505073,4.221884732205928,0.7916666666666666,25.729166666666668,4.48840553404974,0.12482581998505071,12270.55298051209,18,18,geolife,geolife_data_rdfbsp_tau_0.5,rdfbsp,0.1,adaptive,8,0.015625,39,2,1,2,0.5,0.4285714285714286,0.07291666666666666,0.03125,0,0,1,0,1,1,0.02564102564102564,0.5,1,1.0,86.4315,104.88425,0,2,0,20,0.5,2,0.6480000000000001,0.648,0.05143558597025365
0.4791666666666667,0.955261122059499,0.1386031379751704,2.4997327773863116,1.0,23.291666666666668,4.1247316789891295,0.3405635286914963,4042.678788928573,19,19,geolife,geolife_data_rdfbsp_tau_0.5,rdfbsp,0.1,adaptive,8,0.015625,35,5,3,6,0.6,0.4702702702702703,0.1376488095238095,0.06473214285714285,0,0,1,0,4,3,0.08571428571428572,1.0,3,1.0,86.361,100.1503,0,5,0,31,0.5,2,0.6480000000000001,0.648,0.05143558597025365
0.10416666666666667,1.4317206571655146,0.17077186545941755,2.457593837281936,1.0,20.375,3.83056392036142,0.13871029995421288,6022.867815565074,22,22,geolife,geolife_data_rdfbsp_tau_0.5,rdfbsp,0.1,adaptive,8,0.015625,34,3,1,6,0.3333333333333333,0.056603773584905655,1.1041666666666667,0.0625,1,0,2,1,0,0,0.029411764705882353,0.5,1,1.0,86.196,101.56349999999999,0,8,2,33,0.5,2,0.6480000000000001,0.648,0.05143558597025365
0.10416666666666667,1.281126008051743,0.16065985012765008,2.4533834307228424,0.9791666666666666,21.5,3.959624552269529,0.0722501244895231,5410.273302941389,27,27,geolife,geolife_data_rdfbsp_tau_0.5,rdfbsp,0.1,adaptive,8,0.015625,35,2,2,6,1.0,1.0,0.041666666666666664,0.041666666666666664,0,0,0,0,2,2,0.05714285714285714,1.0,2,1.0,86.84700000000001,101.3213,0,6,0,30,0.5,2,0.6480000000000001,0.648,0.05143558597025365
0.10416666666666667,1.5788262572836687,0.10845894077975314,2.5689629860398187,1.0,22.9375,4.388860743265461,0.0700175306964655,6613.114147109288,28,28,geolife,geolife_data_rdfbsp_tau_0.5,rdfbsp,0.1,adaptive,8,0.015625,34,3,2,6,0.6666666666666666,0.40677966101694923,0.10535714285714284,0.04285714285714286,0,0,1,0,2,2,0.058823529411764705,1.0,2,1.0,86.747,99.15815,0,7,2,27,0.5,2,0.6480000000000001,0.648,0.05143558597025365
0.3958333333333333,0.9357156643754606,0.129574161843622,2.6606363918707743,0.9375,19.770833333333332,4.0760833925470985,0.26625917148971134,3951.9720494653297,29,29,geolife,geolife_data_rdfbsp_tau_0.5,rdfbsp,0.1,adaptive,8,0.015625,38,5,4,6,0.8,0.874439461883408,0.19910714285714284,0.17410714285714285,0,0,2,2,3,2,0.10526315789473684,1.0,4,1.0,87.338,101.31065,0,6,0,35,0.5,2,0.6480000000000001,0.648,0.05143558597025365
0.10416666666666667,1.3840859582053586,0.22452785747231543,2.301478826475886,0.9791666666666666,13.625,3.375562102847713,0.12036119080564878,5844.782273638485,34,34,geolife,geolife_data_rdfbsp_tau_0.5,rdfbsp,0.1,adaptive,8,0.015625,29,6,4,12,0.6666666666666666,0.12587412587412586,1.1916666666666667,0.15,1,0,3,2,2,2,0.13793103448275862,1.0,4,1.0,86.7875,100.67615,0,15,3,40,0.5,2,0.6480000000000001,0.648,0.05143558597025365
0.0625,1.411931229890528,0.22134124633533622,2.3653745482185964,0.9791666666666666,15.604166666666666,3.4832570916278587,0.2521994267969254,5920.890141790776,37,37,geolife,geolife_data_rdfbsp_tau_0.5,rdfbsp,0.1,adaptive,8,0.015625,40,5,5,7,1.0,1.0,0.3759920634920635,0.3759920634920635,1,1,1,1,3,3,0.125,1.0,5,1.0,87.1825,101.45100000000001,0,6,0,39,0.5,2,0.6480000000000001,0.648,0.05143558597025365
0.16666666666666666,1.327053713079004,0.14585303629696358,2.98218545333812,1.0,23.270833333333332,4.161971693301681,0.08453819731923269,5628.270190378178,38,38,geolife,geolife_data_rdfbsp_tau_0.5,rdfbsp,0.1,adaptive,8,0.015625,33,3,2,5,0.6666666666666666,0.6,0.15625,0.09375,0,0,2,1,1,1,0.06060606060606061,1.0,2,1.0,87.0675,100.304,0,7,2,31,0.5,2,0.6480000000000001,0.648,0.05143558597025365
0.3125,1.5584088835237215,0.1103794782008126,3.1789655970619535,1.0,27.729166666666668,4.602982015385931,0.21972859854914165,6566.337916128486,39,39,geolife,geolife_data_rdfbsp_tau_0.5,rdfbsp,0.1,adaptive,8,0.015625,41,2,1,2,0.5,0.06666666666666667,0.26785714285714285,0.017857142857142856,1,0,0,0,1,1,0.024390243902439025,1.0,1,1.0,86.52199999999999,99.70865,0,1,0,20,0.5,2,0.6480000000000001,0.648,0.05143558597025365
0.0625,1.4265717195716991,0.14573880979607148,2.935372533753032,0.9791666666666666,27.395833333333332,4.368438884565206,0.10185596549943843,6013.0588776623745,43,43,geolife,geolife_data_rdfbsp_tau_0.5,rdfbsp,0.1,adaptive,8,0.015625,28,3,0,3,0.0,0.0,0.14583333333333334,0.0,0,0,2,0,1,0,0.0,0.0,0,1.0,86.672,104.59979999999999,0,3,0,18,0.5,2,0.6480000000000001,0.648,0.05143558597025365
0.08333333333333333,1.5007059781567451,0.20487100398173055,2.442410420997913,0.9791666666666666,17.916666666666668,3.699672386190807,0.1982141487252249,6319.612698499547,52,52,geolife,geolife_data_rdfbsp_tau_0.5,rdfbsp,0.1,adaptive,8,0.015625,35,0,0,6,nan,nan,0.0,0.0,0,0,0,0,0,0,0.0,nan,0,1.0,87.31299999999999,100.5463,0,6,0,35,0.5,2,0.6480000000000001,0.648,0.05143558597025365
0.375,1.261314052061014,0.18987100816870547,2.738803531760564,0.9791666666666666,19.458333333333332,3.722470782849399,0.2373024190715253,5338.126081618442,54,54,geolife,geolife_data_rdfbsp_tau_0.5,rdfbsp,0.1,adaptive,8,0.015625,38,3,3,7,1.0,1.0,0.07083333333333333,0.07083333333333333,0,0,0,0,3,3,0.07894736842105263,1.0,3,1.0,86.72200000000001,101.31949999999999,0,8,1,33,0.5,2,0.6480000000000001,0.648,0.05143558597025365
0.08333333333333333,1.8460461047405514,0.18466998891432962,3.0429975911605873,0.8333333333333334,15.395833333333334,3.56325764420794,0.10133665558099629,7824.260601428639,58,58,geolife,geolife_data_rdfbsp_tau_0.5,rdfbsp,0.1,adaptive,8,0.015625,35,8,4,9,0.5,0.379110251450677,0.3590277777777778,0.13611111111111113,1,0,2,1,5,3,0.11428571428571428,1.0,4,1.0,87.719,102.44269999999999,0,9,1,34,0.5,2,0.6480000000000001,0.648,0.05143558597025365
0.16666666666666666,1.686499635761743,0.11809231237342928,3.3181715095798867,0.875,21.479166666666668,4.3236523239857005,0.19321324743793356,7144.534427964777,59,59,geolife,geolife_data_rdfbsp_tau_0.5,rdfbsp,0.1,adaptive,8,0.015625,36,1,1,4,1.0,1.0,0.015625,0.015625,0,0,0,0,1,1,0.027777777777777776,1.0,1,1.0,86.9575,100.6558,0,4,1,19,0.5,2,0.6480000000000001,0.648,0.05143558597025365
0.3125,0.8854296061688167,0.1598078981840303,2.5689140251022575,0.9791666666666666,19.708333333333332,3.9268857562672905,0.240785235366585,3745.567522909103,62,62,geolife,geolife_data_rdfbsp_tau_0.5,rdfbsp,0.1,adaptive,8,0.015625,35,4,3,6,0.75,0.2286501377410468,0.32410714285714287,0.07410714285714286,1,0,0,0,3,3,0.08571428571428572,1.0,3,1.0,87.2825,103.47064999999999,0,6,1,28,0.5,2,0.6480000000000001,0.648,0.05143558597025365
0.0,1.1458333333333333,0.33099172867255394,1.6605192012551162,0.9583333333333334,9.3125,2.7148929522569745,0.33099172867255394,4783.28125,64,64,geolife,geolife_data_rdfbsp_tau_0.5,rdfbsp,0.1,adaptive,8,0.015625,35,4,4,12,1.0,1.0,0.17777777777777778,0.17777777777777778,0,0,2,2,2,2,0.11428571428571428,1.0,4,1.0,87.2125,99.76515,0,12,1,48,0.5,2,0.6480000000000001,0.648,0.05143558597025365
0.0625,1.5668261276959,0.13060010344315207,2.567506519726926,1.0,21.375,4.249604071327755,0.06810010344315202,6618.80399409682,68,68,geolife,geolife_data_rdfbsp_tau_0.5,rdfbsp,0.1,adaptive,8,0.015625,33,6,3,6,0.5,0.5231143552311436,0.18348214285714284,0.09598214285714285,0,0,1,1,5,2,0.09090909090909091,1.0,3,1.0,87.70400000000001,102.71515,0,8,3,33,0.5,2,0.6480000000000001,0.648,0.05143558597025365
0.0625,1.500456508989253,0.18463952235200068,2.648039762245826,1.0,18.854166666666668,3.856822906164929,0.13851575644423159,6327.276652969143,69,69,geolife,geolife_data_rdfbsp_tau_0.5,rdfbsp,0.1,adaptive,8,0.015625,37,2,1,5,0.5,0.75,0.08333333333333333,0.0625,0,0,1,1,1,0,0.02702702702702703,0.5,1,1.0,86.6465,101.632,0,5,0,28,0.5,2,0.6480000000000001,0.648,0.05143558597025365
0.08333333333333333,2.3914890815038348,0.1092881747890752,3.3103260037559203,0.8958333333333334,21.4375,4.305319467545881,0.046841835545656546,10097.03399475767,73,73,geolife,geolife_data_rdfbsp_tau_0.5,rdfbsp,0.1,adaptive,8,0.015625,31,3,2,5,0.6666666666666666,0.72,0.11160714285714285,0.08035714285714285,0,0,1,1,2,1,0.06451612903225806,1.0,2,1.0,88.249,102.15944999999999,0,10,5,28,0.5,2,0.6480000000000001,0.648,0.05143558597025365
0.0,1.5395050880896968,0.20840082126768364,2.1738497219330997,1.0,13.645833333333334,3.2794768469622024,0.20840082126768364,6493.707944934739,74,74,geolife,geolife_data_rdfbsp_tau_0.5,rdfbsp,0.1,adaptive,8,0.015625,38,3,2,7,0.6666666666666666,0.8955223880597015,0.29910714285714285,0.26785714285714285,1,1,0,0,2,1,0.05263157894736842,0.6666666666666666,2,1.0,89.231,108.70125,0,7,1,39,0.5,2,0.6480000000000001,0.648,0.05143558597025365
0.08333333333333333,1.6162594983377876,0.12418555045090085,3.597833613920318,0.75,25.083333333333332,4.400074614582672,0.10927702940419022,6831.666874952721,78,78,geolife,geolife_data_rdfbsp_tau_0.5,rdfbsp,0.1,adaptive,8,0.015625,30,4,3,4,0.75,0.06250000000000001,1.0666666666666664,0.06666666666666667,1,0,0,0,3,3,0.1,0.75,3,1.0,87.7935,102.10115,0,4,2,17,0.5,2,0.6480000000000001,0.648,0.05143558597025365
0.4166666666666667,0.8068774242496562,0.11944233206759482,2.3721058336863354,0.9791666666666666,21.770833333333332,4.18252120534068,0.3063022395286494,3387.057135318362,79,79,geolife,geolife_data_rdfbsp_tau_0.5,rdfbsp,0.1,adaptive,8,0.015625,33,0,0,7,nan,nan,0.0,0.0,0,0,0,0,0,0,0.0,nan,0,1.0,87.79849999999999,99.3574,0,8,1,32,0.5,2,0.6480000000000001,0.648,0.05143558597025365
0.6666666666666666,0.680259913385386,0.2067023335668627,1.912941214619357,1.0,15.645833333333334,3.5153569756218808,0.45996433309980383,2883.725848650098,82,82,geolife,geolife_data_rdfbsp_tau_0.5,rdfbsp,0.1,adaptive,8,0.015625,37,4,3,9,0.75,0.7391304347826088,0.09583333333333333,0.07083333333333333,0,0,0,0,4,3,0.08108108108108109,1.0,3,1.0,87.999,105.4246,0,9,0,39,0.5,2,0.6480000000000001,0.648,0.05143558597025365
0.5208333333333334,0.9768446629166316,0.13553823302829457,2.2960587324459016,1.0,24.9375,4.330179391359542,0.38529510030503883,4149.034526712883,83,83,geolife,geolife_data_rdfbsp_tau_0.5,rdfbsp,0.1,adaptive,8,0.015625,38,5,5,6,1.0,1.0,0.18645833333333334,0.18645833333333334,0,0,2,2,3,3,0.13157894736842105,1.0,5,1.0,88.019,97.6961,0,6,1,21,0.5,2,0.6480000000000001,0.648,0.05143558597025365
0.3125,1.1837687980147384,0.1770079130041908,2.3219887652563203,1.0,20.291666666666668,3.9974612811178147,0.19761847357884688,5007.147817789473,84,84,geolife,geolife_data_rdfbsp_tau_0.5,rdfbsp,0.1,adaptive,8,0.015625,38,4,4,7,1.0,1.0,0.09077380952380952,0.09077380952380952,0,0,0,0,4,4,0.10526315789473684,1.0,4,1.0,87.258,103.8518,0,4,0,25,0.5,2,0.6480000000000001,0.648,0.05143558597025365
0.3125,1.3211531554024611,0.23293019554043795,2.6705751272891383,0.8125,15.770833333333334,3.4704144693935803,0.14223353542301823,5579.954844359706,89,89,geolife,geolife_data_rdfbsp_tau_0.5,rdfbsp,0.1,adaptive,8,0.015625,33,3,2,6,0.6666666666666666,0.9032258064516129,0.3229166666666667,0.2916666666666667,1,1,1,1,1,0,0.06060606060606061,0.6666666666666666,2,1.0,87.02799999999999,99.21000000000001,0,6,0,42,0.5,2,0.6480000000000001,0.648,0.05143558597025365
0.125,1.4498666945719327,0.1913337632146068,2.154981744016202,1.0,15.6875,3.606394154357037,0.15273630227132726,6124.7963043044665,102,102,geolife,geolife_data_rdfbsp_tau_0.5,rdfbsp,0.1,adaptive,8,0.015625,32,5,4,10,0.8,0.3703148425787106,0.39702380952380956,0.14702380952380953,1,0,2,2,2,2,0.125,1.0,4,1.0,88.57,100.2248,0,12,3,36,0.5,2,0.6480000000000001,0.648,0.05143558597025365
0.08333333333333333,1.7712106126401421,0.08952586840689464,3.5175530559043935,1.0,39.104166666666664,5.111911896596863,0.1353586307917005,7483.685984182521,103,103,geolife,geolife_data_rdfbsp_tau_0.5,rdfbsp,0.1,adaptive,8,0.015625,36,4,3,3,0.75,0.7407407407407408,0.08035714285714285,0.05952380952380952,0,0,0,0,4,3,0.08333333333333333,0.5,3,1.0,87.398,98.3565,0,1,0,5,0.5,2,0.6480000000000001,0.648,0.05143558597025365
0.8125,0.1875,0.1878740522470752,1.9050749512551217,1.0,21.25,3.891737848283423,0.6246259477529249,792.3462424402279,104,104,geolife,geolife_data_rdfbsp_tau_0.5,rdfbsp,0.1,adaptive,8,0.015625,41,3,2,5,0.6666666666666666,0.0541871921182266,1.0572916666666667,0.057291666666666664,1,0,1,1,1,1,0.04878048780487805,1.0,2,1.0,87.30250000000001,102.40899999999999,0,4,0,26,0.5,2,0.6480000000000001,0.648,0.05143558597025365
0.4791666666666667,1.590806045885927,0.19172007721923864,3.126215089043044,0.8541666666666666,21.458333333333332,3.8635124265835237,0.34829023306147483,6666.5308559633895,113,113,geolife,geolife_data_rdfbsp_tau_0.5,rdfbsp,0.1,adaptive,8,0.015625,36,7,2,6,0.2857142857142857,0.02218636546994756,2.5822916666666664,0.057291666666666664,4,0,1,1,2,1,0.05555555555555555,1.0,2,1.0,88.269,101.1218,0,5,0,29,0.5,2,0.6480000000000001,0.648,0.05143558597025365
0.25,1.3280492707449085,0.17717177484902003,2.327825603410572,1.0,19.895833333333332,3.667414579716174,0.13034694284732073,5644.734177207123,119,119,geolife,geolife_data_rdfbsp_tau_0.5,rdfbsp,0.1,adaptive,8,0.015625,35,1,1,7,1.0,1.0,0.017857142857142856,0.017857142857142856,0,0,0,0,1,1,0.02857142857142857,1.0,1,1.0,87.72800000000001,102.41329999999999,0,8,1,32,0.5,2,0.6480000000000001,0.648,0.05143558597025365
0.875,0.1507514161979123,0.36174842716354044,1.2042095830358224,1.0,7.229166666666667,2.3159263027040775,0.5132515728364596,639.8079807167345,122,122,geolife,geolife_data_rdfbsp_tau_0.5,rdfbsp,0.1,adaptive,8,0.015625,34,5,5,15,1.0,1.0,0.32440476190476186,0.32440476190476186,1,1,0,0,4,4,0.14705882352941177,1.0,5,1.0,87.568,104.2298,0,13,0,48,0.5,2,0.6480000000000001,0.648,0.05143558597025365
0.16666666666666666,1.1370471170330871,0.13740654502733932,2.4842660203946045,1.0,24.104166666666668,4.343419340180756,0.13704484829616856,4777.803264483192,128,128,geolife,geolife_data_rdfbsp_tau_0.5,rdfbsp,0.1,adaptive,8,0.015625,41,4,4,5,1.0,1.0,0.08779761904761904,0.08779761904761904,0,0,0,0,4,4,0.0975609756097561,1.0,4,1.0,86.81700000000001,130.59019999999998,0,5,2,29,0.5,2,0.6480000000000001,0.648,0.05143558597025365
0.041666666666666664,1.1507514161979122,0.30563189947337527,1.8736885853309173,0.9791666666666666,8.166666666666666,2.6445756452435982,0.31708503804638455,4857.326677174583,129,129,geolife,geolife_data_rdfbsp_tau_0.5,rdfbsp,0.1,adaptive,8,0.015625,29,3,1,14,0.3333333333333333,0.010309278350515465,2.020833333333333,0.020833333333333332,2,0,0,0,1,1,0.034482758620689655,0.5,1,1.0,87.273,103.06315,0,14,0,47,0.5,2,0.6480000000000001,0.648,0.05143558597025365
0.20833333333333334,0.9744312298905281,0.15912820904750807,2.422931369488559,1.0,25.208333333333332,4.001922414302219,0.2832466762768285,4097.78734972051,138,138,geolife,geolife_data_rdfbsp_tau_0.5,rdfbsp,0.1,adaptive,8,0.015625,37,3,1,8,0.3333333333333333,0.19047619047619047,1.3125,0.25,2,1,1,0,0,0,0.02702702702702703,1.0,1,1.0,87.519,106.3959,0,8,0,24,0.5,2,0.6480000000000001,0.648,0.05143558597025365
0.0,1.8760501618926062,0.09687157656395602,3.3504329470321026,1.0,25.875,4.5520135003791,0.09687157656395605,7930.803693215789,142,142,geolife,geolife_data_rdfbsp_tau_0.5,rdfbsp,0.1,adaptive,8,0.015625,37,3,1,3,0.3333333333333333,0.056603773584905655,1.1041666666666667,0.0625,1,0,2,1,0,0,0.02702702702702703,0.5,1,1.0,87.324,100.14529999999999,0,3,0,17,0.5,2,0.6480000000000001,0.648,0.05143558597025365
0.0,1.8504254335592858,0.11831062538563053,2.9081978062095004,1.0,31.145833333333332,4.649538820071272,0.11831062538563052,7812.87872162915,144,144,geolife,geolife_data_rdfbsp_tau_0.5,rdfbsp,0.1,adaptive,8,0.015625,37,5,3,7,0.6,0.19915254237288138,0.35119047619047616,0.06994047619047619,1,0,0,0,4,3,0.08108108108108109,0.6666666666666666,3,1.0,87.0235,97.0803,0,7,1,22,0.5,2,0.6480000000000001,0.648,0.05143558597025365
0.14583333333333334,1.3411213582132684,0.18033706770159466,2.245061332311541,1.0,15.9375,3.4943560970488368,0.1567729551243403,5640.6316181325155,147,147,geolife,geolife_data_rdfbsp_tau_0.5,rdfbsp,0.1,adaptive,8,0.015625,35,0,0,7,nan,nan,0.0,0.0,0,0,0,0,0,0,0.0,nan,0,1.0,88.3205,110.25394999999999,0,8,1,36,0.5,2,0.6480000000000001,0.648,0.05143558597025365
0.5416666666666666,0.8483614448278826,0.1876961319003592,1.9861954285386527,1.0,16.0,3.625044046287941,0.3539705347663074,3550.5674713643325,153,153,geolife,geolife_data_rdfbsp_tau_0.5,rdfbsp,0.1,adaptive,8,0.015625,37,10,8,14,0.8,0.8656403079076276,0.49618055555555557,0.42951388888888886,1,1,2,1,7,6,0.21621621621621623,0.5,8,1.0,87.72,103.49329999999999,0,13,0,43,0.5,2,0.6480000000000001,0.648,0.05143558597025365
0.0625,1.8376742267131927,0.11313703167950162,2.8350499863349583,1.0,25.208333333333332,4.464101436761296,0.08839228559314888,7711.707148711037,163,163,geolife,geolife_data_rdfbsp_tau_0.5,rdfbsp,0.1,adaptive,8,0.015625,38,6,6,8,1.0,1.0,0.1313988095238095,0.1313988095238095,0,0,0,0,6,6,0.15789473684210525,1.0,6,1.0,89.0865,195.82044999999994,0,7,1,24,0.5,2,0.6480000000000001,0.648,0.05143558597025365
0.3333333333333333,0.7479061445127431,0.2216847863520375,1.9128371032548461,1.0,13.25,3.360878958588131,0.22367634973661155,3176.00357049418,167,167,geolife,geolife_data_rdfbsp_tau_0.5,rdfbsp,0.1,adaptive,8,0.015625,36,4,4,7,1.0,1.0,0.34375,0.34375,1,1,1,1,2,2,0.1111111111111111,1.0,4,1.0,95.4205,221.6187,0,6,1,38,0.5,2,0.6480000000000001,0.648,0.05143558597025365
0.041666666666666664,1.9627838217929579,0.11429745932602446,3.710381528983527,0.7708333333333334,25.8125,4.484315573341091,0.07263079265935778,8286.478197774357,168,168,geolife,geolife_data_rdfbsp_tau_0.5,rdfbsp,0.1,adaptive,8,0.015625,42,4,1,2,0.25,0.03571428571428571,0.5833333333333334,0.020833333333333332,2,0,1,0,1,1,0.023809523809523808,0.3333333333333333,1,1.0,87.88999999999999,103.21775,0,3,1,25,0.5,2,0.6480000000000001,0.648,0.05143558597025365
0.16666666666666666,1.3173982472308445,0.16177081396145485,3.0996360195261565,0.8125,19.75,3.869078301584754,0.08531859244539786,5563.769711761888,169,169,geolife,geolife_data_rdfbsp_tau_0.5,rdfbsp,0.1,adaptive,8,0.015625,34,2,1,8,0.5,0.3333333333333333,0.0625,0.020833333333333332,0,0,1,0,1,1,0.029411764705882353,0.5,1,1.0,87.42349999999999,100.38409999999999,0,9,1,41,0.5,2,0.6480000000000001,0.648,0.05143558597025365
0.0,2.5135772372222918,0.1555270384619175,2.7357285979276647,1.0,28.083333333333332,4.338942883850729,0.1555270384619175,10621.933386210401,179,179,geolife,geolife_data_rdfbsp_tau_0.5,rdfbsp,0.1,adaptive,8,0.015625,36,2,2,6,1.0,1.0,0.033482142857142856,0.033482142857142856,0,0,0,0,2,2,0.05555555555555555,1.0,2,1.0,86.29249999999999,110.90234999999998,0,4,0,21,0.5,2,0.6480000000000001,0.648,0.05143558597025365
0.0625,1.3255513518239637,0.2227324346869751,1.6412885842857365,1.0,9.625,2.9063736456787885,0.16023243468697507,5591.225219832767,2,2,geolife,geolife_dfbsp_tau_1.0,dfbsp,0.1,adaptive,8,0.015625,35,6,5,11,0.8333333333333334,0.2766415500538213,1.3824404761904763,0.38244047619047616,2,1,1,1,3,3,0.14285714285714285,0.5,5,1.0,38.817499999999995,51.33319999999999,0,13,2,47,1.0,0,0.6480000000000001,0.648,0.05143558597025365
0.5,0.5690355937288493,0.21750894038443172,2.291643945184618,1.0,15.875,3.6490183099231257,0.2997615987322824,2397.943968378708,3,3,geolife,geolife_dfbsp_tau_1.0,dfbsp,0.1,adaptive,8,0.015625,40,4,3,5,0.75,0.5945945945945947,0.15416666666666665,0.09166666666666667,0,0,2,1,2,2,0.075,1.0,3,1.0,39.173,50.0516,0,17,12,48,1.0,0,0.6480000000000001,0.648,0.05143558597025365
0.8333333333333334,0.17529611588277283,0.36067881977016447,1.3526731049659224,0.9791666666666666,7.958333333333333,2.5572234395339453,0.47265451356316884,733.1426221813043,4,4,geolife,geolife_dfbsp_tau_1.0,dfbsp,0.1,adaptive,8,0.015625,31,3,3,14,1.0,1.0,0.14583333333333334,0.14583333333333334,0,0,2,2,1,1,0.0967741935483871,1.0,3,1.0,38.257,49.22679999999999,0,16,3,48,1.0,0,0.6480000000000001,0.648,0.05143558597025365
0.6041666666666666,0.5252750715749257,0.2869560443602019,1.7759446548917726,1.0,17.270833333333332,3.4444275707591814,0.3332414450102415,2219.072078183702,7,7,geolife,geolife_dfbsp_tau_1.0,dfbsp,0.1,adaptive,8,0.015625,40,5,5,9,1.0,1.0,0.2261904761904762,0.2261904761904762,0,0,3,3,2,2,0.125,1.0,5,1.0,38.677,43.6603,0,11,3,28,1.0,0,0.6480000000000001,0.648,0.05143558597025365
0.041666666666666664,1.4794497960011708,0.3075398649768473,2.6531986742332876,0.9166666666666666,10.125,2.930354787939642,0.26927798524343355,6240.640392763676,8,8,geolife,geolife_dfbsp_tau_1.0,dfbsp,0.1,adaptive,8,0.015625,42,6,4,6,0.6666666666666666,0.8634146341463415,0.35590277777777773,0.30729166666666663,1,1,0,0,5,3,0.09523809523809523,1.0,4,1.0,38.1565,46.72745,0,5,1,48,1.0,0,0.6480000000000001,0.648,0.05143558597025365
0.3333333333333333,1.7205611590053307,0.28456871802418654,3.253772603543864,0.7083333333333334,11.8125,3.1718683760822413,0.18331647035793383,7303.408829363477,12,12,geolife,geolife_dfbsp_tau_1.0,dfbsp,0.1,adaptive,8,0.015625,37,5,3,3,0.6,0.9409836065573771,1.3616071428571428,1.28125,2,2,1,0,2,1,0.08108108108108109,0.6666666666666666,3,1.0,38.1315,55.07424999999999,0,9,6,37,1.0,0,0.6480000000000001,0.648,0.05143558597025365
0.5416666666666666,0.670423747656228,0.17529262024080913,2.3995324117565846,0.9583333333333334,15.375,3.71071033382705,0.5137164249268552,2848.6770567237527,14,14,geolife,geolife_dfbsp_tau_1.0,dfbsp,0.1,adaptive,8,0.015625,34,6,4,9,0.6666666666666666,0.21461963450913724,0.35014880952380956,0.07514880952380952,1,0,0,0,5,4,0.11764705882352941,1.0,4,1.0,38.687,47.37259999999999,0,13,6,48,1.0,0,0.6480000000000001,0.648,0.05143558597025365
0.14583333333333334,1.4200843344836473,0.18302759312494168,2.8082795999816024,1.0,21.875,4.064952347451656,0.10253937966050862,5979.811355391233,17,17,geolife,geolife_dfbsp_tau_1.0,dfbsp,0.1,adaptive,8,0.015625,32,3,2,3,0.6666666666666666,0.5555555555555556,0.5625,0.3125,2,1,1,1,0,0,0.0625,0.6666666666666666,2,1.0,38.817499999999995,48.98454999999999,0,20,17,37,1.0,0,0.6480000000000001,0.648,0.05143558597025365
0.0,3.586593356721428,0.14086895540028674,4.622995658708935,0.5,25.229166666666668,4.396145481815673,0.14086895540028674,15091.451539985135,18,18,geolife,geolife_dfbsp_tau_1.0,dfbsp,0.1,adaptive,8,0.015625,39,2,2,3,1.0,1.0,0.07291666666666666,0.07291666666666666,0,0,1,1,1,1,0.05128205128205128,1.0,2,1.0,38.532,52.15265,0,32,29,44,1.0,0,0.6480000000000001,0.648,0.05143558597025365
0.4375,0.6976100286299701,0.30359296829721305,1.5496855634397784,1.0,11.854166666666666,3.0197321143315334,0.30390576336408676,2920.386983087826,19,19,geolife,geolife_dfbsp_tau_1.0,dfbsp,0.1,adaptive,8,0.015625,35,5,4,12,0.8,0.6972972972972973,0.1376488095238095,0.09598214285714285,0,0,1,0,4,4,0.11428571428571428,1.0,4,1.0,38.577,52.5538,0,16,5,46,1.0,0,0.6480000000000001,0.648,0.05143558597025365
0.3333333333333333,1.068194169392678,0.3950272545417695,2.1089320545333794,1.0,16.3125,3.0926449316694367,0.13380694557929843,4503.177979449463,22,22,geolife,geolife_dfbsp_tau_1.0,dfbsp,0.1,adaptive,8,0.015625,34,3,3,7,1.0,1.0,1.1041666666666667,1.1041666666666667,1,1,2,2,0,0,0.08823529411764706,1.0,3,1.0,38.962,44.2121,0,29,22,48,1.0,0,0.6480000000000001,0.648,0.05143558597025365
0.7083333333333334,0.3261844635310913,0.25250887056873994,1.749599216257118,1.0,13.0625,3.2541155612182844,0.4558244627645934,1370.9839857013085,27,27,geolife,geolife_dfbsp_tau_1.0,dfbsp,0.1,adaptive,8,0.015625,35,2,2,6,1.0,1.0,0.041666666666666664,0.041666666666666664,0,0,0,0,2,2,0.05714285714285714,1.0,2,1.0,38.4915,48.607899999999994,0,15,9,48,1.0,0,0.6480000000000001,0.648,0.05143558597025365
0.5208333333333334,0.6687406865201897,0.20074284512214477,1.882619743402805,1.0,17.645833333333332,3.7377491531006206,0.32807596259395916,2824.316634847752,28,28,geolife,geolife_dfbsp_tau_1.0,dfbsp,0.1,adaptive,8,0.015625,34,3,3,7,1.0,1.0,0.10535714285714284,0.10535714285714284,0,0,1,1,2,2,0.08823529411764706,1.0,3,1.0,38.957,55.58065,0,23,17,46,1.0,0,0.6480000000000001,0.648,0.05143558597025365
0.25,1.1781328327569138,0.280015619194432,1.8359097216427285,0.8958333333333334,10.208333333333334,2.8871600676626152,0.07860828428584274,4966.418614820684,29,29,geolife,geolife_dfbsp_tau_1.0,dfbsp,0.1,adaptive,8,0.015625,38,5,4,9,0.8,0.6860986547085202,0.19910714285714284,0.13660714285714284,0,0,2,1,3,3,0.10526315789473684,1.0,4,1.0,38.572,49.587999999999994,0,15,7,47,1.0,0,0.6480000000000001,0.648,0.05143558597025365
0.14583333333333334,1.4538150405941337,0.3422166568196403,1.6619925371595021,1.0,9.770833333333334,2.7012143450083763,0.23595146895790398,6088.231360972906,34,34,geolife,geolife_dfbsp_tau_1.0,dfbsp,0.1,adaptive,8,0.015625,29,6,4,14,0.6666666666666666,0.93006993006993,1.1916666666666667,1.1083333333333332,1,1,3,1,2,2,0.13793103448275862,0.6666666666666666,4,1.0,39.1925,52.87244999999999,0,21,8,45,1.0,0,0.6480000000000001,0.648,0.05143558597025365
0.10416666666666667,1.482923747656228,0.13082940658341566,2.5623227123052446,1.0,22.645833333333332,4.315261179492617,0.08232446435980606,6288.5957689248935,37,37,geolife,geolife_dfbsp_tau_1.0,dfbsp,0.1,adaptive,8,0.015625,40,5,3,5,0.6,0.2612137203166227,0.3759920634920635,0.09821428571428571,1,0,1,1,3,2,0.075,1.0,3,1.0,38.521,51.165299999999995,0,19,14,35,1.0,0,0.6480000000000001,0.648,0.05143558597025365
0.25,1.3517810588523043,0.26249703263860075,2.777541730723803,1.0,22.625,3.737603225406728,0.18572263818862367,5724.377692519079,38,38,geolife,geolife_dfbsp_tau_1.0,dfbsp,0.1,adaptive,8,0.015625,33,3,3,6,1.0,1.0,0.15625,0.15625,0,0,2,2,1,1,0.09090909090909091,1.0,3,1.0,38.4915,52.44,0,25,19,44,1.0,0,0.6480000000000001,0.648,0.05143558597025365
0.16666666666666666,1.2145950641613699,0.15855413393661494,2.3155429414536495,1.0,24.0625,4.207867431492796,0.10426262014077749,5128.106389534541,39,39,geolife,geolife_dfbsp_tau_1.0,dfbsp,0.1,adaptive,8,0.015625,41,2,2,2,1.0,1.0,0.26785714285714285,0.26785714285714285,1,1,0,0,1,1,0.04878048780487805,1.0,2,1.0,38.5065,49.47725,0,16,14,31,1.0,0,0.6480000000000001,0.648,0.05143558597025365
0.5833333333333334,0.4375,0.3319292186007384,1.5656605938974135,1.0,11.791666666666666,2.9602142445139887,0.25140411473259494,1830.194746976091,43,43,geolife,geolife_dfbsp_tau_1.0,dfbsp,0.1,adaptive,8,0.015625,28,3,1,8,0.3333333333333333,0.42857142857142855,0.14583333333333334,0.0625,0,0,2,1,1,0,0.03571428571428571,0.5,1,1.0,39.403,53.389,0,16,8,48,1.0,0,0.6480000000000001,0.648,0.05143558597025365
0.5416666666666666,0.47559223176554566,0.4244666938259445,1.4482860254480794,0.9583333333333334,10.041666666666666,2.539681103211459,0.20605369741494525,2001.576233778928,52,52,geolife,geolife_dfbsp_tau_1.0,dfbsp,0.1,adaptive,8,0.015625,35,0,0,8,nan,nan,0.0,0.0,0,0,0,0,0,0,0.0,nan,0,1.0,38.777,49.83104999999999,0,15,8,48,1.0,0,0.6480000000000001,0.648,0.05143558597025365
0.4791666666666667,0.8555560292681589,0.27940627645610944,2.0240565123940786,0.9791666666666666,16.375,3.340653386567686,0.2742681238951797,3625.1805038299444,54,54,geolife,geolife_dfbsp_tau_1.0,dfbsp,0.1,adaptive,8,0.015625,38,3,3,8,1.0,1.0,0.07083333333333333,0.07083333333333333,0,0,0,0,3,3,0.07894736842105263,1.0,3,1.0,38.687,49.7769,0,13,7,37,1.0,0,0.6480000000000001,0.648,0.05143558597025365
0.5833333333333334,0.528301780674422,0.38595924141430776,2.0845421890208136,0.9166666666666666,6.270833333333333,2.3071572397457825,0.28721023740709517,2249.454965443571,58,58,geolife,geolife_dfbsp_tau_1.0,dfbsp,0.1,adaptive,8,0.015625,35,8,8,14,1.0,1.0,0.3590277777777778,0.3590277777777778,1,1,2,2,5,5,0.22857142857142856,1.0,8,1.0,38.958,42.309,0,18,4,48,1.0,0,0.6480000000000001,0.648,0.05143558597025365
0.1875,1.840279933877097,0.11723852786770271,3.3801200210587368,0.8125,21.229166666666668,4.289647347650085,0.13180274374198978,7821.856253330315,59,59,geolife,geolife_dfbsp_tau_1.0,dfbsp,0.1,adaptive,8,0.015625,36,1,1,3,1.0,1.0,0.015625,0.015625,0,0,0,0,1,1,0.027777777777777776,1.0,1,1.0,38.536500000000004,45.81745,0,25,23,34,1.0,0,0.6480000000000001,0.648,0.05143558597025365
0.7708333333333334,0.23779611588277283,0.2810763577855256,1.6792666971348014,0.9791666666666666,9.895833333333334,2.8330580326643653,0.4897569755478078,1013.30385706176,62,62,geolife,geolife_dfbsp_tau_1.0,dfbsp,0.1,adaptive,8,0.015625,35,4,4,10,1.0,1.0,0.32410714285714287,0.32410714285714287,1,1,0,0,3,3,0.11428571428571428,1.0,4,1.0,38.622,52.06194999999999,0,19,10,48,1.0,0,0.6480000000000001,0.648,0.05143558597025365
0.6875,0.3125,0.6121808281812203,0.938694894953262,1.0,7.083333333333333,1.8667275963203922,0.16712688598257394,1304.53125,64,64,geolife,geolife_dfbsp_tau_1.0,dfbsp,0.1,adaptive,8,0.015625,35,4,4,11,1.0,1.0,0.17777777777777778,0.17777777777777778,0,0,2,2,2,2,0.11428571428571428,1.0,4,1.0,38.832499999999996,51.87415,0,18,8,48,1.0,0,0.6480000000000001,0.648,0.05143558597025365
0.4583333333333333,0.8830161731427134,0.22710952696404849,2.0351667984310295,1.0,17.416666666666668,3.7263967238668134,0.30086628260281684,3746.308805093961,68,68,geolife,geolife_dfbsp_tau_1.0,dfbsp,0.1,adaptive,8,0.015625,33,6,4,7,0.6666666666666666,0.5231143552311436,0.18348214285714284,0.09598214285714285,0,0,1,0,5,4,0.12121212121212122,1.0,4,1.0,38.86750000000001,49.33509999999999,0,10,5,29,1.0,0,0.6480000000000001,0.648,0.05143558597025365
0.0,1.6722105151014575,0.19940674040619658,2.637115751709586,1.0,19.666666666666668,3.8808412866732223,0.19940674040619652,7047.0350283827565,69,69,geolife,geolife_dfbsp_tau_1.0,dfbsp,0.1,adaptive,8,0.015625,37,2,1,4,0.5,0.75,0.08333333333333333,0.0625,0,0,1,1,1,0,0.02702702702702703,0.5,1,1.0,38.441500000000005,45.88465,0,16,12,34,1.0,0,0.6480000000000001,0.648,0.05143558597025365
0.4166666666666667,0.9925136632326188,0.226304998494081,2.851602155114824,0.8541666666666666,14.020833333333334,3.2764299493102604,0.27392866776481267,4190.271138036667,73,73,geolife,geolife_dfbsp_tau_1.0,dfbsp,0.1,adaptive,8,0.015625,31,3,2,6,0.6666666666666666,0.72,0.11160714285714285,0.08035714285714285,0,0,1,1,2,1,0.06451612903225806,1.0,2,1.0,38.506,51.926199999999994,0,19,14,43,1.0,0,0.6480000000000001,0.648,0.05143558597025365
0.4375,0.8034399207989412,0.3105839428701457,2.042436711841071,1.0,13.291666666666666,3.0845085595938913,0.2705725131678925,3376.100279739488,74,74,geolife,geolife_dfbsp_tau_1.0,dfbsp,0.1,adaptive,8,0.015625,38,3,2,5,0.6666666666666666,0.8955223880597015,0.29910714285714285,0.26785714285714285,1,1,0,0,2,1,0.05263157894736842,0.6666666666666666,2,1.0,38.9925,49.77169999999999,0,10,6,48,1.0,0,0.6480000000000001,0.648,0.05143558597025365
0.125,1.866746512832238,0.15672612615663994,3.1130877108629083,0.9791666666666666,22.5625,4.217895543702615,0.11572340962086987,7902.692527034199,78,78,geolife,geolife_dfbsp_tau_1.0,dfbsp,0.1,adaptive,8,0.015625,30,4,2,4,0.5,0.03906250000000001,1.0666666666666664,0.041666666666666664,1,0,0,0,3,2,0.06666666666666667,0.5,2,1.0,38.736999999999995,50.08884999999999,0,18,14,43,1.0,0,0.6480000000000001,0.648,0.05143558597025365
0.625,0.46115756071065533,0.28839706653209757,1.5853738185594388,1.0,13.541666666666666,3.1854975090008852,0.35504058080158235,1941.3303390097738,79,79,geolife,geolife_dfbsp_tau_1.0,dfbsp,0.1,adaptive,8,0.015625,33,0,0,6,nan,nan,0.0,0.0,0,0,0,0,0,0,0.0,nan,0,1.0,38.551500000000004,48.73404999999999,0,15,9,43,1.0,0,0.6480000000000001,0.648,0.05143558597025365
0.7083333333333334,0.375,0.32001388306742606,1.3769571363922504,1.0,11.1875,2.9066060118605033,0.39230692141570983,1600.0964727848204,82,82,geolife,geolife_dfbsp_tau_1.0,dfbsp,0.1,adaptive,8,0.015625,37,4,4,10,1.0,1.0,0.09583333333333333,0.09583333333333333,0,0,0,0,4,4,0.10810810810810811,1.0,4,1.0,38.647000000000006,43.3495,0,27,17,48,1.0,0,0.6480000000000001,0.648,0.05143558597025365
0.6041666666666666,0.7454310536297545,0.17801173083452537,2.062471522215946,1.0,19.9375,3.9874474011859804,0.4534914373478722,3149.019071983245,83,83,geolife,geolife_dfbsp_tau_1.0,dfbsp,0.1,adaptive,8,0.015625,38,5,5,7,1.0,1.0,0.18645833333333334,0.18645833333333334,0,0,2,2,3,3,0.13157894736842105,1.0,5,1.0,38.451499999999996,44.601749999999996,0,36,30,41,1.0,0,0.6480000000000001,0.648,0.05143558597025365
0.14583333333333334,1.3522554572678491,0.21080128154002983,2.2833930146279218,1.0,17.208333333333332,3.667737893716362,0.20181976785144393,5745.814376116402,84,84,geolife,geolife_dfbsp_tau_1.0,dfbsp,0.1,adaptive,8,0.015625,38,4,4,8,1.0,1.0,0.09077380952380952,0.09077380952380952,0,0,0,0,4,4,0.10526315789473684,1.0,4,1.0,39.1425,57.601549999999996,0,15,9,36,1.0,0,0.6480000000000001,0.648,0.05143558597025365
0.3125,1.3066749425274813,0.18901466314854173,2.833026464362241,0.9583333333333334,26.458333333333332,4.300522648417558,0.23870789507675114,5512.425245991708,89,89,geolife,geolife_dfbsp_tau_1.0,dfbsp,0.1,adaptive,8,0.015625,33,3,0,2,0.0,0.0,0.3229166666666667,0.0,1,0,1,0,1,0,0.0,0.0,0,1.0,38.4315,43.45915,0,21,19,35,1.0,0,0.6480000000000001,0.648,0.05143558597025365
0.5625,0.4375,0.205547611561563,1.9708692941739976,1.0,18.5625,3.7424079301489352,0.37812795312016184,1839.8222394163197,102,102,geolife,geolife_dfbsp_tau_1.0,dfbsp,0.1,adaptive,8,0.015625,32,5,3,7,0.6,0.2653673163418291,0.39702380952380956,0.10535714285714286,1,0,2,1,2,2,0.09375,1.0,3,1.0,38.962,44.9449,0,21,14,36,1.0,0,0.6480000000000001,0.648,0.05143558597025365
0.7708333333333334,0.22916666666666666,0.24158834219373426,1.5317483232301663,1.0,12.791666666666666,3.1747422642221306,0.529244991139599,956.65625,103,103,geolife,geolife_dfbsp_tau_1.0,dfbsp,0.1,adaptive,8,0.015625,36,4,4,9,1.0,1.0,0.08035714285714285,0.08035714285714285,0,0,0,0,4,4,0.1111111111111111,1.0,4,1.0,38.782,45.287749999999996,0,18,10,46,1.0,0,0.6480000000000001,0.648,0.05143558597025365
0.5208333333333334,0.4791666666666667,0.1827715135544619,1.9298322781709067,1.0,21.895833333333332,4.065807357307045,0.33806181977887145,2044.567715225049,104,104,geolife,geolife_dfbsp_tau_1.0,dfbsp,0.1,adaptive,8,0.015625,41,3,2,4,0.6666666666666666,0.0541871921182266,1.0572916666666667,0.057291666666666664,1,0,1,1,1,1,0.04878048780487805,1.0,2,1.0,38.832,51.479499999999994,0,27,24,45,1.0,0,0.6480000000000001,0.648,0.05143558597025365
0.0,1.0380922317655457,0.31775943517936694,2.140152842835008,0.9583333333333334,7.229166666666667,2.4619438396681375,0.317759435179367,4336.253994362609,113,113,geolife,geolife_dfbsp_tau_1.0,dfbsp,0.1,adaptive,8,0.015625,36,7,3,12,0.42857142857142855,0.11899959661153693,2.5822916666666664,0.3072916666666667,4,1,1,1,2,1,0.08333333333333333,1.0,3,1.0,38.417,49.742549999999994,0,14,3,48,1.0,0,0.6480000000000001,0.648,0.05143558597025365
0.16666666666666666,1.6350078075917578,0.17191162940303203,3.8580009730650198,0.7291666666666666,23.041666666666668,4.118831342880176,0.15748922559071962,6945.930127413878,119,119,geolife,geolife_dfbsp_tau_1.0,dfbsp,0.1,adaptive,8,0.015625,35,1,0,4,0.0,0.0,0.017857142857142856,0.0,0,0,0,0,1,0,0.0,0.0,0,1.0,38.3065,49.65154999999999,0,22,19,44,1.0,0,0.6480000000000001,0.648,0.05143558597025365
0.0,1.0,0.318799710457542,1.6536644672316667,1.0,6.666666666666667,2.4182776859966575,0.3187997104575419,4266.923927426191,122,122,geolife,geolife_dfbsp_tau_1.0,dfbsp,0.1,adaptive,8,0.015625,34,5,5,17,1.0,1.0,0.32440476190476186,0.32440476190476186,1,1,0,0,4,4,0.14705882352941177,1.0,5,1.0,38.397,41.82385,0,15,0,48,1.0,0,0.6480000000000001,0.648,0.05143558597025365
0.0,1.416033554959539,0.16105255031286464,2.57733376251799,1.0,22.333333333333332,4.214440423044253,0.1610525503128647,5960.884002898662,128,128,geolife,geolife_dfbsp_tau_1.0,dfbsp,0.1,adaptive,8,0.015625,41,4,3,4,0.75,0.7627118644067797,0.08779761904761904,0.06696428571428571,0,0,0,0,4,3,0.07317073170731707,1.0,3,1.0,38.402,51.73765,0,16,14,35,1.0,0,0.6480000000000001,0.648,0.05143558597025365
0.041666666666666664,1.1666666666666667,0.29686714641192175,1.9673830244668473,0.9583333333333334,7.75,2.6226366961131107,0.3180327799866423,4926.089456153324,129,129,geolife,geolife_dfbsp_tau_1.0,dfbsp,0.1,adaptive,8,0.015625,29,3,1,14,0.3333333333333333,0.010309278350515465,2.020833333333333,0.020833333333333332,2,0,0,0,1,1,0.034482758620689655,0.5,1,1.0,39.152,44.2275,0,14,1,47,1.0,0,0.6480000000000001,0.648,0.05143558597025365
0.625,0.6080606791066343,0.18032221130001866,2.0728190029755225,1.0,18.541666666666668,3.9184527212022915,0.4446777886999813,2575.518967365951,138,138,geolife,geolife_dfbsp_tau_1.0,dfbsp,0.1,adaptive,8,0.015625,37,3,1,6,0.3333333333333333,0.047619047619047616,1.3125,0.0625,2,0,1,1,0,0,0.02702702702702703,1.0,1,1.0,38.7325,45.8351,0,29,23,48,1.0,0,0.6480000000000001,0.648,0.05143558597025365
0.5833333333333334,0.5304758487482114,0.1667752971029742,2.1363371384452474,1.0,16.125,3.8078052808959266,0.42938639655748395,2248.4442325757486,142,142,geolife,geolife_dfbsp_tau_1.0,dfbsp,0.1,adaptive,8,0.015625,37,3,2,5,0.6666666666666666,0.09433962264150941,1.1041666666666667,0.10416666666666666,1,0,2,2,0,0,0.05405405405405406,1.0,2,1.0,38.076499999999996,45.1293,0,15,10,48,1.0,0,0.6480000000000001,0.648,0.05143558597025365
0.3541666666666667,1.0443996772316166,0.2122465143733072,2.358223622905619,0.9583333333333334,15.354166666666666,3.5604600927695,0.18297826949439203,4422.376824235808,144,144,geolife,geolife_dfbsp_tau_1.0,dfbsp,0.1,adaptive,8,0.015625,37,5,4,8,0.8,0.288135593220339,0.35119047619047616,0.10119047619047619,1,0,0,0,4,4,0.10810810810810811,1.0,4,1.0,38.411500000000004,44.585899999999995,0,20,12,48,1.0,0,0.6480000000000001,0.648,0.05143558597025365
0.0,1.8778936482017106,0.1057875758490217,3.2669957507749596,1.0,30.541666666666668,4.6979391141035185,0.10578757584902167,7928.479920108125,147,147,geolife,geolife_dfbsp_tau_1.0,dfbsp,0.1,adaptive,8,0.015625,35,0,0,1,nan,nan,0.0,0.0,0,0,0,0,0,0,0.0,nan,0,1.0,38.2515,44.620099999999994,0,16,15,24,1.0,0,0.6480000000000001,0.648,0.05143558597025365
0.9375,0.13868446353109126,0.25903510884463454,1.466307586265099,1.0,9.0625,2.746646838754879,0.6784648911553655,586.339737213263,153,153,geolife,geolife_dfbsp_tau_1.0,dfbsp,0.1,adaptive,8,0.015625,37,10,8,16,0.8,0.8320503848845345,0.49618055555555557,0.4128472222222222,1,1,2,0,7,7,0.21621621621621623,1.0,8,1.0,38.697,45.18039999999999,0,18,4,48,1.0,0,0.6480000000000001,0.648,0.05143558597025365
0.6458333333333334,0.4437617308280369,0.30378700282749926,1.408960822671075,1.0,12.3125,2.869348831841266,0.3420463305058341,1864.050675821445,163,163,geolife,geolife_dfbsp_tau_1.0,dfbsp,0.1,adaptive,8,0.015625,38,6,6,12,1.0,1.0,0.1313988095238095,0.1313988095238095,0,0,0,0,6,6,0.15789473684210525,1.0,6,1.0,38.056,50.9745,0,21,11,48,1.0,0,0.6480000000000001,0.648,0.05143558597025365
0.5625,0.5750234616560738,0.28995599257227206,1.711977418616508,1.0,15.541666666666666,3.3895531349065586,0.293615893894204,2428.641176711699,167,167,geolife,geolife_dfbsp_tau_1.0,dfbsp,0.1,adaptive,8,0.015625,36,4,3,6,0.75,0.2727272727272727,0.34375,0.09375,1,0,1,1,2,2,0.08333333333333333,1.0,3,1.0,38.857,45.768299999999996,0,10,6,41,1.0,0,0.6480000000000001,0.648,0.05143558597025365
0.0,1.589986022878854,0.3021041109836104,3.6313243898953456,0.7708333333333334,14.958333333333334,3.328967510355118,0.30210411098361045,6700.214880345217,168,168,geolife,geolife_dfbsp_tau_1.0,dfbsp,0.1,adaptive,8,0.015625,42,4,1,4,0.25,0.42857142857142855,0.5833333333333334,0.25,2,1,1,0,1,0,0.023809523809523808,0.3333333333333333,1,1.0,38.502,44.65795,0,15,11,48,1.0,0,0.6480000000000001,0.648,0.05143558597025365
0.3125,1.0682853862050503,0.27788423586220784,2.6586425030305136,0.8125,16.4375,3.290507433361046,0.17053161105177628,4514.50679116741,169,169,geolife,geolife_dfbsp_tau_1.0,dfbsp,0.1,adaptive,8,0.015625,34,2,1,6,0.5,0.3333333333333333,0.0625,0.020833333333333332,0,0,1,0,1,1,0.029411764705882353,0.5,1,1.0,39.1125,51.824449999999985,0,25,19,48,1.0,0,0.6480000000000001,0.648,0.05143558597025365
0.2916666666666667,1.4166666666666667,0.2560018971485639,2.089840298762423,1.0,24.875,3.866646366444692,0.132450999578791,5913.875,179,179,geolife,geolife_dfbsp_tau_1.0,dfbsp,0.1,adaptive,8,0.015625,36,2,2,6,1.0,1.0,0.033482142857142856,0.033482142857142856,0,0,0,0,2,2,0.05555555555555555,1.0,2,1.0,38.135999999999996,53.9081,0,24,19,38,1.0,0,0.6480000000000001,0.648,0.05143558597025365
0.041666666666666664,1.2713355569606197,0.2584605489487794,1.780911530301222,0.9791666666666666,12.6875,3.0949973733271374,0.24807552071593966,5338.775409569335,2,2,geolife,geolife_data_rdfbsp_tau_1.0,rdfbsp,0.1,adaptive,8,0.015625,35,6,4,9,0.6666666666666666,0.09580193756727663,1.3824404761904763,0.1324404761904762,2,0,1,1,3,3,0.11428571428571428,0.5,4,1.0,88.15,103.7415,0,9,1,45,1.0,2,0.6480000000000001,0.648,0.05143558597025365
0.25,1.466484265108508,0.2165820042146276,2.434117609897508,1.0,15.145833333333334,3.580021338575358,0.18059542358106284,6156.302950210142,3,3,geolife,geolife_data_rdfbsp_tau_1.0,rdfbsp,0.1,adaptive,8,0.015625,40,4,3,6,0.75,0.5945945945945947,0.15416666666666665,0.09166666666666667,0,0,2,1,2,2,0.075,1.0,3,1.0,86.4025,94.84209999999999,0,8,2,47,1.0,2,0.6480000000000001,0.648,0.05143558597025365
0.16666666666666666,0.8851100286299703,0.29944381815440707,1.4887352358404262,1.0,9.625,2.813416968304855,0.17277090514604077,3743.5412013367854,4,4,geolife,geolife_data_rdfbsp_tau_1.0,rdfbsp,0.1,adaptive,8,0.015625,31,3,3,10,1.0,1.0,0.14583333333333334,0.14583333333333334,0,0,2,2,1,1,0.0967741935483871,1.0,3,1.0,86.5625,101.9298,0,12,2,48,1.0,2,0.6480000000000001,0.648,0.05143558597025365
0.4791666666666667,0.5467216809816519,0.45662443550837234,1.3169465546408377,1.0,9.270833333333334,2.4756448263867483,0.1642717188914733,2328.7575832809166,7,7,geolife,geolife_data_rdfbsp_tau_1.0,rdfbsp,0.1,adaptive,8,0.015625,40,5,5,10,1.0,1.0,0.2261904761904762,0.2261904761904762,0,0,3,3,2,2,0.125,1.0,5,1.0,85.997,106.1539,0,10,1,48,1.0,2,0.6480000000000001,0.648,0.05143558597025365
0.0,1.832891699122541,0.13558867205895103,2.926704353480312,0.9791666666666666,17.770833333333332,3.9467993920448663,0.135588672058951,7766.31643421487,8,8,geolife,geolife_data_rdfbsp_tau_1.0,rdfbsp,0.1,adaptive,8,0.015625,42,6,4,6,0.6666666666666666,0.23902439024390248,0.35590277777777773,0.08506944444444445,1,0,0,0,5,4,0.09523809523809523,1.0,4,1.0,86.9285,99.1665,0,5,1,32,1.0,2,0.6480000000000001,0.648,0.05143558597025365
0.0,3.1839106257064116,0.21481719291196819,4.373172561513672,0.3541666666666667,14.333333333333334,3.4086594577903297,0.21481719291196807,13547.209501236224,12,12,geolife,geolife_data_rdfbsp_tau_1.0,rdfbsp,0.1,adaptive,8,0.015625,37,5,2,5,0.4,0.19672131147540983,1.3616071428571428,0.26785714285714285,2,1,1,0,2,1,0.05405405405405406,0.3333333333333333,2,1.0,87.354,104.69975,0,6,1,34,1.0,2,0.6480000000000001,0.648,0.05143558597025365
0.20833333333333334,1.2890509643820847,0.1199547720767522,3.1359009845766965,0.8958333333333334,19.791666666666668,4.135543305055662,0.2581276965249715,5418.69143337634,14,14,geolife,geolife_data_rdfbsp_tau_1.0,rdfbsp,0.1,adaptive,8,0.015625,34,6,5,9,0.8333333333333334,0.28601784955376114,0.35014880952380956,0.10014880952380953,1,0,0,0,5,5,0.14705882352941177,1.0,5,1.0,87.7595,103.78099999999999,0,8,1,29,1.0,2,0.6480000000000001,0.648,0.05143558597025365
0.125,1.522623459163925,0.20230790907440221,2.2085467686627505,1.0,19.166666666666668,3.6754920732808234,0.09967349794168268,6421.321439878148,17,17,geolife,geolife_data_rdfbsp_tau_1.0,rdfbsp,0.1,adaptive,8,0.015625,32,3,1,5,0.3333333333333333,0.4444444444444444,0.5625,0.25,2,1,1,0,0,0,0.03125,0.3333333333333333,1,1.0,86.628,100.6361,0,8,3,33,1.0,2,0.6480000000000001,0.648,0.05143558597025365
0.0,2.848567748686064,0.12213412522804314,4.262375500899414,0.7916666666666666,25.291666666666668,4.450531909611839,0.12213412522804316,12044.276029990913,18,18,geolife,geolife_data_rdfbsp_tau_1.0,rdfbsp,0.1,adaptive,8,0.015625,39,2,1,2,0.5,0.4285714285714286,0.07291666666666666,0.03125,0,0,1,0,1,1,0.02564102564102564,0.5,1,1.0,86.6625,100.94415,0,2,0,20,1.0,2,0.6480000000000001,0.648,0.05143558597025365
0.3958333333333333,1.1903589377895165,0.1649600906083581,2.245270726812143,1.0,20.25,3.7624870357166897,0.2692692751338372,5032.897994126311,19,19,geolife,geolife_data_rdfbsp_tau_1.0,rdfbsp,0.1,adaptive,8,0.015625,35,5,3,8,0.6,0.4702702702702703,0.1376488095238095,0.06473214285714285,0,0,1,0,4,3,0.08571428571428572,1.0,3,1.0,86.813,102.23465,0,9,2,32,1.0,2,0.6480000000000001,0.648,0.05143558597025365
0.25,1.2076288404475681,0.13086502514318465,2.6360184277198813,1.0,24.5625,4.281204051610637,0.18133800119462365,5100.735743471954,22,22,geolife,geolife_data_rdfbsp_tau_1.0,rdfbsp,0.1,adaptive,8,0.015625,34,3,1,3,0.3333333333333333,0.056603773584905655,1.1041666666666667,0.0625,1,0,2,1,0,0,0.029411764705882353,0.5,1,1.0,86.9585,102.4095,0,7,4,21,1.0,2,0.6480000000000001,0.648,0.05143558597025365
0.10416666666666667,1.5623889475538926,0.147586937191835,2.4528815828015214,1.0,22.229166666666668,4.060343680710042,0.04342027052516836,6571.425703837701,27,27,geolife,geolife_data_rdfbsp_tau_1.0,rdfbsp,0.1,adaptive,8,0.015625,35,2,2,5,1.0,1.0,0.041666666666666664,0.041666666666666664,0,0,0,0,2,2,0.05714285714285714,1.0,2,1.0,86.307,100.8495,0,5,0,26,1.0,2,0.6480000000000001,0.648,0.05143558597025365
0.4166666666666667,0.8828166969943183,0.12317230136708357,2.41232274113961,1.0,22.208333333333332,4.269762049441321,0.2934943652995831,3699.251868008739,28,28,geolife,geolife_data_rdfbsp_tau_1.0,rdfbsp,0.1,adaptive,8,0.015625,34,3,2,7,0.6666666666666666,0.40677966101694923,0.10535714285714284,0.04285714285714286,0,0,1,0,2,2,0.058823529411764705,1.0,2,1.0,86.3525,100.65615,0,7,1,30,1.0,2,0.6480000000000001,0.648,0.05143558597025365
0.08333333333333333,1.377520471166646,0.15920875714301264,2.570007978671941,0.9166666666666666,17.4375,3.7565998850695177,0.07587542380967932,5819.359249381622,29,29,geolife,geolife_data_rdfbsp_tau_1.0,rdfbsp,0.1,adaptive,8,0.015625,38,5,3,6,0.6,0.5605381165919282,0.19910714285714284,0.11160714285714285,0,0,2,1,3,2,0.07894736842105263,1.0,3,1.0,86.8535,100.17009999999999,0,7,1,38,1.0,2,0.6480000000000001,0.648,0.05143558597025365
0.25,1.0356434007802824,0.34309770513505855,1.8072204933278748,0.9791666666666666,10.4375,2.7267582568788793,0.17192951713078738,4343.6530209185285,34,34,geolife,geolife_data_rdfbsp_tau_1.0,rdfbsp,0.1,adaptive,8,0.015625,29,6,4,11,0.6666666666666666,0.93006993006993,1.1916666666666667,1.1083333333333332,1,1,3,1,2,2,0.13793103448275862,0.6666666666666666,4,1.0,87.053,96.59734999999999,0,10,0,36,1.0,2,0.6480000000000001,0.648,0.05143558597025365
0.16666666666666666,1.44793753756605,0.15661243828154595,2.4702120387980715,1.0,23.604166666666668,4.190521596776848,0.16723527289419718,6150.637532712936,37,37,geolife,geolife_data_rdfbsp_tau_1.0,rdfbsp,0.1,adaptive,8,0.015625,40,5,4,5,0.8,0.33509234828496043,0.3759920634920635,0.1259920634920635,1,0,1,1,3,3,0.1,1.0,4,1.0,86.537,105.28424999999999,0,5,1,23,1.0,2,0.6480000000000001,0.648,0.05143558597025365
0.08333333333333333,2.080542916357544,0.10556702067018431,3.174176136867431,1.0,23.208333333333332,4.36211349766393,0.06110590933877815,8779.569510426632,38,38,geolife,geolife_data_rdfbsp_tau_1.0,rdfbsp,0.1,adaptive,8,0.015625,33,3,2,4,0.6666666666666666,0.6,0.15625,0.09375,0,0,2,1,1,1,0.06060606060606061,1.0,2,1.0,86.94800000000001,101.84179999999999,0,10,6,25,1.0,2,0.6480000000000001,0.648,0.05143558597025365
0.7083333333333334,0.30029611588277283,0.17388622876852564,2.1019591288148187,1.0,20.208333333333332,3.9504845825045165,0.550861217744454,1262.6571161334864,39,39,geolife,geolife_data_rdfbsp_tau_1.0,rdfbsp,0.1,adaptive,8,0.015625,41,2,2,3,1.0,1.0,0.26785714285714285,0.26785714285714285,1,1,0,0,1,1,0.04878048780487805,1.0,2,1.0,86.5825,102.62514999999999,0,3,1,31,1.0,2,0.6480000000000001,0.648,0.05143558597025365
0.125,1.1059668236193774,0.12382387687691689,2.512752757275869,1.0,20.604166666666668,4.090041759985699,0.04906395452662754,4661.685574147036,43,43,geolife,geolife_data_rdfbsp_tau_1.0,rdfbsp,0.1,adaptive,8,0.015625,28,3,2,8,0.6666666666666666,0.5714285714285714,0.14583333333333334,0.08333333333333333,0,0,2,1,1,1,0.07142857142857142,1.0,2,1.0,86.688,97.71165,0,11,3,26,1.0,2,0.6480000000000001,0.648,0.05143558597025365
0.2916666666666667,1.3250234616560739,0.16812187379539115,2.316926873713178,1.0,19.0,3.906580459927994,0.19635712034281708,5583.327578963576,52,52,geolife,geolife_data_rdfbsp_tau_1.0,rdfbsp,0.1,adaptive,8,0.015625,35,0,0,3,nan,nan,0.0,0.0,0,0,0,0,0,0,0.0,nan,0,1.0,87.1635,101.1978,0,3,0,27,1.0,2,0.6480000000000001,0.648,0.05143558597025365
0.4791666666666667,1.105370690097711,0.1463746473385434,2.9288640732978273,0.9791666666666666,21.9375,4.020866917412498,0.3327920193281233,4690.4795894588915,54,54,geolife,geolife_data_rdfbsp_tau_1.0,rdfbsp,0.1,adaptive,8,0.015625,38,3,3,6,1.0,1.0,0.07083333333333333,0.07083333333333333,0,0,0,0,3,3,0.07894736842105263,1.0,3,1.0,87.769,102.1558,0,5,0,26,1.0,2,0.6480000000000001,0.648,0.05143558597025365
0.4791666666666667,1.1590891130869136,0.26456180158706494,2.6768968268929445,0.8333333333333334,12.895833333333334,3.131162693575201,0.3371554426873022,4906.03207972244,58,58,geolife,geolife_data_rdfbsp_tau_1.0,rdfbsp,0.1,adaptive,8,0.015625,35,8,6,12,0.75,0.5357833655705997,0.3590277777777778,0.19236111111111112,1,0,2,1,5,5,0.17142857142857143,1.0,6,1.0,87.759,117.48179999999996,0,14,2,43,1.0,2,0.6480000000000001,0.648,0.05143558597025365
0.1875,1.5491414564856412,0.14022971029101977,3.1172753361777006,0.875,20.8125,4.081752689411011,0.18752962483289107,6566.131005469478,59,59,geolife,geolife_data_rdfbsp_tau_1.0,rdfbsp,0.1,adaptive,8,0.015625,36,1,1,3,1.0,1.0,0.015625,0.015625,0,0,0,0,1,1,0.027777777777777776,1.0,1,1.0,87.029,102.92345,0,5,3,32,1.0,2,0.6480000000000001,0.648,0.05143558597025365
0.375,0.7797823600882859,0.1968316199135177,2.458680548940954,0.9791666666666666,21.125,3.97796069322195,0.17816838008648228,3280.368675610171,62,62,geolife,geolife_data_rdfbsp_tau_1.0,rdfbsp,0.1,adaptive,8,0.015625,35,4,3,6,0.75,0.2286501377410468,0.32410714285714287,0.07410714285714286,1,0,0,0,3,3,0.08571428571428572,1.0,3,1.0,85.9115,104.61679999999998,0,5,0,31,1.0,2,0.6480000000000001,0.648,0.05143558597025365
0.5625,0.5208333333333334,0.5299900928053195,1.0973173165631323,0.9583333333333334,7.520833333333333,2.0613777812839387,0.15143666561012328,2174.21875,64,64,geolife,geolife_data_rdfbsp_tau_1.0,rdfbsp,0.1,adaptive,8,0.015625,35,4,4,12,1.0,1.0,0.17777777777777778,0.17777777777777778,0,0,2,2,2,2,0.11428571428571428,1.0,4,1.0,87.02850000000001,99.368,0,12,0,48,1.0,2,0.6480000000000001,0.648,0.05143558597025365
0.0,1.3594043270700922,0.21763224879084753,1.9422594841936291,1.0,16.125,3.497912905572283,0.21763224879084753,5734.816994211037,68,68,geolife,geolife_data_rdfbsp_tau_1.0,rdfbsp,0.1,adaptive,8,0.015625,33,6,5,10,0.8333333333333334,0.829683698296837,0.18348214285714284,0.15223214285714284,0,0,1,1,5,4,0.15151515151515152,1.0,5,1.0,86.90299999999999,110.26615,0,12,3,44,1.0,2,0.6480000000000001,0.648,0.05143558597025365
0.3125,1.1233498202316936,0.3186491680855413,2.130764246932683,1.0,14.854166666666666,3.243988686534838,0.18602854535431745,4725.815326422334,69,69,geolife,geolife_data_rdfbsp_tau_1.0,rdfbsp,0.1,adaptive,8,0.015625,37,2,1,5,0.5,0.75,0.08333333333333333,0.0625,0,0,1,1,1,0,0.02702702702702703,0.5,1,1.0,86.422,98.2573,0,5,0,38,1.0,2,0.6480000000000001,0.648,0.05143558597025365
0.4166666666666667,1.2802845837155725,0.21141524320015928,3.379164621724702,0.7291666666666666,20.145833333333332,3.7583135385639714,0.24078564945428568,5416.8473951073265,73,73,geolife,geolife_data_rdfbsp_tau_1.0,rdfbsp,0.1,adaptive,8,0.015625,31,3,2,7,0.6666666666666666,0.72,0.11160714285714285,0.08035714285714285,0,0,1,1,2,1,0.06451612903225806,1.0,2,1.0,86.638,101.57365,0,7,1,28,1.0,2,0.6480000000000001,0.648,0.05143558597025365
0.4375,0.9514128242575657,0.2727338643590144,1.885366505198932,1.0,12.4375,3.0389203911283804,0.2218132035032806,3988.0734819480917,74,74,geolife,geolife_data_rdfbsp_tau_1.0,rdfbsp,0.1,adaptive,8,0.015625,38,3,3,7,1.0,1.0,0.29910714285714285,0.29910714285714285,1,1,0,0,2,2,0.07894736842105263,1.0,3,1.0,87.014,100.35465,0,7,0,44,1.0,2,0.6480000000000001,0.648,0.05143558597025365
0.125,1.7799327541392316,0.2898726937088372,2.9922364061374114,0.875,12.166666666666666,3.1257700229275307,0.1946691678756904,7550.078934471694,78,78,geolife,geolife_data_rdfbsp_tau_1.0,rdfbsp,0.1,adaptive,8,0.015625,30,4,4,8,1.0,1.0,1.0666666666666664,1.0666666666666664,1,1,0,0,3,3,0.13333333333333333,1.0,4,1.0,87.1785,107.88764999999998,0,11,4,42,1.0,2,0.6480000000000001,0.648,0.05143558597025365
0.3958333333333333,0.8349965588356376,0.12440454977281906,2.276804556132438,1.0,20.229166666666668,4.0802369282797475,0.28050668849009175,3503.470543627754,79,79,geolife,geolife_data_rdfbsp_tau_1.0,rdfbsp,0.1,adaptive,8,0.015625,33,0,0,7,nan,nan,0.0,0.0,0,0,0,0,0,0,0.0,nan,0,1.0,86.7325,101.4083,0,10,3,33,1.0,2,0.6480000000000001,0.648,0.05143558597025365
0.5208333333333334,0.7553745918538318,0.12324492673196326,2.2317010544696108,1.0,18.0,3.9794314655971585,0.39758840660137,3206.2955909918583,82,82,geolife,geolife_data_rdfbsp_tau_1.0,rdfbsp,0.1,adaptive,8,0.015625,37,4,3,6,0.75,0.7391304347826088,0.09583333333333333,0.07083333333333333,0,0,0,0,4,3,0.08108108108108109,1.0,3,1.0,86.69800000000001,100.23195,0,9,3,35,1.0,2,0.6480000000000001,0.648,0.05143558597025365
0.16666666666666666,1.5036298728609072,0.12582791561863219,2.3420746655828206,1.0,23.25,4.220600823156997,0.12626805363994018,6342.849343061429,83,83,geolife,geolife_data_rdfbsp_tau_1.0,rdfbsp,0.1,adaptive,8,0.015625,38,5,4,7,0.8,0.6648044692737429,0.18645833333333334,0.12395833333333332,0,0,2,1,3,3,0.10526315789473684,1.0,4,1.0,87.614,96.18339999999999,0,8,2,25,1.0,2,0.6480000000000001,0.648,0.05143558597025365
0.14583333333333334,2.142140974551113,0.26514905795658544,2.4856684474090938,1.0,19.145833333333332,3.633474066954733,0.19401870114692019,9092.288250930442,84,84,geolife,geolife_data_rdfbsp_tau_1.0,rdfbsp,0.1,adaptive,8,0.015625,38,4,4,7,1.0,1.0,0.09077380952380952,0.09077380952380952,0,0,0,0,4,4,0.10526315789473684,1.0,4,1.0,86.968,101.87214999999999,0,5,1,29,1.0,2,0.6480000000000001,0.648,0.05143558597025365
0.2708333333333333,1.4788707953141753,0.19734335394236138,2.8145962740934287,0.7916666666666666,17.020833333333332,3.643101384231109,0.16881014330573715,6265.072996577796,89,89,geolife,geolife_data_rdfbsp_tau_1.0,rdfbsp,0.1,adaptive,8,0.015625,33,3,2,4,0.6666666666666666,0.9032258064516129,0.3229166666666667,0.2916666666666667,1,1,1,1,1,0,0.06060606060606061,0.6666666666666666,2,1.0,87.0335,100.2993,0,6,2,40,1.0,2,0.6480000000000001,0.648,0.05143558597025365
0.041666666666666664,1.532378439202829,0.1611821639715775,2.283448934706285,1.0,15.979166666666666,3.7630222924212813,0.14497100654628986,6451.079803467229,102,102,geolife,geolife_data_rdfbsp_tau_1.0,rdfbsp,0.1,adaptive,8,0.015625,32,5,3,9,0.6,0.2653673163418291,0.39702380952380956,0.10535714285714286,1,0,2,1,2,2,0.09375,1.0,3,1.0,88.3055,102.07845,0,9,2,31,1.0,2,0.6480000000000001,0.648,0.05143558597025365
0.08333333333333333,1.6336671702748344,0.11336212942116268,3.0564879310867656,0.9583333333333334,26.645833333333332,4.551245835723432,0.0918600619204482,6930.691946050704,103,103,geolife,geolife_data_rdfbsp_tau_1.0,rdfbsp,0.1,adaptive,8,0.015625,36,4,4,6,1.0,1.0,0.08035714285714285,0.08035714285714285,0,0,0,0,4,4,0.1111111111111111,1.0,4,1.0,88.0295,102.8656,0,4,0,15,1.0,2,0.6480000000000001,0.648,0.05143558597025365
0.6666666666666666,0.676685478484265,0.10464082578624585,2.4375779215672586,1.0,27.145833333333332,4.59443392646751,0.5620258408804207,2849.0940908770026,104,104,geolife,geolife_data_rdfbsp_tau_1.0,rdfbsp,0.1,adaptive,8,0.015625,41,3,2,3,0.6666666666666666,0.0541871921182266,1.0572916666666667,0.057291666666666664,1,0,1,1,1,1,0.04878048780487805,1.0,2,1.0,87.785,106.16069999999999,0,3,2,15,1.0,2,0.6480000000000001,0.648,0.05143558597025365
0.0,2.2631716660591183,0.11343540528414058,3.774915824243932,0.8125,22.104166666666668,4.316263445421917,0.11343540528414058,9535.341842736763,113,113,geolife,geolife_data_rdfbsp_tau_1.0,rdfbsp,0.1,adaptive,8,0.015625,36,7,2,6,0.2857142857142857,0.015732150060508272,2.5822916666666664,0.040625,4,0,1,0,2,2,0.05555555555555555,1.0,2,1.0,87.95949999999999,102.463,0,9,4,31,1.0,2,0.6480000000000001,0.648,0.05143558597025365
0.14583333333333334,1.3378397218360323,0.22881700791817114,2.3132620984667214,1.0,20.833333333333332,3.697150026297928,0.1878447421123859,5683.450905607919,119,119,geolife,geolife_data_rdfbsp_tau_1.0,rdfbsp,0.1,adaptive,8,0.015625,35,1,1,5,1.0,1.0,0.017857142857142856,0.017857142857142856,0,0,0,0,1,1,0.02857142857142857,1.0,1,1.0,87.429,101.35565,0,6,1,33,1.0,2,0.6480000000000001,0.648,0.05143558597025365
0.08333333333333333,0.9511844635310913,0.3960511354820382,1.0084371882008332,1.0,5.708333333333333,2.0227281534439987,0.31271780214870487,3978.1209872132627,122,122,geolife,geolife_data_rdfbsp_tau_1.0,rdfbsp,0.1,adaptive,8,0.015625,34,5,5,16,1.0,1.0,0.32440476190476186,0.32440476190476186,1,1,0,0,4,4,0.14705882352941177,1.0,5,1.0,87.404,100.1381,0,14,1,48,1.0,2,0.6480000000000001,0.648,0.05143558597025365
0.2708333333333333,0.9984995849524022,0.1660992662311324,2.221205424898165,1.0,21.145833333333332,3.970551714955296,0.1699883572729941,4194.615675816492,128,128,geolife,geolife_data_rdfbsp_tau_1.0,rdfbsp,0.1,adaptive,8,0.015625,41,4,4,7,1.0,1.0,0.08779761904761904,0.08779761904761904,0,0,0,0,4,4,0.0975609756097561,1.0,4,1.0,88.6005,111.99765000000001,0,5,0,31,1.0,2,0.6480000000000001,0.648,0.05143558597025365
0.1875,1.0158368669266842,0.3406505040706982,2.2191667858882194,0.8541666666666666,8.145833333333334,2.5312846424561486,0.1722279027895555,4282.654944027957,129,129,geolife,geolife_data_rdfbsp_tau_1.0,rdfbsp,0.1,adaptive,8,0.015625,29,3,2,9,0.6666666666666666,0.5051546391752578,2.020833333333333,1.0208333333333333,2,1,0,0,1,1,0.06896551724137931,0.5,2,1.0,87.67949999999999,104.55239999999999,0,12,4,47,1.0,2,0.6480000000000001,0.648,0.05143558597025365
0.5416666666666666,0.6238389981249824,0.3715437610956,1.7859918081195616,1.0,22.083333333333332,3.3322546854709594,0.2748874751054731,2646.906093262267,138,138,geolife,geolife_data_rdfbsp_tau_1.0,rdfbsp,0.1,adaptive,8,0.015625,37,3,2,9,0.6666666666666666,0.9523809523809523,1.3125,1.25,2,2,1,0,0,0,0.05405405405405406,1.0,2,1.0,87.9195,102.97694999999999,0,9,0,29,1.0,2,0.6480000000000001,0.648,0.05143558597025365
0.1875,1.6329706709683751,0.14083258579543423,2.7122691750703862,1.0,19.6875,4.026017686745088,0.1144604270559297,6908.446711289146,142,142,geolife,geolife_data_rdfbsp_tau_1.0,rdfbsp,0.1,adaptive,8,0.015625,37,3,1,5,0.3333333333333333,0.056603773584905655,1.1041666666666667,0.0625,1,0,2,1,0,0,0.02702702702702703,0.5,1,1.0,87.59899999999999,102.8521,0,5,0,26,1.0,2,0.6480000000000001,0.648,0.05143558597025365
0.16666666666666666,1.4688441251924031,0.22995762035406073,2.500361615710236,1.0,25.375,3.921763120745203,0.12841972423910167,6210.8535508161485,144,144,geolife,geolife_data_rdfbsp_tau_1.0,rdfbsp,0.1,adaptive,8,0.015625,37,5,4,6,0.8,0.9110169491525424,0.35119047619047616,0.31994047619047616,1,1,0,0,4,3,0.10810810810810811,0.6666666666666666,4,1.0,87.574,101.48129999999999,0,6,1,28,1.0,2,0.6480000000000001,0.648,0.05143558597025365
0.14583333333333334,1.2241375313559812,0.12200676170639123,2.517796180044256,1.0,18.125,3.9741491855153246,0.19962503643170235,5166.228459513381,147,147,geolife,geolife_data_rdfbsp_tau_1.0,rdfbsp,0.1,adaptive,8,0.015625,35,0,0,5,nan,nan,0.0,0.0,0,0,0,0,0,0,0.0,nan,0,1.0,87.163,100.91274999999999,0,7,2,30,1.0,2,0.6480000000000001,0.648,0.05143558597025365
0.1875,1.4190925891895894,0.16849028928436727,2.020249308540971,1.0,15.3125,3.5370821781826436,0.21134533255140223,5951.5938653969315,153,153,geolife,geolife_data_rdfbsp_tau_1.0,rdfbsp,0.1,adaptive,8,0.015625,37,10,7,14,0.7,0.781665500349895,0.49618055555555557,0.38784722222222223,1,1,2,0,7,6,0.1891891891891892,0.5,7,1.0,89.1815,102.80015,0,14,1,42,1.0,2,0.6480000000000001,0.648,0.05143558597025365
0.6041666666666666,0.5199461943591281,0.3014028650945689,1.4080153912830669,1.0,9.0625,2.632217536212243,0.33409864937993977,2208.7391479151647,163,163,geolife,geolife_data_rdfbsp_tau_1.0,rdfbsp,0.1,adaptive,8,0.015625,38,6,6,12,1.0,1.0,0.1313988095238095,0.1313988095238095,0,0,0,0,6,6,0.15789473684210525,1.0,6,1.0,87.8195,101.92765,0,12,2,47,1.0,2,0.6480000000000001,0.648,0.05143558597025365
0.6875,0.38975424859373686,0.37314855874601754,1.4646777571448428,1.0,15.354166666666666,3.0979529702007746,0.3143514412539825,1645.0392027338842,167,167,geolife,geolife_data_rdfbsp_tau_1.0,rdfbsp,0.1,adaptive,8,0.015625,36,4,4,7,1.0,1.0,0.34375,0.34375,1,1,1,1,2,2,0.1111111111111111,1.0,4,1.0,88.79599999999999,102.201,0,5,0,36,1.0,2,0.6480000000000001,0.648,0.05143558597025365
0.0,1.9988002999612344,0.12678822050305516,3.6565202673396193,0.7708333333333334,23.4375,4.305678735671424,0.12678822050305513,8426.414096719347,168,168,geolife,geolife_data_rdfbsp_tau_1.0,rdfbsp,0.1,adaptive,8,0.015625,42,4,2,3,0.5,0.14285714285714285,0.5833333333333334,0.08333333333333333,2,0,1,1,1,1,0.047619047619047616,0.6666666666666666,2,1.0,87.163,108.09224999999999,0,6,3,33,1.0,2,0.6480000000000001,0.648,0.05143558597025365
0.08333333333333333,2.050418070268073,0.16016393424584885,3.339873933932395,0.7916666666666666,20.208333333333332,4.028412891696137,0.13830781801334804,8685.885175871455,169,169,geolife,geolife_data_rdfbsp_tau_1.0,rdfbsp,0.1,adaptive,8,0.015625,34,2,2,9,1.0,1.0,0.0625,0.0625,0,0,1,1,1,1,0.058823529411764705,1.0,2,1.0,88.495,104.62875,0,8,0,35,1.0,2,0.6480000000000001,0.648,0.05143558597025365
0.25,2.1855486802595143,0.08018191265450682,3.4705064008428796,1.0,41.104166666666664,5.197268801634647,0.19159670302949236,9197.578116731574,179,179,geolife,geolife_data_rdfbsp_tau_1.0,rdfbsp,0.1,adaptive,8,0.015625,36,2,2,2,1.0,1.0,0.033482142857142856,0.033482142857142856,0,0,0,0,2,2,0.05555555555555555,1.0,2,1.0,87.634,103.00045,0,0,0,3,1.0,2,0.6480000000000001,0.648,0.05143558597025365
0.004210069444444444,3.3567375034261104,0.0660931640761774,3.6360877861095684,1.0,40.958333333333336,5.164890066557944,0.06188309463173294,3356.737503426111,5000,0,walk,walk_new_bsp,bsp,0.1,adaptive,8,0.015625,41,5,3,3,0.6,0.4048582995951417,0.14702380952380953,0.05952380952380952,0,0,1,0,4,3,0.07317073170731707,0.5,3,1.0,31.992,50.92204999999999,0,0,0,0,,0,0.6480000000000001,0.648,0.3
0.05783420138888889,2.9830466885460347,0.07081553985853228,2.9565039010927183,1.0,25.5625,4.565553062023462,0.012981338469643397,2983.0466885460337,5000,1,walk,walk_new_bsp,bsp,0.1,adaptive,8,0.015625,37,3,1,5,0.3333333333333333,0.13793103448275862,0.18125,0.025,1,0,0,0,2,1,0.02702702702702703,0.3333333333333333,1,1.0,30.7155,38.323449999999994,0,0,0,0,,0,0.6480000000000001,0.648,0.3
0.002277945788530466,3.335329450985052,0.07159914775117984,3.769059092025783,0.8958333333333334,31.458333333333332,4.827883816332047,0.06932120196264938,3335.3294509850534,5000,2,walk,walk_new_bsp,bsp,0.1,adaptive,8,0.015625,39,2,1,4,0.5,0.020408163265306124,1.0208333333333333,0.020833333333333332,1,0,0,0,1,1,0.02564102564102564,0.5,1,1.0,30.3595,40.77589999999999,0,0,0,0,,0,0.6480000000000001,0.648,0.3
0.0020399305555555557,2.7823011159724342,0.05619528658649634,3.647684474226352,0.9791666666666666,42.208333333333336,5.266940668662257,0.054155356030940786,2782.301115972434,5000,3,walk,walk_new_bsp,bsp,0.1,adaptive,8,0.015625,37,4,2,4,0.5,0.4067796610169491,0.12291666666666667,0.05,0,0,1,0,3,2,0.05405405405405406,0.5,2,1.0,30.555,40.732049999999994,0,0,0,0,,0,0.6480000000000001,0.648,0.3
0.14776475694444444,1.4372203358971714,0.08449496302406158,2.7084290771300528,0.9583333333333334,24.145833333333332,4.555892417272372,0.06326979392038286,1437.2203358971717,5001,0,walk,walk_new_bsp,bsp,0.1,adaptive,8,0.015625,36,4,2,10,0.5,0.28571428571428575,0.175,0.05,0,0,2,0,2,2,0.05555555555555555,0.5,2,1.0,30.485,35.867799999999995,0,0,0,0,,0,0.6480000000000001,0.648,0.3
0.002511699879227053,2.3512504565027896,0.059557860403473765,3.4669524155521603,1.0,36.958333333333336,5.092197753327513,0.057046160524246714,2351.250456502791,5001,1,walk,walk_new_bsp,bsp,0.1,adaptive,8,0.015625,39,2,2,3,1.0,1.0,0.05208333333333333,0.05208333333333333,0,0,0,0,2,2,0.05128205128205128,1.0,2,1.0,30.515,39.40479999999999,0,0,0,0,,0,0.6480000000000001,0.648,0.3
0.0011935763888888888,3.609600736009502,0.07674716541297091,3.1454451377266306,0.9791666666666666,24.395833333333332,4.546086853532611,0.07555358902408202,3609.600736009504,5001,2,walk,walk_new_bsp,bsp,0.1,adaptive,8,0.015625,35,4,2,5,0.5,0.03812316715542523,1.0656249999999998,0.040625,1,0,0,0,3,2,0.05714285714285714,1.0,2,1.0,30.700000000000003,41.77124999999999,0,0,0,0,,0,0.6480000000000001,0.648,0.3
0.09670138888888889,2.011960021648032,0.07458960954119286,2.9372349643492797,1.0,28.1875,4.651072412602854,0.022111779347696026,2011.960021648031,5001,3,walk,walk_new_bsp,bsp,0.1,adaptive,8,0.015625,33,1,0,8,0.0,0.0,0.0625,0.0,0,0,1,0,0,0,0.0,0.0,0,1.0,30.39,37.44239999999999,0,0,0,0,,0,0.6480000000000001,0.648,0.3
0.0,4.779940744862287,0.06810755835898696,4.249473213411039,0.875,43.958333333333336,5.248290216446871,0.06810755835898696,4779.940744862283,5002,0,walk,walk_new_bsp,bsp,0.1,adaptive,8,0.015625,38,3,1,4,0.3333333333333333,0.21126760563380279,0.08452380952380953,0.017857142857142856,0,0,1,0,2,1,0.02631578947368421,0.3333333333333333,1,1.0,31.000500000000002,44.394449999999985,0,0,0,0,,0,0.6480000000000001,0.648,0.3
0.0018880208333333336,2.96129065571573,0.06769820397726593,4.063685623153007,0.75,32.458333333333336,4.904757590627042,0.0658101831439326,2961.290655715729,5002,1,walk,walk_new_bsp,bsp,0.1,adaptive,8,0.015625,37,4,4,7,1.0,1.0,0.12202380952380952,0.12202380952380952,0,0,1,1,3,3,0.10810810810810811,1.0,4,1.0,30.630499999999998,41.78299999999999,0,0,0,0,,0,0.6480000000000001,0.648,0.3
0.16981481481481484,1.4652775235451285,0.07838463895703528,3.051713059575683,1.0,31.020833333333332,4.810111884113,0.09976350919111289,1465.2775235451293,5002,2,walk,walk_new_bsp,bsp,0.1,adaptive,8,0.015625,38,3,2,3,0.6666666666666666,0.05013192612137203,1.0527777777777778,0.05277777777777778,1,0,0,0,2,2,0.05263157894736842,0.6666666666666666,2,1.0,30.555,40.81269999999999,0,0,0,0,,0,0.6480000000000001,0.648,0.3
0.27200520833333336,1.2365407397266313,0.07392725620712957,2.762119522526594,1.0,30.125,4.754357271458136,0.19807795212620374,1236.5407397266315,5002,3,walk,walk_new_bsp,bsp,0.1,adaptive,8,0.015625,35,2,0,7,0.0,0.0,1.25,0.0,2,0,0,0,0,0,0.0,0.0,0,1.0,30.8705,43.78165,0,0,0,0,,0,0.6480000000000001,0.648,0.3
0.0,3.519574906587655,0.06950573111686388,3.5814853333369725,0.9166666666666666,29.9375,4.792376600036955,0.06950573111686388,3519.5749065876566,5003,0,walk,walk_new_bsp,bsp,0.1,adaptive,8,0.015625,32,3,2,7,0.6666666666666666,0.4878048780487805,0.12202380952380952,0.05952380952380952,0,0,2,1,1,1,0.0625,1.0,2,1.0,30.685000000000002,37.6205,0,0,0,0,,0,0.6480000000000001,0.648,0.3
0.0033420138888888887,2.317455706134115,0.07367190766437506,2.9966727666905464,1.0,28.208333333333332,4.663249038127586,0.07032989377548617,2317.4557061341156,5003,1,walk,walk_new_bsp,bsp,0.1,adaptive,8,0.015625,41,8,7,9,0.875,0.7676991150442478,0.26904761904761904,0.20654761904761904,0,0,3,2,5,5,0.17073170731707318,0.75,7,1.0,30.5855,41.779399999999995,0,0,0,0,,0,0.6480000000000001,0.648,0.3
0.44557291666666665,1.508948693904049,0.08706037118701272,2.9918939893785352,1.0,33.541666666666664,4.926806266670655,0.358512545479654,1508.948693904049,5003,2,walk,walk_new_bsp,bsp,0.1,adaptive,8,0.015625,36,3,0,5,0.0,0.0,1.0803571428571428,0.0,1,0,1,0,1,0,0.0,0.0,0,1.0,30.445,40.608549999999994,0,0,0,0,,0,0.6480000000000001,0.648,0.3
0.06825086805555555,3.5786230778877823,0.07683324497267567,3.472565460509348,0.9375,27.041666666666668,4.620248048298615,0.008582376917120124,3578.623077887782,5003,3,walk,walk_new_bsp,bsp,0.1,adaptive,8,0.015625,38,2,0,7,0.0,0.0,0.05625,0.0,0,0,0,0,2,0,0.0,0.0,0,1.0,30.619999999999997,39.68145,0,0,0,0,,0,0.6480000000000001,0.648,0.3
0.0022569444444444447,5.056048713782789,0.08558176133366614,4.44280951128739,0.75,31.541666666666668,4.796775145462371,0.08332481688922168,5056.048713782786,5004,0,walk,walk_new_bsp,bsp,0.1,adaptive,8,0.015625,30,3,2,4,0.6666666666666666,0.3225806451612903,0.1845238095238095,0.05952380952380952,1,0,1,1,1,1,0.06666666666666667,1.0,2,1.0,30.2845,33.5653,0,0,0,0,,0,0.6480000000000001,0.648,0.3
0.004148065476190476,2.966850088858172,0.04684116959419147,4.16142773497359,1.0,43.895833333333336,5.384376456214389,0.042693104118001,2966.850088858173,5004,1,walk,walk_new_bsp,bsp,0.1,adaptive,8,0.015625,36,8,5,9,0.625,0.14320685434516525,0.6078869047619047,0.08705357142857142,2,0,0,0,6,5,0.1388888888888889,0.6666666666666666,5,1.0,30.716,40.5669,0,0,0,0,,0,0.6480000000000001,0.648,0.3
0.011393229166666666,1.9953892450645319,0.07879053650991234,2.939218724392042,1.0,26.645833333333332,4.592901899577559,0.06739730734324567,1995.3892450645326,5004,2,walk,walk_new_bsp,bsp,0.1,adaptive,8,0.015625,35,1,0,7,0.0,0.0,0.017857142857142856,0.0,0,0,0,0,1,0,0.0,0.0,0,1.0,30.8,40.99905,0,0,0,0,,0,0.6480000000000001,0.648,0.3
0.06282552083333333,2.2327320099606736,0.06791493135819071,3.359348719646429,0.9375,34.958333333333336,5.001140311284442,0.005089410524857376,2232.7320099606736,5004,3,walk,walk_new_bsp,bsp,0.1,adaptive,8,0.015625,36,4,3,7,0.75,0.588235294117647,0.10119047619047619,0.05952380952380952,0,0,1,0,3,3,0.08333333333333333,0.6666666666666666,3,1.0,30.48,37.29639999999999,0,0,0,0,,0,0.6480000000000001,0.648,0.3
0.00583767361111111,4.844862524888428,0.07998865115009976,4.228768870721809,0.75,26.520833333333332,4.582839799083289,0.07415097753898865,4844.862524888425,5005,0,walk,walk_new_bsp,bsp,0.1,adaptive,8,0.015625,38,6,2,8,0.3333333333333333,0.07801418439716312,0.6294642857142857,0.049107142857142856,2,0,1,0,3,2,0.05263157894736842,0.4,2,1.0,30.354999999999997,35.092150000000004,0,0,0,0,,0,0.6480000000000001,0.648,0.3
0.0,3.8890851819094117,0.07089282645107471,3.469888970928549,1.0,37.5,5.050301534661084,0.07089282645107471,3889.0851819094137,5005,1,walk,walk_new_bsp,bsp,0.1,adaptive,8,0.015625,36,3,1,3,0.3333333333333333,0.01639344262295082,1.2708333333333333,0.020833333333333332,2,0,0,0,1,1,0.027777777777777776,0.5,1,1.0,30.9805,40.11874999999999,0,0,0,0,,0,0.6480000000000001,0.648,0.3
0.000759548611111111,3.2479770973171114,0.06439150080649404,3.8304475224058705,0.8125,31.083333333333332,4.887369850171029,0.06363195219538294,3247.9770973171126,5005,2,walk,walk_new_bsp,bsp,0.1,adaptive,8,0.015625,38,4,2,7,0.5,0.11016949152542374,0.35119047619047616,0.03869047619047619,1,0,1,0,2,2,0.05263157894736842,0.6666666666666666,2,1.0,30.706,36.7026,0,0,0,0,,0,0.6480000000000001,0.648,0.3
0.04251302083333333,3.0231456224756603,0.06809337987311666,3.628677920413942,0.8541666666666666,35.458333333333336,4.987560071619881,0.025580359039783323,3023.1456224756603,5005,3,walk,walk_new_bsp,bsp,0.1,adaptive,8,0.015625,34,3,2,6,0.6666666666666666,0.5625,0.14285714285714285,0.08035714285714285,0,0,2,1,1,1,0.058823529411764705,0.6666666666666666,2,1.0,30.3495,41.58195,0,0,0,0,,0,0.6480000000000001,0.648,0.3
0.004166666666666667,3.603268838369356,0.07105928121281781,3.4930366636265924,0.8541666666666666,30.916666666666668,4.770366797899745,0.06689261454615113,3603.268838369353,5006,0,walk,walk_new_bsp,bsp,0.1,adaptive,8,0.015625,36,6,4,8,0.6666666666666666,0.2985611510791367,0.3861111111111111,0.11527777777777778,1,0,0,0,5,4,0.1111111111111111,0.75,4,1.0,30.725,34.34115,0,0,0,0,,0,0.6480000000000001,0.648,0.3
0.024739583333333332,1.8075121770939682,0.07668817917864394,2.976118596980068,1.0,26.083333333333332,4.662032570042825,0.05194859584531061,1807.5121770939697,5006,1,walk,walk_new_bsp,bsp,0.1,adaptive,8,0.015625,40,2,0,4,0.0,0.0,0.3125,0.0,1,0,1,0,0,0,0.0,0.0,0,1.0,30.6705,38.6658,0,0,0,0,,0,0.6480000000000001,0.648,0.3
0.02886284722222222,2.7791286150056753,0.08394695824636982,3.1967913827761207,1.0,24.541666666666668,4.512016523301788,0.055084111024147585,2779.1286150056753,5006,2,walk,walk_new_bsp,bsp,0.1,adaptive,8,0.015625,33,0,0,9,nan,nan,0.0,0.0,0,0,0,0,0,0,0.0,nan,0,1.0,30.4295,34.32965,0,0,0,0,,0,0.6480000000000001,0.648,0.3
0.022026909722222224,3.1394442617145977,0.056451011325584076,3.888912345544048,0.9166666666666666,47.520833333333336,5.410365378082301,0.03442410160336185,3139.444261714596,5006,3,walk,walk_new_bsp,bsp,0.1,adaptive,8,0.015625,36,2,1,3,0.5,0.07692307692307693,0.2708333333333333,0.020833333333333332,1,0,0,0,1,1,0.027777777777777776,0.5,1,1.0,31.206000000000003,40.004649999999984,0,0,0,0,,0,0.6480000000000001,0.648,0.3
0.036458333333333336,3.494403651985223,0.061895254415404714,3.544718226803786,1.0,34.375,4.970299671987949,0.02543692108207138,3494.403651985222,5007,0,walk,walk_new_bsp,bsp,0.1,adaptive,8,0.015625,39,6,4,9,0.6666666666666666,0.2708333333333333,0.4,0.10833333333333334,1,0,2,1,3,3,0.10256410256410256,0.75,4,1.0,30.705,34.20165,0,0,0,0,,0,0.6480000000000001,0.648,0.3
0.002495659722222222,2.5652116573828496,0.08213405086008262,2.82098801691211,1.0,21.770833333333332,4.403977778701857,0.0796383911378604,2565.211657382849,5007,1,walk,walk_new_bsp,bsp,0.1,adaptive,8,0.015625,33,4,2,14,0.5,0.1085383502170767,0.30848214285714287,0.033482142857142856,1,0,0,0,3,2,0.06060606060606061,0.5,2,1.0,30.930500000000002,41.28709999999999,0,0,0,0,,0,0.6480000000000001,0.648,0.3
0.021158854166666668,5.67731472906972,0.06026174995422553,3.5893833210206,1.0,45.6875,5.292094017639413,0.03910289578755887,5677.31472906972,5007,2,walk,walk_new_bsp,bsp,0.1,adaptive,8,0.015625,40,1,1,5,1.0,1.0,0.017857142857142856,0.017857142857142856,0,0,0,0,1,1,0.025,1.0,1,1.0,30.951,41.56719999999999,0,0,0,0,,0,0.6480000000000001,0.648,0.3
0.005642361111111111,3.57834917246449,0.07511803973603683,3.406272522307027,0.9375,24.333333333333332,4.534318590353512,0.06947567862492571,3578.3491724644905,5007,3,walk,walk_new_bsp,bsp,0.1,adaptive,8,0.015625,33,5,4,10,0.8,0.10040160642570281,1.1116071428571428,0.11160714285714285,1,0,1,1,3,3,0.12121212121212122,1.0,4,1.0,31.231,34.51345,0,0,0,0,,0,0.6480000000000001,0.648,0.3
0.020833333333333332,2.2991991960065135,0.07863717200056573,2.917412699185288,1.0,29.375,4.668048480309541,0.0578038386672324,2299.1991960065147,5008,0,walk,walk_new_bsp,bsp,0.1,adaptive,8,0.015625,33,4,4,12,1.0,1.0,0.1324404761904762,0.1324404761904762,0,0,1,1,3,3,0.12121212121212122,1.0,4,1.0,30.59,41.33759999999998,0,0,0,0,,0,0.6480000000000001,0.648,0.3
0.02372685185185185,2.064531651495042,0.06589391067712469,3.2852002185373386,1.0,31.979166666666668,4.9468898568396105,0.042167058825272836,2064.5316514950428,5008,1,walk,walk_new_bsp,bsp,0.1,adaptive,8,0.015625,37,3,3,5,1.0,1.0,0.09722222222222221,0.09722222222222221,0,0,1,1,2,2,0.08108108108108109,1.0,3,1.0,30.985500000000002,35.32065,0,0,0,0,,0,0.6480000000000001,0.648,0.3
0.003298611111111111,3.4664595481638827,0.07923664546146476,3.666329323441888,0.9791666666666666,26.645833333333332,4.550403148437035,0.07593803435035366,3466.459548163884,5008,2,walk,walk_new_bsp,bsp,0.1,adaptive,8,0.015625,35,3,1,6,0.3333333333333333,0.14285714285714288,0.14583333333333331,0.020833333333333332,0,0,2,0,1,1,0.02857142857142857,0.3333333333333333,1,1.0,30.785,34.2851,0,0,0,0,,0,0.6480000000000001,0.648,0.3
0.041666666666666664,2.136226699671671,0.06716248311908503,3.2915876270104163,1.0,37.875,5.13182940360218,0.025495816452418357,2136.226699671673,5008,3,walk,walk_new_bsp,bsp,0.1,adaptive,8,0.015625,30,4,3,6,0.75,0.05525094896668074,1.0584821428571427,0.05848214285714286,1,0,0,0,3,3,0.1,0.75,3,1.0,30.55,37.351099999999995,0,0,0,0,,0,0.6480000000000001,0.648,0.3
0.0003255208333333333,3.3826927138522502,0.06334564134400504,4.0701123674827135,0.9583333333333334,40.541666666666664,5.1793105845723275,0.06302012051067171,3382.6927138522515,5009,0,walk,walk_new_bsp,bsp,0.1,adaptive,8,0.015625,32,5,3,8,0.6,0.3296089385474861,0.18645833333333334,0.06145833333333334,0,0,2,0,3,3,0.09375,1.0,3,1.0,30.54,40.70149999999999,0,0,0,0,,0,0.6480000000000001,0.648,0.3
0.030164930555555556,2.0576860332974114,0.0796051311135292,3.5019688897046795,0.875,27.020833333333332,4.678287788675816,0.04944020055797362,2057.6860332974125,5009,1,walk,walk_new_bsp,bsp,0.1,adaptive,8,0.015625,38,2,2,8,1.0,1.0,0.05,0.05,0,0,0,0,2,2,0.05263157894736842,1.0,2,1.0,30.71,37.67015,0,0,0,0,,0,0.6480000000000001,0.648,0.3
0.00043402777777777775,4.401344189319932,0.07744378317490078,4.318677630286555,0.7708333333333334,30.25,4.7999440001700355,0.077009755397123,4401.344189319934,5009,2,walk,walk_new_bsp,bsp,0.1,adaptive,8,0.015625,29,3,1,9,0.3333333333333333,0.35294117647058826,0.07083333333333333,0.025,0,0,0,0,3,1,0.034482758620689655,0.5,1,1.0,30.805500000000002,36.93215,0,0,0,0,,0,0.6480000000000001,0.648,0.3
0.007356770833333334,3.6636356881589407,0.04626596867746569,4.119904820894203,0.9583333333333334,50.229166666666664,5.591683107265614,0.03890919784413236,3663.6356881589422,5009,3,walk,walk_new_bsp,bsp,0.1,adaptive,8,0.015625,39,2,1,2,0.5,0.07692307692307693,0.2708333333333333,0.020833333333333332,1,0,0,0,1,1,0.02564102564102564,0.5,1,1.0,39.192499999999995,61.09765,0,0,0,0,,0,0.6480000000000001,0.648,0.3
0.15685143849206348,3.4802770678132586,0.03875429541644647,3.7884385511105383,1.0,49.083333333333336,5.630948150125771,0.11809714307561703,3480.277067813257,5010,0,walk,walk_new_bsp,bsp,0.1,adaptive,8,0.015625,40,7,5,5,0.7142857142857143,0.06873614190687362,1.3422619047619047,0.09226190476190475,2,0,0,0,5,5,0.125,0.75,5,1.0,33.088499999999996,52.642649999999996,0,0,0,0,,0,0.6480000000000001,0.648,0.3
0.0014973958333333332,2.499952459577058,0.05640233036371629,3.412623358327624,1.0,41.270833333333336,5.234580179738335,0.054904934530382955,2499.95245957706,5010,1,walk,walk_new_bsp,bsp,0.1,adaptive,8,0.015625,38,3,2,4,0.6666666666666666,0.5714285714285714,0.14583333333333334,0.08333333333333333,0,0,2,1,1,1,0.05263157894736842,1.0,2,1.0,30.345,37.47194999999999,0,0,0,0,,0,0.6480000000000001,0.648,0.3
0.3146484375,1.5554286240394706,0.0711894885050015,2.839772132433174,1.0,30.5,4.820561400134922,0.24345894899499854,1555.428624039471,5010,2,walk,walk_new_bsp,bsp,0.1,adaptive,8,0.015625,35,4,3,7,0.75,0.5839524517087666,0.10014880952380953,0.05848214285714286,0,0,1,0,3,3,0.08571428571428572,0.75,3,1.0,30.805999999999997,37.189049999999995,0,0,0,0,,0,0.6480000000000001,0.648,0.3
0.007595486111111111,2.2767032671511145,0.08497082302174012,3.028366776019626,1.0,23.6875,4.520010139860268,0.07737533691062902,2276.703267151114,5010,3,walk,walk_new_bsp,bsp,0.1,adaptive,8,0.015625,32,5,3,10,0.6,0.25925925925925924,0.36160714285714285,0.09375,1,0,0,0,4,3,0.09375,0.6,3,1.0,30.759999999999998,39.37345,0,0,0,0,,0,0.6480000000000001,0.648,0.3
0.12749565972222224,1.6330904307649987,0.06605411456623421,2.8944327176102234,0.9791666666666666,33.625,4.90973543226061,0.06144154515598802,1633.090430764999,5011,0,walk,walk_new_bsp,bsp,0.1,adaptive,8,0.015625,38,1,0,4,0.0,0.0,1.0,0.0,1,0,0,0,0,0,0.0,0.0,0,1.0,31.386000000000003,49.1782,0,0,0,0,,0,0.6480000000000001,0.648,0.3
0.10729166666666667,3.175200973395468,0.0764686482532103,3.2418664982975263,1.0,28.4375,4.7344806981196585,0.03498968508012305,3175.2009733954706,5011,1,walk,walk_new_bsp,bsp,0.1,adaptive,8,0.015625,33,6,3,8,0.5,0.17085427135678394,0.4145833333333333,0.07083333333333333,1,0,1,0,4,3,0.09090909090909091,0.4,3,1.0,30.630499999999998,35.94395,0,0,0,0,,0,0.6480000000000001,0.648,0.3
0.004644097222222222,3.1095727877642485,0.07324960629443848,4.192482542393966,0.75,29.333333333333332,4.746570171316813,0.06860550907221626,3109.5727877642494,5011,2,walk,walk_new_bsp,bsp,0.1,adaptive,8,0.015625,39,3,1,7,0.3333333333333333,0.1875,0.3333333333333333,0.0625,1,0,1,1,1,0,0.02564102564102564,0.3333333333333333,1,1.0,30.429499999999997,37.079299999999996,0,0,0,0,,0,0.6480000000000001,0.648,0.3
0.04809027777777778,2.239508464963188,0.06588996998169207,3.223780368856925,1.0,34.8125,4.993815990192901,0.01779969220391428,2239.508464963188,5011,3,walk,walk_new_bsp,bsp,0.1,adaptive,8,0.015625,36,4,2,4,0.5,0.03314917127071823,1.292857142857143,0.04285714285714286,2,0,0,0,2,2,0.05555555555555555,0.5,2,1.0,29.854,34.716499999999996,0,0,0,0,,0,0.6480000000000001,0.648,0.3
0.036610243055555554,4.611724292466304,0.06560205657314404,3.9671454400528816,0.9791666666666666,43.729166666666664,5.30856797473394,0.028991813517588477,4611.724292466304,5012,0,walk,walk_new_bsp,bsp,0.1,adaptive,8,0.015625,39,2,2,4,1.0,1.0,0.03645833333333333,0.03645833333333333,0,0,0,0,2,2,0.05128205128205128,1.0,2,1.0,30.715,33.7733,0,0,0,0,,0,0.6480000000000001,0.648,0.3
0.04283854166666667,2.226935589176833,0.07742995628301151,2.947272861559183,1.0,25.083333333333332,4.557172286066255,0.03459141461634485,2226.9355891768337,5012,1,walk,walk_new_bsp,bsp,0.1,adaptive,8,0.015625,37,3,2,10,0.6666666666666666,0.12727272727272726,0.2864583333333333,0.03645833333333333,1,0,0,0,2,2,0.05405405405405406,0.6666666666666666,2,1.0,30.575,37.8163,0,0,0,0,,0,0.6480000000000001,0.648,0.3
0.009960937500000001,3.1713978088386057,0.06493783016825265,3.6148691071274413,0.9791666666666666,38.708333333333336,5.156251892994308,0.05497689266825265,3171.3978088386048,5012,2,walk,walk_new_bsp,bsp,0.1,adaptive,8,0.015625,37,4,2,4,0.5,0.339622641509434,0.1261904761904762,0.04285714285714286,0,0,2,0,2,2,0.05405405405405406,0.5,2,1.0,30.405,41.53549999999999,0,0,0,0,,0,0.6480000000000001,0.648,0.3
0.008441840277777777,2.7833391738787037,0.0715038452424632,3.304079188279274,1.0,31.0625,4.829014651283703,0.06306200496468542,2783.3391738787045,5012,3,walk,walk_new_bsp,bsp,0.1,adaptive,8,0.015625,32,1,1,9,1.0,1.0,0.017857142857142856,0.017857142857142856,0,0,0,0,1,1,0.03125,1.0,1,1.0,30.59,36.79774999999999,0,0,0,0,,0,0.6480000000000001,0.648,0.3
0.04348958333333333,3.1968114674548374,0.06856995054498884,3.7358695378328193,0.875,33.041666666666664,4.85920082865696,0.06258036721165551,3196.8114674548365,5013,0,walk,walk_new_bsp,bsp,0.1,adaptive,8,0.015625,37,4,2,6,0.5,0.3932584269662921,0.1324404761904762,0.05208333333333333,0,0,1,0,3,2,0.05405405405405406,0.5,2,1.0,30.665,44.2005,0,0,0,0,,0,0.6480000000000001,0.648,0.3
0.020833333333333332,2.7031356947890743,0.07690905905062169,3.323487328114495,1.0,32.3125,4.901007868584407,0.05607572571728836,2703.135694789075,5013,1,walk,walk_new_bsp,bsp,0.1,adaptive,8,0.015625,36,6,4,7,0.6666666666666666,0.4642857142857143,0.23333333333333334,0.10833333333333334,0,0,2,0,4,4,0.1111111111111111,1.0,4,1.0,30.155,40.647649999999985,0,0,0,0,,0,0.6480000000000001,0.648,0.3
0.009006076388888888,3.1792702475802983,0.07764147772961133,3.0393386840519416,1.0,27.895833333333332,4.66021401170561,0.06863540134072245,3179.2702475802985,5013,2,walk,walk_new_bsp,bsp,0.1,adaptive,8,0.015625,30,1,1,12,1.0,1.0,0.025,0.025,0,0,0,0,1,1,0.03333333333333333,1.0,1,1.0,31.406,36.56475,0,0,0,0,,0,0.6480000000000001,0.648,0.3
0.0037977430555555555,4.795147331099612,0.08257378459705672,4.447637458249483,0.6041666666666666,25.791666666666668,4.596242140368207,0.07877604154150117,4795.147331099612,5013,3,walk,walk_new_bsp,bsp,0.1,adaptive,8,0.015625,36,5,3,10,0.6,0.20704845814977976,0.337797619047619,0.06994047619047619,1,0,0,0,4,3,0.08333333333333333,0.6,3,1.0,30.64,34.2368,0,0,0,0,,0,0.6480000000000001,0.648,0.3
0.0013020833333333333,2.8049552480395925,0.08607430201626592,3.2532005503619295,0.9791666666666666,27.0,4.646465202939375,0.08477221868293257,2804.95524803959,5014,0,walk,walk_new_bsp,bsp,0.1,adaptive,8,0.015625,35,3,1,6,0.3333333333333333,0.16666666666666666,0.375,0.0625,1,0,2,1,0,0,0.02857142857142857,0.3333333333333333,1,1.0,30.860500000000002,34.7206,0,0,0,0,,0,0.6480000000000001,0.648,0.3
0.0018229166666666665,2.9590092786263686,0.04160135707340128,3.9322234900001383,0.9791666666666666,50.104166666666664,5.611745978632893,0.03977844040673461,2959.009278626369,5014,1,walk,walk_new_bsp,bsp,0.1,adaptive,8,0.015625,39,2,0,2,0.0,0.0,1.0625,0.0,1,0,1,0,0,0,0.0,0.0,0,1.0,30.996000000000002,38.337149999999994,0,0,0,0,,0,0.6480000000000001,0.648,0.3
0.12065972222222221,3.1017446995172673,0.066957347506296,3.59942615493314,0.875,32.208333333333336,4.894793756121385,0.06203570804925956,3101.7446995172672,5014,2,walk,walk_new_bsp,bsp,0.1,adaptive,8,0.015625,37,5,2,8,0.4,0.07692307692307693,0.609375,0.046875,2,0,1,0,2,2,0.05405405405405406,0.5,2,1.0,31.311,45.2555,0,0,0,0,,0,0.6480000000000001,0.648,0.3
0.041666666666666664,2.4581323967364272,0.076622091189202,3.2571102965974172,0.9375,27.666666666666668,4.720263152903515,0.03495542452253534,2458.132396736427,5014,3,walk,walk_new_bsp,bsp,0.1,adaptive,8,0.015625,33,4,3,9,0.75,0.5153846153846154,0.12896825396825395,0.06646825396825397,0,0,1,0,3,3,0.09090909090909091,0.6666666666666666,3,1.0,30.8505,33.25015,0,0,0,0,,0,0.6480000000000001,0.648,0.3
0.022330729166666664,2.212656861628884,0.07988017709883859,3.332663804372373,0.8958333333333334,23.625,4.488319770282796,0.05754944793217192,2212.656861628884,5015,0,walk,walk_new_bsp,bsp,0.1,adaptive,8,0.015625,37,4,1,7,0.25,0.06593406593406594,0.37916666666666665,0.025,1,0,2,0,1,1,0.02702702702702703,0.3333333333333333,1,1.0,30.7205,44.4185,0,0,0,0,,0,0.6480000000000001,0.648,0.3
0.00043402777777777775,2.2224251196763514,0.07814845638262963,3.1253681915976492,1.0,39.333333333333336,5.113233269727227,0.07771442860485187,2222.425119676351,5015,1,walk,walk_new_bsp,bsp,0.1,adaptive,8,0.015625,37,4,1,4,0.25,0.0392156862745098,0.45535714285714285,0.017857142857142856,2,0,1,0,1,1,0.02702702702702703,0.25,1,1.0,30.560000000000002,37.598749999999995,0,0,0,0,,0,0.6480000000000001,0.648,0.3
0.06432291666666666,2.991352218257115,0.04695776957781292,4.138295456413779,0.875,45.541666666666664,5.446697854827256,0.017365147088853745,2991.352218257116,5015,2,walk,walk_new_bsp,bsp,0.1,adaptive,8,0.015625,35,1,1,3,1.0,1.0,0.020833333333333332,0.020833333333333332,0,0,0,0,1,1,0.02857142857142857,1.0,1,1.0,31.5815,47.113,0,0,0,0,,0,0.6480000000000001,0.648,0.3
0.022395833333333334,2.8695930410452846,0.06902447181919974,3.643106983466874,0.9791666666666666,32.020833333333336,4.904939794039087,0.0466286384858664,2869.5930410452843,5015,3,walk,walk_new_bsp,bsp,0.1,adaptive,8,0.015625,33,1,0,8,0.0,0.0,0.25,0.0,1,0,0,0,0,0,0.0,0.0,0,1.0,30.455,36.13295,0,0,0,0,,0,0.6480000000000001,0.648,0.3
0.001171875,3.2303978243730604,0.061691063192035996,3.6348227547911685,1.0,38.3125,5.140694573130005,0.060519188192036,3230.3978243730567,5016,0,walk,walk_new_bsp,bsp,0.1,adaptive,8,0.015625,41,3,1,4,0.3333333333333333,0.18181818181818182,0.11458333333333333,0.020833333333333332,0,0,1,0,2,1,0.024390243902439025,0.3333333333333333,1,1.0,30.82,33.82865,0,0,0,0,,0,0.6480000000000001,0.648,0.3
0.0876736111111111,3.373534360278278,0.08305617805639752,4.024938931377792,0.6875,26.770833333333332,4.648312844718491,0.012950766388046925,3373.534360278279,5016,1,walk,walk_new_bsp,bsp,0.1,adaptive,8,0.015625,30,2,1,12,0.5,0.07692307692307693,0.2708333333333333,0.020833333333333332,1,0,0,0,1,1,0.03333333333333333,0.5,1,1.0,30.3545,33.55385,0,0,0,0,,0,0.6480000000000001,0.648,0.3
0.1893880208333333,1.489985823023498,0.08286969309004004,2.76619684146508,1.0,24.208333333333332,4.471816900079539,0.10651832774329328,1489.9858230234986,5016,2,walk,walk_new_bsp,bsp,0.1,adaptive,8,0.015625,34,4,1,8,0.25,0.015625,1.3333333333333333,0.020833333333333332,2,0,1,0,1,1,0.029411764705882353,0.5,1,1.0,30.725,42.325,0,0,0,0,,0,0.6480000000000001,0.648,0.3
0.0003255208333333333,3.778271974933357,0.06347270104125946,3.5403964378537225,0.9791666666666666,38.833333333333336,5.102480969328167,0.06314718020792613,3778.271974933359,5016,3,walk,walk_new_bsp,bsp,0.1,adaptive,8,0.015625,34,3,2,6,0.6666666666666666,0.45454545454545453,0.11458333333333333,0.05208333333333333,0,0,1,0,2,2,0.058823529411764705,0.6666666666666666,2,1.0,30.680500000000002,34.203649999999996,0,0,0,0,,0,0.6480000000000001,0.648,0.3
0.3135850694444444,1.9237334960522088,0.0817470397452786,2.7348207458338507,1.0,23.5625,4.461571171835259,0.2318380296991658,1923.7334960522094,5017,0,walk,walk_new_bsp,bsp,0.1,adaptive,8,0.015625,37,5,4,10,0.8,0.09287257019438445,1.1023809523809522,0.10238095238095238,1,0,1,1,3,3,0.10810810810810811,0.6666666666666666,4,1.0,30.665,42.61819999999999,0,0,0,0,,0,0.6480000000000001,0.648,0.3
0.0003255208333333333,3.011578621888365,0.0739517781310692,3.3892861189649204,0.9375,26.520833333333332,4.631207624514489,0.07362625729773588,3011.5786218883654,5017,1,walk,walk_new_bsp,bsp,0.1,adaptive,8,0.015625,36,2,1,7,0.5,0.07692307692307693,0.2708333333333333,0.020833333333333332,1,0,0,0,1,1,0.027777777777777776,0.5,1,1.0,30.956,34.20065,0,0,0,0,,0,0.6480000000000001,0.648,0.3
0.10416666666666667,1.9274423821740638,0.05654825906754762,3.361613344827681,0.9791666666666666,41.166666666666664,5.222309965386013,0.047618407599119054,1927.442382174065,5017,2,walk,walk_new_bsp,bsp,0.1,adaptive,8,0.015625,40,2,1,5,0.5,0.017543859649122806,1.0178571428571428,0.017857142857142856,1,0,0,0,1,1,0.025,0.5,1,1.0,30.655,35.46215,0,0,0,0,,0,0.6480000000000001,0.648,0.3
0.0033420138888888887,2.551330538189896,0.059898780827671326,3.4489548330683815,1.0,34.25,5.001173662804053,0.05655676693878244,2551.330538189896,5017,3,walk,walk_new_bsp,bsp,0.1,adaptive,8,0.015625,38,6,3,9,0.5,0.15056179775280895,0.44146825396825395,0.06646825396825395,1,0,2,0,3,3,0.07894736842105263,0.6,3,1.0,30.560000000000002,38.0203,0,0,0,0,,0,0.6480000000000001,0.648,0.3
0.0008463541666666667,2.7466589465431746,0.07037983722928715,3.681155923786537,0.9791666666666666,38.25,5.066737972571343,0.06953348306262049,2746.658946543174,5018,0,walk,walk_new_bsp,bsp,0.1,adaptive,8,0.015625,34,5,2,4,0.4,0.08928571428571429,0.5833333333333333,0.05208333333333333,2,0,0,0,3,2,0.058823529411764705,1.0,2,1.0,30.565,44.45715,0,0,0,0,,0,0.6480000000000001,0.648,0.3
0.0005208333333333333,2.347651882446252,0.06858731903856036,2.9654583827917627,0.9791666666666666,30.125,4.780938625792219,0.06806648570522703,2347.6518824462514,5018,1,walk,walk_new_bsp,bsp,0.1,adaptive,8,0.015625,33,2,0,6,0.0,0.0,0.08035714285714285,0.0,0,0,1,0,1,0,0.0,0.0,0,1.0,30.750500000000002,43.27715,0,0,0,0,,0,0.6480000000000001,0.648,0.3
0.048177083333333336,2.5993614664012252,0.08690408972652945,2.9292740318065396,0.9583333333333334,18.4375,4.240777011229845,0.038727006393196116,2599.3614664012243,5018,2,walk,walk_new_bsp,bsp,0.1,adaptive,8,0.015625,34,4,2,11,0.5,0.21397379912663753,0.34077380952380953,0.07291666666666666,1,0,1,1,2,1,0.058823529411764705,0.6666666666666666,2,1.0,30.866,44.074799999999996,0,0,0,0,,0,0.6480000000000001,0.648,0.3
0.005533854166666667,3.7245114390125384,0.05393086861649252,3.7508464824171344,1.0,43.708333333333336,5.324989310090683,0.04839701444982585,3724.511439012538,5018,3,walk,walk_new_bsp,bsp,0.1,adaptive,8,0.015625,39,3,0,5,0.0,0.0,0.375,0.0,1,0,2,0,0,0,0.0,0.0,0,1.0,30.6905,38.05234999999999,0,0,0,0,,0,0.6480000000000001,0.648,0.3
0.0014973958333333332,2.5203575940014025,0.07565336911636496,3.2594110777500487,0.9791666666666666,26.729166666666668,4.591637202635076,0.07415597328303163,2520.3575940014016,5019,0,walk,walk_new_bsp,bsp,0.1,adaptive,8,0.015625,37,3,1,8,0.3333333333333333,0.1044776119402985,0.29910714285714285,0.03125,1,0,0,0,2,1,0.02702702702702703,0.5,1,1.0,31.0855,35.721,0,0,0,0,,0,0.6480000000000001,0.648,0.3
0.0234375,2.5991323861320503,0.07114195583216812,3.286905069880285,0.9583333333333334,31.979166666666668,4.85531616838843,0.04770445583216811,2599.132386132051,5019,1,walk,walk_new_bsp,bsp,0.1,adaptive,8,0.015625,39,6,3,5,0.5,0.15387673956262424,0.6237599206349207,0.09598214285714285,2,0,1,1,3,2,0.07692307692307693,0.75,3,1.0,30.475,41.195699999999995,0,0,0,0,,0,0.6480000000000001,0.648,0.3
0.08385416666666667,2.6877715304091887,0.07338363824620439,3.14861066956035,0.9791666666666666,31.8125,4.89694566791833,0.014637195087128942,2687.771530409189,5019,2,walk,walk_new_bsp,bsp,0.1,adaptive,8,0.015625,32,2,2,7,1.0,1.0,0.049107142857142856,0.049107142857142856,0,0,0,0,2,2,0.0625,1.0,2,1.0,30.604999999999997,35.820949999999996,0,0,0,0,,0,0.6480000000000001,0.648,0.3
0.1702938988095238,1.49880816357632,0.07236937049800682,2.876740115605618,1.0,28.229166666666668,4.672349902921005,0.09792452831151699,1498.80816357632,5019,3,walk,walk_new_bsp,bsp,0.1,adaptive,8,0.015625,40,5,5,10,1.0,1.0,0.1138392857142857,0.1138392857142857,0,0,1,1,4,4,0.125,1.0,5,1.0,30.7905,41.197199999999995,0,0,0,0,,0,0.6480000000000001,0.648,0.3
0.02504340277777778,2.1126704346498193,0.07328585501294237,3.1254231961010306,1.0,33.854166666666664,4.875708336658064,0.05319154533488588,2112.670434649819,5000,0,walk,walk_new_dfbsp_tau_0.125,dfbsp,0.1,adaptive,8,0.015625,41,5,5,7,1.0,1.0,0.14702380952380953,0.14702380952380953,0,0,1,1,4,4,0.12195121951219512,1.0,5,1.0,38.2415,42.877649999999996,0,4,0,7,0.125,0,0.6480000000000001,0.648,0.3
0.0031467013888888886,5.218267189531912,0.07566454728149492,3.5056566863198118,1.0,28.625,4.772417447966019,0.07251784589260604,5218.26718953191,5000,1,walk,walk_new_dfbsp_tau_0.125,dfbsp,0.1,adaptive,8,0.015625,37,3,1,3,0.3333333333333333,0.13793103448275862,0.18125,0.025,1,0,0,0,2,1,0.02702702702702703,0.3333333333333333,1,1.0,37.930499999999995,51.558,0,1,0,5,0.125,0,0.6480000000000001,0.648,0.3
0.04394461245519713,2.09378983343011,0.0717116780590323,3.1934660743200407,1.0,35.9375,5.009780246897236,0.04159318537001542,2093.7898334301103,5000,2,walk,walk_new_dfbsp_tau_0.125,dfbsp,0.1,adaptive,8,0.015625,39,2,1,5,0.5,0.020408163265306124,1.0208333333333333,0.020833333333333332,1,0,0,0,1,1,0.02564102564102564,0.5,1,1.0,37.961,45.454449999999994,0,3,0,6,0.125,0,0.6480000000000001,0.648,0.3
0.0020399305555555557,3.114960276015514,0.06785312676786748,3.680642785578762,0.875,33.9375,4.833635560487205,0.06581319621231192,3114.960276015514,5000,3,walk,walk_new_dfbsp_tau_0.125,dfbsp,0.1,adaptive,8,0.015625,37,4,3,9,0.75,0.7966101694915254,0.12291666666666667,0.09791666666666667,0,0,1,1,3,2,0.08108108108108109,0.75,3,1.0,37.33,47.60465,0,5,0,10,0.125,0,0.6480000000000001,0.648,0.3
0.11911892361111111,2.444241207433007,0.08607836132514995,2.7494381639919445,0.8958333333333334,20.958333333333332,4.26259026035907,0.06926437749678861,2444.241207433007,5001,0,walk,walk_new_dfbsp_tau_0.125,dfbsp,0.1,adaptive,8,0.015625,36,4,3,8,0.75,0.6428571428571428,0.175,0.11249999999999999,0,0,2,1,2,2,0.08333333333333333,0.75,3,1.0,38.1115,41.404,0,4,0,14,0.125,0,0.6480000000000001,0.648,0.3
0.06501169987922706,2.0965827428163646,0.06145854601042832,3.2594543896945734,1.0,38.041666666666664,5.066678078550665,0.0653454450580475,2096.5827428163666,5001,1,walk,walk_new_dfbsp_tau_0.125,dfbsp,0.1,adaptive,8,0.015625,39,2,2,5,1.0,1.0,0.05208333333333333,0.05208333333333333,0,0,0,0,2,2,0.05128205128205128,1.0,2,1.0,37.7555,48.28964999999999,0,2,0,3,0.125,0,0.6480000000000001,0.648,0.3
0.45952690972222227,1.2373067807241538,0.08660330347306948,2.723817269677444,1.0,25.354166666666668,4.559353558857324,0.3729236062491528,1237.306780724154,5001,2,walk,walk_new_dfbsp_tau_0.125,dfbsp,0.1,adaptive,8,0.015625,35,4,3,8,0.75,0.061583577712609985,1.0656249999999998,0.065625,1,0,0,0,3,3,0.08571428571428572,1.0,3,1.0,37.876000000000005,48.35429999999999,0,6,0,17,0.125,0,0.6480000000000001,0.648,0.3
0.12621527777777777,1.9692029580220825,0.08017215002854322,3.051890147452512,0.9583333333333334,32.1875,4.74239860113324,0.1438042100932772,1969.2029580220815,5001,3,walk,walk_new_dfbsp_tau_0.125,dfbsp,0.1,adaptive,8,0.015625,33,1,0,5,0.0,0.0,0.0625,0.0,0,0,1,0,0,0,0.0,0.0,0,1.0,37.705,42.31415,0,5,0,20,0.125,0,0.6480000000000001,0.648,0.3
0.020833333333333332,5.342180027144089,0.07330706931356042,4.273404817906653,0.8333333333333334,37.770833333333336,5.023000891617415,0.06872127661123015,5342.180027144087,5002,0,walk,walk_new_dfbsp_tau_0.125,dfbsp,0.1,adaptive,8,0.015625,38,3,3,6,1.0,1.0,0.08452380952380953,0.08452380952380953,0,0,1,1,2,2,0.07894736842105263,1.0,3,1.0,37.9655,41.3895,0,3,0,3,0.125,0,0.6480000000000001,0.648,0.3
0.12688802083333334,3.5847053844041508,0.06496132326310435,4.063469594944286,0.7916666666666666,34.9375,5.000523109384408,0.07096335734674648,3584.705384404151,5002,1,walk,walk_new_dfbsp_tau_0.125,dfbsp,0.1,adaptive,8,0.015625,37,4,4,5,1.0,1.0,0.12202380952380952,0.12202380952380952,0,0,1,1,3,3,0.10810810810810811,1.0,4,1.0,37.756,42.607099999999996,0,2,0,2,0.125,0,0.6480000000000001,0.648,0.3
0.10731481481481482,1.6307181720945316,0.08239903676713572,2.9398807568701115,1.0,25.833333333333332,4.5421269408925955,0.02491577804767908,1630.7181720945316,5002,2,walk,walk_new_dfbsp_tau_0.125,dfbsp,0.1,adaptive,8,0.015625,38,3,2,7,0.6666666666666666,0.05013192612137203,1.0527777777777778,0.05277777777777778,1,0,0,0,2,2,0.05263157894736842,0.6666666666666666,2,1.0,38.186,50.02554999999999,0,4,0,12,0.125,0,0.6480000000000001,0.648,0.3
0.27200520833333336,1.265491487063765,0.09584383475189863,2.6204602475728707,1.0,22.9375,4.379311770817099,0.1761613735814347,1265.4914870637651,5002,3,walk,walk_new_dfbsp_tau_0.125,dfbsp,0.1,adaptive,8,0.015625,35,2,0,9,0.0,0.0,1.25,0.0,2,0,0,0,0,0,0.0,0.0,0,1.0,38.327,43.10695,0,8,0,27,0.125,0,0.6480000000000001,0.648,0.3
0.0,4.091868754254519,0.07001689238970749,4.239693058955013,0.8541666666666666,33.604166666666664,4.921064359776333,0.07001689238970746,4091.8687542545254,5003,0,walk,walk_new_dfbsp_tau_0.125,dfbsp,0.1,adaptive,8,0.015625,32,3,1,5,0.3333333333333333,0.14634146341463414,0.12202380952380952,0.017857142857142856,0,0,2,0,1,1,0.03125,0.5,1,1.0,37.7455,47.468650000000004,0,3,0,8,0.125,0,0.6480000000000001,0.648,0.3
0.0033420138888888887,2.0161724842467335,0.07270049612895287,2.9529928844615885,1.0,28.708333333333332,4.674385774746983,0.06935848224006398,2016.1724842467345,5003,1,walk,walk_new_dfbsp_tau_0.125,dfbsp,0.1,adaptive,8,0.015625,41,8,7,9,0.875,0.7676991150442478,0.26904761904761904,0.20654761904761904,0,0,3,2,5,5,0.17073170731707318,0.75,7,1.0,37.565,46.308749999999996,0,1,0,2,0.125,0,0.6480000000000001,0.648,0.3
0.44557291666666665,1.542397678809549,0.10016993407587484,2.8327263898345287,0.9791666666666666,27.395833333333332,4.538794557240782,0.3454029825907918,1542.3976788095488,5003,2,walk,walk_new_dfbsp_tau_0.125,dfbsp,0.1,adaptive,8,0.015625,36,3,1,7,0.3333333333333333,0.05785123966942149,1.0803571428571428,0.0625,1,0,1,1,1,0,0.027777777777777776,0.5,1,1.0,38.101,43.79274999999999,0,7,0,25,0.125,0,0.6480000000000001,0.648,0.3
0.15074094742063493,2.8068913484491067,0.0577798005984628,3.530410290630139,0.9166666666666666,36.770833333333336,5.042930728076824,0.09296114682217214,2806.8913484491045,5003,3,walk,walk_new_dfbsp_tau_0.125,dfbsp,0.1,adaptive,8,0.015625,38,2,2,6,1.0,1.0,0.05625,0.05625,0,0,0,0,2,2,0.05263157894736842,1.0,2,1.0,37.835499999999996,44.652,0,3,0,6,0.125,0,0.6480000000000001,0.648,0.3
0.0022569444444444447,2.966970355707408,0.09315715800693998,3.5738594875595666,0.8541666666666666,23.854166666666668,4.433498696685031,0.09090021356249554,2966.9703557074076,5004,0,walk,walk_new_dfbsp_tau_0.125,dfbsp,0.1,adaptive,8,0.015625,30,3,2,8,0.6666666666666666,0.3225806451612903,0.1845238095238095,0.05952380952380952,1,0,1,1,1,1,0.06666666666666667,1.0,2,1.0,37.335,41.75815,0,5,0,20,0.125,0,0.6480000000000001,0.648,0.3
0.004148065476190476,4.406694969753443,0.051274583286447954,4.291614666183844,1.0,45.208333333333336,5.40469028696263,0.04712651781025748,4406.694969753442,5004,1,walk,walk_new_dfbsp_tau_0.125,dfbsp,0.1,adaptive,8,0.015625,36,8,5,7,0.625,0.14320685434516525,0.6078869047619047,0.08705357142857142,2,0,0,0,6,5,0.1388888888888889,0.6666666666666666,5,1.0,38.056,46.75065,0,2,0,4,0.125,0,0.6480000000000001,0.648,0.3
0.005316840277777777,2.2933165219681335,0.09110741441903257,2.910772245610072,1.0,26.125,4.48626635771917,0.08579057414125475,2293.316521968134,5004,2,walk,walk_new_dfbsp_tau_0.125,dfbsp,0.1,adaptive,8,0.015625,35,1,0,7,0.0,0.0,0.017857142857142856,0.0,0,0,0,0,1,0,0.0,0.0,0,1.0,37.7055,51.808949999999996,0,6,0,12,0.125,0,0.6480000000000001,0.648,0.3
0.14615885416666666,2.0122228127055934,0.07814773005221314,3.164268009526134,0.9375,30.416666666666668,4.795621214383552,0.06801112411445351,2012.2228127055944,5004,3,walk,walk_new_dfbsp_tau_0.125,dfbsp,0.1,adaptive,8,0.015625,36,4,4,9,1.0,1.0,0.10119047619047619,0.10119047619047619,0,0,1,1,3,3,0.1111111111111111,1.0,4,1.0,37.791,41.54815,0,5,0,8,0.125,0,0.6480000000000001,0.648,0.3
0.06833767361111111,2.5153505613426734,0.07632081472026303,3.2982467345479214,0.9791666666666666,26.1875,4.6089020077974014,0.024412556575418198,2515.3505613426705,5005,0,walk,walk_new_dfbsp_tau_0.125,dfbsp,0.1,adaptive,8,0.015625,38,6,3,8,0.5,0.10638297872340426,0.6294642857142857,0.06696428571428571,2,0,1,0,3,3,0.07894736842105263,0.6,3,1.0,37.995999999999995,50.04294999999998,0,4,0,7,0.125,0,0.6480000000000001,0.648,0.3
0.08333333333333333,2.647144428513896,0.07012946783267764,3.2336803622291015,1.0,36.4375,5.000761735344628,0.06043466667742895,2647.144428513896,5005,1,walk,walk_new_dfbsp_tau_0.125,dfbsp,0.1,adaptive,8,0.015625,36,3,1,4,0.3333333333333333,0.01639344262295082,1.2708333333333333,0.020833333333333332,2,0,0,0,1,1,0.027777777777777776,0.5,1,1.0,38.1015,49.7521,0,2,0,10,0.125,0,0.6480000000000001,0.648,0.3
0.000759548611111111,3.5360836539791,0.05913752643080942,3.8066692069396666,0.9791666666666666,36.104166666666664,5.125535329059953,0.0583779778196983,3536.083653979098,5005,2,walk,walk_new_dfbsp_tau_0.125,dfbsp,0.1,adaptive,8,0.015625,38,4,2,5,0.5,0.11016949152542374,0.35119047619047616,0.03869047619047619,1,0,1,0,2,2,0.05263157894736842,0.6666666666666666,2,1.0,38.161,51.57815,0,0,0,0,0.125,0,0.6480000000000001,0.648,0.3
0.23717757936507936,0.983627226391033,0.08816322208520004,2.6901988705777042,1.0,27.4375,4.599126011795961,0.1490143572798793,983.6272263910329,5005,3,walk,walk_new_dfbsp_tau_0.125,dfbsp,0.1,adaptive,8,0.015625,34,3,2,7,0.6666666666666666,0.5625,0.14285714285714285,0.08035714285714285,0,0,2,1,1,1,0.058823529411764705,0.6666666666666666,2,1.0,37.605000000000004,42.74215,0,5,0,15,0.125,0,0.6480000000000001,0.648,0.3
0.0,4.252027665221417,0.06985932466280627,3.926841989136628,0.8541666666666666,38.5,5.129778229786441,0.06985932466280627,4252.027665221417,5006,0,walk,walk_new_dfbsp_tau_0.125,dfbsp,0.1,adaptive,8,0.015625,36,6,4,5,0.6666666666666666,0.2715827338129496,0.3861111111111111,0.1048611111111111,1,0,0,0,5,4,0.1111111111111111,0.75,4,1.0,38.667,48.81775,0,0,0,0,0.125,0,0.6480000000000001,0.648,0.3
0.045572916666666664,2.3980787828750367,0.06584814389217522,3.071648164894553,1.0,34.583333333333336,5.02018899619893,0.02027522722550855,2398.0787828750376,5006,1,walk,walk_new_dfbsp_tau_0.125,dfbsp,0.1,adaptive,8,0.015625,40,2,0,2,0.0,0.0,0.3125,0.0,1,0,1,0,0,0,0.0,0.0,0,1.0,38.9575,68.74444999999999,0,1,0,1,0.125,0,0.6480000000000001,0.648,0.3
0.38302951388888884,1.8671973851151478,0.08169262251516383,2.944061549150033,1.0,28.125,4.6669910589550305,0.30133689137372494,1867.1973851151477,5006,2,walk,walk_new_dfbsp_tau_0.125,dfbsp,0.1,adaptive,8,0.015625,33,0,0,4,nan,nan,0.0,0.0,0,0,0,0,0,0,0.0,nan,0,1.0,38.262,60.0241,0,3,0,7,0.125,0,0.6480000000000001,0.648,0.3
0.0011935763888888888,3.6711732207264522,0.06501150354100088,3.7234380710165063,0.9791666666666666,40.541666666666664,5.0918229114720965,0.063817927152112,3671.1732207264527,5006,3,walk,walk_new_dfbsp_tau_0.125,dfbsp,0.1,adaptive,8,0.015625,36,2,1,5,0.5,0.07692307692307693,0.2708333333333333,0.020833333333333332,1,0,0,0,1,1,0.027777777777777776,0.5,1,1.0,38.096000000000004,44.706599999999995,0,2,0,5,0.125,0,0.6480000000000001,0.648,0.3
0.08333333333333333,2.5111720242891233,0.07640551012487184,3.3442785689951275,0.9375,29.916666666666668,4.761202014326204,0.08096191864601633,2511.172024289122,5007,0,walk,walk_new_dfbsp_tau_0.125,dfbsp,0.1,adaptive,8,0.015625,39,6,4,8,0.6666666666666666,0.2708333333333333,0.4,0.10833333333333334,1,0,2,1,3,3,0.10256410256410256,0.75,4,1.0,37.646,49.98734999999999,0,3,0,8,0.125,0,0.6480000000000001,0.648,0.3
0.002495659722222222,2.290125134189568,0.09080415446752399,2.7628068069918736,1.0,23.083333333333332,4.378016070554899,0.08830849474530178,2290.1251341895654,5007,1,walk,walk_new_dfbsp_tau_0.125,dfbsp,0.1,adaptive,8,0.015625,33,4,2,10,0.5,0.1085383502170767,0.30848214285714287,0.033482142857142856,1,0,0,0,3,2,0.06060606060606061,0.5,2,1.0,38.562,52.70015,0,7,0,16,0.125,0,0.6480000000000001,0.648,0.3
0.12532552083333334,3.161495816232423,0.06608185987219238,3.6269140912774396,1.0,47.229166666666664,5.343523969751835,0.06387096797913888,3161.4958162324233,5007,2,walk,walk_new_dfbsp_tau_0.125,dfbsp,0.1,adaptive,8,0.015625,40,1,1,2,1.0,1.0,0.017857142857142856,0.017857142857142856,0,0,0,0,1,1,0.025,1.0,1,1.0,37.9455,48.84399999999999,0,1,0,1,0.125,0,0.6480000000000001,0.648,0.3
0.0021701388888888886,3.2640172547631856,0.08609919650451836,3.4217937087654495,0.8541666666666666,24.125,4.520254231634364,0.08392905761562947,3264.017254763185,5007,3,walk,walk_new_dfbsp_tau_0.125,dfbsp,0.1,adaptive,8,0.015625,33,5,4,10,0.8,0.10040160642570281,1.1116071428571428,0.11160714285714285,1,0,1,1,3,3,0.12121212121212122,1.0,4,1.0,37.7605,49.09989999999999,0,6,0,17,0.125,0,0.6480000000000001,0.648,0.3
0.0026041666666666665,1.7709545248850456,0.10400063637973074,2.5764800424912773,1.0,23.625,4.299790806048743,0.1013964697130641,1770.954524885046,5008,0,walk,walk_new_dfbsp_tau_0.125,dfbsp,0.1,adaptive,8,0.015625,33,4,2,12,0.5,0.3932584269662921,0.1324404761904762,0.05208333333333333,0,0,1,0,3,2,0.06060606060606061,0.6666666666666666,2,1.0,38.251999999999995,48.747699999999995,0,12,0,36,0.125,0,0.6480000000000001,0.648,0.3
0.002893518518518519,2.114443612670921,0.08212829187659985,3.2142119243716567,1.0,26.5625,4.622879265201427,0.07923477335808132,2114.443612670921,5008,1,walk,walk_new_dfbsp_tau_0.125,dfbsp,0.1,adaptive,8,0.015625,37,3,3,8,1.0,1.0,0.09722222222222221,0.09722222222222221,0,0,1,1,2,2,0.08108108108108109,1.0,3,1.0,37.705,42.74095,0,4,0,8,0.125,0,0.6480000000000001,0.648,0.3
0.003298611111111111,2.2720130662747953,0.07859489387446413,3.3193994728455274,0.9791666666666666,26.791666666666668,4.595287712804653,0.07529628276335301,2272.0130662747956,5008,2,walk,walk_new_dfbsp_tau_0.125,dfbsp,0.1,adaptive,8,0.015625,35,3,3,6,1.0,1.0,0.14583333333333331,0.14583333333333331,0,0,2,2,1,1,0.08571428571428572,1.0,3,1.0,38.081,46.644099999999995,0,3,0,8,0.125,0,0.6480000000000001,0.648,0.3
0.08333333333333333,2.0679426990905316,0.07969182320130334,3.1304307855911033,1.0,29.354166666666668,4.739495068742813,0.03466391658184197,2067.9426990905336,5008,3,walk,walk_new_dfbsp_tau_0.125,dfbsp,0.1,adaptive,8,0.015625,30,4,3,8,0.75,0.05525094896668074,1.0584821428571427,0.05848214285714286,1,0,0,0,3,3,0.1,0.75,3,1.0,38.332,50.794399999999996,0,4,0,9,0.125,0,0.6480000000000001,0.648,0.3
0.06282552083333333,2.068591629975175,0.06577938038520001,3.4681045994859043,0.9583333333333334,37.958333333333336,5.094033552413623,0.027213462712912074,2068.5916299751757,5009,0,walk,walk_new_dfbsp_tau_0.125,dfbsp,0.1,adaptive,8,0.015625,32,5,3,6,0.6,0.3296089385474861,0.18645833333333334,0.06145833333333334,0,0,2,0,3,3,0.09375,1.0,3,1.0,37.941,44.28615,0,2,0,2,0.125,0,0.6480000000000001,0.648,0.3
0.030164930555555556,2.066955398231235,0.08506458954471145,3.3283940952023126,0.9166666666666666,24.3125,4.471529210957125,0.054899658989155886,2066.9553982312354,5009,1,walk,walk_new_dfbsp_tau_0.125,dfbsp,0.1,adaptive,8,0.015625,38,2,2,7,1.0,1.0,0.05,0.05,0,0,0,0,2,2,0.05263157894736842,1.0,2,1.0,37.7555,50.5003,0,4,0,18,0.125,0,0.6480000000000001,0.648,0.3
0.12543402777777776,2.0091191632577674,0.08699244406888618,3.2119709473947116,0.9791666666666666,28.666666666666668,4.682571138749528,0.10445707347830972,2009.1191632577675,5009,2,walk,walk_new_dfbsp_tau_0.125,dfbsp,0.1,adaptive,8,0.015625,29,3,2,9,0.6666666666666666,0.6470588235294118,0.07083333333333333,0.04583333333333334,0,0,0,0,3,2,0.06896551724137931,1.0,2,1.0,37.906,44.908,0,7,0,12,0.125,0,0.6480000000000001,0.648,0.3
0.007356770833333334,3.547053819172224,0.04683220908435859,4.095635262998373,0.9583333333333334,49.875,5.57094765933754,0.03947543825102526,3547.053819172225,5009,3,walk,walk_new_dfbsp_tau_0.125,dfbsp,0.1,adaptive,8,0.015625,39,2,1,3,0.5,0.07692307692307693,0.2708333333333333,0.020833333333333332,1,0,0,0,1,1,0.02564102564102564,0.5,1,1.0,37.47,47.7301,0,1,0,1,0.125,0,0.6480000000000001,0.648,0.3
0.15685143849206348,2.2358716627073085,0.04883394281037084,3.640811938816059,1.0,44.020833333333336,5.438707922571993,0.11222309870159934,2235.8716627073086,5010,0,walk,walk_new_dfbsp_tau_0.125,dfbsp,0.1,adaptive,8,0.015625,40,7,5,6,0.7142857142857143,0.06873614190687362,1.3422619047619047,0.09226190476190475,2,0,0,0,5,5,0.125,0.75,5,1.0,38.031,53.8543,0,1,0,1,0.125,0,0.6480000000000001,0.648,0.3
0.0014973958333333332,2.8148944784549275,0.05871351497309741,3.534164817461976,1.0,40.333333333333336,5.1773642462425205,0.05721611913976408,2814.8944784549294,5010,1,walk,walk_new_dfbsp_tau_0.125,dfbsp,0.1,adaptive,8,0.015625,38,3,2,4,0.6666666666666666,0.5714285714285714,0.14583333333333334,0.08333333333333333,0,0,2,1,1,1,0.05263157894736842,1.0,2,1.0,37.966499999999996,43.449949999999994,0,1,0,1,0.125,0,0.6480000000000001,0.648,0.3
0.08548177083333335,2.386614266152695,0.07606276244582956,3.39123971967147,1.0,31.6875,4.781869205946906,0.030792912705885047,2386.6142661526965,5010,2,walk,walk_new_dfbsp_tau_0.125,dfbsp,0.1,adaptive,8,0.015625,35,4,4,9,1.0,1.0,0.10014880952380953,0.10014880952380953,0,0,1,1,3,3,0.11428571428571428,1.0,4,1.0,38.1515,44.4826,0,5,0,9,0.125,0,0.6480000000000001,0.648,0.3
0.042317708333333336,2.4930623377336816,0.08949353823739448,3.0023578616038153,0.9791666666666666,21.041666666666668,4.354141250135254,0.06337122857096453,2493.062337733681,5010,3,walk,walk_new_dfbsp_tau_0.125,dfbsp,0.1,adaptive,8,0.015625,32,5,4,8,0.8,0.30864197530864196,0.36160714285714285,0.11160714285714285,1,0,0,0,4,4,0.125,0.8,4,1.0,38.411500000000004,45.41795,0,6,0,13,0.125,0,0.6480000000000001,0.648,0.3
0.002495659722222222,2.2825687785884177,0.08681458289288774,3.010547056794134,0.9791666666666666,24.875,4.4756353276247,0.08431892317066551,2282.5687785884193,5011,0,walk,walk_new_dfbsp_tau_0.125,dfbsp,0.1,adaptive,8,0.015625,38,1,0,6,0.0,0.0,1.0,0.0,1,0,0,0,0,0,0.0,0.0,0,1.0,38.442,44.483799999999995,0,5,0,22,0.125,0,0.6480000000000001,0.648,0.3
0.23229166666666667,1.8254188385698848,0.08482990510481069,2.798786432695975,1.0,26.333333333333332,4.602676660451741,0.147461761561856,1825.4188385698853,5011,1,walk,walk_new_dfbsp_tau_0.125,dfbsp,0.1,adaptive,8,0.015625,33,6,3,10,0.5,0.17085427135678394,0.4145833333333333,0.07083333333333333,1,0,1,0,4,3,0.09090909090909091,0.4,3,1.0,37.980999999999995,49.24215,0,8,0,16,0.125,0,0.6480000000000001,0.648,0.3
0.004644097222222222,3.05469227046215,0.07929135267157889,4.017895818564381,0.7916666666666666,32.270833333333336,4.8076525598508075,0.07464725544935667,3054.6922704621497,5011,2,walk,walk_new_dfbsp_tau_0.125,dfbsp,0.1,adaptive,8,0.015625,39,3,1,5,0.3333333333333333,0.1875,0.3333333333333333,0.0625,1,0,1,1,1,0,0.02564102564102564,0.3333333333333333,1,1.0,37.79600000000001,43.88224999999999,0,3,0,6,0.125,0,0.6480000000000001,0.648,0.3
0.06892361111111112,2.049244175464464,0.06761955822468806,3.1684467884416994,1.0,35.25,4.967347058731348,0.04986310970653513,2049.244175464464,5011,3,walk,walk_new_dfbsp_tau_0.125,dfbsp,0.1,adaptive,8,0.015625,36,4,2,6,0.5,0.03314917127071823,1.292857142857143,0.04285714285714286,2,0,0,0,2,2,0.05555555555555555,0.5,2,1.0,38.176,42.51015,0,2,0,7,0.125,0,0.6480000000000001,0.648,0.3
0.14077690972222223,2.7121259205262622,0.06583014535384799,3.496301582857786,1.0,42.229166666666664,5.301845279459923,0.07494676436837425,2712.1259205262627,5012,0,walk,walk_new_dfbsp_tau_0.125,dfbsp,0.1,adaptive,8,0.015625,39,2,2,5,1.0,1.0,0.03645833333333333,0.03645833333333333,0,0,0,0,2,2,0.05128205128205128,1.0,2,1.0,38.071,48.56884999999999,0,1,0,2,0.125,0,0.6480000000000001,0.648,0.3
0.001171875,2.5821476471728246,0.08956980244436674,2.987452270719645,0.9583333333333334,22.770833333333332,4.356238808256245,0.08839792744436677,2582.1476471728256,5012,1,walk,walk_new_dfbsp_tau_0.125,dfbsp,0.1,adaptive,8,0.015625,37,3,2,9,0.6666666666666666,0.12727272727272726,0.2864583333333333,0.03645833333333333,1,0,0,0,2,2,0.05405405405405406,0.6666666666666666,2,1.0,37.931,49.712599999999995,0,6,0,29,0.125,0,0.6480000000000001,0.648,0.3
0.009960937500000001,4.590315786638732,0.05346281382133888,4.263442011093868,0.8125,42.5625,5.350168298089678,0.043501876321338874,4590.315786638731,5012,2,walk,walk_new_dfbsp_tau_0.125,dfbsp,0.1,adaptive,8,0.015625,37,4,2,5,0.5,0.339622641509434,0.1261904761904762,0.04285714285714286,0,0,2,0,2,2,0.05405405405405406,0.5,2,1.0,38.121,49.862249999999996,0,1,0,2,0.125,0,0.6480000000000001,0.648,0.3
0.08457341269841269,2.3991024772607323,0.08427673961916558,3.46604997252183,0.9791666666666666,29.166666666666668,4.671754091757484,0.023018405208430518,2399.102477260731,5012,3,walk,walk_new_dfbsp_tau_0.125,dfbsp,0.1,adaptive,8,0.015625,32,1,0,7,0.0,0.0,0.017857142857142856,0.0,0,0,0,0,1,0,0.0,0.0,0,1.0,38.2065,46.6579,0,6,0,11,0.125,0,0.6480000000000001,0.648,0.3
0.030211433531746032,2.7592771470944357,0.05677010085319131,3.6201997338764333,0.8958333333333334,41.666666666666664,5.231723884614488,0.02655866732144528,2759.2771470944376,5013,0,walk,walk_new_dfbsp_tau_0.125,dfbsp,0.1,adaptive,8,0.015625,37,4,4,5,1.0,1.0,0.1324404761904762,0.1324404761904762,0,0,1,1,3,3,0.10810810810810811,1.0,4,1.0,38.622,51.196299999999994,0,0,0,0,0.125,0,0.6480000000000001,0.648,0.3
0.020833333333333332,2.8645098220370335,0.09509759602324136,3.402287676093247,1.0,23.333333333333332,4.441584112742528,0.07426426268990802,2864.5098220370332,5013,1,walk,walk_new_dfbsp_tau_0.125,dfbsp,0.1,adaptive,8,0.015625,36,6,4,7,0.6666666666666666,0.6249999999999999,0.23333333333333334,0.14583333333333331,0,0,2,1,4,3,0.1111111111111111,0.75,4,1.0,37.576,44.099,0,5,0,20,0.125,0,0.6480000000000001,0.648,0.3
0.16703869047619047,2.3853827818816584,0.08382709921162214,2.958669714090003,0.9583333333333334,29.0,4.661072805877392,0.17343510621828132,2385.382781881659,5013,2,walk,walk_new_dfbsp_tau_0.125,dfbsp,0.1,adaptive,8,0.015625,30,1,1,9,1.0,1.0,0.025,0.025,0,0,0,0,1,1,0.03333333333333333,1.0,1,1.0,38.121,52.965599999999995,0,8,0,18,0.125,0,0.6480000000000001,0.648,0.3
0.08661024305555555,1.3835522839417616,0.07860221720188103,2.904458892828565,1.0,30.8125,4.804425831331803,0.008008025853674538,1383.5522839417615,5013,3,walk,walk_new_dfbsp_tau_0.125,dfbsp,0.1,adaptive,8,0.015625,36,5,3,7,0.6,0.20704845814977976,0.337797619047619,0.06994047619047619,1,0,0,0,4,3,0.08333333333333333,0.6,3,1.0,37.756,42.611650000000004,0,3,0,8,0.125,0,0.6480000000000001,0.648,0.3
0.04296875,1.6431360748535981,0.0914985970515958,2.9537222254668105,1.0,24.895833333333332,4.488527547164862,0.048529847051595805,1643.136074853599,5014,0,walk,walk_new_dfbsp_tau_0.125,dfbsp,0.1,adaptive,8,0.015625,35,3,1,8,0.3333333333333333,0.16666666666666666,0.375,0.0625,1,0,2,1,0,0,0.02857142857142857,0.3333333333333333,1,1.0,37.576,49.13564999999999,0,5,0,13,0.125,0,0.6480000000000001,0.648,0.3
0.0018229166666666665,2.9590092786263686,0.04160135707340128,3.9322234900001383,0.9791666666666666,50.104166666666664,5.611745978632893,0.03977844040673461,2959.009278626369,5014,1,walk,walk_new_dfbsp_tau_0.125,dfbsp,0.1,adaptive,8,0.015625,39,2,0,2,0.0,0.0,1.0625,0.0,1,0,1,0,0,0,0.0,0.0,0,1.0,38.216,50.31529999999999,0,0,0,0,0.125,0,0.6480000000000001,0.648,0.3
0.016493055555555556,3.439717233778324,0.07291455366268915,3.6253215039149236,0.875,32.604166666666664,4.863936601755631,0.056421498107133594,3439.717233778321,5014,2,walk,walk_new_dfbsp_tau_0.125,dfbsp,0.1,adaptive,8,0.015625,37,5,3,8,0.6,0.1794871794871795,0.609375,0.109375,2,0,1,1,2,2,0.08108108108108109,0.75,3,1.0,38.567,50.96315,0,2,0,6,0.125,0,0.6480000000000001,0.648,0.3
0.10416666666666667,2.018136587753277,0.08397923238405215,3.0924142487068096,1.0,29.9375,4.761354545247073,0.05580968125771988,2018.136587753278,5014,3,walk,walk_new_dfbsp_tau_0.125,dfbsp,0.1,adaptive,8,0.015625,33,4,2,6,0.5,0.30000000000000004,0.12896825396825395,0.03869047619047619,0,0,1,0,3,2,0.06060606060606061,0.6666666666666666,2,1.0,38.301,46.18919999999999,0,3,0,5,0.125,0,0.6480000000000001,0.648,0.3
0.043164062499999996,2.2461815603489304,0.08812179865082499,3.2891363594649374,1.0,22.083333333333332,4.386752334973624,0.04495773615082497,2246.1815603489304,5015,0,walk,walk_new_dfbsp_tau_0.125,dfbsp,0.1,adaptive,8,0.015625,37,4,3,9,0.75,0.3406593406593406,0.37916666666666665,0.12916666666666665,1,0,2,2,1,1,0.08108108108108109,0.6666666666666666,3,1.0,38.081,44.352799999999995,0,6,0,12,0.125,0,0.6480000000000001,0.648,0.3
0.00043402777777777775,2.2224251196763514,0.07799969078202663,3.1614571512407834,1.0,42.041666666666664,5.215774908566644,0.07756566300424884,2222.425119676351,5015,1,walk,walk_new_dfbsp_tau_0.125,dfbsp,0.1,adaptive,8,0.015625,37,4,1,4,0.25,0.0392156862745098,0.45535714285714285,0.017857142857142856,2,0,1,0,1,1,0.02702702702702703,0.25,1,1.0,38.247,49.91715,0,3,0,10,0.125,0,0.6480000000000001,0.648,0.3
0.0018229166666666665,3.537899860336554,0.05377794339773916,4.087422818107848,0.75,41.916666666666664,5.293693381054746,0.051955026731072496,3537.899860336553,5015,2,walk,walk_new_dfbsp_tau_0.125,dfbsp,0.1,adaptive,8,0.015625,35,1,1,3,1.0,1.0,0.020833333333333332,0.020833333333333332,0,0,0,0,1,1,0.02857142857142857,1.0,1,1.0,38.2715,48.901849999999996,0,1,0,2,0.125,0,0.6480000000000001,0.648,0.3
0.27239583333333334,1.712532667175305,0.07220198703280606,3.0732918308577566,1.0,36.395833333333336,5.035842370272608,0.20019384630052725,1712.5326671753044,5015,3,walk,walk_new_dfbsp_tau_0.125,dfbsp,0.1,adaptive,8,0.015625,33,1,0,5,0.0,0.0,0.25,0.0,1,0,0,0,0,0,0.0,0.0,0,1.0,38.2715,46.9015,0,4,0,6,0.125,0,0.6480000000000001,0.648,0.3
0.001171875,4.129461664128956,0.08030197671457942,4.0107093117647254,0.9791666666666666,28.770833333333332,4.7246203059939615,0.07913010171457945,4129.461664128951,5016,0,walk,walk_new_dfbsp_tau_0.125,dfbsp,0.1,adaptive,8,0.015625,41,3,1,4,0.3333333333333333,0.18181818181818182,0.11458333333333333,0.020833333333333332,0,0,1,0,2,1,0.024390243902439025,0.3333333333333333,1,1.0,38.156,49.5685,0,3,0,10,0.125,0,0.6480000000000001,0.648,0.3
0.0876736111111111,3.02088539229054,0.0923829038910937,3.600481257850147,0.7916666666666666,23.583333333333332,4.45992999215015,0.07131239138414837,3020.8853922905387,5016,1,walk,walk_new_dfbsp_tau_0.125,dfbsp,0.1,adaptive,8,0.015625,30,2,1,10,0.5,0.07692307692307693,0.2708333333333333,0.020833333333333332,1,0,0,0,1,1,0.03333333333333333,0.5,1,1.0,38.206,53.131799999999984,0,6,0,16,0.125,0,0.6480000000000001,0.648,0.3
0.0018880208333333336,2.112241808232709,0.09149512701265616,2.792464344258239,1.0,26.916666666666668,4.49981492836654,0.08960710617932283,2112.241808232709,5016,2,walk,walk_new_dfbsp_tau_0.125,dfbsp,0.1,adaptive,8,0.015625,34,4,1,5,0.25,0.015625,1.3333333333333333,0.020833333333333332,2,0,1,0,1,1,0.029411764705882353,0.5,1,1.0,37.760999999999996,51.02265,0,5,0,23,0.125,0,0.6480000000000001,0.648,0.3
0.1669921875,3.266768783904626,0.052532489491735994,3.7528667061832426,0.9583333333333334,45.916666666666664,5.439087122578214,0.11445969800826401,3266.768783904626,5016,3,walk,walk_new_dfbsp_tau_0.125,dfbsp,0.1,adaptive,8,0.015625,34,3,1,3,0.3333333333333333,0.18181818181818182,0.11458333333333333,0.020833333333333332,0,0,1,0,2,1,0.029411764705882353,0.3333333333333333,1,1.0,38.307,53.431599999999996,0,2,0,3,0.125,0,0.6480000000000001,0.648,0.3
0.042751736111111105,2.6906298087739997,0.09554675686716309,2.8167585343819197,1.0,21.979166666666668,4.350260272285211,0.0609257734076795,2690.629808774,5017,0,walk,walk_new_dfbsp_tau_0.125,dfbsp,0.1,adaptive,8,0.015625,37,5,4,9,0.8,0.09287257019438445,1.1023809523809522,0.10238095238095238,1,0,1,1,3,3,0.10810810810810811,0.6666666666666666,4,1.0,38.025999999999996,49.78519999999999,0,5,0,24,0.125,0,0.6480000000000001,0.648,0.3
0.0419921875,2.9790869574214844,0.0827109506732986,3.3238133307439344,0.9166666666666666,25.854166666666668,4.538260885673208,0.0407187631732986,2979.0869574214835,5017,1,walk,walk_new_dfbsp_tau_0.125,dfbsp,0.1,adaptive,8,0.015625,36,2,1,6,0.5,0.07692307692307693,0.2708333333333333,0.020833333333333332,1,0,0,0,1,1,0.027777777777777776,0.5,1,1.0,38.206,55.359849999999994,0,4,0,17,0.125,0,0.6480000000000001,0.648,0.3
0.020833333333333332,2.8120758395705443,0.06699438137323885,3.6998604980024328,1.0,41.270833333333336,5.1467725524435055,0.046161048039905506,2812.075839570545,5017,2,walk,walk_new_dfbsp_tau_0.125,dfbsp,0.1,adaptive,8,0.015625,40,2,1,4,0.5,0.017543859649122806,1.0178571428571428,0.017857142857142856,1,0,0,0,1,1,0.025,0.5,1,1.0,37.5305,45.239149999999995,0,2,0,3,0.125,0,0.6480000000000001,0.648,0.3
0.14917534722222223,2.301809055630828,0.05722564288907406,3.506889595770728,0.9583333333333334,39.9375,5.24367333011919,0.09194970433314816,2301.8090556308284,5017,3,walk,walk_new_dfbsp_tau_0.125,dfbsp,0.1,adaptive,8,0.015625,38,6,3,5,0.5,0.15056179775280895,0.44146825396825395,0.06646825396825395,1,0,2,0,3,3,0.07894736842105263,0.6,3,1.0,38.096000000000004,46.138099999999994,0,1,0,2,0.125,0,0.6480000000000001,0.648,0.3
0.0216796875,2.87137004192614,0.06631582930865636,3.6324788646485353,0.9583333333333334,36.625,5.008784461785766,0.0678759471112673,2871.370041926141,5018,0,walk,walk_new_dfbsp_tau_0.125,dfbsp,0.1,adaptive,8,0.015625,34,5,2,3,0.4,0.08928571428571429,0.5833333333333333,0.05208333333333333,2,0,0,0,3,2,0.058823529411764705,1.0,2,1.0,38.1315,42.021499999999996,0,1,0,3,0.125,0,0.6480000000000001,0.648,0.3
0.0005208333333333333,2.838336145928265,0.07872337695472202,2.911182139891149,0.9791666666666666,26.979166666666668,4.5506422904312736,0.07820254362138868,2838.336145928264,5018,1,walk,walk_new_dfbsp_tau_0.125,dfbsp,0.1,adaptive,8,0.015625,33,2,1,8,0.5,0.7777777777777779,0.08035714285714285,0.0625,0,0,1,1,1,0,0.030303030303030304,0.5,1,1.0,37.8805,43.1326,0,4,0,13,0.125,0,0.6480000000000001,0.648,0.3
0.01171875,2.92476217100973,0.10856169359529579,3.1620944345916775,0.9375,16.9375,4.066619635220375,0.09684294359529581,2924.7621710097287,5018,2,walk,walk_new_dfbsp_tau_0.125,dfbsp,0.1,adaptive,8,0.015625,34,4,2,12,0.5,0.21397379912663753,0.34077380952380953,0.07291666666666666,1,0,1,1,2,1,0.058823529411764705,0.6666666666666666,2,1.0,37.375,43.8948,0,11,0,41,0.125,0,0.6480000000000001,0.648,0.3
0.0003255208333333333,3.0954082853580274,0.08373402898253098,3.348472042142634,0.9583333333333334,30.020833333333332,4.7156992172795364,0.08340850814919765,3095.408285358028,5018,3,walk,walk_new_dfbsp_tau_0.125,dfbsp,0.1,adaptive,8,0.015625,39,3,0,4,0.0,0.0,0.375,0.0,1,0,2,0,0,0,0.0,0.0,0,1.0,37.795500000000004,50.3045,0,4,0,9,0.125,0,0.6480000000000001,0.648,0.3
0.18899739583333333,1.5194569924266563,0.07615071706790995,2.870291773153568,0.9791666666666666,35.041666666666664,4.8873232761487495,0.11284667876542341,1519.4569924266573,5019,0,walk,walk_new_dfbsp_tau_0.125,dfbsp,0.1,adaptive,8,0.015625,37,3,1,4,0.3333333333333333,0.05970149253731343,0.29910714285714285,0.017857142857142856,1,0,0,0,2,1,0.02702702702702703,0.5,1,1.0,37.7255,46.84924999999999,0,3,0,8,0.125,0,0.6480000000000001,0.648,0.3
0.10677083333333333,1.7864450401782743,0.07823338280004374,2.96207075284649,0.9791666666666666,30.979166666666668,4.792188318162788,0.05975622525184818,1786.445040178276,5019,1,walk,walk_new_dfbsp_tau_0.125,dfbsp,0.1,adaptive,8,0.015625,39,6,4,6,0.6666666666666666,0.19840954274353872,0.6237599206349207,0.12375992063492063,2,0,1,1,3,3,0.10256410256410256,0.75,4,1.0,37.5905,46.36414999999999,0,3,0,5,0.125,0,0.6480000000000001,0.648,0.3
0.14635416666666667,1.8510935623585236,0.07732421915540987,3.084767055422166,1.0,37.333333333333336,5.0178107261927325,0.06902994751125684,1851.0935623585265,5019,2,walk,walk_new_dfbsp_tau_0.125,dfbsp,0.1,adaptive,8,0.015625,32,2,1,8,0.5,0.36363636363636365,0.049107142857142856,0.017857142857142856,0,0,0,0,2,1,0.03125,0.5,1,1.0,37.881,43.1593,0,5,0,11,0.125,0,0.6480000000000001,0.648,0.3
0.17376612103174605,2.7840139466614757,0.07993280752005162,3.045278829310257,1.0,27.645833333333332,4.6597196497384905,0.11934044268794974,2784.013946661475,5019,3,walk,walk_new_dfbsp_tau_0.125,dfbsp,0.1,adaptive,8,0.015625,40,5,4,7,0.8,0.8169934640522877,0.1138392857142857,0.09300595238095238,0,0,1,1,4,3,0.1,1.0,4,1.0,37.61,50.5373,0,4,0,13,0.125,0,0.6480000000000001,0.648,0.3
0.11813367456483398,2.1620149936880555,0.07196322289268138,3.227186598146563,1.0,38.125,5.069232499784735,0.07747240280206168,2162.0149936880566,5000,0,walk,walk_new_dfbsp_tau_0.25,dfbsp,0.1,adaptive,8,0.015625,41,5,5,5,1.0,1.0,0.14702380952380953,0.14702380952380953,0,0,1,1,4,4,0.12195121951219512,1.0,5,1.0,38.4915,53.6648,0,1,0,4,0.25,0,0.6480000000000001,0.648,0.3
0.23231336805555558,2.2828315037896267,0.10039248337552285,2.741894741361253,1.0,23.104166666666668,4.358732444952622,0.14227085552766996,2282.8315037896277,5000,1,walk,walk_new_dfbsp_tau_0.25,dfbsp,0.1,adaptive,8,0.015625,37,3,2,5,0.6666666666666666,0.3103448275862069,0.18125,0.05625,1,0,0,0,2,2,0.05405405405405406,0.6666666666666666,2,1.0,38.081,49.593349999999994,0,3,0,15,0.25,0,0.6480000000000001,0.648,0.3
0.002277945788530466,2.1014952604418715,0.08134896874398244,3.0047236323240685,1.0,31.5,4.7561806101561315,0.07907102295545197,2101.4952604418727,5000,2,walk,walk_new_dfbsp_tau_0.25,dfbsp,0.1,adaptive,8,0.015625,39,2,1,5,0.5,0.020408163265306124,1.0208333333333333,0.020833333333333332,1,0,0,0,1,1,0.02564102564102564,0.5,1,1.0,37.455,44.34504999999999,0,4,0,12,0.25,0,0.6480000000000001,0.648,0.3
0.06453993055555556,2.390108967526214,0.07306987300387474,3.3468016570640358,0.9583333333333334,36.395833333333336,4.943723607950403,0.05830954805269526,2390.108967526215,5000,3,walk,walk_new_dfbsp_tau_0.25,dfbsp,0.1,adaptive,8,0.015625,37,4,3,6,0.75,0.6610169491525424,0.12291666666666667,0.08125,0,0,1,0,3,3,0.08108108108108109,0.75,3,1.0,37.795500000000004,44.31604999999999,0,5,0,13,0.25,0,0.6480000000000001,0.648,0.3
0.07380642361111112,1.5604331184466107,0.14538362079155825,2.4266069543343733,0.9583333333333334,16.270833333333332,3.7760829852184075,0.16224737680272383,1560.4331184466116,5001,0,walk,walk_new_dfbsp_tau_0.25,dfbsp,0.1,adaptive,8,0.015625,36,4,3,10,0.75,0.6428571428571428,0.175,0.11249999999999999,0,0,2,1,2,2,0.08333333333333333,0.75,3,1.0,38.071,48.85159999999998,0,7,0,31,0.25,0,0.6480000000000001,0.648,0.3
0.04463054356706451,2.443383965643384,0.07231821270731315,3.498986715541767,1.0,36.708333333333336,5.06467685658759,0.07408460072444356,2443.3839656433843,5001,1,walk,walk_new_dfbsp_tau_0.25,dfbsp,0.1,adaptive,8,0.015625,39,2,2,5,1.0,1.0,0.05208333333333333,0.05208333333333333,0,0,0,0,2,2,0.05128205128205128,1.0,2,1.0,37.856,44.33595,0,2,0,6,0.25,0,0.6480000000000001,0.648,0.3
0.022026909722222224,1.8640049541802866,0.09632640730407394,3.125709658200366,0.9791666666666666,24.020833333333332,4.413926021660428,0.07429949758185171,1864.0049541802875,5001,2,walk,walk_new_dfbsp_tau_0.25,dfbsp,0.1,adaptive,8,0.015625,35,4,3,6,0.75,0.061583577712609985,1.0656249999999998,0.065625,1,0,0,0,3,3,0.08571428571428572,1.0,3,1.0,37.996,53.991949999999996,0,3,0,12,0.25,0,0.6480000000000001,0.648,0.3
0.0006727430555555554,3.0568524747067727,0.12435977396568014,3.0485554029193693,1.0,24.479166666666668,4.206106963552318,0.1236870309101246,3056.8524747067736,5001,3,walk,walk_new_dfbsp_tau_0.25,dfbsp,0.1,adaptive,8,0.015625,33,1,0,7,0.0,0.0,0.0625,0.0,0,0,1,0,0,0,0.0,0.0,0,1.0,38.301500000000004,49.14189999999999,0,6,0,27,0.25,0,0.6480000000000001,0.648,0.3
0.0,4.670066229015965,0.06850658458563831,3.948666325863788,0.9791666666666666,42.604166666666664,5.225117660537241,0.06850658458563831,4670.066229015965,5002,0,walk,walk_new_dfbsp_tau_0.25,dfbsp,0.1,adaptive,8,0.015625,38,3,3,5,1.0,1.0,0.08452380952380953,0.08452380952380953,0,0,1,1,2,2,0.07894736842105263,1.0,3,1.0,37.685,43.08215,0,2,0,6,0.25,0,0.6480000000000001,0.648,0.3
0.022721354166666666,2.982378596749948,0.07296011389016471,3.7383388340141734,1.0,36.541666666666664,5.0328669396770085,0.05023875972349803,2982.3785967499484,5002,1,walk,walk_new_dfbsp_tau_0.25,dfbsp,0.1,adaptive,8,0.015625,37,4,4,5,1.0,1.0,0.12202380952380952,0.12202380952380952,0,0,1,1,3,3,0.10810810810810811,1.0,4,1.0,38.2065,43.313599999999994,0,0,0,0,0.25,0,0.6480000000000001,0.648,0.3
0.0031481481481481477,1.5562595650263502,0.08217878732173563,2.99840865112567,1.0,29.6875,4.748027690325771,0.07903063917358748,1556.2595650263502,5002,2,walk,walk_new_dfbsp_tau_0.25,dfbsp,0.1,adaptive,8,0.015625,38,3,2,4,0.6666666666666666,0.05013192612137203,1.0527777777777778,0.05277777777777778,1,0,0,0,2,2,0.05263157894736842,0.6666666666666666,2,1.0,37.986,51.9613,0,2,0,8,0.25,0,0.6480000000000001,0.648,0.3
0.001171875,1.9238592862790116,0.11222035504986455,2.5418139925367984,1.0,21.333333333333332,4.18511913856879,0.11104848004986452,1923.8592862790117,5002,3,walk,walk_new_dfbsp_tau_0.25,dfbsp,0.1,adaptive,8,0.015625,35,2,0,7,0.0,0.0,1.25,0.0,2,0,0,0,0,0,0.0,0.0,0,1.0,38.141,50.785799999999995,0,6,0,25,0.25,0,0.6480000000000001,0.648,0.3
0.0625,3.003021044815267,0.07280133536862239,3.8316993191341115,0.8958333333333334,40.729166666666664,5.113960596768584,0.08862538145916843,3003.021044815267,5003,0,walk,walk_new_dfbsp_tau_0.25,dfbsp,0.1,adaptive,8,0.015625,32,3,3,5,1.0,1.0,0.12202380952380952,0.12202380952380952,0,0,2,2,1,1,0.09375,1.0,3,1.0,38.312,46.45909999999999,0,2,0,7,0.25,0,0.6480000000000001,0.648,0.3
0.0033420138888888887,1.8865282642829666,0.08272201873089437,2.857125659214956,1.0,25.75,4.525734725873106,0.07938000484200548,1886.5282642829682,5003,1,walk,walk_new_dfbsp_tau_0.25,dfbsp,0.1,adaptive,8,0.015625,41,8,8,9,1.0,1.0,0.26904761904761904,0.26904761904761904,0,0,3,3,5,5,0.1951219512195122,1.0,8,1.0,38.001000000000005,50.55315,0,3,0,11,0.25,0,0.6480000000000001,0.648,0.3
0.07057291666666667,3.6111386127144445,0.09365824959422316,3.4514377175339863,0.7708333333333334,30.166666666666668,4.682810647617608,0.03378330295824506,3611.138612714441,5003,2,walk,walk_new_dfbsp_tau_0.25,dfbsp,0.1,adaptive,8,0.015625,36,3,0,3,0.0,0.0,1.0803571428571428,0.0,1,0,1,0,1,0,0.0,0.0,0,1.0,38.3965,52.832499999999996,0,3,0,9,0.25,0,0.6480000000000001,0.648,0.3
0.04407937885802469,3.301753293314853,0.09655798205513492,3.1318940210502073,1.0,28.354166666666668,4.477506482698086,0.061033158760085617,3301.7532933148527,5003,3,walk,walk_new_dfbsp_tau_0.25,dfbsp,0.1,adaptive,8,0.015625,38,2,2,7,1.0,1.0,0.05625,0.05625,0,0,0,0,2,2,0.05263157894736842,1.0,2,1.0,38.131,45.26924999999999,0,4,0,15,0.25,0,0.6480000000000001,0.648,0.3
0.02309027777777778,3.927377530885636,0.11079424053078846,3.597232971437519,0.8125,18.416666666666668,4.021299112920887,0.08770396275301066,3927.3775308856343,5004,0,walk,walk_new_dfbsp_tau_0.25,dfbsp,0.1,adaptive,8,0.015625,30,3,3,8,1.0,1.0,0.1845238095238095,0.1845238095238095,1,1,1,1,1,1,0.1,1.0,3,1.0,38.3365,49.224599999999995,0,5,0,21,0.25,0,0.6480000000000001,0.648,0.3
0.024086184790680403,3.801039282683229,0.06528307230424728,4.228003633960056,0.7708333333333334,35.166666666666664,4.989670332464319,0.041196887513566864,3801.0392826832303,5004,1,walk,walk_new_dfbsp_tau_0.25,dfbsp,0.1,adaptive,8,0.015625,36,8,6,8,0.75,0.17747858017135865,0.6078869047619047,0.10788690476190475,2,0,0,0,6,6,0.16666666666666666,0.8333333333333334,6,1.0,38.096000000000004,48.38074999999999,0,3,0,7,0.25,0,0.6480000000000001,0.648,0.3
0.13728298611111112,1.5912080566583569,0.08693434308751881,2.720742494784556,1.0,22.770833333333332,4.3818848147885765,0.051576685931846056,1591.2080566583575,5004,2,walk,walk_new_dfbsp_tau_0.25,dfbsp,0.1,adaptive,8,0.015625,35,1,0,6,0.0,0.0,0.017857142857142856,0.0,0,0,0,0,1,0,0.0,0.0,0,1.0,37.721000000000004,44.46524999999999,0,5,0,12,0.25,0,0.6480000000000001,0.648,0.3
0.14615885416666666,1.9438050531497233,0.09529259706209126,2.9663102022727084,0.9375,26.416666666666668,4.545195420470208,0.05470630635729907,1943.8050531497238,5004,3,walk,walk_new_dfbsp_tau_0.25,dfbsp,0.1,adaptive,8,0.015625,36,4,4,8,1.0,1.0,0.10119047619047619,0.10119047619047619,0,0,1,1,3,3,0.1111111111111111,1.0,4,1.0,38.752,49.802699999999994,0,5,0,18,0.25,0,0.6480000000000001,0.648,0.3
0.04750434027777778,2.264982303315579,0.07809858663646853,3.076202615124185,1.0,28.208333333333332,4.614631037236497,0.03431260395987531,2264.9823033155803,5005,0,walk,walk_new_dfbsp_tau_0.25,dfbsp,0.1,adaptive,8,0.015625,38,6,4,6,0.6666666666666666,0.20567375886524822,0.6294642857142857,0.1294642857142857,2,0,1,1,3,3,0.10526315789473684,0.8,4,1.0,38.5265,44.0638,0,3,0,12,0.25,0,0.6480000000000001,0.648,0.3
0.25,2.317191879767404,0.08712885978123423,2.94093291482872,1.0,32.375,4.7298611664019985,0.16287114021876578,2317.191879767404,5005,1,walk,walk_new_dfbsp_tau_0.25,dfbsp,0.1,adaptive,8,0.015625,36,3,1,5,0.3333333333333333,0.01639344262295082,1.2708333333333333,0.020833333333333332,2,0,0,0,1,1,0.027777777777777776,0.5,1,1.0,37.956,50.93145,0,3,0,11,0.25,0,0.6480000000000001,0.648,0.3
0.000759548611111111,2.914682566867349,0.06888643287664026,3.642135623537495,0.9375,33.125,4.956047364743349,0.06812688426552915,2914.6825668673505,5005,2,walk,walk_new_dfbsp_tau_0.25,dfbsp,0.1,adaptive,8,0.015625,38,4,3,6,0.75,0.288135593220339,0.35119047619047616,0.10119047619047619,1,0,1,1,2,2,0.07894736842105263,1.0,3,1.0,38.411500000000004,46.277249999999995,0,1,0,4,0.25,0,0.6480000000000001,0.648,0.3
0.0705109126984127,1.2864737067503154,0.10751652402176926,2.5638793980996906,1.0,25.0,4.407178600956683,0.051841987020817736,1286.4737067503154,5005,3,walk,walk_new_dfbsp_tau_0.25,dfbsp,0.1,adaptive,8,0.015625,34,3,2,6,0.6666666666666666,0.5625,0.14285714285714285,0.08035714285714285,0,0,2,1,1,1,0.058823529411764705,0.6666666666666666,2,1.0,38.281,49.84494999999999,0,4,0,18,0.25,0,0.6480000000000001,0.648,0.3
0.0,3.3737811468535246,0.07426708165931166,3.8400371794089874,0.8333333333333334,37.541666666666664,5.08602022249329,0.07426708165931166,3373.781146853524,5006,0,walk,walk_new_dfbsp_tau_0.25,dfbsp,0.1,adaptive,8,0.015625,36,6,5,6,0.8333333333333334,0.35251798561151076,0.3861111111111111,0.1361111111111111,1,0,0,0,5,5,0.1388888888888889,0.75,5,1.0,38.391999999999996,50.08365,0,4,0,9,0.25,0,0.6480000000000001,0.648,0.3
0.17057291666666666,1.1611022333809309,0.08024711526456539,2.80575882888712,1.0,25.541666666666668,4.621730046367969,0.10413565425968675,1161.1022333809312,5006,1,walk,walk_new_dfbsp_tau_0.25,dfbsp,0.1,adaptive,8,0.015625,40,2,1,2,0.5,0.2,0.3125,0.0625,1,0,1,1,0,0,0.025,0.5,1,1.0,38.1165,51.283,0,1,0,3,0.25,0,0.6480000000000001,0.648,0.3
0.09136284722222221,3.3877511124143975,0.10579600322178671,2.9585728862308556,0.9375,21.041666666666668,4.160755664095998,0.10107852783798343,3387.751112414399,5006,2,walk,walk_new_dfbsp_tau_0.25,dfbsp,0.1,adaptive,8,0.015625,33,0,0,7,nan,nan,0.0,0.0,0,0,0,0,0,0,0.0,nan,0,1.0,38.5765,46.42995,0,6,0,18,0.25,0,0.6480000000000001,0.648,0.3
0.022026909722222224,3.8080522029744404,0.06974835225404294,3.7139316959448307,1.0,40.6875,5.053758182825037,0.04772144253182073,3808.05220297444,5006,3,walk,walk_new_dfbsp_tau_0.25,dfbsp,0.1,adaptive,8,0.015625,36,2,1,5,0.5,0.07692307692307693,0.2708333333333333,0.020833333333333332,1,0,0,0,1,1,0.027777777777777776,0.5,1,1.0,38.465999999999994,50.311399999999985,0,4,0,9,0.25,0,0.6480000000000001,0.648,0.3
0.0,3.2919813631820536,0.08232194724915019,3.6771763982542836,0.9166666666666666,27.229166666666668,4.608606302288123,0.08232194724915019,3291.9813631820507,5007,0,walk,walk_new_dfbsp_tau_0.25,dfbsp,0.1,adaptive,8,0.015625,39,6,5,9,0.8333333333333334,0.37499999999999994,0.4,0.15,1,0,2,2,3,3,0.1282051282051282,1.0,5,1.0,37.941,56.06984999999999,0,4,0,10,0.25,0,0.6480000000000001,0.648,0.3
0.04418402777777778,1.859379265528071,0.09393529597043392,2.7657850064610248,1.0,25.416666666666668,4.504477030022631,0.04975126819265613,1859.3792655280713,5007,1,walk,walk_new_dfbsp_tau_0.25,dfbsp,0.1,adaptive,8,0.015625,33,4,3,6,0.75,0.18958031837916062,0.30848214285714287,0.05848214285714286,1,0,0,0,3,3,0.09090909090909091,1.0,3,1.0,37.9905,49.15474999999999,0,3,0,13,0.25,0,0.6480000000000001,0.648,0.3
0.14618055555555556,3.1988767446788735,0.06023243447493765,3.669017785655921,1.0,51.770833333333336,5.5459721675669655,0.08594812108061789,3198.8767446788747,5007,2,walk,walk_new_dfbsp_tau_0.25,dfbsp,0.1,adaptive,8,0.015625,40,1,1,2,1.0,1.0,0.017857142857142856,0.017857142857142856,0,0,0,0,1,1,0.025,1.0,1,1.0,38.172,50.89959999999999,0,0,0,0,0.25,0,0.6480000000000001,0.648,0.3
0.023003472222222224,1.6983874239035612,0.10866946645229845,2.9249149572169624,0.9791666666666666,20.958333333333332,4.234692385480286,0.0856659942300762,1698.3874239035613,5007,3,walk,walk_new_dfbsp_tau_0.25,dfbsp,0.1,adaptive,8,0.015625,33,5,4,10,0.8,0.10040160642570281,1.1116071428571428,0.11160714285714285,1,0,1,1,3,3,0.12121212121212122,1.0,4,1.0,38.642,43.7996,0,6,0,28,0.25,0,0.6480000000000001,0.648,0.3
0.0859375,1.5307906906142037,0.14435132992507696,2.398877027316976,1.0,22.5625,3.994421424672525,0.0817129989044042,1530.790690614204,5008,0,walk,walk_new_dfbsp_tau_0.25,dfbsp,0.1,adaptive,8,0.015625,33,4,3,12,0.75,0.8651685393258427,0.1324404761904762,0.11458333333333333,0,0,1,1,3,2,0.09090909090909091,0.6666666666666666,3,1.0,38.071,45.1333,0,11,0,38,0.25,0,0.6480000000000001,0.648,0.3
0.04456018518518518,1.5866797482137533,0.09722224483234047,2.7200213363102494,1.0,22.645833333333332,4.375684218024752,0.05266205964715529,1586.6797482137542,5008,1,walk,walk_new_dfbsp_tau_0.25,dfbsp,0.1,adaptive,8,0.015625,37,3,3,8,1.0,1.0,0.09722222222222221,0.09722222222222221,0,0,1,1,2,2,0.08108108108108109,1.0,3,1.0,37.5505,43.90745,0,5,0,20,0.25,0,0.6480000000000001,0.648,0.3
0.27413194444444444,1.13521235291192,0.08939536335390079,2.642565630601207,1.0,27.020833333333332,4.587010109132051,0.1847365810905436,1135.21235291192,5008,2,walk,walk_new_dfbsp_tau_0.25,dfbsp,0.1,adaptive,8,0.015625,35,3,2,5,0.6666666666666666,0.5714285714285715,0.14583333333333331,0.08333333333333333,0,0,2,1,1,1,0.05714285714285714,0.6666666666666666,2,1.0,38.006,50.80265,0,3,0,14,0.25,0,0.6480000000000001,0.648,0.3
0.041666666666666664,2.901185367137501,0.08184361633300698,3.8385764758445458,0.8125,29.208333333333332,4.717527618086384,0.04017694966634033,2901.1853671375006,5008,3,walk,walk_new_dfbsp_tau_0.25,dfbsp,0.1,adaptive,8,0.015625,30,4,3,7,0.75,0.05525094896668074,1.0584821428571427,0.05848214285714286,1,0,0,0,3,3,0.1,0.75,3,1.0,37.61,43.26695,0,4,0,13,0.25,0,0.6480000000000001,0.648,0.3
0.06282552083333333,2.7295665856238647,0.08602255552128153,3.425073629101202,0.9166666666666666,30.708333333333332,4.698538290708554,0.023197034687948218,2729.5665856238643,5009,0,walk,walk_new_dfbsp_tau_0.25,dfbsp,0.1,adaptive,8,0.015625,32,5,5,7,1.0,1.0,0.18645833333333334,0.18645833333333334,0,0,2,2,3,3,0.15625,1.0,5,1.0,38.201499999999996,44.079249999999995,0,5,0,13,0.25,0,0.6480000000000001,0.648,0.3
0.030164930555555556,1.8680897925285136,0.09114140387413837,3.051485792439156,0.9791666666666666,25.583333333333332,4.525348362248997,0.06097647331858282,1868.0897925285137,5009,1,walk,walk_new_dfbsp_tau_0.25,dfbsp,0.1,adaptive,8,0.015625,38,2,2,6,1.0,1.0,0.05,0.05,0,0,0,0,2,2,0.05263157894736842,1.0,2,1.0,37.656,41.311,0,4,0,17,0.25,0,0.6480000000000001,0.648,0.3
0.04210069444444444,3.5411830548687866,0.08301048081048727,3.9991367473625874,0.9375,33.791666666666664,4.914521716711989,0.040909786366042845,3541.1830548687863,5009,2,walk,walk_new_dfbsp_tau_0.25,dfbsp,0.1,adaptive,8,0.015625,29,3,3,5,1.0,1.0,0.07083333333333333,0.07083333333333333,0,0,0,0,3,3,0.10344827586206896,1.0,3,1.0,37.995999999999995,48.625799999999984,0,2,0,5,0.25,0,0.6480000000000001,0.648,0.3
0.00234375,3.1960185458246113,0.057596930284823857,3.8021764840907113,1.0,45.375,5.31734181551172,0.055253180284823844,3196.01854582461,5009,3,walk,walk_new_dfbsp_tau_0.25,dfbsp,0.1,adaptive,8,0.015625,39,2,1,4,0.5,0.07692307692307693,0.2708333333333333,0.020833333333333332,1,0,0,0,1,1,0.02564102564102564,0.5,1,1.0,37.705,46.3913,0,3,0,5,0.25,0,0.6480000000000001,0.648,0.3
0.15685143849206348,2.2358716627073085,0.048886223940163794,3.639556872357312,1.0,43.9375,5.436851358606191,0.11217044097422174,2235.8716627073086,5010,0,walk,walk_new_dfbsp_tau_0.25,dfbsp,0.1,adaptive,8,0.015625,40,7,5,6,0.7142857142857143,0.06873614190687362,1.3422619047619047,0.09226190476190475,2,0,0,0,5,5,0.125,0.75,5,1.0,38.076,51.82644999999999,0,1,0,1,0.25,0,0.6480000000000001,0.648,0.3
0.0014973958333333332,3.3765826058278177,0.059010226754187343,3.6272562333949327,1.0,38.645833333333336,5.119741323312646,0.057512830920854,3376.582605827815,5010,1,walk,walk_new_dfbsp_tau_0.25,dfbsp,0.1,adaptive,8,0.015625,38,3,3,4,1.0,1.0,0.14583333333333334,0.14583333333333334,0,0,2,2,1,1,0.07894736842105263,1.0,3,1.0,37.766000000000005,45.07085,0,2,0,8,0.25,0,0.6480000000000001,0.648,0.3
0.08497098866959064,2.299021462870387,0.09377646529509635,3.403353966538731,0.9791666666666666,25.020833333333332,4.452926598294429,0.03603470367371206,2299.021462870386,5010,2,walk,walk_new_dfbsp_tau_0.25,dfbsp,0.1,adaptive,8,0.015625,35,4,4,9,1.0,1.0,0.10014880952380953,0.10014880952380953,0,0,1,1,3,3,0.11428571428571428,1.0,4,1.0,38.2415,48.86955,0,6,0,16,0.25,0,0.6480000000000001,0.648,0.3
0.0006510416666666666,1.6496027291338067,0.1110662313910178,2.3990530710389435,0.9791666666666666,18.854166666666668,4.083525933362266,0.11041518972435116,1649.602729133808,5010,3,walk,walk_new_dfbsp_tau_0.25,dfbsp,0.1,adaptive,8,0.015625,32,5,3,9,0.6,0.25925925925925924,0.36160714285714285,0.09375,1,0,0,0,4,3,0.09375,0.6,3,1.0,38.281,52.04129999999998,0,7,0,22,0.25,0,0.6480000000000001,0.648,0.3
0.10687144886363636,1.8218170601856014,0.08737634947882973,2.946473241924408,1.0,29.520833333333332,4.63976241740446,0.027932416210357105,1821.817060185603,5011,0,walk,walk_new_dfbsp_tau_0.25,dfbsp,0.1,adaptive,8,0.015625,38,1,0,4,0.0,0.0,1.0,0.0,1,0,0,0,0,0,0.0,0.0,0,1.0,38.0505,45.436949999999996,0,3,0,13,0.25,0,0.6480000000000001,0.648,0.3
0.14895833333333333,2.1321136167311012,0.09367671035189135,2.938579493796041,1.0,25.020833333333332,4.488041462644513,0.055281622981441986,2132.1136167311006,5011,1,walk,walk_new_dfbsp_tau_0.25,dfbsp,0.1,adaptive,8,0.015625,33,6,3,7,0.5,0.17085427135678394,0.4145833333333333,0.07083333333333333,1,0,1,0,4,3,0.09090909090909091,0.4,3,1.0,38.4915,45.27465,0,4,0,11,0.25,0,0.6480000000000001,0.648,0.3
0.08797743055555556,1.62716739536746,0.08323503217681551,2.9725107932500965,1.0,29.041666666666668,4.682096062053944,0.035856466901146286,1627.1673953674601,5011,2,walk,walk_new_dfbsp_tau_0.25,dfbsp,0.1,adaptive,8,0.015625,39,3,2,4,0.6666666666666666,0.25,0.3333333333333333,0.08333333333333333,1,0,1,1,1,1,0.05128205128205128,0.6666666666666666,2,1.0,38.091499999999996,44.07294999999999,0,3,0,5,0.25,0,0.6480000000000001,0.648,0.3
0.13142361111111112,2.3423941146270026,0.110555075120594,2.974307107366835,1.0,27.4375,4.368205856028838,0.09337355280038218,2342.3941146270026,5011,3,walk,walk_new_dfbsp_tau_0.25,dfbsp,0.1,adaptive,8,0.015625,36,4,2,7,0.5,0.03314917127071823,1.292857142857143,0.04285714285714286,2,0,0,0,2,2,0.05555555555555555,0.5,2,1.0,37.991,42.59195,0,5,0,20,0.25,0,0.6480000000000001,0.648,0.3
0.057465277777777775,2.4718929477401637,0.06707747709379631,3.342129229013817,1.0,42.0625,5.279872697810745,0.009612199316018527,2471.892947740164,5012,0,walk,walk_new_dfbsp_tau_0.25,dfbsp,0.1,adaptive,8,0.015625,39,2,2,5,1.0,1.0,0.03645833333333333,0.03645833333333333,0,0,0,0,2,2,0.05128205128205128,1.0,2,1.0,38.2765,52.126799999999996,0,1,0,3,0.25,0,0.6480000000000001,0.648,0.3
0.08450520833333335,1.8851482140575226,0.08358365161077895,2.77962530582699,1.0,26.125,4.566592385709913,0.012672097520914569,1885.1482140575245,5012,1,walk,walk_new_dfbsp_tau_0.25,dfbsp,0.1,adaptive,8,0.015625,37,3,2,5,0.6666666666666666,0.12727272727272726,0.2864583333333333,0.03645833333333333,1,0,0,0,2,2,0.05405405405405406,0.6666666666666666,2,1.0,38.221000000000004,43.982949999999995,0,2,0,9,0.25,0,0.6480000000000001,0.648,0.3
0.06374389499389499,3.1536849096805306,0.09439955880790217,2.8662751391399017,1.0,27.916666666666668,4.496674534301766,0.030655663814007163,3153.6849096805313,5012,2,walk,walk_new_dfbsp_tau_0.25,dfbsp,0.1,adaptive,8,0.015625,37,4,4,8,1.0,1.0,0.1261904761904762,0.1261904761904762,0,0,2,2,2,2,0.10810810810810811,1.0,4,1.0,38.662,48.20974999999999,0,6,0,22,0.25,0,0.6480000000000001,0.648,0.3
0.001240079365079365,3.4433668946036136,0.08432411487841696,3.4842548114170246,0.9791666666666666,29.791666666666668,4.694823066401153,0.0830840355133376,3443.3668946036178,5012,3,walk,walk_new_dfbsp_tau_0.25,dfbsp,0.1,adaptive,8,0.015625,32,1,1,6,1.0,1.0,0.017857142857142856,0.017857142857142856,0,0,0,0,1,1,0.03125,1.0,1,1.0,38.176,51.364749999999994,0,5,0,13,0.25,0,0.6480000000000001,0.648,0.3
0.030211433531746032,2.8990144698665183,0.10038456727332157,3.211643412677376,0.9375,32.583333333333336,4.658755915507346,0.07017313374157552,2899.0144698665194,5013,0,walk,walk_new_dfbsp_tau_0.25,dfbsp,0.1,adaptive,8,0.015625,37,4,3,7,0.75,0.8651685393258427,0.1324404761904762,0.11458333333333333,0,0,1,1,3,2,0.08108108108108109,1.0,3,1.0,38.412000000000006,49.293299999999995,0,5,0,24,0.25,0,0.6480000000000001,0.648,0.3
0.041666666666666664,2.6429942624493923,0.10399336928225013,3.143638158876262,0.9583333333333334,27.583333333333332,4.521091737144787,0.062326702615583485,2642.994262449393,5013,1,walk,walk_new_dfbsp_tau_0.25,dfbsp,0.1,adaptive,8,0.015625,36,6,5,8,0.8333333333333334,0.7321428571428571,0.23333333333333334,0.17083333333333334,0,0,2,1,4,4,0.1388888888888889,1.0,5,1.0,38.216,50.84715,0,5,0,21,0.25,0,0.6480000000000001,0.648,0.3
0.20870535714285712,1.837238326758989,0.10912726171316989,2.697787444206254,0.9583333333333334,24.083333333333332,4.3089901116210765,0.11209206212625168,1837.2383267589887,5013,2,walk,walk_new_dfbsp_tau_0.25,dfbsp,0.1,adaptive,8,0.015625,30,1,1,10,1.0,1.0,0.025,0.025,0,0,0,0,1,1,0.03333333333333333,1.0,1,1.0,38.652,53.89204999999999,0,9,0,26,0.25,0,0.6480000000000001,0.648,0.3
0.02183159722222222,2.071427681707601,0.08509782600034771,3.2274744207335746,0.9791666666666666,32.895833333333336,4.836681510057518,0.06326622877812549,2071.4276817076016,5013,3,walk,walk_new_dfbsp_tau_0.25,dfbsp,0.1,adaptive,8,0.015625,36,5,4,6,0.8,0.2599118942731278,0.337797619047619,0.08779761904761904,1,0,0,0,4,4,0.1111111111111111,0.8,4,1.0,38.201,42.211999999999996,0,2,0,9,0.25,0,0.6480000000000001,0.648,0.3
0.015190972222222222,2.0982596285244384,0.11370916926804231,2.7877118635374654,1.0,19.708333333333332,4.11496610440618,0.09851819704582006,2098.2596285244385,5014,0,walk,walk_new_dfbsp_tau_0.25,dfbsp,0.1,adaptive,8,0.015625,35,3,1,6,0.3333333333333333,0.16666666666666666,0.375,0.0625,1,0,2,1,0,0,0.02857142857142857,0.3333333333333333,1,1.0,38.051,48.64649999999999,0,5,0,23,0.25,0,0.6480000000000001,0.648,0.3
0.0007638888888888889,3.883334763920571,0.08781801441407865,4.262292348847348,0.6666666666666666,27.875,4.5459098387991,0.08705412552518975,3883.3347639205717,5014,1,walk,walk_new_dfbsp_tau_0.25,dfbsp,0.1,adaptive,8,0.015625,39,2,1,5,0.5,0.058823529411764705,1.0625,0.0625,1,0,1,1,0,0,0.02564102564102564,0.5,1,1.0,38.3565,51.21865,0,4,0,21,0.25,0,0.6480000000000001,0.648,0.3
0.06597222222222222,2.1813018695229514,0.07451256612714506,3.36174188599952,0.9375,29.5625,4.759126468159801,0.02227821335993489,2181.3018695229507,5014,2,walk,walk_new_dfbsp_tau_0.25,dfbsp,0.1,adaptive,8,0.015625,37,5,3,6,0.6,0.1794871794871795,0.609375,0.109375,2,0,1,1,2,2,0.08108108108108109,0.75,3,1.0,38.8875,56.68725,0,2,0,6,0.25,0,0.6480000000000001,0.648,0.3
0.10416666666666667,2.5919411111971065,0.10135240779436472,3.073359575014795,0.9583333333333334,21.833333333333332,4.329967527316954,0.02750037474880969,2591.941111197107,5014,3,walk,walk_new_dfbsp_tau_0.25,dfbsp,0.1,adaptive,8,0.015625,33,4,3,8,0.75,0.7846153846153846,0.12896825396825395,0.10119047619047618,0,0,1,1,3,2,0.09090909090909091,1.0,3,1.0,38.682,50.103,0,5,0,16,0.25,0,0.6480000000000001,0.648,0.3
0.053559027777777775,1.9937718520623913,0.0875930127001582,3.0390443753991643,0.9791666666666666,23.1875,4.443973542411984,0.03403398492238043,1993.7718520623923,5015,0,walk,walk_new_dfbsp_tau_0.25,dfbsp,0.1,adaptive,8,0.015625,37,4,3,5,0.75,0.3406593406593406,0.37916666666666665,0.12916666666666665,1,0,2,2,1,1,0.08108108108108109,0.6666666666666666,3,1.0,38.086,41.70265,0,1,0,5,0.25,0,0.6480000000000001,0.648,0.3
0.00043402777777777775,3.0321508146140808,0.08795903925663513,3.2147946591159093,1.0,31.75,4.71836650869204,0.08752501147885737,3032.15081461408,5015,1,walk,walk_new_dfbsp_tau_0.25,dfbsp,0.1,adaptive,8,0.015625,37,4,2,4,0.5,0.1764705882352941,0.45535714285714285,0.08035714285714285,2,0,1,1,1,1,0.05405405405405406,0.5,2,1.0,37.715,51.10759999999999,0,2,0,9,0.25,0,0.6480000000000001,0.648,0.3
0.0019159226190476192,3.6045704726133043,0.06779151549445434,4.32440366629957,0.7083333333333334,38.125,5.1008122578362665,0.06587559287540669,3604.5704726133026,5015,2,walk,walk_new_dfbsp_tau_0.25,dfbsp,0.1,adaptive,8,0.015625,35,1,1,2,1.0,1.0,0.020833333333333332,0.020833333333333332,0,0,0,0,1,1,0.02857142857142857,1.0,1,1.0,38.466499999999996,44.54504999999999,0,1,0,5,0.25,0,0.6480000000000001,0.648,0.3
0.0015625000000000003,2.6646200582351827,0.07628089704438255,3.788061821546562,0.9375,36.125,5.005598166527857,0.07471839704438257,2664.620058235181,5015,3,walk,walk_new_dfbsp_tau_0.25,dfbsp,0.1,adaptive,8,0.015625,33,1,0,3,0.0,0.0,0.25,0.0,1,0,0,0,0,0,0.0,0.0,0,1.0,38.1465,43.498000000000005,0,2,0,7,0.25,0,0.6480000000000001,0.648,0.3
0.001171875,3.642687251063991,0.08048371750180071,4.184170998979977,0.7708333333333334,31.416666666666668,4.814755628648551,0.07931184250180069,3642.687251063989,5016,0,walk,walk_new_dfbsp_tau_0.25,dfbsp,0.1,adaptive,8,0.015625,41,3,2,4,0.6666666666666666,0.45454545454545453,0.11458333333333333,0.05208333333333333,0,0,1,0,2,2,0.04878048780487805,0.6666666666666666,2,1.0,37.851,43.708099999999995,0,2,0,8,0.25,0,0.6480000000000001,0.648,0.3
0.10850694444444443,2.023440936734167,0.0951215331153684,2.9760781101710667,1.0,25.354166666666668,4.512279152847499,0.09146432564015128,2023.4409367341668,5016,1,walk,walk_new_dfbsp_tau_0.25,dfbsp,0.1,adaptive,8,0.015625,30,2,1,6,0.5,0.07692307692307693,0.2708333333333333,0.020833333333333332,1,0,0,0,1,1,0.03333333333333333,0.5,1,1.0,38.547,44.62895,0,4,0,13,0.25,0,0.6480000000000001,0.648,0.3
0.1685546875,1.890188613409124,0.08247685511253043,2.9075886156910182,1.0,31.625,4.7977073623681035,0.08607783238746958,1890.1886134091246,5016,2,walk,walk_new_dfbsp_tau_0.25,dfbsp,0.1,adaptive,8,0.015625,34,4,1,3,0.25,0.015625,1.3333333333333333,0.020833333333333332,2,0,1,0,1,1,0.029411764705882353,0.5,1,1.0,37.981,48.292,0,2,0,8,0.25,0,0.6480000000000001,0.648,0.3
0.021158854166666668,4.205256110320679,0.0685483140336715,4.5907267727743095,0.6875,38.645833333333336,5.090741824576198,0.047389459867004824,4205.256110320678,5016,3,walk,walk_new_dfbsp_tau_0.25,dfbsp,0.1,adaptive,8,0.015625,34,3,2,3,0.6666666666666666,0.7272727272727273,0.11458333333333333,0.08333333333333333,0,0,1,1,2,1,0.058823529411764705,0.6666666666666666,2,1.0,38.066500000000005,47.56139999999999,0,2,0,4,0.25,0,0.6480000000000001,0.648,0.3
0.12608506944444445,1.5907756212930064,0.12022914963764332,2.518288005786911,1.0,20.041666666666668,4.11821599876589,0.0403989508362624,1590.775621293007,5017,0,walk,walk_new_dfbsp_tau_0.25,dfbsp,0.1,adaptive,8,0.015625,37,5,4,8,0.8,0.09287257019438445,1.1023809523809522,0.10238095238095238,1,0,1,1,3,3,0.10810810810810811,0.6666666666666666,4,1.0,38.126,50.283,0,4,0,25,0.25,0,0.6480000000000001,0.648,0.3
0.10416666666666667,2.517445590185894,0.08958042494901595,3.0444206581391104,0.9375,25.229166666666668,4.474552379779904,0.02855246370511057,2517.4455901858946,5017,1,walk,walk_new_dfbsp_tau_0.25,dfbsp,0.1,adaptive,8,0.015625,36,2,1,5,0.5,0.07692307692307693,0.2708333333333333,0.020833333333333332,1,0,0,0,1,1,0.027777777777777776,0.5,1,1.0,38.196,43.96715,0,3,0,18,0.25,0,0.6480000000000001,0.648,0.3
0.020833333333333332,3.6569627337109973,0.07671638285435027,3.7896165319610344,0.9791666666666666,31.208333333333332,4.8087379939343995,0.05588304952101694,3656.962733710998,5017,2,walk,walk_new_dfbsp_tau_0.25,dfbsp,0.1,adaptive,8,0.015625,40,2,0,2,0.0,0.0,1.0178571428571428,0.0,1,0,0,0,1,0,0.0,0.0,0,1.0,38.186499999999995,49.8613,0,1,0,1,0.25,0,0.6480000000000001,0.648,0.3
0.006225198412698412,2.6021557286232504,0.07279526273487424,3.448229398151519,1.0,36.083333333333336,4.945932587173065,0.06657006432217583,2602.1557286232496,5017,3,walk,walk_new_dfbsp_tau_0.25,dfbsp,0.1,adaptive,8,0.015625,38,6,5,9,0.8333333333333334,0.4337078651685393,0.44146825396825395,0.19146825396825395,1,0,2,2,3,3,0.13157894736842105,0.8,5,1.0,38.1565,46.431549999999994,0,6,0,13,0.25,0,0.6480000000000001,0.648,0.3
0.0008463541666666667,2.987740592710034,0.08833979338397635,3.5923873119223964,0.9583333333333334,32.145833333333336,4.65566295266414,0.08749343921730969,2987.740592710035,5018,0,walk,walk_new_dfbsp_tau_0.25,dfbsp,0.1,adaptive,8,0.015625,34,5,2,5,0.4,0.08928571428571429,0.5833333333333333,0.05208333333333333,2,0,0,0,3,2,0.058823529411764705,1.0,2,1.0,37.870999999999995,42.559749999999994,0,4,0,23,0.25,0,0.6480000000000001,0.648,0.3
0.042187499999999996,1.971595486891086,0.08466102438802438,2.903199162771786,0.9791666666666666,30.75,4.661603306003455,0.042473524388024396,1971.5954868910876,5018,1,walk,walk_new_dfbsp_tau_0.25,dfbsp,0.1,adaptive,8,0.015625,33,2,1,4,0.5,0.7777777777777779,0.08035714285714285,0.0625,0,0,1,1,1,0,0.030303030303030304,0.5,1,1.0,38.177,42.0543,0,2,0,8,0.25,0,0.6480000000000001,0.648,0.3
0.032552083333333336,1.94038402017837,0.11876519642083001,2.796115331595859,0.9166666666666666,15.479166666666666,3.8623131749519235,0.08621311308749668,1940.3840201783703,5018,2,walk,walk_new_dfbsp_tau_0.25,dfbsp,0.1,adaptive,8,0.015625,34,4,2,10,0.5,0.21397379912663753,0.34077380952380953,0.07291666666666666,1,0,1,1,2,1,0.058823529411764705,0.6666666666666666,2,1.0,38.42700000000001,48.92274999999999,0,8,0,32,0.25,0,0.6480000000000001,0.648,0.3
0.0003255208333333333,3.3089286985568016,0.08108229500146884,3.7719497539128337,0.9583333333333334,29.354166666666668,4.729960596197952,0.0807567741681355,3308.928698556801,5018,3,walk,walk_new_dfbsp_tau_0.25,dfbsp,0.1,adaptive,8,0.015625,39,3,1,2,0.3333333333333333,0.16666666666666666,0.375,0.0625,1,0,2,1,0,0,0.02564102564102564,0.3333333333333333,1,1.0,37.76,42.394149999999996,0,2,0,9,0.25,0,0.6480000000000001,0.648,0.3
0.08483072916666667,2.001310955020239,0.11113057297146012,2.7529371611774773,0.9791666666666666,24.270833333333332,4.263640426895096,0.02629984380479347,2001.3109550202398,5019,0,walk,walk_new_dfbsp_tau_0.25,dfbsp,0.1,adaptive,8,0.015625,37,3,1,6,0.3333333333333333,0.1044776119402985,0.29910714285714285,0.03125,1,0,0,0,2,1,0.02702702702702703,0.5,1,1.0,37.9055,44.87624999999999,0,5,0,26,0.25,0,0.6480000000000001,0.648,0.3
0.06324786324786325,1.8733190687260752,0.0772191719815618,3.260673422848464,0.9791666666666666,37.395833333333336,4.979626332201089,0.0212175887319949,1873.3190687260774,5019,1,walk,walk_new_dfbsp_tau_0.25,dfbsp,0.1,adaptive,8,0.015625,39,6,4,6,0.6666666666666666,0.19840954274353872,0.6237599206349207,0.12375992063492063,2,0,1,1,3,3,0.10256410256410256,0.75,4,1.0,38.411500000000004,50.318,0,3,0,7,0.25,0,0.6480000000000001,0.648,0.3
0.042187499999999996,2.478918477535792,0.08529549656548296,3.197745092848246,1.0,33.520833333333336,4.767086784652251,0.06320285990099643,2478.9184775357944,5019,2,walk,walk_new_dfbsp_tau_0.25,dfbsp,0.1,adaptive,8,0.015625,32,2,2,9,1.0,1.0,0.049107142857142856,0.049107142857142856,0,0,0,0,2,2,0.0625,1.0,2,1.0,38.2415,47.8801,0,7,0,17,0.25,0,0.6480000000000001,0.648,0.3
0.29508825231481484,0.9549706606496092,0.10086498656284837,2.5138920058062477,1.0,24.708333333333332,4.401122350079419,0.19422326575196647,954.9706606496094,5019,3,walk,walk_new_dfbsp_tau_0.25,dfbsp,0.1,adaptive,8,0.015625,40,5,5,9,1.0,1.0,0.1138392857142857,0.1138392857142857,0,0,1,1,4,4,0.125,1.0,5,1.0,38.547,52.35265,0,4,0,18,0.25,0,0.6480000000000001,0.648,0.3
0.07646700789816731,2.198235226385791,0.10430235823944374,3.1349317025732275,1.0,30.479166666666668,4.560561426607564,0.07511201569738951,2198.2352263857915,5000,0,walk,walk_new_dfbsp_tau_0.5,dfbsp,0.1,adaptive,8,0.015625,41,5,4,7,0.8,0.8299595141700404,0.14702380952380953,0.12202380952380952,0,0,1,1,4,3,0.0975609756097561,0.75,4,1.0,37.636,50.64684999999999,0,3,0,17,0.5,0,0.6480000000000001,0.648,0.3
0.1142578125,1.8264190952807648,0.12006666658579784,2.5508028335101254,1.0,20.625,4.102587041600711,0.06040748285983142,1826.4190952807655,5000,1,walk,walk_new_dfbsp_tau_0.5,dfbsp,0.1,adaptive,8,0.015625,37,3,2,6,0.6666666666666666,0.3103448275862069,0.18125,0.05625,1,0,0,0,2,2,0.05405405405405406,0.6666666666666666,2,1.0,37.771,49.31015,0,3,0,20,0.5,0,0.6480000000000001,0.648,0.3
0.002277945788530466,2.141113786259315,0.06733021949440844,3.28196911296733,1.0,38.25,5.115434330856593,0.06505227370587797,2141.113786259317,5000,2,walk,walk_new_dfbsp_tau_0.5,dfbsp,0.1,adaptive,8,0.015625,39,2,1,2,0.5,0.020408163265306124,1.0208333333333333,0.020833333333333332,1,0,0,0,1,1,0.02564102564102564,0.5,1,1.0,38.171,49.41515,0,0,0,0,0.5,0,0.6480000000000001,0.648,0.3
0.06453993055555556,2.0422066119529636,0.07571077546940909,3.2758719471752595,1.0,39.5,5.078720561544315,0.033164515482430684,2042.2066119529647,5000,3,walk,walk_new_dfbsp_tau_0.5,dfbsp,0.1,adaptive,8,0.015625,37,4,3,6,0.75,0.6610169491525424,0.12291666666666667,0.08125,0,0,1,0,3,3,0.08108108108108109,0.75,3,1.0,37.936,42.8425,0,4,0,11,0.5,0,0.6480000000000001,0.648,0.3
0.13630642361111112,1.5428348068418174,0.13542170039695053,2.5756902195336546,0.9375,17.770833333333332,3.88902008942896,0.12269456460569816,1542.8348068418184,5001,0,walk,walk_new_dfbsp_tau_0.5,dfbsp,0.1,adaptive,8,0.015625,36,4,4,8,1.0,1.0,0.175,0.175,0,0,2,2,2,2,0.1111111111111111,1.0,4,1.0,38.611999999999995,55.620349999999995,0,5,0,26,0.5,0,0.6480000000000001,0.648,0.3
0.023797210233731173,3.7101504650391703,0.06690742030870832,3.94391359778453,0.9166666666666666,37.020833333333336,5.101513576490883,0.043110210074977146,3710.1504650391726,5001,1,walk,walk_new_dfbsp_tau_0.5,dfbsp,0.1,adaptive,8,0.015625,39,2,2,3,1.0,1.0,0.05208333333333333,0.05208333333333333,0,0,0,0,2,2,0.05128205128205128,1.0,2,1.0,37.8,50.83529999999999,0,0,0,0,0.5,0,0.6480000000000001,0.648,0.3
0.16786024305555558,1.7009127224147411,0.12434484693002289,2.791003974802449,1.0,21.041666666666668,4.092284596356301,0.13132193146545243,1700.9127224147417,5001,2,walk,walk_new_dfbsp_tau_0.5,dfbsp,0.1,adaptive,8,0.015625,35,4,3,7,0.75,0.061583577712609985,1.0656249999999998,0.065625,1,0,0,0,3,3,0.08571428571428572,1.0,3,1.0,37.961,42.617149999999995,0,4,0,19,0.5,0,0.6480000000000001,0.648,0.3
0.0006727430555555554,3.1370949919541484,0.07259739613350935,3.5861321268429833,0.9791666666666666,33.520833333333336,4.802991654961406,0.0719246530779538,3137.0949919541495,5001,3,walk,walk_new_dfbsp_tau_0.5,dfbsp,0.1,adaptive,8,0.015625,33,1,0,4,0.0,0.0,0.0625,0.0,0,0,1,0,0,0,0.0,0.0,0,1.0,38.181,43.1568,0,3,0,11,0.5,0,0.6480000000000001,0.648,0.3
0.0,5.2410489258537964,0.07519776094857107,3.9550080617249592,0.8958333333333334,39.979166666666664,5.078586002463751,0.07519776094857107,5241.048925853794,5002,0,walk,walk_new_dfbsp_tau_0.5,dfbsp,0.1,adaptive,8,0.015625,38,3,3,6,1.0,1.0,0.08452380952380953,0.08452380952380953,0,0,1,1,2,2,0.07894736842105263,1.0,3,1.0,37.760999999999996,49.92905,0,3,0,9,0.5,0,0.6480000000000001,0.648,0.3
0.022721354166666666,3.1415228932337125,0.07468194637038918,4.008721443092628,0.7708333333333334,33.770833333333336,4.9277809272981035,0.07127977927833783,3141.522893233714,5002,1,walk,walk_new_dfbsp_tau_0.5,dfbsp,0.1,adaptive,8,0.015625,37,4,4,5,1.0,1.0,0.12202380952380952,0.12202380952380952,0,0,1,1,3,3,0.10810810810810811,1.0,4,1.0,37.866,43.8501,0,2,0,2,0.5,0,0.6480000000000001,0.648,0.3
0.0031481481481481477,2.159939855947911,0.08282493668922988,3.4418359417432907,0.9791666666666666,29.208333333333332,4.699111721255783,0.07967678854108169,2159.939855947912,5002,2,walk,walk_new_dfbsp_tau_0.5,dfbsp,0.1,adaptive,8,0.015625,38,3,2,7,0.6666666666666666,0.05013192612137203,1.0527777777777778,0.05277777777777778,1,0,0,0,2,2,0.05263157894736842,0.6666666666666666,2,1.0,38.106,49.47864999999999,0,4,0,16,0.5,0,0.6480000000000001,0.648,0.3
0.12617187500000002,1.496877936442255,0.16222142491598587,2.4652477281328427,1.0,20.395833333333332,3.9384732151686612,0.13698860797562132,1496.8779364422555,5002,3,walk,walk_new_dfbsp_tau_0.5,dfbsp,0.1,adaptive,8,0.015625,35,2,0,6,0.0,0.0,1.25,0.0,2,0,0,0,0,0,0.0,0.0,0,1.0,37.6605,49.60875,0,5,0,27,0.5,0,0.6480000000000001,0.648,0.3
0.16666666666666666,2.564248325190787,0.06293025179549562,3.558403743194272,0.9166666666666666,41.645833333333336,5.253247512377385,0.10373641487117106,2564.248325190789,5003,0,walk,walk_new_dfbsp_tau_0.5,dfbsp,0.1,adaptive,8,0.015625,32,3,3,4,1.0,1.0,0.12202380952380952,0.12202380952380952,0,0,2,2,1,1,0.09375,1.0,3,1.0,38.04600000000001,43.3961,0,1,0,2,0.5,0,0.6480000000000001,0.648,0.3
0.02299558080808081,2.2036212501950287,0.08436031570137252,2.9721442118429966,1.0,29.770833333333332,4.683717872629608,0.061364734893291716,2203.6212501950304,5003,1,walk,walk_new_dfbsp_tau_0.5,dfbsp,0.1,adaptive,8,0.015625,41,8,7,7,0.875,0.9336283185840708,0.26904761904761904,0.2511904761904762,0,0,3,3,5,4,0.17073170731707318,1.0,7,1.0,38.297,51.18165,0,3,0,12,0.5,0,0.6480000000000001,0.648,0.3
0.19227430555555558,2.1512183673797804,0.15579887305736895,3.180032892240551,0.8333333333333334,24.604166666666668,4.093939063219396,0.1272648098516595,2151.2183673797804,5003,2,walk,walk_new_dfbsp_tau_0.5,dfbsp,0.1,adaptive,8,0.015625,36,3,1,6,0.3333333333333333,0.05785123966942149,1.0803571428571428,0.0625,1,0,1,1,1,0,0.027777777777777776,0.5,1,1.0,37.695499999999996,49.105349999999994,0,6,0,28,0.5,0,0.6480000000000001,0.648,0.3
0.377412712191358,1.7342574918665037,0.11433027606604955,2.820968430305087,1.0,28.166666666666668,4.455644494410001,0.26308243612530846,1734.2574918665039,5003,3,walk,walk_new_dfbsp_tau_0.5,dfbsp,0.1,adaptive,8,0.015625,38,2,2,7,1.0,1.0,0.05625,0.05625,0,0,0,0,2,2,0.05263157894736842,1.0,2,1.0,37.715,51.0916,0,5,0,17,0.5,0,0.6480000000000001,0.648,0.3
0.10642361111111111,2.521214596074631,0.10578012821697069,3.3815831995569425,0.9166666666666666,22.458333333333332,4.329338242477582,0.061919575111971985,2521.214596074631,5004,0,walk,walk_new_dfbsp_tau_0.5,dfbsp,0.1,adaptive,8,0.015625,30,3,2,6,0.6666666666666666,0.3225806451612903,0.1845238095238095,0.05952380952380952,1,0,1,1,1,1,0.06666666666666667,1.0,2,1.0,37.9355,43.2176,0,4,0,15,0.5,0,0.6480000000000001,0.648,0.3
0.18975281084656084,2.110197060184458,0.11948441493779494,3.673529595981474,0.7083333333333334,24.666666666666668,4.266103576071488,0.07098658711197278,2110.197060184458,5004,1,walk,walk_new_dfbsp_tau_0.5,dfbsp,0.1,adaptive,8,0.015625,36,8,6,8,0.75,0.554467564259486,0.6078869047619047,0.3370535714285714,2,1,0,0,6,5,0.16666666666666666,0.6666666666666666,6,1.0,37.8505,51.369249999999994,0,5,0,18,0.5,0,0.6480000000000001,0.648,0.3
0.022699652777777777,2.090614166213368,0.08778936399873648,3.2548450968936606,0.9791666666666666,29.541666666666668,4.656364596569751,0.0650897112209587,2090.6141662133678,5004,2,walk,walk_new_dfbsp_tau_0.5,dfbsp,0.1,adaptive,8,0.015625,35,1,0,3,0.0,0.0,0.017857142857142856,0.0,0,0,0,0,1,0,0.0,0.0,0,1.0,37.7405,57.5564,0,2,0,9,0.5,0,0.6480000000000001,0.648,0.3
0.1044921875,2.378093525143842,0.0928921060855346,3.0449895967452405,0.9583333333333334,26.75,4.606035196141274,0.08950820654197465,2378.093525143842,5004,3,walk,walk_new_dfbsp_tau_0.5,dfbsp,0.1,adaptive,8,0.015625,36,4,3,6,0.75,0.7941176470588235,0.10119047619047619,0.08035714285714285,0,0,1,1,3,2,0.08333333333333333,1.0,3,1.0,38.2615,51.64419999999999,0,5,0,12,0.5,0,0.6480000000000001,0.648,0.3
0.04750434027777778,1.6719709835151482,0.12478512496709465,2.68800381094654,0.9791666666666666,21.875,4.186331835506594,0.08212696204916692,1671.9709835151498,5005,0,walk,walk_new_dfbsp_tau_0.5,dfbsp,0.1,adaptive,8,0.015625,38,6,5,6,0.8333333333333334,0.900709219858156,0.6294642857142857,0.5669642857142857,2,2,1,0,3,3,0.13157894736842105,0.8,5,1.0,37.6155,51.7203,0,2,0,17,0.5,0,0.6480000000000001,0.648,0.3
0.16666666666666666,2.330729304524786,0.14348560003306743,2.7437165489036404,1.0,23.604166666666668,4.0606096981198085,0.1239306866546472,2330.729304524787,5005,1,walk,walk_new_dfbsp_tau_0.5,dfbsp,0.1,adaptive,8,0.015625,36,3,2,5,0.6666666666666666,0.21311475409836064,1.2708333333333333,0.2708333333333333,2,1,0,0,1,1,0.05555555555555555,1.0,2,1.0,37.4555,43.04725,0,5,0,33,0.5,0,0.6480000000000001,0.648,0.3
0.14659288194444445,2.2633590443040497,0.11369931459533046,3.3631688509345055,0.7916666666666666,26.333333333333332,4.35131935051181,0.1616585401997319,2263.3590443040503,5005,2,walk,walk_new_dfbsp_tau_0.5,dfbsp,0.1,adaptive,8,0.015625,38,4,4,6,1.0,1.0,0.35119047619047616,0.35119047619047616,1,1,1,1,2,2,0.10526315789473684,1.0,4,1.0,38.081,50.019149999999996,0,3,0,19,0.5,0,0.6480000000000001,0.648,0.3
0.21634424603174604,1.3543806237347003,0.09282439952025547,2.7897911053934323,1.0,28.770833333333332,4.643028742247135,0.12351984651149056,1354.3806237347007,5005,3,walk,walk_new_dfbsp_tau_0.5,dfbsp,0.1,adaptive,8,0.015625,34,3,3,6,1.0,1.0,0.14285714285714285,0.14285714285714285,0,0,2,2,1,1,0.08823529411764706,1.0,3,1.0,37.9915,48.06899999999999,0,3,0,9,0.5,0,0.6480000000000001,0.648,0.3
0.08333333333333333,2.6616641453184617,0.0965407115696974,3.2902930255321166,0.8541666666666666,28.625,4.602536677831144,0.0733293959269833,2661.664145318463,5006,0,walk,walk_new_dfbsp_tau_0.5,dfbsp,0.1,adaptive,8,0.015625,36,6,6,7,1.0,1.0,0.3861111111111111,0.3861111111111111,1,1,0,0,5,5,0.16666666666666666,1.0,6,1.0,37.820499999999996,44.64825,0,2,0,10,0.5,0,0.6480000000000001,0.648,0.3
0.03862847222222222,1.4229647606899543,0.1907306525578958,2.3528443609648595,0.9791666666666666,11.729166666666666,3.3052270214223465,0.16082099675414527,1422.9647606899546,5006,1,walk,walk_new_dfbsp_tau_0.5,dfbsp,0.1,adaptive,8,0.015625,40,2,2,6,1.0,1.0,0.3125,0.3125,1,1,1,1,0,0,0.05,1.0,2,1.0,38.071,50.158,0,5,0,45,0.5,0,0.6480000000000001,0.648,0.3
0.02886284722222222,3.925861435276681,0.09214569890526576,4.217955820528893,0.6458333333333334,28.145833333333332,4.62481451223722,0.06328285168304353,3925.8614352766817,5006,2,walk,walk_new_dfbsp_tau_0.5,dfbsp,0.1,adaptive,8,0.015625,33,0,0,5,nan,nan,0.0,0.0,0,0,0,0,0,0,0.0,nan,0,1.0,38.116,48.35969999999999,0,4,0,11,0.5,0,0.6480000000000001,0.648,0.3
0.1782769097222222,1.4713775942480576,0.1318229826731601,2.5510269006981554,1.0,21.583333333333332,4.088624881551801,0.04645392704906212,1471.3775942480581,5006,3,walk,walk_new_dfbsp_tau_0.5,dfbsp,0.1,adaptive,8,0.015625,36,2,2,4,1.0,1.0,0.2708333333333333,0.2708333333333333,1,1,0,0,1,1,0.05555555555555555,1.0,2,1.0,38.287000000000006,48.763549999999995,0,4,0,21,0.5,0,0.6480000000000001,0.648,0.3
0.0,2.9144769953066594,0.11519988912661062,3.3497279758507177,0.9375,23.958333333333332,4.287212658703757,0.11519988912661061,2914.4769953066602,5007,0,walk,walk_new_dfbsp_tau_0.5,dfbsp,0.1,adaptive,8,0.015625,39,6,5,9,0.8333333333333334,0.8958333333333333,0.4,0.35833333333333334,1,1,2,1,3,3,0.1282051282051282,1.0,5,1.0,37.966,50.380099999999985,0,7,0,18,0.5,0,0.6480000000000001,0.648,0.3
0.0025173611111111113,1.9206158301511456,0.13128954240296822,2.5370808728420893,0.9791666666666666,21.020833333333332,4.015432535544545,0.1287721812918571,1920.6158301511452,5007,1,walk,walk_new_dfbsp_tau_0.5,dfbsp,0.1,adaptive,8,0.015625,33,4,4,9,1.0,1.0,0.30848214285714287,0.30848214285714287,1,1,0,0,3,3,0.12121212121212122,1.0,4,1.0,38.196,47.250049999999995,0,6,0,21,0.5,0,0.6480000000000001,0.648,0.3
0.2503472222222222,2.6041967092234204,0.06341671712430848,3.545972966703055,1.0,48.4375,5.387814099521417,0.18693050509791373,2604.1967092234204,5007,2,walk,walk_new_dfbsp_tau_0.5,dfbsp,0.1,adaptive,8,0.015625,40,1,0,0,0.0,0.0,0.017857142857142856,0.0,0,0,0,0,1,0,0.0,0.0,0,nan,37.951,43.61339999999999,0,0,0,0,0.5,0,0.6480000000000001,0.648,0.3
0.0021701388888888886,2.171518266272896,0.1350537712183346,2.7986598651592693,0.9583333333333334,19.416666666666668,3.9502348863137606,0.13288363232944575,2171.5182662728953,5007,3,walk,walk_new_dfbsp_tau_0.5,dfbsp,0.1,adaptive,8,0.015625,33,5,4,11,0.8,0.10040160642570281,1.1116071428571428,0.11160714285714285,1,0,1,1,3,3,0.12121212121212122,1.0,4,1.0,38.081,41.70915,0,6,0,28,0.5,0,0.6480000000000001,0.648,0.3
0.16927083333333334,1.516082156658501,0.1431903567572876,2.701790767154389,0.9791666666666666,20.0,3.899602014933718,0.07192563828163835,1516.0821566585016,5008,0,walk,walk_new_dfbsp_tau_0.5,dfbsp,0.1,adaptive,8,0.015625,33,4,2,9,0.5,0.3932584269662921,0.1324404761904762,0.05208333333333333,0,0,1,0,3,2,0.06060606060606061,0.6666666666666666,2,1.0,37.946,51.209,0,8,0,38,0.5,0,0.6480000000000001,0.648,0.3
0.08622685185185186,1.7187374012036234,0.10696339231963133,2.8851671630682003,1.0,23.5,4.3697948674986025,0.05793383428596527,1718.7374012036244,5008,1,walk,walk_new_dfbsp_tau_0.5,dfbsp,0.1,adaptive,8,0.015625,37,3,3,7,1.0,1.0,0.09722222222222221,0.09722222222222221,0,0,1,1,2,2,0.08108108108108109,1.0,3,1.0,37.735,51.70615,0,5,0,16,0.5,0,0.6480000000000001,0.648,0.3
0.003298611111111111,2.106626760102508,0.11290995969555985,3.103280656218437,1.0,23.104166666666668,4.276615534425646,0.10961134858444876,2106.6267601025074,5008,2,walk,walk_new_dfbsp_tau_0.5,dfbsp,0.1,adaptive,8,0.015625,35,3,2,6,0.6666666666666666,0.5714285714285715,0.14583333333333331,0.08333333333333333,0,0,2,1,1,1,0.05714285714285714,0.6666666666666666,2,1.0,38.025999999999996,47.72384999999999,0,4,0,19,0.5,0,0.6480000000000001,0.648,0.3
0.16666666666666666,1.9159644011222328,0.07316999428439509,3.3368729418462624,1.0,41.520833333333336,5.143710272801374,0.09349667238227156,1915.9644011222335,5008,3,walk,walk_new_dfbsp_tau_0.5,dfbsp,0.1,adaptive,8,0.015625,30,4,3,5,0.75,0.05525094896668074,1.0584821428571427,0.05848214285714286,1,0,0,0,3,3,0.1,0.75,3,1.0,38.061,46.99369999999999,0,2,0,10,0.5,0,0.6480000000000001,0.648,0.3
0.14615885416666666,2.3477838814551544,0.08951821409012344,3.4464790574275486,0.8958333333333334,32.270833333333336,4.758306219880963,0.056640640076543236,2347.783881455155,5009,0,walk,walk_new_dfbsp_tau_0.5,dfbsp,0.1,adaptive,8,0.015625,32,5,5,7,1.0,1.0,0.18645833333333334,0.18645833333333334,0,0,2,2,3,3,0.15625,1.0,5,1.0,38.191,48.008449999999996,0,5,0,14,0.5,0,0.6480000000000001,0.648,0.3
0.030164930555555556,1.701229475547567,0.0856460541331499,3.1686919042643944,0.9791666666666666,26.8125,4.6123554554506265,0.05548112357759433,1701.2294755475675,5009,1,walk,walk_new_dfbsp_tau_0.5,dfbsp,0.1,adaptive,8,0.015625,38,2,2,5,1.0,1.0,0.05,0.05,0,0,0,0,2,2,0.05263157894736842,1.0,2,1.0,38.066,51.63015,0,2,0,8,0.5,0,0.6480000000000001,0.648,0.3
0.04210069444444444,2.5422858185987973,0.08841670433573867,3.4034737055261512,1.0,30.4375,4.750171818109403,0.06436653170286817,2542.2858185987975,5009,2,walk,walk_new_dfbsp_tau_0.5,dfbsp,0.1,adaptive,8,0.015625,29,3,2,6,0.6666666666666666,0.6470588235294118,0.07083333333333333,0.04583333333333334,0,0,0,0,3,2,0.06896551724137931,1.0,2,1.0,38.010999999999996,51.378,0,3,0,12,0.5,0,0.6480000000000001,0.648,0.3
0.08567708333333333,2.3659900129110842,0.07735000823090017,3.299414715537466,1.0,40.75,5.04800597017062,0.021883050002253237,2365.9900129110842,5009,3,walk,walk_new_dfbsp_tau_0.5,dfbsp,0.1,adaptive,8,0.015625,39,2,2,4,1.0,1.0,0.2708333333333333,0.2708333333333333,1,1,0,0,1,1,0.05128205128205128,1.0,2,1.0,37.9255,47.83774999999999,0,3,0,9,0.5,0,0.6480000000000001,0.648,0.3
0.01101810515873016,3.3326628163059464,0.09058000031286502,3.583220446821304,0.9583333333333334,27.520833333333332,4.5988068890463305,0.07956189515413487,3332.662816305948,5010,0,walk,walk_new_dfbsp_tau_0.5,dfbsp,0.1,adaptive,8,0.015625,40,7,5,8,0.7142857142857143,0.06873614190687362,1.3422619047619047,0.09226190476190475,2,0,0,0,5,5,0.125,0.75,5,1.0,37.504999999999995,51.75065,0,3,0,18,0.5,0,0.6480000000000001,0.648,0.3
0.022330729166666664,2.3150778139947596,0.06541378242926467,3.521223487585687,0.9583333333333334,38.020833333333336,5.105221653474784,0.04308305326259799,2315.0778139947606,5010,1,walk,walk_new_dfbsp_tau_0.5,dfbsp,0.1,adaptive,8,0.015625,38,3,2,5,0.6666666666666666,0.5714285714285714,0.14583333333333334,0.08333333333333333,0,0,2,1,1,1,0.05263157894736842,1.0,2,1.0,37.751000000000005,50.6635,0,3,0,5,0.5,0,0.6480000000000001,0.648,0.3
0.2516376553362573,1.567043293030525,0.10842415100600905,2.8216599419440516,1.0,26.75,4.483477204041157,0.1432135043302483,1567.043293030525,5010,2,walk,walk_new_dfbsp_tau_0.5,dfbsp,0.1,adaptive,8,0.015625,35,4,4,8,1.0,1.0,0.10014880952380953,0.10014880952380953,0,0,1,1,3,3,0.11428571428571428,1.0,4,1.0,38.2115,51.6508,0,5,0,17,0.5,0,0.6480000000000001,0.648,0.3
0.2506510416666667,1.2845758263133709,0.14314270994682995,2.315119691031152,0.9791666666666666,17.208333333333332,3.8486349100305683,0.13019348534427358,1284.575826313371,5010,3,walk,walk_new_dfbsp_tau_0.5,dfbsp,0.1,adaptive,8,0.015625,32,5,5,10,1.0,1.0,0.36160714285714285,0.36160714285714285,1,1,0,0,4,4,0.15625,1.0,5,1.0,37.756,45.62115,0,6,0,29,0.5,0,0.6480000000000001,0.648,0.3
0.023538115530303032,2.170974427175317,0.10966813999956813,2.9397282422714426,1.0,23.729166666666668,4.306169411973643,0.08613002446926506,2170.9744271753184,5011,0,walk,walk_new_dfbsp_tau_0.5,dfbsp,0.1,adaptive,8,0.015625,38,1,0,3,0.0,0.0,1.0,0.0,1,0,0,0,0,0,0.0,0.0,0,1.0,37.4755,44.12925,0,2,0,23,0.5,0,0.6480000000000001,0.648,0.3
0.27395833333333336,1.8398668991322555,0.16711464410275875,2.5580901075617946,0.9791666666666666,18.75,3.752523665758341,0.12560657540672934,1839.8668991322565,5011,1,walk,walk_new_dfbsp_tau_0.5,dfbsp,0.1,adaptive,8,0.015625,33,6,4,8,0.6666666666666666,0.7738693467336684,0.4145833333333333,0.3208333333333333,1,1,1,0,4,3,0.12121212121212122,0.6,4,1.0,37.716,44.384949999999996,0,7,0,30,0.5,0,0.6480000000000001,0.648,0.3
0.046310763888888884,2.1664129566135353,0.10784478428664838,3.6204450591186883,0.7916666666666666,29.083333333333332,4.558892921110006,0.07054164616878496,2166.4129566135366,5011,2,walk,walk_new_dfbsp_tau_0.5,dfbsp,0.1,adaptive,8,0.015625,39,3,3,6,1.0,1.0,0.3333333333333333,0.3333333333333333,1,1,1,1,1,1,0.07692307692307693,1.0,3,1.0,38.302,50.999649999999995,0,5,0,10,0.5,0,0.6480000000000001,0.648,0.3
0.006423611111111112,2.5411010882280056,0.11510008579541299,2.810294341187427,1.0,27.041666666666668,4.407770166734314,0.1086764746843019,2541.1010882280057,5011,3,walk,walk_new_dfbsp_tau_0.5,dfbsp,0.1,adaptive,8,0.015625,36,4,2,5,0.5,0.03314917127071823,1.292857142857143,0.04285714285714286,2,0,0,0,2,2,0.05555555555555555,0.5,2,1.0,38.17100000000001,46.61049999999999,0,3,0,20,0.5,0,0.6480000000000001,0.648,0.3
0.01579861111111111,3.77455221954887,0.06420270298918858,3.8191758486395826,1.0,48.5625,5.497197423192913,0.048404091878077475,3774.5522195488725,5012,0,walk,walk_new_dfbsp_tau_0.5,dfbsp,0.1,adaptive,8,0.015625,39,2,2,2,1.0,1.0,0.03645833333333333,0.03645833333333333,0,0,0,0,2,2,0.05128205128205128,1.0,2,1.0,37.805499999999995,41.631,0,0,0,0,0.5,0,0.6480000000000001,0.648,0.3
0.08385416666666667,1.7944909044414332,0.12537275497384784,2.825172571155015,0.9375,18.458333333333332,4.002079961215092,0.12759107331924535,1794.4909044414328,5012,1,walk,walk_new_dfbsp_tau_0.5,dfbsp,0.1,adaptive,8,0.015625,37,3,2,5,0.6666666666666666,0.9272727272727274,0.2864583333333333,0.265625,1,1,0,0,2,1,0.05405405405405406,0.6666666666666666,2,1.0,38.201,43.357749999999996,0,4,0,32,0.5,0,0.6480000000000001,0.648,0.3
0.2720772283272283,2.5163090890698947,0.13570743473586763,2.6593064087974416,1.0,24.375,4.065014981370157,0.1538046252563737,2516.3090890698945,5012,2,walk,walk_new_dfbsp_tau_0.5,dfbsp,0.1,adaptive,8,0.015625,37,4,4,10,1.0,1.0,0.1261904761904762,0.1261904761904762,0,0,2,2,2,2,0.10810810810810811,1.0,4,1.0,38.041,48.88734999999999,0,6,0,25,0.5,0,0.6480000000000001,0.648,0.3
0.1887400793650794,1.964655752911493,0.1302498429527397,2.814642968768327,1.0,24.229166666666668,4.18558964174349,0.11206264407041379,1964.6557529114941,5012,3,walk,walk_new_dfbsp_tau_0.5,dfbsp,0.1,adaptive,8,0.015625,32,1,0,7,0.0,0.0,0.017857142857142856,0.0,0,0,0,0,1,0,0.0,0.0,0,1.0,38.672,52.96615,0,6,0,16,0.5,0,0.6480000000000001,0.648,0.3
0.1951419890873016,2.313569225950863,0.08312755628852733,3.415660874949406,0.875,34.708333333333336,4.908349834070298,0.11201443279877425,2313.569225950864,5013,0,walk,walk_new_dfbsp_tau_0.5,dfbsp,0.1,adaptive,8,0.015625,37,4,3,4,0.75,0.7640449438202247,0.1324404761904762,0.10119047619047619,0,0,1,1,3,2,0.08108108108108109,1.0,3,1.0,38.010999999999996,50.473150000000004,0,4,0,10,0.5,0,0.6480000000000001,0.648,0.3
0.041666666666666664,2.7120397425777973,0.09832338614095854,3.1627311912862504,0.9791666666666666,28.833333333333332,4.559038786365867,0.07482272656913687,2712.0397425777983,5013,1,walk,walk_new_dfbsp_tau_0.5,dfbsp,0.1,adaptive,8,0.015625,36,6,5,7,0.8333333333333334,0.7321428571428571,0.23333333333333334,0.17083333333333334,0,0,2,1,4,4,0.1388888888888889,1.0,5,1.0,38.101,51.88009999999999,0,4,0,14,0.5,0,0.6480000000000001,0.648,0.3
0.27120535714285715,1.789539118263251,0.1231027542951534,3.1775319307329517,0.875,24.854166666666668,4.265052456273765,0.21095252835476563,1789.5391182632504,5013,2,walk,walk_new_dfbsp_tau_0.5,dfbsp,0.1,adaptive,8,0.015625,30,1,1,6,1.0,1.0,0.025,0.025,0,0,0,0,1,1,0.03333333333333333,1.0,1,1.0,38.081,47.33275,0,5,0,23,0.5,0,0.6480000000000001,0.648,0.3
0.10516493055555555,1.4953666870263762,0.11250479475692064,3.035823043143353,0.9791666666666666,27.604166666666668,4.498114860514479,0.050143902209262604,1495.366687026377,5013,3,walk,walk_new_dfbsp_tau_0.5,dfbsp,0.1,adaptive,8,0.015625,36,5,4,7,0.8,0.947136563876652,0.337797619047619,0.31994047619047616,1,1,0,0,4,3,0.1111111111111111,0.8,4,1.0,38.4165,47.28484999999999,0,4,0,10,0.5,0,0.6480000000000001,0.648,0.3
0.09852430555555554,1.5770423885759701,0.14003164229687967,2.4384149338659937,1.0,16.729166666666668,3.8142768782739793,0.06920553069443537,1577.0423885759699,5014,0,walk,walk_new_dfbsp_tau_0.5,dfbsp,0.1,adaptive,8,0.015625,35,3,2,7,0.6666666666666666,0.8333333333333334,0.375,0.3125,1,1,2,1,0,0,0.05714285714285714,0.6666666666666666,2,1.0,37.941,41.342150000000004,0,6,0,26,0.5,0,0.6480000000000001,0.648,0.3
0.08409722222222223,2.988813008757173,0.0944094737651086,3.9967387010800777,0.7083333333333334,28.729166666666668,4.588586603787931,0.05888913419633249,2988.813008757172,5014,1,walk,walk_new_dfbsp_tau_0.5,dfbsp,0.1,adaptive,8,0.015625,39,2,1,6,0.5,0.058823529411764705,1.0625,0.0625,1,0,1,1,0,0,0.02564102564102564,0.5,1,1.0,37.971000000000004,56.39714999999999,0,5,0,20,0.5,0,0.6480000000000001,0.648,0.3
0.024305555555555556,2.20608810697807,0.10732168252605417,3.290181564130208,0.9375,25.979166666666668,4.414656379597299,0.11161619209480038,2206.0881069780726,5014,2,walk,walk_new_dfbsp_tau_0.5,dfbsp,0.1,adaptive,8,0.015625,37,5,5,7,1.0,1.0,0.609375,0.609375,2,2,1,1,2,2,0.13513513513513514,1.0,5,1.0,38.086,50.746649999999995,0,4,0,15,0.5,0,0.6480000000000001,0.648,0.3
0.14583333333333334,2.0992247980917553,0.09105291783793346,3.07170127181046,1.0,25.395833333333332,4.498923932038312,0.05478041549539988,2099.224798091756,5014,3,walk,walk_new_dfbsp_tau_0.5,dfbsp,0.1,adaptive,8,0.015625,33,4,4,8,1.0,1.0,0.12896825396825395,0.12896825396825395,0,0,1,1,3,3,0.12121212121212122,1.0,4,1.0,38.507,47.0196,0,5,0,11,0.5,0,0.6480000000000001,0.648,0.3
0.09522569444444444,1.7616641884593032,0.11764098798166545,2.596863690920304,1.0,18.166666666666668,4.048673620467081,0.04571985727835831,1761.6641884593048,5015,0,walk,walk_new_dfbsp_tau_0.5,dfbsp,0.1,adaptive,8,0.015625,37,4,3,7,0.75,0.3406593406593406,0.37916666666666665,0.12916666666666665,1,0,2,2,1,1,0.08108108108108109,0.6666666666666666,3,1.0,37.7755,50.537,0,4,0,21,0.5,0,0.6480000000000001,0.648,0.3
0.20876736111111108,2.2853837620437085,0.11662169122539168,2.871726854405042,0.9375,26.083333333333332,4.322659645271924,0.15657268930709548,2285.3837620437093,5015,1,walk,walk_new_dfbsp_tau_0.5,dfbsp,0.1,adaptive,8,0.015625,37,4,3,7,0.75,0.7254901960784313,0.45535714285714285,0.33035714285714285,2,1,1,1,1,1,0.08108108108108109,0.75,3,1.0,37.7855,45.654599999999995,0,5,0,21,0.5,0,0.6480000000000001,0.648,0.3
0.0019159226190476192,2.855950189569983,0.08916448206484982,3.5384393742148057,1.0,37.020833333333336,4.993186241292103,0.08724855944580219,2855.9501895699827,5015,2,walk,walk_new_dfbsp_tau_0.5,dfbsp,0.1,adaptive,8,0.015625,35,1,1,5,1.0,1.0,0.020833333333333332,0.020833333333333332,0,0,0,0,1,1,0.02857142857142857,1.0,1,1.0,37.53,47.768049999999995,0,4,0,12,0.5,0,0.6480000000000001,0.648,0.3
0.10572916666666667,1.7373936125676595,0.12969349217798778,2.6492898454023117,1.0,23.833333333333332,4.221679786337655,0.05352846711953744,1737.3936125676598,5015,3,walk,walk_new_dfbsp_tau_0.5,dfbsp,0.1,adaptive,8,0.015625,33,1,1,8,1.0,1.0,0.25,0.25,1,1,0,0,0,0,0.030303030303030304,1.0,1,1.0,38.102000000000004,50.1675,0,7,0,23,0.5,0,0.6480000000000001,0.648,0.3
0.001171875,3.357220680866589,0.06811837671771989,4.614323868322691,0.6458333333333334,34.645833333333336,5.029768212269572,0.06694650171771989,3357.2206808665865,5016,0,walk,walk_new_dfbsp_tau_0.5,dfbsp,0.1,adaptive,8,0.015625,41,3,3,3,1.0,1.0,0.11458333333333333,0.11458333333333333,0,0,1,1,2,2,0.07317073170731707,1.0,3,1.0,37.7305,46.13775,0,2,0,4,0.5,0,0.6480000000000001,0.648,0.3
0.12934027777777776,1.82032716191427,0.1440516353059497,3.2773858028335567,0.8958333333333334,22.104166666666668,4.15566020116434,0.17681987394613474,1820.3271619142713,5016,1,walk,walk_new_dfbsp_tau_0.5,dfbsp,0.1,adaptive,8,0.015625,30,2,2,8,1.0,1.0,0.2708333333333333,0.2708333333333333,1,1,0,0,1,1,0.06666666666666667,1.0,2,1.0,37.891000000000005,43.203399999999995,0,6,0,20,0.5,0,0.6480000000000001,0.648,0.3
0.0018880208333333336,3.693958121604437,0.09230025209031095,3.3333209184603234,0.9375,26.1875,4.510907028652098,0.0904122312569776,3693.9581216044367,5016,2,walk,walk_new_dfbsp_tau_0.5,dfbsp,0.1,adaptive,8,0.015625,34,4,2,5,0.5,0.0625,1.3333333333333333,0.08333333333333333,2,0,1,1,1,1,0.058823529411764705,0.5,2,1.0,37.856,52.416650000000004,0,5,0,16,0.5,0,0.6480000000000001,0.648,0.3
0.1044921875,2.4194914316152,0.0672555780925904,3.458561016138079,1.0,39.979166666666664,5.165839141043269,0.03723660940740962,2419.4914316152003,5016,3,walk,walk_new_dfbsp_tau_0.5,dfbsp,0.1,adaptive,8,0.015625,34,3,2,5,0.6666666666666666,0.7272727272727273,0.11458333333333333,0.08333333333333333,0,0,1,1,2,1,0.058823529411764705,0.6666666666666666,2,1.0,37.70099999999999,41.46865,0,3,0,6,0.5,0,0.6480000000000001,0.648,0.3
0.12608506944444445,2.590325775966458,0.10230723747006958,2.781664489372091,0.9583333333333334,23.25,4.329317244836262,0.05065675408392297,2590.3257759664584,5017,0,walk,walk_new_dfbsp_tau_0.5,dfbsp,0.1,adaptive,8,0.015625,37,5,4,7,0.8,0.09287257019438445,1.1023809523809522,0.10238095238095238,1,0,1,1,3,3,0.10810810810810811,0.6666666666666666,4,1.0,37.7805,44.878099999999996,0,3,0,12,0.5,0,0.6480000000000001,0.648,0.3
0.08333333333333333,1.8158373546883595,0.09829416919427843,2.9908519789390127,0.9791666666666666,29.1875,4.5561124450850405,0.05036787304125584,1815.8373546883604,5017,1,walk,walk_new_dfbsp_tau_0.5,dfbsp,0.1,adaptive,8,0.015625,36,2,2,3,1.0,1.0,0.2708333333333333,0.2708333333333333,1,1,0,0,1,1,0.05555555555555555,1.0,2,1.0,37.7805,41.85715,0,2,0,13,0.5,0,0.6480000000000001,0.648,0.3
0.018055555555555557,2.3175107759360674,0.052169920339718935,3.5803943277528596,1.0,48.0625,5.523471346472533,0.03411436478416338,2317.5107759360676,5017,2,walk,walk_new_dfbsp_tau_0.5,dfbsp,0.1,adaptive,8,0.015625,40,2,1,2,0.5,0.017543859649122806,1.0178571428571428,0.017857142857142856,1,0,0,0,1,1,0.025,0.5,1,1.0,37.9555,48.0901,0,0,0,0,0.5,0,0.6480000000000001,0.648,0.3
0.04800633394383395,2.372136935027661,0.09896397858270005,3.079845844734207,1.0,31.104166666666668,4.657865670733299,0.10131777991879287,2372.1369350276627,5017,3,walk,walk_new_dfbsp_tau_0.5,dfbsp,0.1,adaptive,8,0.015625,38,6,6,9,1.0,1.0,0.44146825396825395,0.44146825396825395,1,1,2,2,3,3,0.15789473684210525,1.0,6,1.0,37.555,42.3563,0,6,0,15,0.5,0,0.6480000000000001,0.648,0.3
0.0008463541666666667,2.4217402640851255,0.14300460536603968,3.0889518590011105,0.8958333333333334,23.166666666666668,4.0247666416213415,0.14215825119937303,2421.7402640851274,5018,0,walk,walk_new_dfbsp_tau_0.5,dfbsp,0.1,adaptive,8,0.015625,34,5,4,7,0.8,0.9464285714285714,0.5833333333333333,0.5520833333333333,2,2,0,0,3,2,0.11764705882352941,1.0,4,1.0,38.046,43.07915,0,5,0,22,0.5,0,0.6480000000000001,0.648,0.3
0.12552083333333333,1.9443177766412765,0.10589675876977013,2.883289274248081,1.0,29.770833333333332,4.49822639332763,0.03574244453404771,1944.3177766412764,5018,1,walk,walk_new_dfbsp_tau_0.5,dfbsp,0.1,adaptive,8,0.015625,33,2,2,5,1.0,1.0,0.08035714285714285,0.08035714285714285,0,0,1,1,1,1,0.06060606060606061,1.0,2,1.0,38.071,43.37645,0,5,0,22,0.5,0,0.6480000000000001,0.648,0.3
0.23394097222222224,1.3594857929086495,0.1401092331828703,2.4606845128108454,1.0,20.375,4.096631914358781,0.1337766664640846,1359.4857929086495,5018,2,walk,walk_new_dfbsp_tau_0.5,dfbsp,0.1,adaptive,8,0.015625,34,4,3,5,0.75,0.947598253275109,0.34077380952380953,0.32291666666666663,1,1,1,1,2,1,0.08823529411764706,0.6666666666666666,3,1.0,37.946,50.64294999999999,0,4,0,19,0.5,0,0.6480000000000001,0.648,0.3
0.1669921875,2.1053540138510054,0.11402242045610023,3.3367749468955377,0.9166666666666666,27.6875,4.4786649124332225,0.0753802219628182,2105.3540138510066,5018,3,walk,walk_new_dfbsp_tau_0.5,dfbsp,0.1,adaptive,8,0.015625,39,3,2,4,0.6666666666666666,0.8333333333333334,0.375,0.3125,1,1,2,1,0,0,0.05128205128205128,0.6666666666666666,2,1.0,37.936,42.12029999999999,0,4,0,12,0.5,0,0.6480000000000001,0.648,0.3
0.3348307291666666,1.2723621946853596,0.1924087024123007,2.2484412009625028,0.9791666666666666,19.375,3.5748784095595947,0.19934894487038954,1272.3621946853598,5019,0,walk,walk_new_dfbsp_tau_0.5,dfbsp,0.1,adaptive,8,0.015625,37,3,3,10,1.0,1.0,0.29910714285714285,0.29910714285714285,1,1,0,0,2,2,0.08108108108108109,1.0,3,1.0,37.685500000000005,44.013299999999994,0,9,0,35,0.5,0,0.6480000000000001,0.648,0.3
0.2090811965811966,1.657091048379422,0.12116794746550136,3.116898882906438,0.9791666666666666,26.041666666666668,4.291129285051101,0.11756807905493803,1657.0910483794223,5019,1,walk,walk_new_dfbsp_tau_0.5,dfbsp,0.1,adaptive,8,0.015625,39,6,5,9,0.8333333333333334,0.8998011928429424,0.6237599206349207,0.5612599206349207,2,2,1,0,3,3,0.1282051282051282,1.0,5,1.0,37.525,42.699999999999996,0,7,0,18,0.5,0,0.6480000000000001,0.648,0.3
0.1046875,2.5067184642096954,0.11866905502678345,3.0270177696442073,1.0,33.645833333333336,4.534166229363291,0.16067370301410572,2506.7184642096977,5019,2,walk,walk_new_dfbsp_tau_0.5,dfbsp,0.1,adaptive,8,0.015625,32,2,2,9,1.0,1.0,0.049107142857142856,0.049107142857142856,0,0,0,0,2,2,0.0625,1.0,2,1.0,37.976,45.6461,0,7,0,17,0.5,0,0.6480000000000001,0.648,0.3
0.29508825231481484,0.9724232093961014,0.09984311600310707,2.579537251187302,1.0,24.9375,4.4369487342334715,0.19524513631170773,972.4232093961015,5019,3,walk,walk_new_dfbsp_tau_0.5,dfbsp,0.1,adaptive,8,0.015625,40,5,4,8,0.8,0.8169934640522877,0.1138392857142857,0.09300595238095238,0,0,1,1,4,3,0.1,1.0,4,1.0,37.7205,44.305099999999996,0,3,0,12,0.5,0,0.6480000000000001,0.648,0.3
0.10837919287211739,2.0547526048957807,0.0920656414129764,3.073105559408875,1.0,32.666666666666664,4.755692959791228,0.08536699970550443,2054.752604895781,5000,0,walk,walk_new_dfbsp_tau_1.0,dfbsp,0.1,adaptive,8,0.015625,41,5,5,6,1.0,1.0,0.14702380952380953,0.14702380952380953,0,0,1,1,4,4,0.12195121951219512,1.0,5,1.0,38.667,45.45569999999999,0,4,0,16,1.0,0,0.6480000000000001,0.648,0.3
0.06360046184198727,2.2064829956794543,0.09799828547720531,3.009809806640284,1.0,23.291666666666668,4.396951664865667,0.03439782363521801,2206.482995679455,5000,1,walk,walk_new_dfbsp_tau_1.0,dfbsp,0.1,adaptive,8,0.015625,37,3,2,5,0.6666666666666666,0.3103448275862069,0.18125,0.05625,1,0,0,0,2,2,0.05405405405405406,0.6666666666666666,2,1.0,38.607,52.092499999999994,0,3,0,18,1.0,0,0.6480000000000001,0.648,0.3
0.2111232699535911,1.4717193237017792,0.1416366329889505,2.796911441777548,1.0,29.270833333333332,4.4296841025523985,0.1720982400377692,1471.7193237017798,5000,2,walk,walk_new_dfbsp_tau_1.0,dfbsp,0.1,adaptive,8,0.015625,39,2,2,4,1.0,1.0,1.0208333333333333,1.0208333333333333,1,1,0,0,1,1,0.05128205128205128,1.0,2,1.0,37.7855,48.96724999999999,0,3,0,18,1.0,0,0.6480000000000001,0.648,0.3
0.0020776721014492752,3.7634618621904337,0.06986840698912715,4.176622051939357,0.7708333333333334,36.791666666666664,4.959338685618545,0.06779073488767785,3763.461862190432,5000,3,walk,walk_new_dfbsp_tau_1.0,dfbsp,0.1,adaptive,8,0.015625,37,4,4,6,1.0,1.0,0.12291666666666667,0.12291666666666667,0,0,1,1,3,3,0.10810810810810811,1.0,4,1.0,38.231,51.77565,0,5,0,13,1.0,0,0.6480000000000001,0.648,0.3
0.13283805315055316,1.4423078608501285,0.18830679570088024,2.302046473427457,0.9791666666666666,13.25,3.3507911040946134,0.2102579736190421,1442.307860850129,5001,0,walk,walk_new_dfbsp_tau_1.0,dfbsp,0.1,adaptive,8,0.015625,36,4,4,10,1.0,1.0,0.175,0.175,0,0,2,2,2,2,0.1111111111111111,1.0,4,1.0,37.8305,52.3723,0,7,0,35,1.0,0,0.6480000000000001,0.648,0.3
0.0654873187515535,3.036665794063589,0.06833910118617098,3.5051793761620273,1.0,34.520833333333336,4.995944649911156,0.0054815508987158595,3036.6657940635882,5001,1,walk,walk_new_dfbsp_tau_1.0,dfbsp,0.1,adaptive,8,0.015625,39,2,2,3,1.0,1.0,0.05208333333333333,0.05208333333333333,0,0,0,0,2,2,0.05128205128205128,1.0,2,1.0,37.846,41.8815,0,0,0,0,1.0,0,0.6480000000000001,0.648,0.3
0.2717427248677249,1.20947070931127,0.14055089563501894,2.4672492298330857,1.0,21.958333333333332,3.964520184654687,0.1311918292327059,1209.4707093112704,5001,2,walk,walk_new_dfbsp_tau_1.0,dfbsp,0.1,adaptive,8,0.015625,35,4,3,9,0.75,0.061583577712609985,1.0656249999999998,0.065625,1,0,0,0,3,3,0.08571428571428572,1.0,3,1.0,37.7255,41.08265,0,7,0,36,1.0,0,0.6480000000000001,0.648,0.3
0.0007094757094757094,3.2983121903650487,0.09712981001145425,3.52790721231343,0.9375,25.3125,4.36180471786052,0.09642033430197856,3298.3121903650485,5001,3,walk,walk_new_dfbsp_tau_1.0,dfbsp,0.1,adaptive,8,0.015625,33,1,0,5,0.0,0.0,0.0625,0.0,0,0,1,0,0,0,0.0,0.0,0,1.0,37.956,45.04665,0,5,0,21,1.0,0,0.6480000000000001,0.648,0.3
0.0,4.779547009825331,0.0710917423533493,4.016729688653476,0.9375,41.0,5.190307501882001,0.0710917423533493,4779.54700982533,5002,0,walk,walk_new_dfbsp_tau_1.0,dfbsp,0.1,adaptive,8,0.015625,38,3,3,5,1.0,1.0,0.08452380952380953,0.08452380952380953,0,0,1,1,2,2,0.07894736842105263,1.0,3,1.0,37.745999999999995,56.27934999999999,0,2,0,7,1.0,0,0.6480000000000001,0.648,0.3
0.0425760582010582,2.2860272747935864,0.07723293202801561,3.460664869081688,0.9791666666666666,32.395833333333336,4.853197908946381,0.03558100456358099,2286.027274793587,5002,1,walk,walk_new_dfbsp_tau_1.0,dfbsp,0.1,adaptive,8,0.015625,37,4,4,6,1.0,1.0,0.12202380952380952,0.12202380952380952,0,0,1,1,3,3,0.10810810810810811,1.0,4,1.0,37.991,43.599149999999995,0,2,0,6,1.0,0,0.6480000000000001,0.648,0.3
0.044814814814814814,1.8072523565171885,0.12248605779190001,3.2165339893648994,0.9583333333333334,26.541666666666668,4.429199044323421,0.09017124297708518,1807.252356517188,5002,2,walk,walk_new_dfbsp_tau_1.0,dfbsp,0.1,adaptive,8,0.015625,38,3,3,5,1.0,1.0,1.0527777777777778,1.0527777777777778,1,1,0,0,2,2,0.07894736842105263,1.0,3,1.0,37.7705,54.020599999999995,0,2,0,11,1.0,0,0.6480000000000001,0.648,0.3
0.16783854166666667,1.4761815345593279,0.10830996972156691,2.605815928493834,1.0,25.208333333333332,4.429296196299553,0.05952857194509983,1476.1815345593286,5002,3,walk,walk_new_dfbsp_tau_1.0,dfbsp,0.1,adaptive,8,0.015625,35,2,0,3,0.0,0.0,1.25,0.0,2,0,0,0,0,0,0.0,0.0,0,1.0,37.4955,46.5881,0,2,0,17,1.0,0,0.6480000000000001,0.648,0.3
0.14583333333333334,2.4830088473447107,0.07046404753867107,3.358760624044456,0.9166666666666666,36.083333333333336,4.99640553198147,0.10874082332521401,2483.008847344712,5003,0,walk,walk_new_dfbsp_tau_1.0,dfbsp,0.1,adaptive,8,0.015625,32,3,3,6,1.0,1.0,0.12202380952380952,0.12202380952380952,0,0,2,2,1,1,0.09375,1.0,3,1.0,38.536500000000004,52.46665,0,4,0,6,1.0,0,0.6480000000000001,0.648,0.3
0.002162247474747475,2.395412667478734,0.07826107674602872,3.0646643391170065,1.0,29.354166666666668,4.706991704200546,0.07609882927128124,2395.4126674787362,5003,1,walk,walk_new_dfbsp_tau_1.0,dfbsp,0.1,adaptive,8,0.015625,41,8,8,8,1.0,1.0,0.26904761904761904,0.26904761904761904,0,0,3,3,5,5,0.1951219512195122,1.0,8,1.0,38.216499999999996,48.3105,0,3,0,10,1.0,0,0.6480000000000001,0.648,0.3
0.4006076388888889,1.5844384305160564,0.3695568973435164,2.6152805565315163,0.8125,14.875,2.832357310641122,0.16985091596777116,1584.4384305160565,5003,2,walk,walk_new_dfbsp_tau_1.0,dfbsp,0.1,adaptive,8,0.015625,36,3,2,7,0.6666666666666666,0.9834710743801653,1.0803571428571428,1.0625,1,1,1,1,1,0,0.05555555555555555,1.0,2,1.0,38.442,48.00874999999999,0,7,0,39,1.0,0,0.6480000000000001,0.648,0.3
0.2923761423761424,2.2693009518927676,0.13147247928825015,2.5562754616800056,0.9791666666666666,21.541666666666668,3.983133591883297,0.16090366308789222,2269.3009518927674,5003,3,walk,walk_new_dfbsp_tau_1.0,dfbsp,0.1,adaptive,8,0.015625,38,2,2,7,1.0,1.0,0.05625,0.05625,0,0,0,0,2,2,0.05263157894736842,1.0,2,1.0,37.795500000000004,45.4868,0,6,0,33,1.0,0,0.6480000000000001,0.648,0.3
0.02309027777777778,3.8137480090809253,0.10370831384159611,3.825283209128596,0.8333333333333334,21.104166666666668,4.250206296352052,0.0806180360638183,3813.7480090809277,5004,0,walk,walk_new_dfbsp_tau_1.0,dfbsp,0.1,adaptive,8,0.015625,30,3,3,5,1.0,1.0,0.1845238095238095,0.1845238095238095,1,1,1,1,1,1,0.1,1.0,3,1.0,38.572,41.69029999999999,0,2,0,9,1.0,0,0.6480000000000001,0.648,0.3
0.10561326601885113,1.7803291649288333,0.14647710603383166,2.8713329487192,0.9791666666666666,23.208333333333332,4.153859618087344,0.09696636678538023,1780.3291649288342,5004,1,walk,walk_new_dfbsp_tau_1.0,dfbsp,0.1,adaptive,8,0.015625,36,8,8,11,1.0,1.0,0.6078869047619047,0.6078869047619047,2,2,0,0,6,6,0.2222222222222222,1.0,8,1.0,38.567,51.244949999999996,0,8,0,28,1.0,0,0.6480000000000001,0.648,0.3
0.25590136314222367,1.3661186052002658,0.09336432329108818,2.867595061835497,1.0,25.208333333333332,4.48679958187756,0.16253703985113557,1366.1186052002658,5004,2,walk,walk_new_dfbsp_tau_1.0,dfbsp,0.1,adaptive,8,0.015625,35,1,0,4,0.0,0.0,0.017857142857142856,0.0,0,0,0,0,1,0,0.0,0.0,0,1.0,37.881,43.8588,0,3,0,11,1.0,0,0.6480000000000001,0.648,0.3
0.20866402116402116,2.147049930223225,0.07922849690776974,3.340410855692103,0.9166666666666666,36.8125,5.029593258499534,0.12943552425625143,2147.049930223225,5004,3,walk,walk_new_dfbsp_tau_1.0,dfbsp,0.1,adaptive,8,0.015625,36,4,4,6,1.0,1.0,0.10119047619047619,0.10119047619047619,0,0,1,1,3,3,0.1111111111111111,1.0,4,1.0,38.311499999999995,43.9586,0,3,0,7,1.0,0,0.6480000000000001,0.648,0.3
0.10666749338624339,2.035520590632766,0.1313519803910936,2.793044971967498,0.9375,18.0625,3.9775448772364226,0.0369045021493499,2035.5205906327662,5005,0,walk,walk_new_dfbsp_tau_1.0,dfbsp,0.1,adaptive,8,0.015625,38,6,5,7,0.8333333333333334,0.900709219858156,0.6294642857142857,0.5669642857142857,2,2,1,0,3,3,0.13157894736842105,0.8,5,1.0,38.366,51.3345,0,4,0,22,1.0,0,0.6480000000000001,0.648,0.3
0.14583333333333334,2.397065554785605,0.1297778716067376,2.932691009541244,1.0,26.229166666666668,4.246816539305685,0.09002573133022569,2397.065554785607,5005,1,walk,walk_new_dfbsp_tau_1.0,dfbsp,0.1,adaptive,8,0.015625,36,3,2,4,0.6666666666666666,0.21311475409836064,1.2708333333333333,0.2708333333333333,2,1,0,0,1,1,0.05555555555555555,1.0,2,1.0,37.626000000000005,42.55915,0,4,0,26,1.0,0,0.6480000000000001,0.648,0.3
0.14616402116402116,2.396694620422273,0.11102910878754658,3.2130030960479954,0.8958333333333334,26.8125,4.374813668024675,0.14326028164456292,2396.6946204222736,5005,2,walk,walk_new_dfbsp_tau_1.0,dfbsp,0.1,adaptive,8,0.015625,38,4,4,6,1.0,1.0,0.35119047619047616,0.35119047619047616,1,1,1,1,2,2,0.10526315789473684,1.0,4,1.0,38.071,53.849399999999996,0,3,0,19,1.0,0,0.6480000000000001,0.648,0.3
0.0705109126984127,2.0343630212031036,0.09613145744830508,2.9971533815562204,1.0,27.1875,4.512900283657216,0.05270286264778868,2034.3630212031042,5005,3,walk,walk_new_dfbsp_tau_1.0,dfbsp,0.1,adaptive,8,0.015625,34,3,2,6,0.6666666666666666,0.5625,0.14285714285714285,0.08035714285714285,0,0,2,1,1,1,0.058823529411764705,0.6666666666666666,2,1.0,38.071,51.54295,0,2,0,9,1.0,0,0.6480000000000001,0.648,0.3
0.08333333333333333,2.8210978279707444,0.09690608702315122,3.2667831834542134,0.8541666666666666,28.770833333333332,4.617568265044154,0.07763481254549487,2821.097827970745,5006,0,walk,walk_new_dfbsp_tau_1.0,dfbsp,0.1,adaptive,8,0.015625,36,6,6,7,1.0,1.0,0.3861111111111111,0.3861111111111111,1,1,0,0,5,5,0.16666666666666666,1.0,6,1.0,38.3215,47.303799999999995,0,2,0,10,1.0,0,0.6480000000000001,0.648,0.3
0.03862847222222222,1.513903472814782,0.1762880366179066,2.2161405592464227,1.0,11.8125,3.3641832031586616,0.14637838081415608,1513.9034728147833,5006,1,walk,walk_new_dfbsp_tau_1.0,dfbsp,0.1,adaptive,8,0.015625,40,2,2,6,1.0,1.0,0.3125,0.3125,1,1,1,1,0,0,0.05,1.0,2,1.0,37.4005,46.14895,0,5,0,45,1.0,0,0.6480000000000001,0.648,0.3
0.17469618055555555,2.2583826079269085,0.18358232907148167,2.6790479299003658,0.9583333333333334,18.541666666666668,3.773390156652517,0.07735569851646991,2258.3826079269097,5006,2,walk,walk_new_dfbsp_tau_1.0,dfbsp,0.1,adaptive,8,0.015625,33,0,0,8,nan,nan,0.0,0.0,0,0,0,0,0,0,0.0,nan,0,1.0,38.5265,44.55565,0,7,0,27,1.0,0,0.6480000000000001,0.648,0.3
0.1574864849321371,1.3814560537584957,0.11122192738577526,2.8283617938436927,1.0,24.458333333333332,4.358119035359381,0.09761895663624925,1381.4560537584957,5006,3,walk,walk_new_dfbsp_tau_1.0,dfbsp,0.1,adaptive,8,0.015625,36,2,2,5,1.0,1.0,0.2708333333333333,0.2708333333333333,1,1,0,0,1,1,0.05555555555555555,1.0,2,1.0,38.157,44.76429999999999,0,4,0,17,1.0,0,0.6480000000000001,0.648,0.3
0.08333333333333333,2.5576725178832835,0.1282009368665087,2.9113198852764826,0.9583333333333334,20.833333333333332,4.0506447045979135,0.07926720145398934,2557.6725178832844,5007,0,walk,walk_new_dfbsp_tau_1.0,dfbsp,0.1,adaptive,8,0.015625,39,6,4,8,0.6666666666666666,0.7916666666666667,0.4,0.3166666666666667,1,1,2,0,3,3,0.10256410256410256,0.75,4,1.0,38.1365,44.79445,0,5,0,22,1.0,0,0.6480000000000001,0.648,0.3
0.023350694444444445,1.587566277535492,0.15307589615712525,2.342341514062364,1.0,21.0,3.937964631138818,0.12972520171268082,1587.5662775354922,5007,1,walk,walk_new_dfbsp_tau_1.0,dfbsp,0.1,adaptive,8,0.015625,33,4,3,11,0.75,0.18958031837916062,0.30848214285714287,0.05848214285714286,1,0,0,0,3,3,0.09090909090909091,1.0,3,1.0,37.995999999999995,49.62795,0,8,0,23,1.0,0,0.6480000000000001,0.648,0.3
0.2503472222222222,3.1413672006970663,0.07778005760234474,3.3698374334892693,1.0,45.270833333333336,5.1881828270928905,0.2134788460751931,3141.3672006970664,5007,2,walk,walk_new_dfbsp_tau_1.0,dfbsp,0.1,adaptive,8,0.015625,40,1,0,1,0.0,0.0,0.017857142857142856,0.0,0,0,0,0,1,0,0.0,0.0,0,1.0,37.6755,44.31745,0,1,0,4,1.0,0,0.6480000000000001,0.648,0.3
0.0021701388888888886,3.154606961290721,0.11224772336514359,3.5819928194557806,0.875,25.1875,4.43836079252961,0.11007758447625471,3154.606961290721,5007,3,walk,walk_new_dfbsp_tau_1.0,dfbsp,0.1,adaptive,8,0.015625,33,5,4,8,0.8,0.10040160642570281,1.1116071428571428,0.11160714285714285,1,0,1,1,3,3,0.12121212121212122,1.0,4,1.0,38.006,44.3338,0,4,0,14,1.0,0,0.6480000000000001,0.648,0.3
0.10677083333333333,1.5982087734787827,0.16932549953325085,2.6189238103901773,1.0,18.604166666666668,3.702977739757132,0.0625546661999175,1598.208773478783,5008,0,walk,walk_new_dfbsp_tau_1.0,dfbsp,0.1,adaptive,8,0.015625,33,4,4,10,1.0,1.0,0.1324404761904762,0.1324404761904762,0,0,1,1,3,3,0.12121212121212122,1.0,4,1.0,38.081,43.5456,0,9,0,39,1.0,0,0.6480000000000001,0.648,0.3
0.06539351851851852,2.0351466099878768,0.07271644515580582,3.5484744216821102,0.9791666666666666,31.145833333333332,4.863602790869012,0.0073229266372873,2035.1466099878764,5008,1,walk,walk_new_dfbsp_tau_1.0,dfbsp,0.1,adaptive,8,0.015625,37,3,3,5,1.0,1.0,0.09722222222222221,0.09722222222222221,0,0,1,1,2,2,0.08108108108108109,1.0,3,1.0,37.831,42.66265,0,1,0,2,1.0,0,0.6480000000000001,0.648,0.3
0.06579861111111111,1.7913039095542154,0.12872279625161034,2.8454572653346166,1.0,23.604166666666668,4.247027995275845,0.1123987649648458,1791.3039095542154,5008,2,walk,walk_new_dfbsp_tau_1.0,dfbsp,0.1,adaptive,8,0.015625,35,3,2,6,0.6666666666666666,0.5714285714285715,0.14583333333333331,0.08333333333333333,0,0,2,1,1,1,0.05714285714285714,0.6666666666666666,2,1.0,38.417,51.347,0,4,0,18,1.0,0,0.6480000000000001,0.648,0.3
0.08333333333333333,2.702307794869468,0.1398530591567321,3.7076945006402737,0.7916666666666666,30.1875,4.487883466651478,0.06921743269802232,2702.3077948694695,5008,3,walk,walk_new_dfbsp_tau_1.0,dfbsp,0.1,adaptive,8,0.015625,30,4,4,6,1.0,1.0,1.0584821428571427,1.0584821428571427,1,1,0,0,3,3,0.13333333333333333,1.0,4,1.0,38.036500000000004,51.818299999999994,0,4,0,17,1.0,0,0.6480000000000001,0.648,0.3
0.022855750487329435,3.046586610257529,0.08900207093620867,3.745767956775713,0.8541666666666666,32.604166666666664,4.746001401273239,0.06614632044887923,3046.5866102575287,5009,0,walk,walk_new_dfbsp_tau_1.0,dfbsp,0.1,adaptive,8,0.015625,32,5,4,7,0.8,0.6648044692737429,0.18645833333333334,0.12395833333333332,0,0,2,1,3,3,0.125,1.0,4,1.0,37.7055,42.91215,0,5,0,17,1.0,0,0.6480000000000001,0.648,0.3
0.04608015492701678,2.3635128990653644,0.06448144747898947,3.7498570472185815,0.9166666666666666,39.083333333333336,5.13490950018218,0.024031240006348552,2363.5128990653634,5009,1,walk,walk_new_dfbsp_tau_1.0,dfbsp,0.1,adaptive,8,0.015625,38,2,2,3,1.0,1.0,0.05,0.05,0,0,0,0,2,2,0.05263157894736842,1.0,2,1.0,38.126000000000005,46.82975,0,1,0,9,1.0,0,0.6480000000000001,0.648,0.3
0.02126736111111111,2.403283189706779,0.09275304925666715,3.469949409216534,0.9583333333333334,31.354166666666668,4.779076610464669,0.07148568814555602,2403.2831897067804,5009,2,walk,walk_new_dfbsp_tau_1.0,dfbsp,0.1,adaptive,8,0.015625,29,3,2,6,0.6666666666666666,0.6470588235294118,0.07083333333333333,0.04583333333333334,0,0,0,0,3,2,0.06896551724137931,1.0,2,1.0,38.146,45.843399999999995,0,3,0,10,1.0,0,0.6480000000000001,0.648,0.3
0.042758958574013406,2.4280477483151244,0.07881574665963322,3.2434100774516907,1.0,39.166666666666664,5.014043600322217,0.07545025046424784,2428.047748315125,5009,3,walk,walk_new_dfbsp_tau_1.0,dfbsp,0.1,adaptive,8,0.015625,39,2,2,4,1.0,1.0,0.2708333333333333,0.2708333333333333,1,1,0,0,1,1,0.05128205128205128,1.0,2,1.0,38.041,49.332049999999995,0,3,0,9,1.0,0,0.6480000000000001,0.648,0.3
0.3026847718253968,1.6669301210778034,0.23889158086338805,2.7015053929879476,0.9791666666666666,21.833333333333332,3.7235051491601205,0.16925944295162185,1666.9301210778037,5010,0,walk,walk_new_dfbsp_tau_1.0,dfbsp,0.1,adaptive,8,0.015625,40,7,7,11,1.0,1.0,1.3422619047619047,1.3422619047619047,2,2,0,0,5,5,0.175,1.0,7,1.0,38.166,42.17229999999999,0,5,0,24,1.0,0,0.6480000000000001,0.648,0.3
0.002755410298513747,2.2994567302961775,0.08713492440343167,3.184530550207598,1.0,31.833333333333332,4.69707146687517,0.08437951410491791,2299.456730296178,5010,1,walk,walk_new_dfbsp_tau_1.0,dfbsp,0.1,adaptive,8,0.015625,38,3,3,5,1.0,1.0,0.14583333333333334,0.14583333333333334,0,0,2,2,1,1,0.07894736842105263,1.0,3,1.0,38.311499999999995,43.98,0,5,0,18,1.0,0,0.6480000000000001,0.648,0.3
0.14616402116402116,1.6572823275668476,0.09081804720984198,2.904708617439779,0.9791666666666666,27.229166666666668,4.576551332047777,0.055345973954179194,1657.2823275668482,5010,2,walk,walk_new_dfbsp_tau_1.0,dfbsp,0.1,adaptive,8,0.015625,35,4,4,8,1.0,1.0,0.10014880952380953,0.10014880952380953,0,0,1,1,3,3,0.11428571428571428,1.0,4,1.0,38.286,45.062799999999996,0,5,0,14,1.0,0,0.6480000000000001,0.648,0.3
0.18815104166666666,1.552590451213441,0.13225221254544,2.4040460459993076,0.9791666666666666,16.854166666666668,3.8470470205378526,0.1676793911498128,1552.5904512134414,5010,3,walk,walk_new_dfbsp_tau_1.0,dfbsp,0.1,adaptive,8,0.015625,32,5,5,9,1.0,1.0,0.36160714285714285,0.36160714285714285,1,1,0,0,4,4,0.15625,1.0,5,1.0,38.301500000000004,51.4075,0,6,0,24,1.0,0,0.6480000000000001,0.648,0.3
0.003592311260727992,2.2638107057699437,0.1091018062558482,2.905845981744875,0.9791666666666666,23.604166666666668,4.300350767885752,0.10550949499512023,2263.810705769945,5011,0,walk,walk_new_dfbsp_tau_1.0,dfbsp,0.1,adaptive,8,0.015625,38,1,0,3,0.0,0.0,1.0,0.0,1,0,0,0,0,0,0.0,0.0,0,1.0,38.202,48.854749999999996,0,2,0,24,1.0,0,0.6480000000000001,0.648,0.3
0.14895833333333333,2.174713137010007,0.10755288260857483,2.9353850819897924,0.9791666666666666,28.104166666666668,4.511830442957233,0.04436216416278915,2174.713137010007,5011,1,walk,walk_new_dfbsp_tau_1.0,dfbsp,0.1,adaptive,8,0.015625,33,6,3,5,0.5,0.17085427135678394,0.4145833333333333,0.07083333333333333,1,0,1,0,4,3,0.09090909090909091,0.4,3,1.0,37.8255,56.830149999999996,0,3,0,10,1.0,0,0.6480000000000001,0.648,0.3
0.10881076388888888,2.2659719288716915,0.09891221208262964,4.002624204585592,0.6666666666666666,30.75,4.705841889432172,0.08919678472033928,2265.9719288716933,5011,2,walk,walk_new_dfbsp_tau_1.0,dfbsp,0.1,adaptive,8,0.015625,39,3,3,4,1.0,1.0,0.3333333333333333,0.3333333333333333,1,1,1,1,1,1,0.07692307692307693,1.0,3,1.0,38.046,45.54474999999999,0,3,0,9,1.0,0,0.6480000000000001,0.648,0.3
0.006423611111111112,2.4665341355611847,0.10718708143205441,3.019429154992204,1.0,27.125,4.401158669757706,0.10076347032094328,2466.5341355611845,5011,3,walk,walk_new_dfbsp_tau_1.0,dfbsp,0.1,adaptive,8,0.015625,36,4,2,7,0.5,0.03314917127071823,1.292857142857143,0.04285714285714286,2,0,0,0,2,2,0.05555555555555555,0.5,2,1.0,38.071,46.648399999999995,0,5,0,20,1.0,0,0.6480000000000001,0.648,0.3
0.01579861111111111,3.263003339030691,0.07384719707411762,3.5648798139324653,1.0,39.875,5.164658255692645,0.058048585963006515,3263.003339030693,5012,0,walk,walk_new_dfbsp_tau_1.0,dfbsp,0.1,adaptive,8,0.015625,39,2,2,4,1.0,1.0,0.03645833333333333,0.03645833333333333,0,0,0,0,2,2,0.05128205128205128,1.0,2,1.0,38.382000000000005,47.6896,0,1,0,5,1.0,0,0.6480000000000001,0.648,0.3
0.08385416666666667,1.7687517590570625,0.11132173932667155,3.050651673202905,1.0,21.979166666666668,4.218647986908416,0.09453430350486476,1768.7517590570633,5012,1,walk,walk_new_dfbsp_tau_1.0,dfbsp,0.1,adaptive,8,0.015625,37,3,3,6,1.0,1.0,0.2864583333333333,0.2864583333333333,1,1,0,0,2,2,0.08108108108108109,1.0,3,1.0,38.2965,43.9036,0,4,0,14,1.0,0,0.6480000000000001,0.648,0.3
0.2721677559912854,1.8439146748788113,0.13615492008333233,2.6597221785336234,1.0,24.25,4.062013063641905,0.1498137961116692,1843.9146748788116,5012,2,walk,walk_new_dfbsp_tau_1.0,dfbsp,0.1,adaptive,8,0.015625,37,4,4,10,1.0,1.0,0.1261904761904762,0.1261904761904762,0,0,2,2,2,2,0.10810810810810811,1.0,4,1.0,37.9155,50.83365,0,6,0,25,1.0,0,0.6480000000000001,0.648,0.3
0.08457341269841269,2.980480670935514,0.11552802896596313,3.1512312825810334,1.0,25.375,4.274972575394842,0.032736326926368985,2980.4806709355157,5012,3,walk,walk_new_dfbsp_tau_1.0,dfbsp,0.1,adaptive,8,0.015625,32,1,0,6,0.0,0.0,0.017857142857142856,0.0,0,0,0,0,1,0,0.0,0.0,0,1.0,38.497,52.97945,0,5,0,16,1.0,0,0.6480000000000001,0.648,0.3
0.2729614067849362,2.3037131497458114,0.08386355323053003,3.3890206359102866,0.875,34.645833333333336,4.9030687992047435,0.1890978535544062,2303.713149745812,5013,0,walk,walk_new_dfbsp_tau_1.0,dfbsp,0.1,adaptive,8,0.015625,37,4,3,4,0.75,0.7640449438202247,0.1324404761904762,0.10119047619047619,0,0,1,1,3,2,0.08108108108108109,1.0,3,1.0,37.43000000000001,42.8323,0,4,0,10,1.0,0,0.6480000000000001,0.648,0.3
0.3333333333333333,1.8501762950501277,0.13361605070154187,2.7858101636691273,0.9791666666666666,26.208333333333332,4.225818364050717,0.27735828696624015,1850.1762950501281,5013,1,walk,walk_new_dfbsp_tau_1.0,dfbsp,0.1,adaptive,8,0.015625,36,6,6,9,1.0,1.0,0.23333333333333334,0.23333333333333334,0,0,2,2,4,4,0.16666666666666666,1.0,6,1.0,38.191500000000005,44.55859999999999,0,6,0,23,1.0,0,0.6480000000000001,0.648,0.3
0.16703869047619047,1.9038715593200404,0.12334686238008274,3.0017076144110875,0.9375,23.25,4.138031539286532,0.19789377945550268,1903.8715593200413,5013,2,walk,walk_new_dfbsp_tau_1.0,dfbsp,0.1,adaptive,8,0.015625,30,1,1,6,1.0,1.0,0.025,0.025,0,0,0,0,1,1,0.03333333333333333,1.0,1,1.0,38.216,49.4778,0,5,0,25,1.0,0,0.6480000000000001,0.648,0.3
0.06349826388888889,2.1339117251042983,0.10264692851305617,3.2083824385213835,0.9791666666666666,28.270833333333332,4.555001156793089,0.05539087520737122,2133.9117251042994,5013,3,walk,walk_new_dfbsp_tau_1.0,dfbsp,0.1,adaptive,8,0.015625,36,5,4,5,0.8,0.947136563876652,0.337797619047619,0.31994047619047616,1,1,0,0,4,3,0.1111111111111111,0.8,4,1.0,37.6255,50.436,0,2,0,7,1.0,0,0.6480000000000001,0.648,0.3
0.2026909722222222,1.5293423518077411,0.1340822472051094,2.4253309552009585,1.0,16.6875,3.829884272339967,0.08399993900894594,1529.3423518077414,5014,0,walk,walk_new_dfbsp_tau_1.0,dfbsp,0.1,adaptive,8,0.015625,35,3,2,7,0.6666666666666666,0.8333333333333334,0.375,0.3125,1,1,2,1,0,0,0.05714285714285714,0.6666666666666666,2,1.0,38.542,44.68254999999999,0,6,0,22,1.0,0,0.6480000000000001,0.648,0.3
0.1882638888888889,2.3739264219318867,0.19799858729272482,3.1298547280945304,0.8333333333333334,25.604166666666668,4.038983830030109,0.08388636353319029,2373.9264219318866,5014,1,walk,walk_new_dfbsp_tau_1.0,dfbsp,0.1,adaptive,8,0.015625,39,2,2,7,1.0,1.0,1.0625,1.0625,1,1,1,1,0,0,0.05128205128205128,1.0,2,1.0,38.232,44.28875,0,6,0,23,1.0,0,0.6480000000000001,0.648,0.3
0.14616402116402116,2.9659935261473116,0.11015808182002183,3.31265140451857,0.9583333333333334,28.791666666666668,4.528478959278621,0.0969566317070038,2965.993526147311,5014,2,walk,walk_new_dfbsp_tau_1.0,dfbsp,0.1,adaptive,8,0.015625,37,5,5,7,1.0,1.0,0.609375,0.609375,2,2,1,1,2,2,0.13513513513513514,1.0,5,1.0,38.051,49.1843,0,5,0,14,1.0,0,0.6480000000000001,0.648,0.3
0.125,2.2255742718893283,0.0930451055168132,3.1730209022473033,0.9791666666666666,24.75,4.4884659895231485,0.05290718463305391,2225.574271889328,5014,3,walk,walk_new_dfbsp_tau_1.0,dfbsp,0.1,adaptive,8,0.015625,33,4,4,6,1.0,1.0,0.12896825396825395,0.12896825396825395,0,0,1,1,3,3,0.12121212121212122,1.0,4,1.0,38.281000000000006,45.510549999999995,0,3,0,8,1.0,0,0.6480000000000001,0.648,0.3
0.11605902777777777,1.8672068282199819,0.11996622245605622,2.7986169769003895,0.9166666666666666,17.895833333333332,4.0206758046181506,0.03817668099445708,1867.2068282199818,5015,0,walk,walk_new_dfbsp_tau_1.0,dfbsp,0.1,adaptive,8,0.015625,37,4,3,7,0.75,0.3406593406593406,0.37916666666666665,0.12916666666666665,1,0,2,2,1,1,0.08108108108108109,0.6666666666666666,3,1.0,38.447,50.671049999999994,0,4,0,24,1.0,0,0.6480000000000001,0.648,0.3
0.20876736111111108,2.2853837620437085,0.11749535692140435,2.8871926731147983,0.9375,25.9375,4.317925532310829,0.16054353905304777,2285.3837620437093,5015,1,walk,walk_new_dfbsp_tau_1.0,dfbsp,0.1,adaptive,8,0.015625,37,4,3,7,0.75,0.7254901960784313,0.45535714285714285,0.33035714285714285,2,1,1,1,1,1,0.08108108108108109,0.75,3,1.0,38.135999999999996,45.3953,0,5,0,21,1.0,0,0.6480000000000001,0.648,0.3
0.14652321656632003,2.9708669064741215,0.06364830858156775,3.4811533972929816,0.9583333333333334,41.3125,5.237657589005549,0.08287490798475226,2970.866906474123,5015,2,walk,walk_new_dfbsp_tau_1.0,dfbsp,0.1,adaptive,8,0.015625,35,1,1,2,1.0,1.0,0.020833333333333332,0.020833333333333332,0,0,0,0,1,1,0.02857142857142857,1.0,1,1.0,38.4315,44.76695,0,1,0,1,1.0,0,0.6480000000000001,0.648,0.3
0.2098958333333333,1.6332269459009927,0.10635221174335091,2.7959247094972643,1.0,27.729166666666668,4.435472220264108,0.11697436115221459,1633.226945900993,5015,3,walk,walk_new_dfbsp_tau_1.0,dfbsp,0.1,adaptive,8,0.015625,33,1,1,6,1.0,1.0,0.25,0.25,1,1,0,0,0,0,0.030303030303030304,1.0,1,1.0,38.5665,49.6145,0,5,0,17,1.0,0,0.6480000000000001,0.648,0.3
0.02200520833333333,3.4337600433950364,0.07130011559025462,4.636284579135592,0.5416666666666666,33.25,4.958092948992294,0.049294907256921296,3433.7600433950356,5016,0,walk,walk_new_dfbsp_tau_1.0,dfbsp,0.1,adaptive,8,0.015625,41,3,3,3,1.0,1.0,0.11458333333333333,0.11458333333333333,0,0,1,1,2,2,0.07317073170731707,1.0,3,1.0,37.430499999999995,42.564299999999996,0,2,0,5,1.0,0,0.6480000000000001,0.648,0.3
0.10850694444444443,1.9376537425703715,0.10869967643624696,2.917726794248228,1.0,27.833333333333332,4.526835857846665,0.10901612923460975,1937.6537425703712,5016,1,walk,walk_new_dfbsp_tau_1.0,dfbsp,0.1,adaptive,8,0.015625,30,2,1,5,0.5,0.07692307692307693,0.2708333333333333,0.020833333333333332,1,0,0,0,1,1,0.03333333333333333,0.5,1,1.0,38.697,44.46965,0,3,0,15,1.0,0,0.6480000000000001,0.648,0.3
0.1886987433862434,1.5373504315428004,0.19283088826007308,2.5691077478753463,0.9791666666666666,15.5,3.6101420666189115,0.18145824750613207,1537.3504315428006,5016,2,walk,walk_new_dfbsp_tau_1.0,dfbsp,0.1,adaptive,8,0.015625,34,4,3,8,0.75,0.8125,1.3333333333333333,1.0833333333333333,2,1,1,1,1,1,0.08823529411764706,1.0,3,1.0,38.141000000000005,50.05815,0,6,0,34,1.0,0,0.6480000000000001,0.648,0.3
0.0419973544973545,2.863263790881321,0.10278068153632386,3.2177975432378383,1.0,32.875,4.672492342434717,0.0607833270389694,2863.26379088132,5016,3,walk,walk_new_dfbsp_tau_1.0,dfbsp,0.1,adaptive,8,0.015625,34,3,2,6,0.6666666666666666,0.45454545454545453,0.11458333333333333,0.05208333333333333,0,0,1,0,2,2,0.058823529411764705,0.6666666666666666,2,1.0,38.177,44.07215,0,5,0,17,1.0,0,0.6480000000000001,0.648,0.3
0.12610607078853045,2.21349090325041,0.09835223006434489,2.749334220055267,0.9583333333333334,21.229166666666668,4.264915782464258,0.0932435809039257,2213.4909032504115,5017,0,walk,walk_new_dfbsp_tau_1.0,dfbsp,0.1,adaptive,8,0.015625,37,5,4,7,0.8,0.09287257019438445,1.1023809523809522,0.10238095238095238,1,0,1,1,3,3,0.10810810810810811,0.6666666666666666,4,1.0,38.4465,51.25515,0,3,0,17,1.0,0,0.6480000000000001,0.648,0.3
0.020833333333333332,1.8659398202568525,0.10720605431671988,3.0065605548565055,0.9583333333333334,26.833333333333332,4.395143483604315,0.08637272098338655,1865.9398202568534,5017,1,walk,walk_new_dfbsp_tau_1.0,dfbsp,0.1,adaptive,8,0.015625,36,2,2,4,1.0,1.0,0.2708333333333333,0.2708333333333333,1,1,0,0,1,1,0.05555555555555555,1.0,2,1.0,37.846000000000004,44.9163,0,3,0,16,1.0,0,0.6480000000000001,0.648,0.3
0.12326388888888888,2.416835554726387,0.14066367274181937,3.3052930997073484,1.0,39.625,4.860281225412037,0.05021228385293047,2416.835554726388,5017,2,walk,walk_new_dfbsp_tau_1.0,dfbsp,0.1,adaptive,8,0.015625,40,2,2,4,1.0,1.0,1.0178571428571428,1.0178571428571428,1,1,0,0,1,1,0.05,1.0,2,1.0,38.507000000000005,51.555049999999994,0,3,0,10,1.0,0,0.6480000000000001,0.648,0.3
0.02717300061050061,2.3929702683609944,0.10162925283642509,3.055007522503057,1.0,30.75,4.628724214773723,0.09569125387573514,2392.970268360996,5017,3,walk,walk_new_dfbsp_tau_1.0,dfbsp,0.1,adaptive,8,0.015625,38,6,6,9,1.0,1.0,0.44146825396825395,0.44146825396825395,1,1,2,2,3,3,0.15789473684210525,1.0,6,1.0,38.527,52.774449999999995,0,6,0,15,1.0,0,0.6480000000000001,0.648,0.3
0.0011987433862433862,1.6682204496921733,0.16044526307769366,2.5866698815290454,0.9583333333333334,16.270833333333332,3.735667205588667,0.1592465196914503,1668.220449692174,5018,0,walk,walk_new_dfbsp_tau_1.0,dfbsp,0.1,adaptive,8,0.015625,34,5,3,7,0.6,0.5178571428571429,0.5833333333333333,0.3020833333333333,2,1,0,0,3,2,0.08823529411764706,1.0,3,1.0,37.655,51.79465,0,5,0,28,1.0,0,0.6480000000000001,0.648,0.3
0.0005208333333333333,2.6945845605047225,0.07374421856579502,3.499913984180122,1.0,37.895833333333336,5.000531761141775,0.07322338523246168,2694.584560504724,5018,1,walk,walk_new_dfbsp_tau_1.0,dfbsp,0.1,adaptive,8,0.015625,33,2,2,3,1.0,1.0,0.08035714285714285,0.08035714285714285,0,0,1,1,1,1,0.06060606060606061,1.0,2,1.0,38.542,47.3604,0,3,0,7,1.0,0,0.6480000000000001,0.648,0.3
0.1506076388888889,1.817900176657104,0.14179786889302287,2.68371322796399,1.0,18.3125,3.9815807307327966,0.13699471817710743,1817.9001766571048,5018,2,walk,walk_new_dfbsp_tau_1.0,dfbsp,0.1,adaptive,8,0.015625,34,4,3,6,0.75,0.947598253275109,0.34077380952380953,0.32291666666666663,1,1,1,1,2,1,0.08823529411764706,0.6666666666666666,3,1.0,38.340999999999994,51.473800000000004,0,5,0,22,1.0,0,0.6480000000000001,0.648,0.3
0.021164021164021163,1.7971867333224794,0.12531756872129193,2.940685607770789,0.9791666666666666,28.958333333333332,4.3827089479639385,0.10415354755727074,1797.186733322479,5018,3,walk,walk_new_dfbsp_tau_1.0,dfbsp,0.1,adaptive,8,0.015625,39,3,3,5,1.0,1.0,0.375,0.375,1,1,2,2,0,0,0.07692307692307693,1.0,3,1.0,38.226,42.2818,0,5,0,16,1.0,0,0.6480000000000001,0.648,0.3
0.2726107804232804,1.5973660510481658,0.13588379016095686,2.5699186381869628,0.9791666666666666,23.0625,4.096528667540974,0.13672699026232352,1597.366051048167,5019,0,walk,walk_new_dfbsp_tau_1.0,dfbsp,0.1,adaptive,8,0.015625,37,3,2,7,0.6666666666666666,0.16417910447761194,0.29910714285714285,0.049107142857142856,1,0,0,0,2,2,0.05405405405405406,0.5,2,1.0,38.346500000000006,49.061299999999996,0,6,0,30,1.0,0,0.6480000000000001,0.648,0.3
0.20908905228758168,1.313978513489749,0.11116740188179625,2.6088094557356936,1.0,26.0625,4.310859081998776,0.09792165040578545,1313.9785134897493,5019,1,walk,walk_new_dfbsp_tau_1.0,dfbsp,0.1,adaptive,8,0.015625,39,6,5,9,0.8333333333333334,0.8998011928429424,0.6237599206349207,0.5612599206349207,2,2,1,0,3,3,0.1282051282051282,1.0,5,1.0,38.472,42.30965,0,7,0,18,1.0,0,0.6480000000000001,0.648,0.3
0.22968750000000002,2.5535379296482037,0.1202864726598602,3.00476324814978,1.0,33.479166666666664,4.5207265910222425,0.1094010273401398,2553.5379296482056,5019,2,walk,walk_new_dfbsp_tau_1.0,dfbsp,0.1,adaptive,8,0.015625,32,2,2,9,1.0,1.0,0.049107142857142856,0.049107142857142856,0,0,0,0,2,2,0.0625,1.0,2,1.0,38.822,51.76845,0,7,0,17,1.0,0,0.6480000000000001,0.648,0.3
0.04237614237614238,2.0418007159593814,0.11163802358872009,2.5592961090631277,1.0,21.208333333333332,4.199972552290247,0.06926188121257769,2041.800715959381,5019,3,walk,walk_new_dfbsp_tau_1.0,dfbsp,0.1,adaptive,8,0.015625,40,5,3,7,0.6,0.6601307189542485,0.1138392857142857,0.07514880952380952,0,0,1,1,4,2,0.075,0.6666666666666666,3,1.0,38.011,52.8138,0,3,0,22,1.0,0,0.6480000000000001,0.648,0.3
