scenario,seed,user,slot,area,opportunity,completed
static,1000,0,2,1,0,0
static,1000,0,3,1,0,0
static,1000,0,4,1,0,0
static,1000,0,5,4,0,0
static,1000,0,6,1,0,0
static,1000,0,7,16,0,0
static,1000,0,12,1,0,0
static,1000,0,13,48,1,0
static,1000,0,15,1,0,0
static,1000,0,16,32,1,0
static,1000,0,18,4,0,0
static,1000,0,20,64,0,0
static,1000,0,21,24,0,0
static,1000,0,22,4,0,0
static,1000,0,23,1,0,0
static,1000,0,24,1,0,0
static,1000,0,25,32,1,0
static,1000,0,26,40,1,0
static,1000,0,28,1,0,0
static,1000,0,29,40,1,0
static,1000,0,30,1,0,0
static,1000,0,32,4,0,0
static,1000,0,33,1,0,0
static,1000,0,34,4,0,0
static,1000,0,35,1,0,0
static,1000,0,37,1,0,0
static,1000,0,40,1,0,0
static,1000,0,41,4,0,0
static,1000,0,42,4,0,0
static,1000,0,43,4,0,0
static,1000,0,44,1,0,0
static,1000,0,45,16,1,0
static,1000,0,46,48,1,0
static,1000,0,47,4,0,0
static,1000,1,0,4,0,0
static,1000,1,1,4,0,0
static,1000,1,2,1,0,0
static,1000,1,3,64,1,1
static,1000,1,4,8,0,0
static,1000,1,5,1,0,0
static,1000,1,6,4,0,0
static,1000,1,7,4,0,0
static,1000,1,8,4,0,0
static,1000,1,9,1,0,0
static,1000,1,10,1,0,0
static,1000,1,11,4,0,0
static,1000,1,12,4,0,0
static,1000,1,15,1,0,0
static,1000,1,16,1,0,0
static,1000,1,17,48,0,0
static,1000,1,18,4,0,0
static,1000,1,19,4,0,0
static,1000,1,20,24,0,0
static,1000,1,21,1,0,0
static,1000,1,22,1,0,0
static,1000,1,23,4,0,0
static,1000,1,24,1,0,0
static,1000,1,26,1,0,0
static,1000,1,27,4,0,0
static,1000,1,28,4,0,0
static,1000,1,29,4,0,0
static,1000,1,30,1,0,0
static,1000,1,32,4,0,0
static,1000,1,33,4,0,0
static,1000,1,34,1,0,0
static,1000,1,35,1,0,0
static,1000,1,37,1,0,0
static,1000,1,38,4,1,0
static,1000,1,39,32,0,0
static,1000,1,41,4,0,0
static,1000,1,43,4,0,0
static,1000,1,44,1,0,0
static,1000,1,45,1,0,0
static,1000,1,47,4,0,0
static,1000,2,0,1,0,0
static,1000,2,1,1,0,0
static,1000,2,2,1,0,0
static,1000,2,5,4,0,0
static,1000,2,7,1,0,0
static,1000,2,8,1,0,0
static,1000,2,9,1,0,0
static,1000,2,11,4,0,0
static,1000,2,12,8,1,0
static,1000,2,13,16,1,0
static,1000,2,14,4,0,0
static,1000,2,15,16,0,0
static,1000,2,16,24,1,1
static,1000,2,17,1,0,0
static,1000,2,18,16,0,0
static,1000,2,20,24,0,0
static,1000,2,21,1,0,0
static,1000,2,23,4,0,0
static,1000,2,24,1,0,0
static,1000,2,25,4,0,0
static,1000,2,26,4,0,0
static,1000,2,28,1,0,0
static,1000,2,29,40,0,0
static,1000,2,30,1,0,0
static,1000,2,31,4,0,0
static,1000,2,33,4,0,0
static,1000,2,34,1,0,0
static,1000,2,35,4,0,0
static,1000,2,37,1,0,0
static,1000,2,38,1,0,0
static,1000,2,39,1,0,0
static,1000,2,40,1,0,0
static,1000,2,44,1,0,0
static,1000,2,45,16,0,0
static,1000,2,46,1,0,0
static,1000,2,47,1,0,0
static,1000,3,1,1,0,0
static,1000,3,2,4,0,0
static,1000,3,3,16,0,0
static,1000,3,4,8,0,0
static,1000,3,5,40,0,0
static,1000,3,6,36,1,1
static,1000,3,7,16,0,0
static,1000,3,8,1,0,0
static,1000,3,9,1,0,0
static,1000,3,11,16,0,0
static,1000,3,12,4,0,0
static,1000,3,13,40,0,0
static,1000,3,14,1,0,0
static,1000,3,15,4,0,0
static,1000,3,17,8,0,0
static,1000,3,19,24,0,0
static,1000,3,21,4,0,0
static,1000,3,22,1,0,0
static,1000,3,24,1,0,0
static,1000,3,25,4,0,0
static,1000,3,26,48,0,0
static,1000,3,31,4,0,0
static,1000,3,32,4,0,0
static,1000,3,34,1,0,0
static,1000,3,36,4,1,0
static,1000,3,37,16,1,0
static,1000,3,39,1,0,0
static,1000,3,40,16,0,0
static,1000,3,42,36,0,0
static,1000,3,43,4,0,0
static,1000,3,46,56,0,0
static,1001,0,0,4,1,0
static,1001,0,3,24,0,0
static,1001,0,4,4,0,0
static,1001,0,6,1,0,0
static,1001,0,7,4,0,0
static,1001,0,8,1,0,0
static,1001,0,9,4,0,0
static,1001,0,11,1,0,0
static,1001,0,12,1,0,0
static,1001,0,13,1,0,0
static,1001,0,14,1,0,0
static,1001,0,15,1,0,0
static,1001,0,16,1,0,0
static,1001,0,17,16,0,0
static,1001,0,18,4,0,0
static,1001,0,20,32,0,0
static,1001,0,21,24,0,0
static,1001,0,22,1,0,0
static,1001,0,23,1,0,0
static,1001,0,24,4,0,0
static,1001,0,25,4,0,0
static,1001,0,27,8,0,0
static,1001,0,28,1,0,0
static,1001,0,29,24,0,0
static,1001,0,31,1,0,0
static,1001,0,33,4,0,0
static,1001,0,34,1,0,0
static,1001,0,35,4,0,0
static,1001,0,36,4,0,0
static,1001,0,41,4,0,0
static,1001,0,42,1,0,0
static,1001,0,43,1,0,0
static,1001,0,44,4,0,0
static,1001,0,45,1,0,0
static,1001,0,47,4,0,0
static,1001,1,0,32,0,0
static,1001,1,1,1,0,0
static,1001,1,2,16,1,1
static,1001,1,3,1,0,0
static,1001,1,5,1,0,0
static,1001,1,6,16,0,0
static,1001,1,7,4,0,0
static,1001,1,10,1,0,0
static,1001,1,11,4,0,0
static,1001,1,13,8,0,0
static,1001,1,14,4,1,0
static,1001,1,15,4,0,0
static,1001,1,16,4,0,0
static,1001,1,17,4,0,0
static,1001,1,18,4,0,0
static,1001,1,21,1,0,0
static,1001,1,22,16,0,0
static,1001,1,23,1,0,0
static,1001,1,24,1,0,0
static,1001,1,25,1,0,0
static,1001,1,27,4,0,0
static,1001,1,28,16,0,0
static,1001,1,31,1,0,0
static,1001,1,34,1,0,0
static,1001,1,36,1,0,0
static,1001,1,38,1,0,0
static,1001,1,39,1,0,0
static,1001,1,40,32,1,1
static,1001,1,41,4,0,0
static,1001,1,42,16,0,0
static,1001,1,43,4,0,0
static,1001,1,44,48,1,1
static,1001,1,45,1,0,0
static,1001,1,47,16,1,1
static,1001,2,0,1,0,0
static,1001,2,1,1,0,0
static,1001,2,2,4,0,0
static,1001,2,4,32,0,0
static,1001,2,5,4,0,0
static,1001,2,6,4,0,0
static,1001,2,7,1,0,0
static,1001,2,8,1,0,0
static,1001,2,10,1,0,0
static,1001,2,11,1,0,0
static,1001,2,12,4,0,0
static,1001,2,14,1,0,0
static,1001,2,17,4,0,0
static,1001,2,18,1,0,0
static,1001,2,19,1,0,0
static,1001,2,20,4,0,0
static,1001,2,22,1,0,0
static,1001,2,23,1,1,0
static,1001,2,24,56,1,1
static,1001,2,25,4,0,0
static,1001,2,26,56,1,0
static,1001,2,27,4,0,0
static,1001,2,28,4,0,0
static,1001,2,30,40,0,0
static,1001,2,31,56,1,0
static,1001,2,32,1,0,0
static,1001,2,34,4,0,0
static,1001,2,35,16,0,0
static,1001,2,38,1,0,0
static,1001,2,39,1,0,0
static,1001,2,42,4,0,0
static,1001,2,43,4,0,0
static,1001,2,44,32,0,0
static,1001,2,45,4,0,0
static,1001,2,46,4,0,0
static,1001,2,47,4,0,0
static,1001,3,1,1,0,0
static,1001,3,2,56,0,0
static,1001,3,5,4,0,0
static,1001,3,6,4,0,0
static,1001,3,7,1,0,0
static,1001,3,9,40,0,0
static,1001,3,10,4,0,0
static,1001,3,12,1,0,0
static,1001,3,13,4,0,0
static,1001,3,14,48,1,1
static,1001,3,16,48,1,0
static,1001,3,17,1,0,0
static,1001,3,18,4,0,0
static,1001,3,19,1,0,0
static,1001,3,20,48,1,1
static,1001,3,21,1,0,0
static,1001,3,23,1,0,0
static,1001,3,24,4,0,0
static,1001,3,25,16,0,0
static,1001,3,26,1,0,0
static,1001,3,27,1,0,0
static,1001,3,32,4,0,0
static,1001,3,33,1,0,0
static,1001,3,34,4,0,0
static,1001,3,36,4,1,0
static,1001,3,37,1,0,0
static,1001,3,38,4,0,0
static,1001,3,39,1,0,0
static,1001,3,40,4,1,0
static,1001,3,44,1,0,0
static,1001,3,45,4,0,0
static,1001,3,47,4,0,0
static,1002,0,0,4,0,0
static,1002,0,1,4,0,0
static,1002,0,2,56,1,1
static,1002,0,4,1,0,0
static,1002,0,5,4,0,0
static,1002,0,6,1,0,0
static,1002,0,7,1,0,0
static,1002,0,8,4,0,0
static,1002,0,9,4,0,0
static,1002,0,10,4,0,0
static,1002,0,11,16,0,0
static,1002,0,12,4,0,0
static,1002,0,13,16,0,0
static,1002,0,14,1,0,0
static,1002,0,15,16,0,0
static,1002,0,16,8,1,0
static,1002,0,17,1,0,0
static,1002,0,18,4,0,0
static,1002,0,19,1,0,0
static,1002,0,20,4,0,0
static,1002,0,21,4,0,0
static,1002,0,22,4,0,0
static,1002,0,23,64,0,0
static,1002,0,24,4,0,0
static,1002,0,26,4,0,0
static,1002,0,27,4,0,0
static,1002,0,28,4,0,0
static,1002,0,29,8,0,0
static,1002,0,30,32,1,1
static,1002,0,31,56,1,1
static,1002,0,32,1,0,0
static,1002,0,34,4,0,0
static,1002,0,35,1,0,0
static,1002,0,38,4,0,0
static,1002,0,39,4,0,0
static,1002,0,40,8,1,0
static,1002,0,41,1,0,0
static,1002,0,42,16,0,0
static,1002,0,43,16,0,0
static,1002,0,44,36,0,0
static,1002,0,45,1,0,0
static,1002,0,46,1,0,0
static,1002,0,47,4,0,0
static,1002,1,1,1,0,0
static,1002,1,2,4,1,0
static,1002,1,3,1,0,0
static,1002,1,5,8,0,0
static,1002,1,6,4,0,0
static,1002,1,7,4,0,0
static,1002,1,8,56,1,1
static,1002,1,9,8,0,0
static,1002,1,10,1,0,0
static,1002,1,13,1,0,0
static,1002,1,14,4,0,0
static,1002,1,15,1,0,0
static,1002,1,17,4,1,0
static,1002,1,18,32,0,0
static,1002,1,19,1,0,0
static,1002,1,20,4,1,0
static,1002,1,21,4,0,0
static,1002,1,23,56,1,1
static,1002,1,24,48,1,0
static,1002,1,25,1,0,0
static,1002,1,27,4,0,0
static,1002,1,28,4,0,0
static,1002,1,30,1,0,0
static,1002,1,31,1,0,0
static,1002,1,33,16,0,0
static,1002,1,34,1,0,0
static,1002,1,35,1,0,0
static,1002,1,36,1,0,0
static,1002,1,37,4,0,0
static,1002,1,38,1,0,0
static,1002,1,39,1,0,0
static,1002,1,40,4,0,0
static,1002,1,41,1,0,0
static,1002,1,44,1,0,0
static,1002,1,45,1,0,0
static,1002,2,2,1,0,0
static,1002,2,4,1,0,0
static,1002,2,6,1,0,0
static,1002,2,7,1,0,0
static,1002,2,8,4,0,0
static,1002,2,9,1,0,0
static,1002,2,10,4,0,0
static,1002,2,11,4,0,0
static,1002,2,13,1,0,0
static,1002,2,14,1,0,0
static,1002,2,15,16,0,0
static,1002,2,16,16,0,0
static,1002,2,17,1,0,0
static,1002,2,18,4,0,0
static,1002,2,19,4,0,0
static,1002,2,20,4,1,0
static,1002,2,21,4,0,0
static,1002,2,23,16,0,0
static,1002,2,24,1,1,0
static,1002,2,27,1,0,0
static,1002,2,28,1,0,0
static,1002,2,29,1,0,0
static,1002,2,30,4,0,0
static,1002,2,31,4,0,0
static,1002,2,32,1,0,0
static,1002,2,33,4,0,0
static,1002,2,34,48,1,0
static,1002,2,36,32,0,0
static,1002,2,37,16,0,0
static,1002,2,38,4,0,0
static,1002,2,39,4,0,0
static,1002,2,40,1,0,0
static,1002,2,41,1,0,0
static,1002,2,42,1,0,0
static,1002,2,43,4,0,0
static,1002,2,44,1,0,0
static,1002,2,45,1,0,0
static,1002,2,46,4,0,0
static,1002,2,47,1,0,0
static,1002,3,0,40,1,1
static,1002,3,2,1,0,0
static,1002,3,3,1,0,0
static,1002,3,5,32,1,0
static,1002,3,7,1,0,0
static,1002,3,8,1,0,0
static,1002,3,10,40,1,1
static,1002,3,11,1,0,0
static,1002,3,12,1,0,0
static,1002,3,13,4,0,0
static,1002,3,14,16,0,0
static,1002,3,15,1,0,0
static,1002,3,16,1,1,0
static,1002,3,18,1,0,0
static,1002,3,21,1,0,0
static,1002,3,24,1,0,0
static,1002,3,25,1,0,0
static,1002,3,27,1,0,0
static,1002,3,29,1,0,0
static,1002,3,30,1,0,0
static,1002,3,32,24,1,0
static,1002,3,33,32,0,0
static,1002,3,34,24,0,0
static,1002,3,35,1,0,0
static,1002,3,37,1,0,0
static,1002,3,38,4,1,0
static,1002,3,39,1,0,0
static,1002,3,40,24,0,0
static,1002,3,41,4,0,0
static,1002,3,42,1,0,0
static,1002,3,43,40,0,0
static,1002,3,44,1,0,0
static,1002,3,45,4,0,0
static,1002,3,46,4,0,0
static,1002,3,47,1,0,0
static,1003,0,0,1,0,0
static,1003,0,2,1,0,0
static,1003,0,3,4,0,0
static,1003,0,5,1,0,0
static,1003,0,6,56,0,0
static,1003,0,7,4,0,0
static,1003,0,8,1,0,0
static,1003,0,9,4,0,0
static,1003,0,10,4,0,0
static,1003,0,11,1,0,0
static,1003,0,12,16,0,0
static,1003,0,13,1,0,0
static,1003,0,14,24,0,0
static,1003,0,15,4,0,0
static,1003,0,17,24,0,0
static,1003,0,18,1,0,0
static,1003,0,19,4,0,0
static,1003,0,22,4,0,0
static,1003,0,23,16,0,0
static,1003,0,26,16,1,0
static,1003,0,27,1,0,0
static,1003,0,28,48,1,1
static,1003,0,30,4,0,0
static,1003,0,31,56,1,1
static,1003,0,33,1,0,0
static,1003,0,34,40,1,0
static,1003,0,35,48,0,0
static,1003,0,36,1,0,0
static,1003,0,37,32,1,0
static,1003,0,38,1,0,0
static,1003,0,39,4,0,0
static,1003,0,40,56,0,0
static,1003,0,41,1,0,0
static,1003,0,42,1,0,0
static,1003,0,43,4,0,0
static,1003,0,44,1,0,0
static,1003,0,45,4,0,0
static,1003,0,46,4,0,0
static,1003,1,0,1,0,0
static,1003,1,1,1,0,0
static,1003,1,2,4,0,0
static,1003,1,4,1,0,0
static,1003,1,7,16,0,0
static,1003,1,8,16,0,0
static,1003,1,9,16,1,1
static,1003,1,10,4,0,0
static,1003,1,12,4,0,0
static,1003,1,14,4,0,0
static,1003,1,16,1,0,0
static,1003,1,18,24,1,1
static,1003,1,19,4,0,0
static,1003,1,22,1,0,0
static,1003,1,23,16,0,0
static,1003,1,24,4,0,0
static,1003,1,27,1,0,0
static,1003,1,29,1,0,0
static,1003,1,30,4,0,0
static,1003,1,31,32,1,1
static,1003,1,32,4,0,0
static,1003,1,33,16,0,0
static,1003,1,34,1,0,0
static,1003,1,35,1,0,0
static,1003,1,36,40,0,0
static,1003,1,37,1,0,0
static,1003,1,38,16,1,0
static,1003,1,40,8,0,0
static,1003,1,41,4,0,0
static,1003,1,42,1,0,0
static,1003,1,43,1,0,0
static,1003,1,44,56,1,1
static,1003,1,45,1,0,0
static,1003,1,46,4,0,0
static,1003,1,47,1,0,0
static,1003,2,0,8,0,0
static,1003,2,1,1,0,0
static,1003,2,3,4,0,0
static,1003,2,4,48,0,0
static,1003,2,5,1,0,0
static,1003,2,6,4,0,0
static,1003,2,7,4,0,0
static,1003,2,8,1,0,0
static,1003,2,9,16,0,0
static,1003,2,10,16,0,0
static,1003,2,12,1,0,0
static,1003,2,13,24,0,0
static,1003,2,15,1,0,0
static,1003,2,17,1,0,0
static,1003,2,18,1,0,0
static,1003,2,19,40,0,0
static,1003,2,20,24,0,0
static,1003,2,21,56,0,0
static,1003,2,22,1,0,0
static,1003,2,23,1,0,0
static,1003,2,25,1,0,0
static,1003,2,26,4,0,0
static,1003,2,27,1,0,0
static,1003,2,28,1,0,0
static,1003,2,29,1,0,0
static,1003,2,30,1,0,0
static,1003,2,31,1,0,0
static,1003,2,32,1,0,0
static,1003,2,36,16,1,0
static,1003,2,37,4,0,0
static,1003,2,38,8,0,0
static,1003,2,39,1,0,0
static,1003,2,40,32,1,1
static,1003,2,41,32,0,0
static,1003,2,42,1,0,0
static,1003,2,43,16,0,0
static,1003,2,44,4,0,0
static,1003,2,45,32,1,0
static,1003,2,46,4,0,0
static,1003,2,47,1,0,0
static,1003,3,0,4,0,0
static,1003,3,1,1,0,0
static,1003,3,3,4,0,0
static,1003,3,4,1,0,0
static,1003,3,5,1,0,0
static,1003,3,6,1,0,0
static,1003,3,7,36,0,0
static,1003,3,8,16,0,0
static,1003,3,9,16,0,0
static,1003,3,10,16,0,0
static,1003,3,11,1,0,0
static,1003,3,12,1,0,0
static,1003,3,13,4,0,0
static,1003,3,14,1,0,0
static,1003,3,16,1,0,0
static,1003,3,17,4,0,0
static,1003,3,18,1,0,0
static,1003,3,19,4,0,0
static,1003,3,20,16,0,0
static,1003,3,21,1,0,0
static,1003,3,23,1,0,0
static,1003,3,24,4,0,0
static,1003,3,27,4,0,0
static,1003,3,28,1,0,0
static,1003,3,29,4,0,0
static,1003,3,31,32,1,1
static,1003,3,32,1,0,0
static,1003,3,33,1,0,0
static,1003,3,34,4,0,0
static,1003,3,35,4,0,0
static,1003,3,36,1,0,0
static,1003,3,37,1,0,0
static,1003,3,38,64,1,1
static,1003,3,40,4,0,0
static,1003,3,41,1,0,0
static,1003,3,42,1,0,0
static,1003,3,43,1,0,0
static,1003,3,44,16,0,0
static,1003,3,45,4,0,0
static,1003,3,47,4,0,0
static,1004,0,0,4,0,0
static,1004,0,1,1,0,0
static,1004,0,2,1,0,0
static,1004,0,3,1,0,0
static,1004,0,4,36,1,1
static,1004,0,5,32,1,1
static,1004,0,6,4,0,0
static,1004,0,7,1,0,0
static,1004,0,10,4,0,0
static,1004,0,11,4,0,0
static,1004,0,12,1,0,0
static,1004,0,13,4,0,0
static,1004,0,14,4,0,0
static,1004,0,15,1,0,0
static,1004,0,16,1,0,0
static,1004,0,17,16,0,0
static,1004,0,18,1,0,0
static,1004,0,19,24,0,0
static,1004,0,20,16,0,0
static,1004,0,23,8,0,0
static,1004,0,24,16,0,0
static,1004,0,25,4,0,0
static,1004,0,26,4,0,0
static,1004,0,27,1,0,0
static,1004,0,29,56,1,1
static,1004,0,30,48,1,0
static,1004,0,31,1,0,0
static,1004,0,33,4,0,0
static,1004,0,35,1,0,0
static,1004,0,36,40,1,0
static,1004,0,37,4,0,0
static,1004,0,39,1,0,0
static,1004,0,40,4,0,0
static,1004,0,42,1,0,0
static,1004,0,43,1,0,0
static,1004,0,44,1,0,0
static,1004,0,45,1,0,0
static,1004,0,46,4,0,0
static,1004,0,47,16,1,0
static,1004,1,0,4,0,0
static,1004,1,1,16,0,0
static,1004,1,2,16,0,0
static,1004,1,3,32,0,0
static,1004,1,5,1,0,0
static,1004,1,7,16,0,0
static,1004,1,8,32,1,0
static,1004,1,9,40,0,0
static,1004,1,10,4,0,0
static,1004,1,13,48,1,1
static,1004,1,14,1,0,0
static,1004,1,15,1,0,0
static,1004,1,17,1,0,0
static,1004,1,18,4,0,0
static,1004,1,19,32,0,0
static,1004,1,23,1,0,0
static,1004,1,26,4,0,0
static,1004,1,27,4,0,0
static,1004,1,28,1,0,0
static,1004,1,29,1,0,0
static,1004,1,30,16,1,0
static,1004,1,31,1,0,0
static,1004,1,32,1,0,0
static,1004,1,33,1,0,0
static,1004,1,34,4,0,0
static,1004,1,35,4,0,0
static,1004,1,36,1,0,0
static,1004,1,38,1,0,0
static,1004,1,39,8,0,0
static,1004,1,40,1,0,0
static,1004,1,41,4,0,0
static,1004,1,42,1,0,0
static,1004,1,43,32,0,0
static,1004,1,44,36,0,0
static,1004,1,46,4,0,0
static,1004,1,47,48,0,0
static,1004,2,0,48,1,1
static,1004,2,1,4,1,0
static,1004,2,2,4,0,0
static,1004,2,3,4,0,0
static,1004,2,4,16,0,0
static,1004,2,5,4,0,0
static,1004,2,6,4,0,0
static,1004,2,8,1,0,0
static,1004,2,9,1,0,0
static,1004,2,10,1,0,0
static,1004,2,11,40,0,0
static,1004,2,12,4,0,0
static,1004,2,13,1,0,0
static,1004,2,14,32,1,1
static,1004,2,15,32,0,0
static,1004,2,16,16,1,0
static,1004,2,18,4,0,0
static,1004,2,19,4,0,0
static,1004,2,21,36,1,0
static,1004,2,23,4,0,0
static,1004,2,25,8,0,0
static,1004,2,26,48,1,0
static,1004,2,27,1,0,0
static,1004,2,28,4,1,0
static,1004,2,30,1,0,0
static,1004,2,32,48,1,1
static,1004,2,34,56,1,1
static,1004,2,35,1,0,0
static,1004,2,37,64,0,0
static,1004,2,38,4,0,0
static,1004,2,39,16,0,0
static,1004,2,40,1,0,0
static,1004,2,43,16,0,0
static,1004,2,46,1,0,0
static,1004,3,0,4,0,0
static,1004,3,1,1,0,0
static,1004,3,2,1,0,0
static,1004,3,4,4,0,0
static,1004,3,6,4,0,0
static,1004,3,7,16,0,0
static,1004,3,9,1,0,0
static,1004,3,11,1,0,0
static,1004,3,12,1,0,0
static,1004,3,14,1,0,0
static,1004,3,15,4,0,0
static,1004,3,17,1,0,0
static,1004,3,19,1,0,0
static,1004,3,20,4,0,0
static,1004,3,21,16,0,0
static,1004,3,22,1,0,0
static,1004,3,23,1,0,0
static,1004,3,24,1,0,0
static,1004,3,25,1,0,0
static,1004,3,26,4,0,0
static,1004,3,27,56,0,0
static,1004,3,28,16,0,0
static,1004,3,29,8,0,0
static,1004,3,30,16,1,1
static,1004,3,33,8,0,0
static,1004,3,34,1,0,0
static,1004,3,36,4,0,0
static,1004,3,37,1,0,0
static,1004,3,42,1,0,0
static,1004,3,43,4,0,0
static,1004,3,44,4,0,0
static,1004,3,45,1,0,0
static,1004,3,46,16,0,0
static,1005,0,0,4,0,0
static,1005,0,1,4,0,0
static,1005,0,3,4,0,0
static,1005,0,4,16,0,0
static,1005,0,5,4,0,0
static,1005,0,6,1,0,0
static,1005,0,8,1,0,0
static,1005,0,9,1,0,0
static,1005,0,13,4,0,0
static,1005,0,14,8,0,0
static,1005,0,15,4,0,0
static,1005,0,16,56,1,1
static,1005,0,17,48,1,1
static,1005,0,18,32,0,0
static,1005,0,19,1,0,0
static,1005,0,20,1,0,0
static,1005,0,21,8,1,0
static,1005,0,22,1,0,0
static,1005,0,23,4,0,0
static,1005,0,24,4,0,0
static,1005,0,25,4,0,0
static,1005,0,26,4,0,0
static,1005,0,27,16,0,0
static,1005,0,28,8,1,0
static,1005,0,31,1,0,0
static,1005,0,34,4,0,0
static,1005,0,37,1,0,0
static,1005,0,38,1,0,0
static,1005,0,39,1,0,0
static,1005,0,40,1,0,0
static,1005,0,42,4,0,0
static,1005,0,43,64,0,0
static,1005,0,45,24,0,0
static,1005,1,0,1,0,0
static,1005,1,1,4,0,0
static,1005,1,2,56,1,1
static,1005,1,3,1,0,0
static,1005,1,4,4,0,0
static,1005,1,5,4,0,0
static,1005,1,6,4,0,0
static,1005,1,8,16,0,0
static,1005,1,9,1,0,0
static,1005,1,10,4,0,0
static,1005,1,12,1,0,0
static,1005,1,13,1,0,0
static,1005,1,14,16,0,0
static,1005,1,16,1,0,0
static,1005,1,17,1,0,0
static,1005,1,21,16,0,0
static,1005,1,22,64,1,1
static,1005,1,23,4,0,0
static,1005,1,24,16,0,0
static,1005,1,25,24,0,0
static,1005,1,27,1,0,0
static,1005,1,28,1,0,0
static,1005,1,30,16,0,0
static,1005,1,31,4,0,0
static,1005,1,32,48,0,0
static,1005,1,33,1,0,0
static,1005,1,34,24,0,0
static,1005,1,35,56,1,0
static,1005,1,36,4,0,0
static,1005,1,37,1,0,0
static,1005,1,38,4,0,0
static,1005,1,39,1,0,0
static,1005,1,40,1,0,0
static,1005,1,43,4,0,0
static,1005,1,45,4,0,0
static,1005,1,46,4,0,0
static,1005,1,47,24,1,0
static,1005,2,1,56,1,1
static,1005,2,2,4,1,0
static,1005,2,5,16,0,0
static,1005,2,6,24,0,0
static,1005,2,7,1,0,0
static,1005,2,9,8,0,0
static,1005,2,10,24,0,0
static,1005,2,11,1,0,0
static,1005,2,12,4,0,0
static,1005,2,13,1,0,0
static,1005,2,14,16,0,0
static,1005,2,16,1,0,0
static,1005,2,17,48,1,1
static,1005,2,19,1,0,0
static,1005,2,21,4,0,0
static,1005,2,23,4,0,0
static,1005,2,25,1,0,0
static,1005,2,27,1,0,0
static,1005,2,28,1,0,0
static,1005,2,29,4,1,0
static,1005,2,30,8,0,0
static,1005,2,31,4,0,0
static,1005,2,32,8,0,0
static,1005,2,33,1,0,0
static,1005,2,34,1,0,0
static,1005,2,36,32,0,0
static,1005,2,37,1,0,0
static,1005,2,38,1,0,0
static,1005,2,39,8,0,0
static,1005,2,40,1,0,0
static,1005,2,41,1,0,0
static,1005,2,42,1,0,0
static,1005,2,43,4,0,0
static,1005,2,44,1,0,0
static,1005,2,45,4,1,0
static,1005,2,46,1,0,0
static,1005,3,0,4,0,0
static,1005,3,1,4,0,0
static,1005,3,2,4,0,0
static,1005,3,3,4,0,0
static,1005,3,4,1,0,0
static,1005,3,5,4,0,0
static,1005,3,6,8,0,0
static,1005,3,7,1,0,0
static,1005,3,8,1,0,0
static,1005,3,9,1,0,0
static,1005,3,10,4,0,0
static,1005,3,11,16,0,0
static,1005,3,13,1,0,0
static,1005,3,14,1,0,0
static,1005,3,16,64,1,1
static,1005,3,18,56,1,1
static,1005,3,20,4,0,0
static,1005,3,21,1,0,0
static,1005,3,22,4,0,0
static,1005,3,24,1,0,0
static,1005,3,26,1,0,0
static,1005,3,27,4,0,0
static,1005,3,29,1,0,0
static,1005,3,30,4,0,0
static,1005,3,32,4,0,0
static,1005,3,33,1,0,0
static,1005,3,34,16,0,0
static,1005,3,35,4,0,0
static,1005,3,36,1,0,0
static,1005,3,37,8,1,0
static,1005,3,38,48,1,0
static,1005,3,39,1,0,0
static,1005,3,40,4,0,0
static,1005,3,41,1,0,0
static,1005,3,42,1,0,0
static,1005,3,44,1,0,0
static,1005,3,45,4,0,0
static,1005,3,46,4,0,0
static,1005,3,47,4,0,0
static,1006,0,1,1,0,0
static,1006,0,2,4,0,0
static,1006,0,4,4,0,0
static,1006,0,6,4,0,0
static,1006,0,7,1,0,0
static,1006,0,8,4,0,0
static,1006,0,10,32,1,1
static,1006,0,11,4,0,0
static,1006,0,13,40,0,0
static,1006,0,15,1,0,0
static,1006,0,17,1,0,0
static,1006,0,20,1,0,0
static,1006,0,22,1,0,0
static,1006,0,23,24,1,1
static,1006,0,25,8,0,0
static,1006,0,26,1,0,0
static,1006,0,27,32,1,0
static,1006,0,28,16,1,0
static,1006,0,31,4,0,0
static,1006,0,32,4,0,0
static,1006,0,34,1,1,0
static,1006,0,35,1,0,0
static,1006,0,37,1,0,0
static,1006,0,39,4,0,0
static,1006,0,40,1,0,0
static,1006,0,41,4,0,0
static,1006,0,42,1,0,0
static,1006,0,43,4,0,0
static,1006,0,44,16,1,1
static,1006,0,45,4,0,0
static,1006,0,46,1,0,0
static,1006,1,0,1,0,0
static,1006,1,1,1,0,0
static,1006,1,3,1,0,0
static,1006,1,4,1,0,0
static,1006,1,5,1,0,0
static,1006,1,6,4,0,0
static,1006,1,8,4,0,0
static,1006,1,9,4,0,0
static,1006,1,10,32,0,0
static,1006,1,11,16,0,0
static,1006,1,13,4,0,0
static,1006,1,14,4,0,0
static,1006,1,15,1,0,0
static,1006,1,16,1,0,0
static,1006,1,17,4,0,0
static,1006,1,18,4,0,0
static,1006,1,19,40,0,0
static,1006,1,23,1,0,0
static,1006,1,25,1,0,0
static,1006,1,26,4,0,0
static,1006,1,27,24,0,0
static,1006,1,28,16,0,0
static,1006,1,29,1,0,0
static,1006,1,30,16,0,0
static,1006,1,33,56,1,0
static,1006,1,34,1,0,0
static,1006,1,35,4,0,0
static,1006,1,36,40,0,0
static,1006,1,37,16,0,0
static,1006,1,38,4,0,0
static,1006,1,39,1,0,0
static,1006,1,40,4,0,0
static,1006,1,41,8,0,0
static,1006,1,43,1,0,0
static,1006,1,44,1,0,0
static,1006,1,45,64,0,0
static,1006,1,46,4,1,0
static,1006,1,47,32,0,0
static,1006,2,0,4,0,0
static,1006,2,1,16,0,0
static,1006,2,3,1,0,0
static,1006,2,4,1,0,0
static,1006,2,5,1,0,0
static,1006,2,6,4,0,0
static,1006,2,7,4,0,0
static,1006,2,8,1,1,0
static,1006,2,9,4,0,0
static,1006,2,10,8,0,0
static,1006,2,11,1,0,0
static,1006,2,12,1,0,0
static,1006,2,13,1,0,0
static,1006,2,16,4,0,0
static,1006,2,18,1,0,0
static,1006,2,20,4,1,0
static,1006,2,21,1,0,0
static,1006,2,22,4,0,0
static,1006,2,23,1,0,0
static,1006,2,24,1,0,0
static,1006,2,25,32,0,0
static,1006,2,26,32,0,0
static,1006,2,27,4,0,0
static,1006,2,28,1,0,0
static,1006,2,30,4,0,0
static,1006,2,31,36,1,1
static,1006,2,32,40,0,0
static,1006,2,33,16,1,0
static,1006,2,34,4,0,0
static,1006,2,35,4,0,0
static,1006,2,36,4,0,0
static,1006,2,38,48,1,1
static,1006,2,39,24,0,0
static,1006,2,41,1,0,0
static,1006,2,42,1,0,0
static,1006,2,43,16,0,0
static,1006,2,44,4,0,0
static,1006,2,46,1,0,0
static,1006,3,1,1,0,0
static,1006,3,2,4,0,0
static,1006,3,5,4,0,0
static,1006,3,6,1,0,0
static,1006,3,7,4,0,0
static,1006,3,8,4,0,0
static,1006,3,9,4,0,0
static,1006,3,10,1,0,0
static,1006,3,11,1,0,0
static,1006,3,12,1,0,0
static,1006,3,15,4,0,0
static,1006,3,16,4,0,0
static,1006,3,17,1,0,0
static,1006,3,19,4,0,0
static,1006,3,20,1,0,0
static,1006,3,22,1,0,0
static,1006,3,23,4,0,0
static,1006,3,24,8,0,0
static,1006,3,25,4,0,0
static,1006,3,26,1,0,0
static,1006,3,27,1,0,0
static,1006,3,28,1,0,0
static,1006,3,29,4,0,0
static,1006,3,31,1,0,0
static,1006,3,33,4,0,0
static,1006,3,34,1,0,0
static,1006,3,35,1,0,0
static,1006,3,36,24,0,0
static,1006,3,37,1,0,0
static,1006,3,39,1,0,0
static,1006,3,40,4,0,0
static,1006,3,42,24,0,0
static,1006,3,43,4,0,0
static,1006,3,44,1,0,0
static,1006,3,45,16,0,0
static,1006,3,47,4,0,0
static,1007,0,0,1,0,0
static,1007,0,1,56,0,0
static,1007,0,2,4,0,0
static,1007,0,3,1,0,0
static,1007,0,4,4,1,0
static,1007,0,6,1,0,0
static,1007,0,7,1,0,0
static,1007,0,9,24,1,0
static,1007,0,10,1,0,0
static,1007,0,13,4,0,0
static,1007,0,17,8,0,0
static,1007,0,19,1,0,0
static,1007,0,20,1,0,0
static,1007,0,22,1,0,0
static,1007,0,23,1,0,0
static,1007,0,27,32,0,0
static,1007,0,28,4,0,0
static,1007,0,29,24,0,0
static,1007,0,31,4,0,0
static,1007,0,32,24,0,0
static,1007,0,34,1,0,0
static,1007,0,36,4,1,0
static,1007,0,37,1,0,0
static,1007,0,38,4,0,0
static,1007,0,40,1,0,0
static,1007,0,41,1,0,0
static,1007,0,42,1,0,0
static,1007,0,43,1,0,0
static,1007,0,44,4,0,0
static,1007,0,47,1,0,0
static,1007,1,0,1,0,0
static,1007,1,2,1,0,0
static,1007,1,3,1,0,0
static,1007,1,4,1,0,0
static,1007,1,5,4,0,0
static,1007,1,6,1,0,0
static,1007,1,9,4,0,0
static,1007,1,10,1,0,0
static,1007,1,11,24,1,0
static,1007,1,12,8,1,0
static,1007,1,13,1,0,0
static,1007,1,14,8,0,0
static,1007,1,16,1,0,0
static,1007,1,17,1,0,0
static,1007,1,20,4,0,0
static,1007,1,21,1,0,0
static,1007,1,23,4,0,0
static,1007,1,24,1,0,0
static,1007,1,25,8,0,0
static,1007,1,27,1,0,0
static,1007,1,29,1,0,0
static,1007,1,30,1,0,0
static,1007,1,31,48,0,0
static,1007,1,32,4,1,0
static,1007,1,33,4,0,0
static,1007,1,34,32,0,0
static,1007,1,35,1,0,0
static,1007,1,36,1,0,0
static,1007,1,37,4,0,0
static,1007,1,38,1,0,0
static,1007,1,39,16,0,0
static,1007,1,40,48,0,0
static,1007,1,41,40,1,1
static,1007,1,42,4,0,0
static,1007,1,44,4,0,0
static,1007,1,45,24,0,0
static,1007,1,46,1,0,0
static,1007,1,47,1,0,0
static,1007,2,3,4,0,0
static,1007,2,4,24,0,0
static,1007,2,10,36,1,0
static,1007,2,11,8,0,0
static,1007,2,12,24,0,0
static,1007,2,13,64,1,1
static,1007,2,14,1,0,0
static,1007,2,15,4,0,0
static,1007,2,16,1,0,0
static,1007,2,17,1,0,0
static,1007,2,18,8,0,0
static,1007,2,19,1,0,0
static,1007,2,20,1,0,0
static,1007,2,21,16,0,0
static,1007,2,22,64,0,0
static,1007,2,23,4,0,0
static,1007,2,24,24,0,0
static,1007,2,25,24,0,0
static,1007,2,26,1,0,0
static,1007,2,27,1,0,0
static,1007,2,28,1,0,0
static,1007,2,30,4,0,0
static,1007,2,31,1,0,0
static,1007,2,34,8,0,0
static,1007,2,36,4,0,0
static,1007,2,38,16,0,0
static,1007,2,39,1,0,0
static,1007,2,40,16,0,0
static,1007,2,41,4,0,0
static,1007,2,42,16,0,0
static,1007,2,43,1,0,0
static,1007,2,44,40,0,0
static,1007,2,45,24,0,0
static,1007,2,46,4,0,0
static,1007,2,47,4,0,0
static,1007,3,0,16,0,0
static,1007,3,2,4,0,0
static,1007,3,3,24,1,1
static,1007,3,4,24,0,0
static,1007,3,5,1,0,0
static,1007,3,6,4,0,0
static,1007,3,7,4,0,0
static,1007,3,9,1,0,0
static,1007,3,10,16,0,0
static,1007,3,11,4,0,0
static,1007,3,14,1,0,0
static,1007,3,16,1,0,0
static,1007,3,18,4,0,0
static,1007,3,19,4,0,0
static,1007,3,20,16,0,0
static,1007,3,21,4,0,0
static,1007,3,22,1,0,0
static,1007,3,23,8,0,0
static,1007,3,25,24,0,0
static,1007,3,26,1,0,0
static,1007,3,27,4,0,0
static,1007,3,28,1,0,0
static,1007,3,29,16,0,0
static,1007,3,30,1,0,0
static,1007,3,31,4,0,0
static,1007,3,32,1,0,0
static,1007,3,34,4,0,0
static,1007,3,35,1,0,0
static,1007,3,36,48,0,0
static,1007,3,37,4,0,0
static,1007,3,38,8,0,0
static,1007,3,39,1,0,0
static,1007,3,40,4,0,0
static,1007,3,44,1,0,0
static,1007,3,45,1,0,0
static,1007,3,46,4,0,0
static,1008,0,0,4,0,0
static,1008,0,1,4,0,0
static,1008,0,3,4,0,0
static,1008,0,5,4,0,0
static,1008,0,6,1,0,0
static,1008,0,7,1,0,0
static,1008,0,8,1,0,0
static,1008,0,10,1,0,0
static,1008,0,11,4,0,0
static,1008,0,12,4,0,0
static,1008,0,13,4,0,0
static,1008,0,14,1,0,0
static,1008,0,17,1,0,0
static,1008,0,18,1,0,0
static,1008,0,20,4,0,0
static,1008,0,21,1,0,0
static,1008,0,22,48,1,0
static,1008,0,23,32,0,0
static,1008,0,24,4,0,0
static,1008,0,27,4,0,0
static,1008,0,30,24,0,0
static,1008,0,32,24,1,1
static,1008,0,33,1,0,0
static,1008,0,34,56,0,0
static,1008,0,35,1,0,0
static,1008,0,36,64,1,1
static,1008,0,37,1,0,0
static,1008,0,38,1,0,0
static,1008,0,39,1,0,0
static,1008,0,40,32,0,0
static,1008,0,41,56,1,1
static,1008,0,42,4,0,0
static,1008,0,43,56,0,0
static,1008,0,44,40,0,0
static,1008,0,45,1,0,0
static,1008,0,47,4,0,0
static,1008,1,0,16,0,0
static,1008,1,1,48,0,0
static,1008,1,2,4,0,0
static,1008,1,3,4,0,0
static,1008,1,4,4,0,0
static,1008,1,5,4,0,0
static,1008,1,6,1,0,0
static,1008,1,8,48,1,1
static,1008,1,9,4,0,0
static,1008,1,11,1,0,0
static,1008,1,13,1,0,0
static,1008,1,16,1,0,0
static,1008,1,17,4,0,0
static,1008,1,18,1,0,0
static,1008,1,20,24,0,0
static,1008,1,21,4,0,0
static,1008,1,23,4,0,0
static,1008,1,24,1,0,0
static,1008,1,25,1,0,0
static,1008,1,27,1,0,0
static,1008,1,28,8,0,0
static,1008,1,30,1,0,0
static,1008,1,31,8,0,0
static,1008,1,32,4,0,0
static,1008,1,33,1,0,0
static,1008,1,35,1,0,0
static,1008,1,36,4,1,0
static,1008,1,38,32,1,0
static,1008,1,39,1,0,0
static,1008,1,41,1,0,0
static,1008,1,42,16,0,0
static,1008,1,44,4,0,0
static,1008,1,46,4,0,0
static,1008,1,47,1,0,0
static,1008,2,0,4,0,0
static,1008,2,3,4,0,0
static,1008,2,4,1,0,0
static,1008,2,5,36,1,1
static,1008,2,6,36,1,1
static,1008,2,8,4,0,0
static,1008,2,11,4,0,0
static,1008,2,12,1,0,0
static,1008,2,13,1,0,0
static,1008,2,14,1,0,0
static,1008,2,15,4,0,0
static,1008,2,17,4,0,0
static,1008,2,18,1,0,0
static,1008,2,19,4,0,0
static,1008,2,20,1,0,0
static,1008,2,21,1,0,0
static,1008,2,22,4,0,0
static,1008,2,23,16,0,0
static,1008,2,27,4,0,0
static,1008,2,28,1,0,0
static,1008,2,29,1,0,0
static,1008,2,30,4,0,0
static,1008,2,31,40,0,0
static,1008,2,32,1,0,0
static,1008,2,34,1,0,0
static,1008,2,36,4,1,0
static,1008,2,39,4,0,0
static,1008,2,40,4,0,0
static,1008,2,41,48,1,0
static,1008,2,43,56,0,0
static,1008,2,44,1,0,0
static,1008,2,45,4,0,0
static,1008,2,46,1,0,0
static,1008,2,47,8,0,0
static,1008,3,1,4,0,0
static,1008,3,2,1,0,0
static,1008,3,3,4,0,0
static,1008,3,4,4,0,0
static,1008,3,5,1,0,0
static,1008,3,7,1,0,0
static,1008,3,8,1,0,0
static,1008,3,9,1,0,0
static,1008,3,10,4,0,0
static,1008,3,11,1,0,0
static,1008,3,12,1,0,0
static,1008,3,13,1,0,0
static,1008,3,14,64,1,1
static,1008,3,15,4,0,0
static,1008,3,16,1,0,0
static,1008,3,17,1,0,0
static,1008,3,18,4,0,0
static,1008,3,19,1,0,0
static,1008,3,22,1,0,0
static,1008,3,25,4,0,0
static,1008,3,27,40,0,0
static,1008,3,28,4,0,0
static,1008,3,29,4,0,0
static,1008,3,31,48,0,0
static,1008,3,32,1,0,0
static,1008,3,33,1,0,0
static,1008,3,34,1,0,0
static,1008,3,35,4,0,0
static,1008,3,36,48,0,0
static,1008,3,37,16,0,0
static,1008,3,38,4,0,0
static,1008,3,39,4,1,0
static,1008,3,40,1,0,0
static,1008,3,41,1,0,0
static,1008,3,42,4,0,0
static,1008,3,44,1,0,0
static,1008,3,45,1,0,0
static,1008,3,46,4,0,0
static,1008,3,47,1,0,0
static,1009,0,0,1,0,0
static,1009,0,1,40,0,0
static,1009,0,2,1,0,0
static,1009,0,3,4,0,0
static,1009,0,4,4,0,0
static,1009,0,5,1,0,0
static,1009,0,6,4,0,0
static,1009,0,7,16,0,0
static,1009,0,8,24,0,0
static,1009,0,9,8,0,0
static,1009,0,10,1,0,0
static,1009,0,12,40,0,0
static,1009,0,13,4,0,0
static,1009,0,14,1,0,0
static,1009,0,15,56,1,1
static,1009,0,16,48,0,0
static,1009,0,17,40,1,1
static,1009,0,18,4,0,0
static,1009,0,20,4,0,0
static,1009,0,21,1,0,0
static,1009,0,22,1,0,0
static,1009,0,23,8,0,0
static,1009,0,24,1,0,0
static,1009,0,25,4,0,0
static,1009,0,27,56,0,0
static,1009,0,28,4,0,0
static,1009,0,29,4,0,0
static,1009,0,30,1,0,0
static,1009,0,32,1,0,0
static,1009,0,34,1,0,0
static,1009,0,35,4,0,0
static,1009,0,37,4,0,0
static,1009,0,38,4,0,0
static,1009,0,39,1,0,0
static,1009,0,40,16,0,0
static,1009,0,41,1,0,0
static,1009,0,42,1,0,0
static,1009,0,43,4,1,0
static,1009,0,45,1,0,0
static,1009,0,46,1,0,0
static,1009,1,0,1,0,0
static,1009,1,1,40,0,0
static,1009,1,2,1,0,0
static,1009,1,3,1,0,0
static,1009,1,4,48,0,0
static,1009,1,6,4,0,0
static,1009,1,7,56,0,0
static,1009,1,8,4,0,0
static,1009,1,9,48,0,0
static,1009,1,10,1,0,0
static,1009,1,12,24,1,0
static,1009,1,14,1,0,0
static,1009,1,15,1,0,0
static,1009,1,16,1,0,0
static,1009,1,17,4,0,0
static,1009,1,18,4,0,0
static,1009,1,20,16,1,0
static,1009,1,21,1,0,0
static,1009,1,23,1,0,0
static,1009,1,24,1,0,0
static,1009,1,25,56,1,0
static,1009,1,26,1,0,0
static,1009,1,27,1,0,0
static,1009,1,28,1,0,0
static,1009,1,31,48,0,0
static,1009,1,32,1,0,0
static,1009,1,33,1,0,0
static,1009,1,34,4,0,0
static,1009,1,35,1,0,0
static,1009,1,36,1,0,0
static,1009,1,37,1,0,0
static,1009,1,40,1,0,0
static,1009,1,41,4,0,0
static,1009,1,44,1,0,0
static,1009,1,45,48,1,0
static,1009,1,47,1,0,0
static,1009,2,0,24,0,0
static,1009,2,3,1,0,0
static,1009,2,5,48,1,1
static,1009,2,7,48,1,1
static,1009,2,8,1,0,0
static,1009,2,9,1,0,0
static,1009,2,10,1,0,0
static,1009,2,12,8,0,0
static,1009,2,13,1,0,0
static,1009,2,14,4,0,0
static,1009,2,15,1,0,0
static,1009,2,17,1,0,0
static,1009,2,18,1,0,0
static,1009,2,19,1,0,0
static,1009,2,23,16,0,0
static,1009,2,24,36,1,1
static,1009,2,26,4,0,0
static,1009,2,28,4,0,0
static,1009,2,30,16,0,0
static,1009,2,31,1,0,0
static,1009,2,33,32,0,0
static,1009,2,34,1,0,0
static,1009,2,35,24,0,0
static,1009,2,37,4,0,0
static,1009,2,40,1,0,0
static,1009,2,41,4,0,0
static,1009,2,43,4,0,0
static,1009,2,44,1,0,0
static,1009,2,45,4,0,0
static,1009,2,46,16,0,0
static,1009,2,47,4,0,0
static,1009,3,0,1,0,0
static,1009,3,2,48,1,1
static,1009,3,4,1,0,0
static,1009,3,5,1,0,0
static,1009,3,6,4,0,0
static,1009,3,7,1,0,0
static,1009,3,8,16,0,0
static,1009,3,9,40,0,0
static,1009,3,10,4,0,0
static,1009,3,11,1,0,0
static,1009,3,12,1,0,0
static,1009,3,13,1,0,0
static,1009,3,14,1,0,0
static,1009,3,15,4,0,0
static,1009,3,17,1,0,0
static,1009,3,18,1,0,0
static,1009,3,19,4,0,0
static,1009,3,20,1,0,0
static,1009,3,21,40,0,0
static,1009,3,22,1,0,0
static,1009,3,23,1,1,0
static,1009,3,25,1,0,0
static,1009,3,27,1,0,0
static,1009,3,28,4,0,0
static,1009,3,29,48,1,1
static,1009,3,31,8,0,0
static,1009,3,34,1,0,0
static,1009,3,35,1,0,0
static,1009,3,36,1,0,0
static,1009,3,37,1,0,0
static,1009,3,38,1,0,0
static,1009,3,41,1,0,0
static,1009,3,42,64,1,1
static,1009,3,43,1,0,0
static,1009,3,44,1,0,0
static,1009,3,46,4,0,0
static,1009,3,47,16,1,1
static,1010,0,0,16,0,0
static,1010,0,1,1,0,0
static,1010,0,2,1,0,0
static,1010,0,3,4,0,0
static,1010,0,4,1,0,0
static,1010,0,5,1,0,0
static,1010,0,6,16,0,0
static,1010,0,7,8,0,0
static,1010,0,10,1,0,0
static,1010,0,11,4,0,0
static,1010,0,12,1,0,0
static,1010,0,14,4,1,0
static,1010,0,15,4,0,0
static,1010,0,16,4,0,0
static,1010,0,18,1,0,0
static,1010,0,20,1,0,0
static,1010,0,21,4,0,0
static,1010,0,22,1,0,0
static,1010,0,24,1,0,0
static,1010,0,25,1,0,0
static,1010,0,26,1,0,0
static,1010,0,27,1,0,0
static,1010,0,28,1,0,0
static,1010,0,29,16,0,0
static,1010,0,30,8,0,0
static,1010,0,31,32,0,0
static,1010,0,32,4,0,0
static,1010,0,33,48,0,0
static,1010,0,34,1,0,0
static,1010,0,35,4,0,0
static,1010,0,37,1,0,0
static,1010,0,39,1,0,0
static,1010,0,40,16,0,0
static,1010,0,41,4,0,0
static,1010,0,42,4,0,0
static,1010,0,43,1,0,0
static,1010,0,44,1,0,0
static,1010,1,0,8,0,0
static,1010,1,1,4,0,0
static,1010,1,3,40,1,1
static,1010,1,4,4,0,0
static,1010,1,6,1,0,0
static,1010,1,7,4,0,0
static,1010,1,8,1,0,0
static,1010,1,9,1,0,0
static,1010,1,10,4,0,0
static,1010,1,12,4,0,0
static,1010,1,14,1,0,0
static,1010,1,15,1,0,0
static,1010,1,17,48,1,1
static,1010,1,18,1,0,0
static,1010,1,19,4,0,0
static,1010,1,20,1,0,0
static,1010,1,21,48,1,1
static,1010,1,24,4,0,0
static,1010,1,25,1,0,0
static,1010,1,26,40,0,0
static,1010,1,27,16,1,0
static,1010,1,28,4,0,0
static,1010,1,29,4,0,0
static,1010,1,30,4,0,0
static,1010,1,31,1,0,0
static,1010,1,33,1,0,0
static,1010,1,34,1,0,0
static,1010,1,35,4,0,0
static,1010,1,37,16,0,0
static,1010,1,38,1,0,0
static,1010,1,40,4,0,0
static,1010,1,41,4,0,0
static,1010,1,42,1,0,0
static,1010,1,43,1,0,0
static,1010,1,44,1,0,0
static,1010,1,45,1,0,0
static,1010,1,46,4,0,0
static,1010,1,47,1,0,0
static,1010,2,5,32,1,0
static,1010,2,6,1,0,0
static,1010,2,7,32,0,0
static,1010,2,8,8,0,0
static,1010,2,9,1,0,0
static,1010,2,10,1,0,0
static,1010,2,11,4,0,0
static,1010,2,12,8,0,0
static,1010,2,16,4,0,0
static,1010,2,17,16,0,0
static,1010,2,18,4,0,0
static,1010,2,19,24,0,0
static,1010,2,21,4,0,0
static,1010,2,22,1,0,0
static,1010,2,23,4,0,0
static,1010,2,24,1,0,0
static,1010,2,25,4,1,0
static,1010,2,26,4,0,0
static,1010,2,27,1,0,0
static,1010,2,29,32,0,0
static,1010,2,32,4,0,0
static,1010,2,33,1,0,0
static,1010,2,34,4,0,0
static,1010,2,35,16,0,0
static,1010,2,36,4,0,0
static,1010,2,37,1,0,0
static,1010,2,38,1,0,0
static,1010,2,39,1,0,0
static,1010,2,40,16,1,0
static,1010,2,42,4,0,0
static,1010,2,43,4,0,0
static,1010,2,44,16,0,0
static,1010,2,45,16,0,0
static,1010,2,46,1,0,0
static,1010,3,0,4,0,0
static,1010,3,2,1,0,0
static,1010,3,4,56,1,1
static,1010,3,6,4,0,0
static,1010,3,7,4,0,0
static,1010,3,8,4,0,0
static,1010,3,9,4,0,0
static,1010,3,10,4,0,0
static,1010,3,11,1,0,0
static,1010,3,12,4,0,0
static,1010,3,13,4,0,0
static,1010,3,14,48,1,1
static,1010,3,15,4,0,0
static,1010,3,16,4,0,0
static,1010,3,17,4,0,0
static,1010,3,19,16,0,0
static,1010,3,20,4,0,0
static,1010,3,22,1,0,0
static,1010,3,25,4,0,0
static,1010,3,26,56,1,1
static,1010,3,27,1,0,0
static,1010,3,28,1,0,0
static,1010,3,29,4,0,0
static,1010,3,31,1,0,0
static,1010,3,32,4,0,0
static,1010,3,34,1,0,0
static,1010,3,35,16,0,0
static,1010,3,37,32,0,0
static,1010,3,39,1,0,0
static,1010,3,40,8,0,0
static,1010,3,42,1,0,0
static,1010,3,43,4,0,0
static,1010,3,44,48,1,0
static,1010,3,45,4,0,0
static,1010,3,47,1,0,0
static,1011,0,0,1,0,0
static,1011,0,1,16,0,0
static,1011,0,2,16,0,0
static,1011,0,3,4,0,0
static,1011,0,4,48,0,0
static,1011,0,6,1,0,0
static,1011,0,7,1,0,0
static,1011,0,8,4,0,0
static,1011,0,9,1,0,0
static,1011,0,10,32,0,0
static,1011,0,11,1,0,0
static,1011,0,12,8,0,0
static,1011,0,13,40,0,0
static,1011,0,14,4,0,0
static,1011,0,15,1,0,0
static,1011,0,16,4,0,0
static,1011,0,18,1,0,0
static,1011,0,19,4,0,0
static,1011,0,20,4,0,0
static,1011,0,21,1,0,0
static,1011,0,22,4,0,0
static,1011,0,25,4,0,0
static,1011,0,26,1,0,0
static,1011,0,27,1,0,0
static,1011,0,28,1,0,0
static,1011,0,30,4,0,0
static,1011,0,31,4,0,0
static,1011,0,32,48,1,1
static,1011,0,33,1,0,0
static,1011,0,35,48,0,0
static,1011,0,36,4,0,0
static,1011,0,37,32,0,0
static,1011,0,38,16,0,0
static,1011,0,39,1,0,0
static,1011,0,40,4,0,0
static,1011,0,41,1,0,0
static,1011,0,42,40,1,1
static,1011,0,43,16,0,0
static,1011,0,45,1,0,0
static,1011,0,46,4,0,0
static,1011,1,1,4,0,0
static,1011,1,3,16,0,0
static,1011,1,7,1,0,0
static,1011,1,9,40,0,0
static,1011,1,11,1,0,0
static,1011,1,13,4,0,0
static,1011,1,15,4,0,0
static,1011,1,16,1,0,0
static,1011,1,17,4,0,0
static,1011,1,21,16,0,0
static,1011,1,22,8,0,0
static,1011,1,23,48,1,1
static,1011,1,25,1,0,0
static,1011,1,27,1,0,0
static,1011,1,28,1,0,0
static,1011,1,29,16,0,0
static,1011,1,30,1,0,0
static,1011,1,31,1,0,0
static,1011,1,32,1,0,0
static,1011,1,33,56,0,0
static,1011,1,34,1,0,0
static,1011,1,35,4,0,0
static,1011,1,36,1,0,0
static,1011,1,37,1,0,0
static,1011,1,38,1,0,0
static,1011,1,39,4,0,0
static,1011,1,40,4,0,0
static,1011,1,41,40,0,0
static,1011,1,42,4,0,0
static,1011,1,43,1,0,0
static,1011,1,44,1,0,0
static,1011,1,45,4,0,0
static,1011,1,46,4,0,0
static,1011,1,47,56,0,0
static,1011,2,0,1,1,0
static,1011,2,1,4,0,0
static,1011,2,2,4,0,0
static,1011,2,4,1,0,0
static,1011,2,5,48,0,0
static,1011,2,6,4,0,0
static,1011,2,10,56,0,0
static,1011,2,11,24,0,0
static,1011,2,14,4,0,0
static,1011,2,15,1,0,0
static,1011,2,16,1,0,0
static,1011,2,17,16,0,0
static,1011,2,18,4,0,0
static,1011,2,22,1,0,0
static,1011,2,23,1,0,0
static,1011,2,24,1,0,0
static,1011,2,25,1,0,0
static,1011,2,26,24,0,0
static,1011,2,27,1,0,0
static,1011,2,29,40,0,0
static,1011,2,30,4,0,0
static,1011,2,31,32,1,0
static,1011,2,32,1,0,0
static,1011,2,33,16,0,0
static,1011,2,34,4,0,0
static,1011,2,37,1,0,0
static,1011,2,39,1,0,0
static,1011,2,40,1,0,0
static,1011,2,41,4,0,0
static,1011,2,43,1,0,0
static,1011,2,44,1,0,0
static,1011,2,45,56,1,1
static,1011,2,46,16,0,0
static,1011,2,47,4,0,0
static,1011,3,0,1,0,0
static,1011,3,3,4,0,0
static,1011,3,4,4,0,0
static,1011,3,5,4,0,0
static,1011,3,7,1,0,0
static,1011,3,8,4,0,0
static,1011,3,9,1,0,0
static,1011,3,10,1,0,0
static,1011,3,11,1,0,0
static,1011,3,13,1,0,0
static,1011,3,14,1,0,0
static,1011,3,15,1,0,0
static,1011,3,18,1,0,0
static,1011,3,19,4,0,0
static,1011,3,20,40,1,1
static,1011,3,21,4,0,0
static,1011,3,22,16,0,0
static,1011,3,23,4,0,0
static,1011,3,24,4,0,0
static,1011,3,25,36,0,0
static,1011,3,26,1,0,0
static,1011,3,27,4,0,0
static,1011,3,28,1,0,0
static,1011,3,29,16,1,0
static,1011,3,30,1,0,0
static,1011,3,31,1,0,0
static,1011,3,32,4,0,0
static,1011,3,33,4,0,0
static,1011,3,34,40,1,1
static,1011,3,35,1,0,0
static,1011,3,36,1,0,0
static,1011,3,37,64,1,1
static,1011,3,38,4,0,0
static,1011,3,39,8,0,0
static,1011,3,40,1,0,0
static,1011,3,41,56,1,1
static,1011,3,43,1,0,0
static,1011,3,44,1,0,0
static,1011,3,45,1,0,0
static,1011,3,46,4,0,0
static,1011,3,47,4,0,0
static,1012,0,0,1,0,0
static,1012,0,1,1,0,0
static,1012,0,4,1,0,0
static,1012,0,6,16,0,0
static,1012,0,7,1,0,0
static,1012,0,8,32,0,0
static,1012,0,9,4,0,0
static,1012,0,12,1,0,0
static,1012,0,13,4,1,0
static,1012,0,15,1,0,0
static,1012,0,17,1,0,0
static,1012,0,19,4,0,0
static,1012,0,20,32,0,0
static,1012,0,22,1,0,0
static,1012,0,23,8,0,0
static,1012,0,25,1,0,0
static,1012,0,26,56,1,1
static,1012,0,27,4,0,0
static,1012,0,28,4,0,0
static,1012,0,30,1,0,0
static,1012,0,32,4,0,0
static,1012,0,33,4,0,0
static,1012,0,35,4,0,0
static,1012,0,36,1,0,0
static,1012,0,37,4,0,0
static,1012,0,39,1,0,0
static,1012,0,40,4,1,0
static,1012,0,41,4,0,0
static,1012,0,42,1,0,0
static,1012,0,43,1,0,0
static,1012,0,44,56,0,0
static,1012,0,46,4,0,0
static,1012,0,47,4,0,0
static,1012,1,1,1,0,0
static,1012,1,2,48,0,0
static,1012,1,3,1,0,0
static,1012,1,6,1,0,0
static,1012,1,7,1,0,0
static,1012,1,9,8,0,0
static,1012,1,10,1,0,0
static,1012,1,11,1,0,0
static,1012,1,12,4,0,0
static,1012,1,13,24,1,1
static,1012,1,14,1,0,0
static,1012,1,18,40,0,0
static,1012,1,20,4,0,0
static,1012,1,22,16,0,0
static,1012,1,23,4,0,0
static,1012,1,24,8,0,0
static,1012,1,25,4,0,0
static,1012,1,28,4,0,0
static,1012,1,29,4,0,0
static,1012,1,30,40,0,0
static,1012,1,31,48,0,0
static,1012,1,32,1,0,0
static,1012,1,33,1,0,0
static,1012,1,34,1,0,0
static,1012,1,35,1,0,0
static,1012,1,36,8,0,0
static,1012,1,37,1,0,0
static,1012,1,38,1,0,0
static,1012,1,39,4,0,0
static,1012,1,41,1,0,0
static,1012,1,42,1,0,0
static,1012,1,43,40,0,0
static,1012,1,44,1,0,0
static,1012,1,45,4,0,0
static,1012,1,46,4,0,0
static,1012,2,0,32,0,0
static,1012,2,1,4,0,0
static,1012,2,4,1,0,0
static,1012,2,5,4,0,0
static,1012,2,7,1,0,0
static,1012,2,9,4,0,0
static,1012,2,10,16,0,0
static,1012,2,11,1,0,0
static,1012,2,12,56,1,1
static,1012,2,13,32,1,1
static,1012,2,15,16,0,0
static,1012,2,16,4,1,0
static,1012,2,17,16,0,0
static,1012,2,18,4,0,0
static,1012,2,19,4,0,0
static,1012,2,20,4,0,0
static,1012,2,21,4,0,0
static,1012,2,22,16,1,0
static,1012,2,23,4,0,0
static,1012,2,26,4,0,0
static,1012,2,28,1,0,0
static,1012,2,29,4,0,0
static,1012,2,30,24,0,0
static,1012,2,31,1,0,0
static,1012,2,32,4,0,0
static,1012,2,34,8,0,0
static,1012,2,35,1,0,0
static,1012,2,38,4,0,0
static,1012,2,39,16,1,0
static,1012,2,40,4,0,0
static,1012,2,41,40,1,1
static,1012,2,42,24,1,1
static,1012,2,43,1,0,0
static,1012,2,44,4,0,0
static,1012,2,45,4,0,0
static,1012,2,46,4,0,0
static,1012,3,0,1,0,0
static,1012,3,1,4,0,0
static,1012,3,2,1,0,0
static,1012,3,3,1,0,0
static,1012,3,7,8,0,0
static,1012,3,11,1,0,0
static,1012,3,14,4,0,0
static,1012,3,15,4,0,0
static,1012,3,16,24,0,0
static,1012,3,19,1,0,0
static,1012,3,21,1,0,0
static,1012,3,22,1,0,0
static,1012,3,23,4,0,0
static,1012,3,25,1,0,0
static,1012,3,27,4,0,0
static,1012,3,29,4,0,0
static,1012,3,30,1,0,0
static,1012,3,31,1,0,0
static,1012,3,32,1,0,0
static,1012,3,37,4,0,0
static,1012,3,39,1,0,0
static,1012,3,41,4,0,0
static,1012,3,43,1,0,0
static,1012,3,44,24,0,0
static,1012,3,45,8,0,0
static,1012,3,46,1,0,0
static,1012,3,47,4,0,0
static,1013,0,3,4,0,0
static,1013,0,4,24,0,0
static,1013,0,6,56,0,0
static,1013,0,7,32,1,0
static,1013,0,8,4,0,0
static,1013,0,9,16,0,0
static,1013,0,10,1,0,0
static,1013,0,11,1,0,0
static,1013,0,12,1,0,0
static,1013,0,13,4,0,0
static,1013,0,14,1,0,0
static,1013,0,15,4,0,0
static,1013,0,17,4,0,0
static,1013,0,18,1,0,0
static,1013,0,19,4,0,0
static,1013,0,20,4,0,0
static,1013,0,21,1,0,0
static,1013,0,27,4,0,0
static,1013,0,28,1,0,0
static,1013,0,30,16,1,0
static,1013,0,31,16,0,0
static,1013,0,32,4,0,0
static,1013,0,34,4,0,0
static,1013,0,36,4,0,0
static,1013,0,38,4,0,0
static,1013,0,39,1,0,0
static,1013,0,40,1,0,0
static,1013,0,41,1,0,0
static,1013,0,44,48,1,0
static,1013,0,45,16,1,0
static,1013,0,46,1,0,0
static,1013,0,47,16,0,0
static,1013,1,0,1,0,0
static,1013,1,3,4,0,0
static,1013,1,4,4,0,0
static,1013,1,5,1,0,0
static,1013,1,6,36,0,0
static,1013,1,8,1,0,0
static,1013,1,9,40,1,1
static,1013,1,10,4,0,0
static,1013,1,12,1,0,0
static,1013,1,13,48,0,0
static,1013,1,14,16,0,0
static,1013,1,15,1,0,0
static,1013,1,17,1,0,0
static,1013,1,19,4,0,0
static,1013,1,20,8,0,0
static,1013,1,21,4,0,0
static,1013,1,22,4,0,0
static,1013,1,23,4,0,0
static,1013,1,25,4,0,0
static,1013,1,26,4,0,0
static,1013,1,27,1,0,0
static,1013,1,28,48,1,1
static,1013,1,29,4,0,0
static,1013,1,30,1,0,0
static,1013,1,31,1,0,0
static,1013,1,32,1,0,0
static,1013,1,34,1,0,0
static,1013,1,36,40,0,0
static,1013,1,37,4,0,0
static,1013,1,38,1,0,0
static,1013,1,39,1,0,0
static,1013,1,41,4,0,0
static,1013,1,42,4,0,0
static,1013,1,45,4,0,0
static,1013,1,46,1,0,0
static,1013,1,47,16,0,0
static,1013,2,0,1,0,0
static,1013,2,1,1,0,0
static,1013,2,2,4,0,0
static,1013,2,3,1,0,0
static,1013,2,4,4,0,0
static,1013,2,5,1,0,0
static,1013,2,6,48,1,1
static,1013,2,7,1,0,0
static,1013,2,8,1,0,0
static,1013,2,9,40,0,0
static,1013,2,10,1,0,0
static,1013,2,11,4,0,0
static,1013,2,12,1,0,0
static,1013,2,13,1,0,0
static,1013,2,14,1,0,0
static,1013,2,18,4,0,0
static,1013,2,19,1,0,0
static,1013,2,20,8,0,0
static,1013,2,21,4,0,0
static,1013,2,26,4,0,0
static,1013,2,27,4,0,0
static,1013,2,32,4,0,0
static,1013,2,34,32,1,0
static,1013,2,36,1,0,0
static,1013,2,39,4,0,0
static,1013,2,41,1,0,0
static,1013,2,42,1,0,0
static,1013,2,44,4,0,0
static,1013,2,47,4,0,0
static,1013,3,0,4,1,0
static,1013,3,1,1,0,0
static,1013,3,3,1,0,0
static,1013,3,4,1,0,0
static,1013,3,5,4,0,0
static,1013,3,6,4,0,0
static,1013,3,7,1,0,0
static,1013,3,8,48,0,0
static,1013,3,9,16,0,0
static,1013,3,10,48,1,1
static,1013,3,12,4,0,0
static,1013,3,13,4,0,0
static,1013,3,14,16,0,0
static,1013,3,16,4,0,0
static,1013,3,18,24,0,0
static,1013,3,19,32,1,0
static,1013,3,20,1,0,0
static,1013,3,21,48,1,1
static,1013,3,23,4,0,0
static,1013,3,24,56,0,0
static,1013,3,25,4,0,0
static,1013,3,26,4,0,0
static,1013,3,27,1,0,0
static,1013,3,28,4,0,0
static,1013,3,29,4,0,0
static,1013,3,30,1,0,0
static,1013,3,31,24,0,0
static,1013,3,32,4,0,0
static,1013,3,33,4,0,0
static,1013,3,34,1,0,0
static,1013,3,36,1,0,0
static,1013,3,37,4,0,0
static,1013,3,38,1,0,0
static,1013,3,39,4,1,0
static,1013,3,40,4,0,0
static,1013,3,42,1,0,0
static,1013,3,43,1,0,0
static,1013,3,45,1,0,0
static,1013,3,46,4,0,0
static,1013,3,47,16,0,0
static,1014,0,1,16,1,1
static,1014,0,2,16,0,0
static,1014,0,3,4,0,0
static,1014,0,4,24,0,0
static,1014,0,6,1,0,0
static,1014,0,7,4,0,0
static,1014,0,8,1,0,0
static,1014,0,9,1,0,0
static,1014,0,10,4,0,0
static,1014,0,11,1,0,0
static,1014,0,12,1,0,0
static,1014,0,15,16,0,0
static,1014,0,16,1,0,0
static,1014,0,17,4,0,0
static,1014,0,24,4,0,0
static,1014,0,25,4,0,0
static,1014,0,26,4,0,0
static,1014,0,28,4,0,0
static,1014,0,30,1,0,0
static,1014,0,31,1,0,0
static,1014,0,32,1,0,0
static,1014,0,33,16,0,0
static,1014,0,34,4,0,0
static,1014,0,35,4,0,0
static,1014,0,36,4,0,0
static,1014,0,37,32,0,0
static,1014,0,38,56,0,0
static,1014,0,39,1,0,0
static,1014,0,40,4,0,0
static,1014,0,41,4,0,0
static,1014,0,42,4,0,0
static,1014,0,44,1,0,0
static,1014,0,45,4,0,0
static,1014,0,46,1,0,0
static,1014,0,47,1,0,0
static,1014,1,0,16,0,0
static,1014,1,1,1,0,0
static,1014,1,2,1,0,0
static,1014,1,3,1,0,0
static,1014,1,5,1,0,0
static,1014,1,6,1,0,0
static,1014,1,7,1,0,0
static,1014,1,8,4,0,0
static,1014,1,9,16,1,1
static,1014,1,10,1,0,0
static,1014,1,12,1,0,0
static,1014,1,13,16,0,0
static,1014,1,14,1,0,0
static,1014,1,15,4,0,0
static,1014,1,16,4,0,0
static,1014,1,19,1,0,0
static,1014,1,20,16,0,0
static,1014,1,21,16,0,0
static,1014,1,24,1,0,0
static,1014,1,25,1,0,0
static,1014,1,27,4,0,0
static,1014,1,28,1,0,0
static,1014,1,30,4,0,0
static,1014,1,32,1,0,0
static,1014,1,33,1,0,0
static,1014,1,34,4,0,0
static,1014,1,35,4,0,0
static,1014,1,37,4,0,0
static,1014,1,38,4,0,0
static,1014,1,39,1,0,0
static,1014,1,40,4,0,0
static,1014,1,43,1,0,0
static,1014,1,44,16,0,0
static,1014,1,45,1,0,0
static,1014,1,46,1,0,0
static,1014,1,47,4,0,0
static,1014,2,3,16,0,0
static,1014,2,4,4,0,0
static,1014,2,6,1,0,0
static,1014,2,7,4,0,0
static,1014,2,9,16,0,0
static,1014,2,10,1,0,0
static,1014,2,11,1,0,0
static,1014,2,12,40,1,0
static,1014,2,13,1,0,0
static,1014,2,14,4,0,0
static,1014,2,16,16,0,0
static,1014,2,17,4,0,0
static,1014,2,18,1,0,0
static,1014,2,20,4,0,0
static,1014,2,21,1,0,0
static,1014,2,22,1,0,0
static,1014,2,23,1,0,0
static,1014,2,24,1,0,0
static,1014,2,25,16,0,0
static,1014,2,26,1,0,0
static,1014,2,27,1,0,0
static,1014,2,30,16,0,0
static,1014,2,31,48,1,0
static,1014,2,32,4,0,0
static,1014,2,34,1,0,0
static,1014,2,35,4,0,0
static,1014,2,36,32,0,0
static,1014,2,37,4,0,0
static,1014,2,39,16,0,0
static,1014,2,40,16,0,0
static,1014,2,41,1,0,0
static,1014,2,42,4,0,0
static,1014,2,43,16,0,0
static,1014,2,44,16,0,0
static,1014,2,45,4,0,0
static,1014,2,46,4,0,0
static,1014,2,47,4,0,0
static,1014,3,0,1,0,0
static,1014,3,2,48,0,0
static,1014,3,3,1,0,0
static,1014,3,8,1,0,0
static,1014,3,9,4,0,0
static,1014,3,10,32,1,1
static,1014,3,11,1,0,0
static,1014,3,12,1,0,0
static,1014,3,13,1,0,0
static,1014,3,14,16,0,0
static,1014,3,15,4,0,0
static,1014,3,16,16,0,0
static,1014,3,18,4,0,0
static,1014,3,19,16,0,0
static,1014,3,20,48,1,1
static,1014,3,21,16,1,0
static,1014,3,22,1,0,0
static,1014,3,23,1,0,0
static,1014,3,24,1,0,0
static,1014,3,25,1,0,0
static,1014,3,27,1,0,0
static,1014,3,29,4,0,0
static,1014,3,30,1,0,0
static,1014,3,31,4,0,0
static,1014,3,32,4,0,0
static,1014,3,34,4,0,0
static,1014,3,35,8,0,0
static,1014,3,36,1,0,0
static,1014,3,37,4,0,0
static,1014,3,38,4,0,0
static,1014,3,39,4,0,0
static,1014,3,40,4,0,0
static,1014,3,41,1,0,0
static,1014,3,42,1,0,0
static,1014,3,44,1,0,0
static,1015,0,0,1,0,0
static,1015,0,1,1,0,0
static,1015,0,2,4,0,0
static,1015,0,3,4,0,0
static,1015,0,4,4,0,0
static,1015,0,5,32,0,0
static,1015,0,6,1,0,0
static,1015,0,7,4,0,0
static,1015,0,8,4,0,0
static,1015,0,9,4,0,0
static,1015,0,10,16,0,0
static,1015,0,11,1,0,0
static,1015,0,14,48,1,1
static,1015,0,15,4,0,0
static,1015,0,17,4,0,0
static,1015,0,18,4,0,0
static,1015,0,20,4,0,0
static,1015,0,21,1,0,0
static,1015,0,23,1,0,0
static,1015,0,24,1,0,0
static,1015,0,25,4,0,0
static,1015,0,26,16,0,0
static,1015,0,27,16,0,0
static,1015,0,29,1,0,0
static,1015,0,30,4,0,0
static,1015,0,31,4,0,0
static,1015,0,32,1,0,0
static,1015,0,33,1,0,0
static,1015,0,34,16,0,0
static,1015,0,35,1,0,0
static,1015,0,37,56,1,1
static,1015,0,38,4,0,0
static,1015,0,39,1,0,0
static,1015,0,40,1,0,0
static,1015,0,41,40,0,0
static,1015,0,43,4,0,0
static,1015,0,45,48,1,1
static,1015,0,47,4,0,0
static,1015,1,2,1,0,0
static,1015,1,3,16,1,1
static,1015,1,5,4,0,0
static,1015,1,6,1,0,0
static,1015,1,7,4,0,0
static,1015,1,9,4,0,0
static,1015,1,10,4,0,0
static,1015,1,13,1,0,0
static,1015,1,16,40,0,0
static,1015,1,18,4,0,0
static,1015,1,19,4,0,0
static,1015,1,20,1,0,0
static,1015,1,21,4,0,0
static,1015,1,22,4,1,0
static,1015,1,23,1,0,0
static,1015,1,25,1,0,0
static,1015,1,27,8,0,0
static,1015,1,28,1,0,0
static,1015,1,29,1,0,0
static,1015,1,30,1,0,0
static,1015,1,32,32,0,0
static,1015,1,33,1,0,0
static,1015,1,34,16,1,0
static,1015,1,35,4,0,0
static,1015,1,36,1,0,0
static,1015,1,38,32,0,0
static,1015,1,39,4,0,0
static,1015,1,41,1,0,0
static,1015,1,42,56,0,0
static,1015,1,43,1,0,0
static,1015,1,44,32,1,1
static,1015,1,47,4,1,0
static,1015,2,1,1,0,0
static,1015,2,4,4,0,0
static,1015,2,5,4,0,0
static,1015,2,6,1,0,0
static,1015,2,7,4,0,0
static,1015,2,8,1,0,0
static,1015,2,9,1,0,0
static,1015,2,11,16,0,0
static,1015,2,14,1,0,0
static,1015,2,15,1,0,0
static,1015,2,16,4,0,0
static,1015,2,17,1,0,0
static,1015,2,18,1,0,0
static,1015,2,19,1,0,0
static,1015,2,20,1,0,0
static,1015,2,21,4,0,0
static,1015,2,22,1,0,0
static,1015,2,23,4,0,0
static,1015,2,24,4,0,0
static,1015,2,25,4,0,0
static,1015,2,27,1,0,0
static,1015,2,29,1,0,0
static,1015,2,30,1,0,0
static,1015,2,31,1,0,0
static,1015,2,32,1,0,0
static,1015,2,33,16,0,0
static,1015,2,34,4,0,0
static,1015,2,35,1,0,0
static,1015,2,37,1,0,0
static,1015,2,38,40,0,0
static,1015,2,39,4,0,0
static,1015,2,40,32,0,0
static,1015,2,41,1,0,0
static,1015,2,42,4,0,0
static,1015,2,44,1,0,0
static,1015,2,45,1,0,0
static,1015,2,46,4,0,0
static,1015,2,47,4,0,0
static,1015,3,0,1,0,0
static,1015,3,1,4,0,0
static,1015,3,2,1,0,0
static,1015,3,3,1,0,0
static,1015,3,4,16,0,0
static,1015,3,5,1,0,0
static,1015,3,6,1,0,0
static,1015,3,7,4,0,0
static,1015,3,8,4,0,0
static,1015,3,9,1,0,0
static,1015,3,11,1,0,0
static,1015,3,13,1,0,0
static,1015,3,14,1,0,0
static,1015,3,16,1,0,0
static,1015,3,18,4,0,0
static,1015,3,19,16,0,0
static,1015,3,20,48,1,1
static,1015,3,23,4,0,0
static,1015,3,24,4,0,0
static,1015,3,25,1,0,0
static,1015,3,26,1,0,0
static,1015,3,28,40,1,0
static,1015,3,29,4,0,0
static,1015,3,30,4,0,0
static,1015,3,31,1,0,0
static,1015,3,33,1,0,0
static,1015,3,36,1,0,0
static,1015,3,37,16,0,0
static,1015,3,38,4,0,0
static,1015,3,39,1,0,0
static,1015,3,40,56,0,0
static,1015,3,41,1,0,0
static,1015,3,42,1,0,0
static,1015,3,43,1,0,0
static,1015,3,45,4,0,0
static,1015,3,46,4,0,0
static,1016,0,0,8,0,0
static,1016,0,1,24,0,0
static,1016,0,2,1,0,0
static,1016,0,3,32,0,0
static,1016,0,4,4,1,0
static,1016,0,5,24,0,0
static,1016,0,6,4,0,0
static,1016,0,7,1,0,0
static,1016,0,8,24,0,0
static,1016,0,9,4,0,0
static,1016,0,10,4,0,0
static,1016,0,11,1,0,0
static,1016,0,13,4,0,0
static,1016,0,14,56,1,0
static,1016,0,16,4,0,0
static,1016,0,19,4,0,0
static,1016,0,20,1,0,0
static,1016,0,21,4,0,0
static,1016,0,22,1,0,0
static,1016,0,24,1,0,0
static,1016,0,25,1,0,0
static,1016,0,28,4,0,0
static,1016,0,29,1,0,0
static,1016,0,31,40,1,0
static,1016,0,32,36,0,0
static,1016,0,33,1,0,0
static,1016,0,34,48,1,0
static,1016,0,39,1,0,0
static,1016,0,40,4,0,0
static,1016,0,41,4,0,0
static,1016,0,42,4,0,0
static,1016,0,44,1,0,0
static,1016,0,45,56,1,0
static,1016,0,46,1,0,0
static,1016,0,47,1,0,0
static,1016,1,0,1,0,0
static,1016,1,1,8,0,0
static,1016,1,2,4,0,0
static,1016,1,4,1,0,0
static,1016,1,5,16,0,0
static,1016,1,6,40,1,1
static,1016,1,7,4,0,0
static,1016,1,8,56,1,1
static,1016,1,11,1,0,0
static,1016,1,12,4,0,0
static,1016,1,13,4,0,0
static,1016,1,16,4,0,0
static,1016,1,17,40,1,1
static,1016,1,18,1,0,0
static,1016,1,20,1,0,0
static,1016,1,21,1,0,0
static,1016,1,22,8,0,0
static,1016,1,25,4,0,0
static,1016,1,26,4,0,0
static,1016,1,27,1,0,0
static,1016,1,28,56,1,1
static,1016,1,29,16,1,1
static,1016,1,30,1,0,0
static,1016,1,31,4,0,0
static,1016,1,32,48,0,0
static,1016,1,33,4,0,0
static,1016,1,35,1,0,0
static,1016,1,36,1,0,0
static,1016,1,38,1,0,0
static,1016,1,42,56,1,0
static,1016,1,43,1,0,0
static,1016,1,44,32,1,1
static,1016,1,46,1,0,0
static,1016,1,47,48,1,1
static,1016,2,1,1,0,0
static,1016,2,2,4,0,0
static,1016,2,3,1,0,0
static,1016,2,4,1,0,0
static,1016,2,5,4,0,0
static,1016,2,6,64,1,1
static,1016,2,8,48,0,0
static,1016,2,11,4,0,0
static,1016,2,12,1,0,0
static,1016,2,13,1,0,0
static,1016,2,14,4,0,0
static,1016,2,15,1,0,0
static,1016,2,16,16,0,0
static,1016,2,17,1,0,0
static,1016,2,18,1,0,0
static,1016,2,19,1,0,0
static,1016,2,20,1,0,0
static,1016,2,21,16,0,0
static,1016,2,23,1,0,0
static,1016,2,24,1,0,0
static,1016,2,25,1,0,0
static,1016,2,26,1,0,0
static,1016,2,27,24,1,0
static,1016,2,31,40,1,0
static,1016,2,32,1,0,0
static,1016,2,33,16,0,0
static,1016,2,34,4,1,0
static,1016,2,35,16,0,0
static,1016,2,36,16,0,0
static,1016,2,39,4,0,0
static,1016,2,40,8,0,0
static,1016,2,41,4,0,0
static,1016,2,42,1,0,0
static,1016,2,43,1,0,0
static,1016,2,44,1,0,0
static,1016,2,45,4,1,0
static,1016,2,46,4,0,0
static,1016,3,0,4,0,0
static,1016,3,1,36,1,1
static,1016,3,2,4,0,0
static,1016,3,3,16,0,0
static,1016,3,4,1,0,0
static,1016,3,5,16,0,0
static,1016,3,6,1,0,0
static,1016,3,8,4,0,0
static,1016,3,9,1,0,0
static,1016,3,10,40,1,1
static,1016,3,11,16,0,0
static,1016,3,12,1,0,0
static,1016,3,13,48,1,1
static,1016,3,15,4,0,0
static,1016,3,16,1,0,0
static,1016,3,17,1,0,0
static,1016,3,18,56,0,0
static,1016,3,19,4,0,0
static,1016,3,20,1,0,0
static,1016,3,21,24,0,0
static,1016,3,22,1,0,0
static,1016,3,24,1,0,0
static,1016,3,26,1,0,0
static,1016,3,28,4,0,0
static,1016,3,30,56,1,1
static,1016,3,31,4,0,0
static,1016,3,32,4,1,0
static,1016,3,33,1,0,0
static,1016,3,34,1,0,0
static,1016,3,35,4,0,0
static,1016,3,36,4,0,0
static,1016,3,37,32,1,0
static,1016,3,38,1,0,0
static,1016,3,39,1,0,0
static,1016,3,41,4,0,0
static,1016,3,42,1,0,0
static,1016,3,43,4,0,0
static,1016,3,44,1,0,0
static,1016,3,46,32,0,0
static,1016,3,47,36,1,1
static,1017,0,0,36,0,0
static,1017,0,1,1,0,0
static,1017,0,2,40,1,1
static,1017,0,3,4,0,0
static,1017,0,4,1,0,0
static,1017,0,5,1,0,0
static,1017,0,6,4,0,0
static,1017,0,8,4,0,0
static,1017,0,9,1,0,0
static,1017,0,10,4,0,0
static,1017,0,11,1,0,0
static,1017,0,12,4,0,0
static,1017,0,13,1,0,0
static,1017,0,14,1,0,0
static,1017,0,15,1,0,0
static,1017,0,17,4,0,0
static,1017,0,23,1,0,0
static,1017,0,24,1,0,0
static,1017,0,26,1,0,0
static,1017,0,27,4,0,0
static,1017,0,28,1,0,0
static,1017,0,29,1,0,0
static,1017,0,30,4,0,0
static,1017,0,31,4,0,0
static,1017,0,32,32,0,0
static,1017,0,33,48,1,1
static,1017,0,35,4,0,0
static,1017,0,36,56,1,1
static,1017,0,37,4,0,0
static,1017,0,39,48,1,0
static,1017,0,40,1,0,0
static,1017,0,43,40,0,0
static,1017,0,44,4,0,0
static,1017,0,45,4,0,0
static,1017,0,47,4,0,0
static,1017,1,0,1,0,0
static,1017,1,1,4,0,0
static,1017,1,2,1,0,0
static,1017,1,3,56,1,1
static,1017,1,5,1,0,0
static,1017,1,8,1,0,0
static,1017,1,9,4,0,0
static,1017,1,10,1,0,0
static,1017,1,11,1,0,0
static,1017,1,12,1,0,0
static,1017,1,13,4,0,0
static,1017,1,14,4,0,0
static,1017,1,15,1,0,0
static,1017,1,16,4,0,0
static,1017,1,17,1,0,0
static,1017,1,18,4,0,0
static,1017,1,19,1,0,0
static,1017,1,21,4,0,0
static,1017,1,22,1,0,0
static,1017,1,23,8,0,0
static,1017,1,24,48,1,0
static,1017,1,25,16,0,0
static,1017,1,27,1,0,0
static,1017,1,28,1,0,0
static,1017,1,29,16,1,0
static,1017,1,30,1,0,0
static,1017,1,31,4,0,0
static,1017,1,32,1,0,0
static,1017,1,33,16,0,0
static,1017,1,34,1,0,0
static,1017,1,35,4,0,0
static,1017,1,36,1,0,0
static,1017,1,37,1,0,0
static,1017,1,38,1,0,0
static,1017,1,39,1,0,0
static,1017,1,40,56,1,0
static,1017,1,43,1,0,0
static,1017,1,45,4,0,0
static,1017,1,46,1,0,0
static,1017,1,47,1,0,0
static,1017,2,0,1,0,0
static,1017,2,1,4,0,0
static,1017,2,3,40,0,0
static,1017,2,4,4,0,0
static,1017,2,6,1,0,0
static,1017,2,7,4,0,0
static,1017,2,8,4,0,0
static,1017,2,9,4,0,0
static,1017,2,11,4,0,0
static,1017,2,12,16,0,0
static,1017,2,14,48,0,0
static,1017,2,16,4,0,0
static,1017,2,17,1,0,0
static,1017,2,18,4,0,0
static,1017,2,19,4,0,0
static,1017,2,20,1,0,0
static,1017,2,21,16,0,0
static,1017,2,24,16,0,0
static,1017,2,26,4,0,0
static,1017,2,27,16,0,0
static,1017,2,29,4,0,0
static,1017,2,30,4,0,0
static,1017,2,31,1,0,0
static,1017,2,33,1,0,0
static,1017,2,34,56,1,0
static,1017,2,35,1,0,0
static,1017,2,36,16,0,0
static,1017,2,37,4,0,0
static,1017,2,38,32,0,0
static,1017,2,39,4,0,0
static,1017,2,40,8,0,0
static,1017,2,41,16,0,0
static,1017,2,46,16,0,0
static,1017,2,47,1,0,0
static,1017,3,0,4,0,0
static,1017,3,1,8,0,0
static,1017,3,2,4,0,0
static,1017,3,4,4,0,0
static,1017,3,5,1,0,0
static,1017,3,6,1,0,0
static,1017,3,7,4,0,0
static,1017,3,8,1,0,0
static,1017,3,9,1,0,0
static,1017,3,10,24,0,0
static,1017,3,13,1,0,0
static,1017,3,14,1,0,0
static,1017,3,15,1,0,0
static,1017,3,16,1,0,0
static,1017,3,17,4,0,0
static,1017,3,18,4,0,0
static,1017,3,19,4,0,0
static,1017,3,20,1,0,0
static,1017,3,23,4,0,0
static,1017,3,24,16,0,0
static,1017,3,25,56,1,1
static,1017,3,26,4,0,0
static,1017,3,28,4,0,0
static,1017,3,29,1,0,0
static,1017,3,30,56,0,0
static,1017,3,31,1,0,0
static,1017,3,34,4,0,0
static,1017,3,35,40,0,0
static,1017,3,38,1,0,0
static,1017,3,39,16,0,0
static,1017,3,40,4,0,0
static,1017,3,41,1,0,0
static,1017,3,42,4,0,0
static,1017,3,43,4,0,0
static,1017,3,44,1,0,0
static,1017,3,45,24,0,0
static,1017,3,46,16,0,0
static,1017,3,47,4,0,0
static,1018,0,0,1,0,0
static,1018,0,1,4,0,0
static,1018,0,2,1,0,0
static,1018,0,3,4,0,0
static,1018,0,4,1,0,0
static,1018,0,5,1,0,0
static,1018,0,6,8,0,0
static,1018,0,9,1,0,0
static,1018,0,10,1,0,0
static,1018,0,11,24,0,0
static,1018,0,12,1,0,0
static,1018,0,15,1,0,0
static,1018,0,16,1,0,0
static,1018,0,17,1,0,0
static,1018,0,18,40,1,1
static,1018,0,19,1,0,0
static,1018,0,20,4,0,0
static,1018,0,21,1,0,0
static,1018,0,22,16,0,0
static,1018,0,24,1,0,0
static,1018,0,25,8,0,0
static,1018,0,27,1,0,0
static,1018,0,28,1,0,0
static,1018,0,29,4,0,0
static,1018,0,30,1,0,0
static,1018,0,33,4,0,0
static,1018,0,34,1,0,0
static,1018,0,35,4,0,0
static,1018,0,36,4,0,0
static,1018,0,37,1,0,0
static,1018,0,39,1,0,0
static,1018,0,41,1,0,0
static,1018,0,42,4,0,0
static,1018,0,43,1,0,0
static,1018,0,44,48,0,0
static,1018,0,45,1,0,0
static,1018,0,46,32,1,0
static,1018,1,0,36,0,0
static,1018,1,1,4,0,0
static,1018,1,2,1,0,0
static,1018,1,3,1,0,0
static,1018,1,4,40,0,0
static,1018,1,5,1,0,0
static,1018,1,7,1,0,0
static,1018,1,9,1,0,0
static,1018,1,10,16,0,0
static,1018,1,11,8,0,0
static,1018,1,12,1,0,0
static,1018,1,13,1,0,0
static,1018,1,14,48,0,0
static,1018,1,15,4,0,0
static,1018,1,16,1,0,0
static,1018,1,17,32,0,0
static,1018,1,18,16,0,0
static,1018,1,19,1,0,0
static,1018,1,21,16,0,0
static,1018,1,23,1,0,0
static,1018,1,24,16,0,0
static,1018,1,25,1,0,0
static,1018,1,26,40,1,0
static,1018,1,27,16,0,0
static,1018,1,29,1,0,0
static,1018,1,31,1,0,0
static,1018,1,33,24,0,0
static,1018,1,34,1,0,0
static,1018,1,36,1,0,0
static,1018,1,37,16,0,0
static,1018,1,38,4,0,0
static,1018,1,40,40,0,0
static,1018,1,41,1,0,0
static,1018,1,42,48,0,0
static,1018,1,43,4,0,0
static,1018,1,44,1,0,0
static,1018,1,45,4,0,0
static,1018,1,46,40,0,0
static,1018,1,47,4,0,0
static,1018,2,1,4,0,0
static,1018,2,2,1,0,0
static,1018,2,4,16,0,0
static,1018,2,5,1,0,0
static,1018,2,6,24,1,1
static,1018,2,7,32,0,0
static,1018,2,8,24,1,0
static,1018,2,9,1,0,0
static,1018,2,11,4,0,0
static,1018,2,16,1,0,0
static,1018,2,17,1,0,0
static,1018,2,20,40,0,0
static,1018,2,21,1,0,0
static,1018,2,22,16,0,0
static,1018,2,23,16,0,0
static,1018,2,24,56,0,0
static,1018,2,27,4,0,0
static,1018,2,28,4,0,0
static,1018,2,29,1,0,0
static,1018,2,30,32,1,1
static,1018,2,31,1,0,0
static,1018,2,32,4,0,0
static,1018,2,33,1,0,0
static,1018,2,34,24,0,0
static,1018,2,35,64,0,0
static,1018,2,37,1,0,0
static,1018,2,39,8,0,0
static,1018,2,40,16,0,0
static,1018,2,41,1,0,0
static,1018,2,42,4,0,0
static,1018,2,44,16,0,0
static,1018,2,46,4,0,0
static,1018,2,47,4,0,0
static,1018,3,0,1,0,0
static,1018,3,3,1,0,0
static,1018,3,4,4,0,0
static,1018,3,5,1,0,0
static,1018,3,7,24,1,1
static,1018,3,8,24,0,0
static,1018,3,9,4,0,0
static,1018,3,10,4,0,0
static,1018,3,14,1,0,0
static,1018,3,15,4,0,0
static,1018,3,17,1,0,0
static,1018,3,18,32,1,1
static,1018,3,19,1,0,0
static,1018,3,20,4,0,0
static,1018,3,21,56,0,0
static,1018,3,23,1,0,0
static,1018,3,25,1,0,0
static,1018,3,26,4,0,0
static,1018,3,27,1,0,0
static,1018,3,29,24,0,0
static,1018,3,30,56,1,0
static,1018,3,31,4,0,0
static,1018,3,32,1,0,0
static,1018,3,33,1,0,0
static,1018,3,34,4,1,0
static,1018,3,35,1,0,0
static,1018,3,36,1,0,0
static,1018,3,37,24,0,0
static,1018,3,38,4,0,0
static,1018,3,39,4,0,0
static,1018,3,40,1,0,0
static,1018,3,42,1,0,0
static,1018,3,43,4,0,0
static,1018,3,44,40,0,0
static,1018,3,45,1,0,0
static,1018,3,46,16,0,0
static,1018,3,47,1,0,0
static,1019,0,0,1,0,0
static,1019,0,1,4,0,0
static,1019,0,2,1,0,0
static,1019,0,3,4,0,0
static,1019,0,4,1,0,0
static,1019,0,5,1,0,0
static,1019,0,6,1,0,0
static,1019,0,7,1,0,0
static,1019,0,8,16,0,0
static,1019,0,9,1,0,0
static,1019,0,10,1,0,0
static,1019,0,11,16,0,0
static,1019,0,12,4,0,0
static,1019,0,13,4,0,0
static,1019,0,14,4,0,0
static,1019,0,15,56,1,1
static,1019,0,16,56,1,1
static,1019,0,17,1,0,0
static,1019,0,18,1,0,0
static,1019,0,19,4,0,0
static,1019,0,21,24,0,0
static,1019,0,22,4,0,0
static,1019,0,23,4,0,0
static,1019,0,24,1,0,0
static,1019,0,25,56,0,0
static,1019,0,26,4,0,0
static,1019,0,27,4,0,0
static,1019,0,28,4,0,0
static,1019,0,29,56,0,0
static,1019,0,30,1,0,0
static,1019,0,32,4,0,0
static,1019,0,33,1,0,0
static,1019,0,34,1,0,0
static,1019,0,35,1,0,0
static,1019,0,36,1,0,0
static,1019,0,37,1,0,0
static,1019,0,38,1,0,0
static,1019,0,39,1,0,0
static,1019,0,40,32,0,0
static,1019,0,41,1,0,0
static,1019,0,43,1,0,0
static,1019,0,45,1,0,0
static,1019,0,46,1,0,0
static,1019,0,47,4,0,0
static,1019,1,0,4,0,0
static,1019,1,2,4,0,0
static,1019,1,3,4,1,0
static,1019,1,4,1,0,0
static,1019,1,5,1,0,0
static,1019,1,6,8,0,0
static,1019,1,8,1,0,0
static,1019,1,9,1,0,0
static,1019,1,10,4,0,0
static,1019,1,12,48,0,0
static,1019,1,13,56,1,1
static,1019,1,14,1,0,0
static,1019,1,16,1,0,0
static,1019,1,17,1,0,0
static,1019,1,18,4,0,0
static,1019,1,19,36,0,0
static,1019,1,20,1,0,0
static,1019,1,21,48,1,1
static,1019,1,22,4,0,0
static,1019,1,23,4,0,0
static,1019,1,25,16,0,0
static,1019,1,26,4,0,0
static,1019,1,27,1,0,0
static,1019,1,30,1,0,0
static,1019,1,34,1,0,0
static,1019,1,35,32,1,1
static,1019,1,36,4,0,0
static,1019,1,37,4,0,0
static,1019,1,38,32,0,0
static,1019,1,39,4,0,0
static,1019,1,40,56,0,0
static,1019,1,41,1,0,0
static,1019,1,42,56,0,0
static,1019,1,45,48,1,0
static,1019,1,46,1,0,0
static,1019,1,47,4,0,0
static,1019,2,1,1,0,0
static,1019,2,3,1,0,0
static,1019,2,4,1,0,0
static,1019,2,6,4,0,0
static,1019,2,7,4,0,0
static,1019,2,9,4,0,0
static,1019,2,10,4,0,0
static,1019,2,11,16,1,1
static,1019,2,12,4,0,0
static,1019,2,13,16,0,0
static,1019,2,14,4,0,0
static,1019,2,15,4,0,0
static,1019,2,16,24,0,0
static,1019,2,18,16,0,0
static,1019,2,19,1,0,0
static,1019,2,20,48,0,0
static,1019,2,21,4,0,0
static,1019,2,22,1,0,0
static,1019,2,23,4,0,0
static,1019,2,24,1,0,0
static,1019,2,28,1,0,0
static,1019,2,29,1,0,0
static,1019,2,30,1,0,0
static,1019,2,31,4,0,0
static,1019,2,32,1,0,0
static,1019,2,33,16,0,0
static,1019,2,34,8,0,0
static,1019,2,35,1,0,0
static,1019,2,36,1,0,0
static,1019,2,37,16,0,0
static,1019,2,38,48,1,1
static,1019,2,39,16,1,0
static,1019,2,40,1,0,0
static,1019,2,41,4,0,0
static,1019,2,42,1,0,0
static,1019,2,43,64,0,0
static,1019,2,45,1,0,0
static,1019,2,46,1,0,0
static,1019,2,47,1,0,0
static,1019,3,2,4,0,0
static,1019,3,3,1,0,0
static,1019,3,4,4,0,0
static,1019,3,5,4,0,0
static,1019,3,8,40,0,0
static,1019,3,9,4,0,0
static,1019,3,10,4,0,0
static,1019,3,11,16,1,1
static,1019,3,12,16,0,0
static,1019,3,13,32,1,1
static,1019,3,14,1,0,0
static,1019,3,15,4,0,0
static,1019,3,17,32,0,0
static,1019,3,18,1,0,0
static,1019,3,20,40,1,0
static,1019,3,21,1,0,0
static,1019,3,22,16,0,0
static,1019,3,24,1,0,0
static,1019,3,26,1,0,0
static,1019,3,27,1,0,0
static,1019,3,28,4,0,0
static,1019,3,29,32,0,0
static,1019,3,30,4,0,0
static,1019,3,32,16,1,1
static,1019,3,33,1,1,0
static,1019,3,36,16,1,0
static,1019,3,37,1,0,0
static,1019,3,38,1,0,0
static,1019,3,39,48,0,0
static,1019,3,40,4,0,0
static,1019,3,41,1,0,0
static,1019,3,42,16,0,0
static,1019,3,45,1,0,0
static,1019,3,46,4,0,0
walk,1000,0,2,1,0,0
walk,1000,0,3,1,0,0
walk,1000,0,4,1,0,0
walk,1000,0,5,4,0,0
walk,1000,0,6,1,0,0
walk,1000,0,7,16,0,0
walk,1000,0,12,1,0,0
walk,1000,0,13,48,1,0
walk,1000,0,15,1,0,0
walk,1000,0,16,32,0,0
walk,1000,0,18,4,0,0
walk,1000,0,20,64,0,0
walk,1000,0,21,24,1,1
walk,1000,0,22,4,0,0
walk,1000,0,23,1,0,0
walk,1000,0,24,1,0,0
walk,1000,0,25,32,1,0
walk,1000,0,26,40,1,0
walk,1000,0,28,1,0,0
walk,1000,0,29,40,1,0
walk,1000,0,30,1,0,0
walk,1000,0,32,4,1,0
walk,1000,0,33,1,0,0
walk,1000,0,34,4,0,0
walk,1000,0,35,1,0,0
walk,1000,0,37,1,0,0
walk,1000,0,40,1,0,0
walk,1000,0,41,4,0,0
walk,1000,0,42,4,0,0
walk,1000,0,43,4,0,0
walk,1000,0,44,1,0,0
walk,1000,0,45,16,1,0
walk,1000,0,46,48,1,1
walk,1000,0,47,4,0,0
walk,1000,1,0,4,0,0
walk,1000,1,1,4,0,0
walk,1000,1,2,1,0,0
walk,1000,1,3,64,1,1
walk,1000,1,4,8,0,0
walk,1000,1,5,1,0,0
walk,1000,1,6,4,0,0
walk,1000,1,7,4,0,0
walk,1000,1,8,4,0,0
walk,1000,1,9,1,0,0
walk,1000,1,10,1,0,0
walk,1000,1,11,4,0,0
walk,1000,1,12,4,1,0
walk,1000,1,15,1,0,0
walk,1000,1,16,1,0,0
walk,1000,1,17,48,0,0
walk,1000,1,18,4,0,0
walk,1000,1,19,4,0,0
walk,1000,1,20,24,0,0
walk,1000,1,21,1,0,0
walk,1000,1,22,1,0,0
walk,1000,1,23,4,0,0
walk,1000,1,24,1,0,0
walk,1000,1,26,1,0,0
walk,1000,1,27,4,0,0
walk,1000,1,28,4,0,0
walk,1000,1,29,4,0,0
walk,1000,1,30,1,0,0
walk,1000,1,32,4,0,0
walk,1000,1,33,4,0,0
walk,1000,1,34,1,0,0
walk,1000,1,35,1,0,0
walk,1000,1,37,1,0,0
walk,1000,1,38,4,0,0
walk,1000,1,39,32,0,0
walk,1000,1,41,4,0,0
walk,1000,1,43,4,0,0
walk,1000,1,44,1,0,0
walk,1000,1,45,1,0,0
walk,1000,1,47,4,0,0
walk,1000,2,0,1,0,0
walk,1000,2,1,1,0,0
walk,1000,2,2,1,0,0
walk,1000,2,5,4,0,0
walk,1000,2,7,1,0,0
walk,1000,2,8,1,0,0
walk,1000,2,9,1,0,0
walk,1000,2,11,4,0,0
walk,1000,2,12,8,1,0
walk,1000,2,13,16,1,0
walk,1000,2,14,4,0,0
walk,1000,2,15,16,0,0
walk,1000,2,16,24,1,1
walk,1000,2,17,1,0,0
walk,1000,2,18,16,0,0
walk,1000,2,20,24,0,0
walk,1000,2,21,1,0,0
walk,1000,2,23,4,0,0
walk,1000,2,24,1,0,0
walk,1000,2,25,4,0,0
walk,1000,2,26,4,0,0
walk,1000,2,28,1,0,0
walk,1000,2,29,40,0,0
walk,1000,2,30,1,0,0
walk,1000,2,31,4,0,0
walk,1000,2,33,4,0,0
walk,1000,2,34,1,0,0
walk,1000,2,35,4,0,0
walk,1000,2,37,1,0,0
walk,1000,2,38,1,0,0
walk,1000,2,39,1,0,0
walk,1000,2,40,1,0,0
walk,1000,2,44,1,0,0
walk,1000,2,45,16,0,0
walk,1000,2,46,1,0,0
walk,1000,2,47,1,0,0
walk,1000,3,1,1,0,0
walk,1000,3,2,4,0,0
walk,1000,3,3,16,0,0
walk,1000,3,4,8,0,0
walk,1000,3,5,40,0,0
walk,1000,3,6,36,1,1
walk,1000,3,7,16,0,0
walk,1000,3,8,1,0,0
walk,1000,3,9,1,0,0
walk,1000,3,11,16,0,0
walk,1000,3,12,4,0,0
walk,1000,3,13,40,0,0
walk,1000,3,14,1,0,0
walk,1000,3,15,4,0,0
walk,1000,3,17,8,1,0
walk,1000,3,19,24,1,0
walk,1000,3,21,4,0,0
walk,1000,3,22,1,0,0
walk,1000,3,24,1,0,0
walk,1000,3,25,4,1,0
walk,1000,3,26,48,0,0
walk,1000,3,31,4,0,0
walk,1000,3,32,4,0,0
walk,1000,3,34,1,0,0
walk,1000,3,36,4,0,0
walk,1000,3,37,16,0,0
walk,1000,3,39,1,0,0
walk,1000,3,40,16,0,0
walk,1000,3,42,36,0,0
walk,1000,3,43,4,0,0
walk,1000,3,46,56,0,0
walk,1001,0,0,4,1,0
walk,1001,0,3,24,0,0
walk,1001,0,4,4,0,0
walk,1001,0,6,1,0,0
walk,1001,0,7,4,0,0
walk,1001,0,8,1,0,0
walk,1001,0,9,4,0,0
walk,1001,0,11,1,0,0
walk,1001,0,12,1,0,0
walk,1001,0,13,1,0,0
walk,1001,0,14,1,0,0
walk,1001,0,15,1,0,0
walk,1001,0,16,1,0,0
walk,1001,0,17,16,0,0
walk,1001,0,18,4,0,0
walk,1001,0,20,32,0,0
walk,1001,0,21,24,0,0
walk,1001,0,22,1,0,0
walk,1001,0,23,1,0,0
walk,1001,0,24,4,0,0
walk,1001,0,25,4,0,0
walk,1001,0,27,8,0,0
walk,1001,0,28,1,0,0
walk,1001,0,29,24,0,0
walk,1001,0,31,1,0,0
walk,1001,0,33,4,0,0
walk,1001,0,34,1,0,0
walk,1001,0,35,4,0,0
walk,1001,0,36,4,0,0
walk,1001,0,41,4,0,0
walk,1001,0,42,1,1,0
walk,1001,0,43,1,0,0
walk,1001,0,44,4,0,0
walk,1001,0,45,1,0,0
walk,1001,0,47,4,1,0
walk,1001,1,0,32,0,0
walk,1001,1,1,1,0,0
walk,1001,1,2,16,1,1
walk,1001,1,3,1,0,0
walk,1001,1,5,1,0,0
walk,1001,1,6,16,0,0
walk,1001,1,7,4,0,0
walk,1001,1,10,1,0,0
walk,1001,1,11,4,0,0
walk,1001,1,13,8,0,0
walk,1001,1,14,4,0,0
walk,1001,1,15,4,0,0
walk,1001,1,16,4,0,0
walk,1001,1,17,4,0,0
walk,1001,1,18,4,0,0
walk,1001,1,21,1,0,0
walk,1001,1,22,16,0,0
walk,1001,1,23,1,0,0
walk,1001,1,24,1,0,0
walk,1001,1,25,1,0,0
walk,1001,1,27,4,0,0
walk,1001,1,28,16,0,0
walk,1001,1,31,1,0,0
walk,1001,1,34,1,0,0
walk,1001,1,36,1,0,0
walk,1001,1,38,1,0,0
walk,1001,1,39,1,0,0
walk,1001,1,40,32,1,1
walk,1001,1,41,4,0,0
walk,1001,1,42,16,0,0
walk,1001,1,43,4,0,0
walk,1001,1,44,48,1,1
walk,1001,1,45,1,0,0
walk,1001,1,47,16,1,0
walk,1001,2,0,1,0,0
walk,1001,2,1,1,0,0
walk,1001,2,2,4,0,0
walk,1001,2,4,32,0,0
walk,1001,2,5,4,0,0
walk,1001,2,6,4,0,0
walk,1001,2,7,1,0,0
walk,1001,2,8,1,0,0
walk,1001,2,10,1,0,0
walk,1001,2,11,1,0,0
walk,1001,2,12,4,0,0
walk,1001,2,14,1,0,0
walk,1001,2,17,4,0,0
walk,1001,2,18,1,0,0
walk,1001,2,19,1,0,0
walk,1001,2,20,4,0,0
walk,1001,2,22,1,0,0
walk,1001,2,23,1,0,0
walk,1001,2,24,56,1,1
walk,1001,2,25,4,0,0
walk,1001,2,26,56,1,1
walk,1001,2,27,4,0,0
walk,1001,2,28,4,0,0
walk,1001,2,30,40,0,0
walk,1001,2,31,56,1,1
walk,1001,2,32,1,0,0
walk,1001,2,34,4,0,0
walk,1001,2,35,16,0,0
walk,1001,2,38,1,0,0
walk,1001,2,39,1,0,0
walk,1001,2,42,4,0,0
walk,1001,2,43,4,0,0
walk,1001,2,44,32,0,0
walk,1001,2,45,4,0,0
walk,1001,2,46,4,0,0
walk,1001,2,47,4,0,0
walk,1001,3,1,1,0,0
walk,1001,3,2,56,0,0
walk,1001,3,5,4,0,0
walk,1001,3,6,4,0,0
walk,1001,3,7,1,0,0
walk,1001,3,9,40,0,0
walk,1001,3,10,4,1,0
walk,1001,3,12,1,0,0
walk,1001,3,13,4,0,0
walk,1001,3,14,48,1,0
walk,1001,3,16,48,1,0
walk,1001,3,17,1,0,0
walk,1001,3,18,4,0,0
walk,1001,3,19,1,0,0
walk,1001,3,20,48,1,0
walk,1001,3,21,1,0,0
walk,1001,3,23,1,0,0
walk,1001,3,24,4,0,0
walk,1001,3,25,16,0,0
walk,1001,3,26,1,0,0
walk,1001,3,27,1,0,0
walk,1001,3,32,4,0,0
walk,1001,3,33,1,0,0
walk,1001,3,34,4,0,0
walk,1001,3,36,4,0,0
walk,1001,3,37,1,0,0
walk,1001,3,38,4,0,0
walk,1001,3,39,1,0,0
walk,1001,3,40,4,1,0
walk,1001,3,44,1,0,0
walk,1001,3,45,4,0,0
walk,1001,3,47,4,0,0
walk,1002,0,0,4,0,0
walk,1002,0,1,4,0,0
walk,1002,0,2,56,1,1
walk,1002,0,4,1,0,0
walk,1002,0,5,4,0,0
walk,1002,0,6,1,0,0
walk,1002,0,7,1,0,0
walk,1002,0,8,4,0,0
walk,1002,0,9,4,0,0
walk,1002,0,10,4,0,0
walk,1002,0,11,16,0,0
walk,1002,0,12,4,0,0
walk,1002,0,13,16,0,0
walk,1002,0,14,1,0,0
walk,1002,0,15,16,0,0
walk,1002,0,16,8,0,0
walk,1002,0,17,1,0,0
walk,1002,0,18,4,0,0
walk,1002,0,19,1,0,0
walk,1002,0,20,4,0,0
walk,1002,0,21,4,0,0
walk,1002,0,22,4,0,0
walk,1002,0,23,64,0,0
walk,1002,0,24,4,0,0
walk,1002,0,26,4,0,0
walk,1002,0,27,4,0,0
walk,1002,0,28,4,0,0
walk,1002,0,29,8,0,0
walk,1002,0,30,32,1,1
walk,1002,0,31,56,1,1
walk,1002,0,32,1,0,0
walk,1002,0,34,4,0,0
walk,1002,0,35,1,0,0
walk,1002,0,38,4,0,0
walk,1002,0,39,4,0,0
walk,1002,0,40,8,0,0
walk,1002,0,41,1,0,0
walk,1002,0,42,16,0,0
walk,1002,0,43,16,0,0
walk,1002,0,44,36,0,0
walk,1002,0,45,1,0,0
walk,1002,0,46,1,0,0
walk,1002,0,47,4,0,0
walk,1002,1,1,1,0,0
walk,1002,1,2,4,1,0
walk,1002,1,3,1,0,0
walk,1002,1,5,8,0,0
walk,1002,1,6,4,0,0
walk,1002,1,7,4,0,0
walk,1002,1,8,56,1,1
walk,1002,1,9,8,0,0
walk,1002,1,10,1,0,0
walk,1002,1,13,1,0,0
walk,1002,1,14,4,0,0
walk,1002,1,15,1,0,0
walk,1002,1,17,4,0,0
walk,1002,1,18,32,1,0
walk,1002,1,19,1,0,0
walk,1002,1,20,4,1,0
walk,1002,1,21,4,0,0
walk,1002,1,23,56,1,0
walk,1002,1,24,48,1,0
walk,1002,1,25,1,0,0
walk,1002,1,27,4,0,0
walk,1002,1,28,4,0,0
walk,1002,1,30,1,0,0
walk,1002,1,31,1,0,0
walk,1002,1,33,16,0,0
walk,1002,1,34,1,0,0
walk,1002,1,35,1,0,0
walk,1002,1,36,1,0,0
walk,1002,1,37,4,0,0
walk,1002,1,38,1,0,0
walk,1002,1,39,1,0,0
walk,1002,1,40,4,0,0
walk,1002,1,41,1,0,0
walk,1002,1,44,1,0,0
walk,1002,1,45,1,0,0
walk,1002,2,2,1,0,0
walk,1002,2,4,1,0,0
walk,1002,2,6,1,0,0
walk,1002,2,7,1,0,0
walk,1002,2,8,4,0,0
walk,1002,2,9,1,0,0
walk,1002,2,10,4,0,0
walk,1002,2,11,4,0,0
walk,1002,2,13,1,0,0
walk,1002,2,14,1,0,0
walk,1002,2,15,16,0,0
walk,1002,2,16,16,0,0
walk,1002,2,17,1,0,0
walk,1002,2,18,4,0,0
walk,1002,2,19,4,0,0
walk,1002,2,20,4,1,0
walk,1002,2,21,4,0,0
walk,1002,2,23,16,0,0
walk,1002,2,24,1,0,0
walk,1002,2,27,1,0,0
walk,1002,2,28,1,0,0
walk,1002,2,29,1,0,0
walk,1002,2,30,4,0,0
walk,1002,2,31,4,0,0
walk,1002,2,32,1,0,0
walk,1002,2,33,4,0,0
walk,1002,2,34,48,1,1
walk,1002,2,36,32,0,0
walk,1002,2,37,16,0,0
walk,1002,2,38,4,0,0
walk,1002,2,39,4,0,0
walk,1002,2,40,1,0,0
walk,1002,2,41,1,0,0
walk,1002,2,42,1,1,0
walk,1002,2,43,4,0,0
walk,1002,2,44,1,0,0
walk,1002,2,45,1,0,0
walk,1002,2,46,4,0,0
walk,1002,2,47,1,0,0
walk,1002,3,0,40,1,1
walk,1002,3,2,1,0,0
walk,1002,3,3,1,0,0
walk,1002,3,5,32,1,1
walk,1002,3,7,1,0,0
walk,1002,3,8,1,0,0
walk,1002,3,10,40,1,1
walk,1002,3,11,1,0,0
walk,1002,3,12,1,0,0
walk,1002,3,13,4,0,0
walk,1002,3,14,16,0,0
walk,1002,3,15,1,0,0
walk,1002,3,16,1,0,0
walk,1002,3,18,1,0,0
walk,1002,3,21,1,0,0
walk,1002,3,24,1,0,0
walk,1002,3,25,1,0,0
walk,1002,3,27,1,0,0
walk,1002,3,29,1,0,0
walk,1002,3,30,1,0,0
walk,1002,3,32,24,1,0
walk,1002,3,33,32,0,0
walk,1002,3,34,24,0,0
walk,1002,3,35,1,0,0
walk,1002,3,37,1,0,0
walk,1002,3,38,4,0,0
walk,1002,3,39,1,0,0
walk,1002,3,40,24,0,0
walk,1002,3,41,4,0,0
walk,1002,3,42,1,0,0
walk,1002,3,43,40,0,0
walk,1002,3,44,1,0,0
walk,1002,3,45,4,0,0
walk,1002,3,46,4,0,0
walk,1002,3,47,1,0,0
walk,1003,0,0,1,0,0
walk,1003,0,2,1,0,0
walk,1003,0,3,4,0,0
walk,1003,0,5,1,0,0
walk,1003,0,6,56,0,0
walk,1003,0,7,4,0,0
walk,1003,0,8,1,0,0
walk,1003,0,9,4,0,0
walk,1003,0,10,4,0,0
walk,1003,0,11,1,0,0
walk,1003,0,12,16,1,1
walk,1003,0,13,1,0,0
walk,1003,0,14,24,0,0
walk,1003,0,15,4,0,0
walk,1003,0,17,24,0,0
walk,1003,0,18,1,0,0
walk,1003,0,19,4,0,0
walk,1003,0,22,4,1,0
walk,1003,0,23,16,0,0
walk,1003,0,26,16,0,0
walk,1003,0,27,1,0,0
walk,1003,0,28,48,0,0
walk,1003,0,30,4,0,0
walk,1003,0,31,56,1,0
walk,1003,0,33,1,0,0
walk,1003,0,34,40,1,1
walk,1003,0,35,48,0,0
walk,1003,0,36,1,0,0
walk,1003,0,37,32,0,0
walk,1003,0,38,1,0,0
walk,1003,0,39,4,0,0
walk,1003,0,40,56,0,0
walk,1003,0,41,1,0,0
walk,1003,0,42,1,0,0
walk,1003,0,43,4,0,0
walk,1003,0,44,1,0,0
walk,1003,0,45,4,0,0
walk,1003,0,46,4,0,0
walk,1003,1,0,1,0,0
walk,1003,1,1,1,0,0
walk,1003,1,2,4,0,0
walk,1003,1,4,1,0,0
walk,1003,1,7,16,0,0
walk,1003,1,8,16,0,0
walk,1003,1,9,16,1,0
walk,1003,1,10,4,0,0
walk,1003,1,12,4,0,0
walk,1003,1,14,4,0,0
walk,1003,1,16,1,0,0
walk,1003,1,18,24,1,0
walk,1003,1,19,4,0,0
walk,1003,1,22,1,0,0
walk,1003,1,23,16,0,0
walk,1003,1,24,4,0,0
walk,1003,1,27,1,0,0
walk,1003,1,29,1,0,0
walk,1003,1,30,4,0,0
walk,1003,1,31,32,1,0
walk,1003,1,32,4,0,0
walk,1003,1,33,16,0,0
walk,1003,1,34,1,0,0
walk,1003,1,35,1,0,0
walk,1003,1,36,40,0,0
walk,1003,1,37,1,0,0
walk,1003,1,38,16,1,0
walk,1003,1,40,8,0,0
walk,1003,1,41,4,0,0
walk,1003,1,42,1,0,0
walk,1003,1,43,1,0,0
walk,1003,1,44,56,1,1
walk,1003,1,45,1,0,0
walk,1003,1,46,4,1,0
walk,1003,1,47,1,1,0
walk,1003,2,0,8,0,0
walk,1003,2,1,1,0,0
walk,1003,2,3,4,0,0
walk,1003,2,4,48,0,0
walk,1003,2,5,1,0,0
walk,1003,2,6,4,0,0
walk,1003,2,7,4,0,0
walk,1003,2,8,1,0,0
walk,1003,2,9,16,0,0
walk,1003,2,10,16,0,0
walk,1003,2,12,1,0,0
walk,1003,2,13,24,0,0
walk,1003,2,15,1,0,0
walk,1003,2,17,1,0,0
walk,1003,2,18,1,0,0
walk,1003,2,19,40,0,0
walk,1003,2,20,24,0,0
walk,1003,2,21,56,0,0
walk,1003,2,22,1,0,0
walk,1003,2,23,1,0,0
walk,1003,2,25,1,0,0
walk,1003,2,26,4,0,0
walk,1003,2,27,1,0,0
walk,1003,2,28,1,0,0
walk,1003,2,29,1,0,0
walk,1003,2,30,1,0,0
walk,1003,2,31,1,0,0
walk,1003,2,32,1,0,0
walk,1003,2,36,16,1,0
walk,1003,2,37,4,0,0
walk,1003,2,38,8,0,0
walk,1003,2,39,1,0,0
walk,1003,2,40,32,1,0
walk,1003,2,41,32,0,0
walk,1003,2,42,1,0,0
walk,1003,2,43,16,0,0
walk,1003,2,44,4,0,0
walk,1003,2,45,32,1,1
walk,1003,2,46,4,0,0
walk,1003,2,47,1,0,0
walk,1003,3,0,4,0,0
walk,1003,3,1,1,0,0
walk,1003,3,3,4,0,0
walk,1003,3,4,1,0,0
walk,1003,3,5,1,0,0
walk,1003,3,6,1,0,0
walk,1003,3,7,36,0,0
walk,1003,3,8,16,0,0
walk,1003,3,9,16,0,0
walk,1003,3,10,16,0,0
walk,1003,3,11,1,0,0
walk,1003,3,12,1,0,0
walk,1003,3,13,4,0,0
walk,1003,3,14,1,0,0
walk,1003,3,16,1,0,0
walk,1003,3,17,4,0,0
walk,1003,3,18,1,0,0
walk,1003,3,19,4,0,0
walk,1003,3,20,16,0,0
walk,1003,3,21,1,0,0
walk,1003,3,23,1,0,0
walk,1003,3,24,4,0,0
walk,1003,3,27,4,0,0
walk,1003,3,28,1,0,0
walk,1003,3,29,4,0,0
walk,1003,3,31,32,1,1
walk,1003,3,32,1,0,0
walk,1003,3,33,1,0,0
walk,1003,3,34,4,0,0
walk,1003,3,35,4,0,0
walk,1003,3,36,1,0,0
walk,1003,3,37,1,0,0
walk,1003,3,38,64,1,1
walk,1003,3,40,4,0,0
walk,1003,3,41,1,0,0
walk,1003,3,42,1,0,0
walk,1003,3,43,1,0,0
walk,1003,3,44,16,0,0
walk,1003,3,45,4,0,0
walk,1003,3,47,4,0,0
walk,1004,0,0,4,0,0
walk,1004,0,1,1,0,0
walk,1004,0,2,1,0,0
walk,1004,0,3,1,0,0
walk,1004,0,4,36,1,1
walk,1004,0,5,32,1,1
walk,1004,0,6,4,0,0
walk,1004,0,7,1,0,0
walk,1004,0,10,4,0,0
walk,1004,0,11,4,0,0
walk,1004,0,12,1,0,0
walk,1004,0,13,4,1,0
walk,1004,0,14,4,0,0
walk,1004,0,15,1,0,0
walk,1004,0,16,1,0,0
walk,1004,0,17,16,0,0
walk,1004,0,18,1,0,0
walk,1004,0,19,24,0,0
walk,1004,0,20,16,0,0
walk,1004,0,23,8,0,0
walk,1004,0,24,16,0,0
walk,1004,0,25,4,0,0
walk,1004,0,26,4,0,0
walk,1004,0,27,1,0,0
walk,1004,0,29,56,1,1
walk,1004,0,30,48,1,1
walk,1004,0,31,1,0,0
walk,1004,0,33,4,0,0
walk,1004,0,35,1,0,0
walk,1004,0,36,40,1,1
walk,1004,0,37,4,0,0
walk,1004,0,39,1,0,0
walk,1004,0,40,4,0,0
walk,1004,0,42,1,0,0
walk,1004,0,43,1,0,0
walk,1004,0,44,1,0,0
walk,1004,0,45,1,0,0
walk,1004,0,46,4,1,0
walk,1004,0,47,16,0,0
walk,1004,1,0,4,0,0
walk,1004,1,1,16,0,0
walk,1004,1,2,16,0,0
walk,1004,1,3,32,0,0
walk,1004,1,5,1,0,0
walk,1004,1,7,16,0,0
walk,1004,1,8,32,1,0
walk,1004,1,9,40,0,0
walk,1004,1,10,4,0,0
walk,1004,1,13,48,1,1
walk,1004,1,14,1,0,0
walk,1004,1,15,1,0,0
walk,1004,1,17,1,0,0
walk,1004,1,18,4,0,0
walk,1004,1,19,32,0,0
walk,1004,1,23,1,0,0
walk,1004,1,26,4,0,0
walk,1004,1,27,4,0,0
walk,1004,1,28,1,0,0
walk,1004,1,29,1,0,0
walk,1004,1,30,16,1,0
walk,1004,1,31,1,0,0
walk,1004,1,32,1,0,0
walk,1004,1,33,1,0,0
walk,1004,1,34,4,0,0
walk,1004,1,35,4,0,0
walk,1004,1,36,1,0,0
walk,1004,1,38,1,0,0
walk,1004,1,39,8,0,0
walk,1004,1,40,1,0,0
walk,1004,1,41,4,0,0
walk,1004,1,42,1,0,0
walk,1004,1,43,32,0,0
walk,1004,1,44,36,0,0
walk,1004,1,46,4,0,0
walk,1004,1,47,48,0,0
walk,1004,2,0,48,1,1
walk,1004,2,1,4,1,0
walk,1004,2,2,4,0,0
walk,1004,2,3,4,0,0
walk,1004,2,4,16,0,0
walk,1004,2,5,4,0,0
walk,1004,2,6,4,0,0
walk,1004,2,8,1,0,0
walk,1004,2,9,1,0,0
walk,1004,2,10,1,0,0
walk,1004,2,11,40,0,0
walk,1004,2,12,4,0,0
walk,1004,2,13,1,0,0
walk,1004,2,14,32,1,1
walk,1004,2,15,32,0,0
walk,1004,2,16,16,1,0
walk,1004,2,18,4,0,0
walk,1004,2,19,4,0,0
walk,1004,2,21,36,1,0
walk,1004,2,23,4,0,0
walk,1004,2,25,8,0,0
walk,1004,2,26,48,1,1
walk,1004,2,27,1,0,0
walk,1004,2,28,4,0,0
walk,1004,2,30,1,0,0
walk,1004,2,32,48,1,1
walk,1004,2,34,56,1,0
walk,1004,2,35,1,0,0
walk,1004,2,37,64,0,0
walk,1004,2,38,4,1,0
walk,1004,2,39,16,0,0
walk,1004,2,40,1,0,0
walk,1004,2,43,16,0,0
walk,1004,2,46,1,0,0
walk,1004,3,0,4,0,0
walk,1004,3,1,1,0,0
walk,1004,3,2,1,0,0
walk,1004,3,4,4,0,0
walk,1004,3,6,4,0,0
walk,1004,3,7,16,0,0
walk,1004,3,9,1,0,0
walk,1004,3,11,1,0,0
walk,1004,3,12,1,0,0
walk,1004,3,14,1,0,0
walk,1004,3,15,4,0,0
walk,1004,3,17,1,0,0
walk,1004,3,19,1,0,0
walk,1004,3,20,4,0,0
walk,1004,3,21,16,0,0
walk,1004,3,22,1,0,0
walk,1004,3,23,1,0,0
walk,1004,3,24,1,0,0
walk,1004,3,25,1,0,0
walk,1004,3,26,4,0,0
walk,1004,3,27,56,0,0
walk,1004,3,28,16,0,0
walk,1004,3,29,8,1,0
walk,1004,3,30,16,1,0
walk,1004,3,33,8,0,0
walk,1004,3,34,1,0,0
walk,1004,3,36,4,1,0
walk,1004,3,37,1,0,0
walk,1004,3,42,1,0,0
walk,1004,3,43,4,0,0
walk,1004,3,44,4,0,0
walk,1004,3,45,1,0,0
walk,1004,3,46,16,0,0
walk,1005,0,0,4,0,0
walk,1005,0,1,4,0,0
walk,1005,0,3,4,0,0
walk,1005,0,4,16,0,0
walk,1005,0,5,4,0,0
walk,1005,0,6,1,0,0
walk,1005,0,8,1,0,0
walk,1005,0,9,1,0,0
walk,1005,0,13,4,0,0
walk,1005,0,14,8,0,0
walk,1005,0,15,4,0,0
walk,1005,0,16,56,1,0
walk,1005,0,17,48,1,0
walk,1005,0,18,32,0,0
walk,1005,0,19,1,0,0
walk,1005,0,20,1,0,0
walk,1005,0,21,8,1,0
walk,1005,0,22,1,0,0
walk,1005,0,23,4,0,0
walk,1005,0,24,4,0,0
walk,1005,0,25,4,0,0
walk,1005,0,26,4,0,0
walk,1005,0,27,16,0,0
walk,1005,0,28,8,1,0
walk,1005,0,31,1,0,0
walk,1005,0,34,4,0,0
walk,1005,0,37,1,0,0
walk,1005,0,38,1,0,0
walk,1005,0,39,1,0,0
walk,1005,0,40,1,0,0
walk,1005,0,42,4,0,0
walk,1005,0,43,64,0,0
walk,1005,0,45,24,0,0
walk,1005,1,0,1,0,0
walk,1005,1,1,4,0,0
walk,1005,1,2,56,1,1
walk,1005,1,3,1,0,0
walk,1005,1,4,4,0,0
walk,1005,1,5,4,0,0
walk,1005,1,6,4,0,0
walk,1005,1,8,16,0,0
walk,1005,1,9,1,0,0
walk,1005,1,10,4,0,0
walk,1005,1,12,1,0,0
walk,1005,1,13,1,0,0
walk,1005,1,14,16,1,1
walk,1005,1,16,1,0,0
walk,1005,1,17,1,0,0
walk,1005,1,21,16,0,0
walk,1005,1,22,64,1,1
walk,1005,1,23,4,0,0
walk,1005,1,24,16,0,0
walk,1005,1,25,24,0,0
walk,1005,1,27,1,0,0
walk,1005,1,28,1,0,0
walk,1005,1,30,16,0,0
walk,1005,1,31,4,0,0
walk,1005,1,32,48,0,0
walk,1005,1,33,1,0,0
walk,1005,1,34,24,0,0
walk,1005,1,35,56,1,0
walk,1005,1,36,4,0,0
walk,1005,1,37,1,0,0
walk,1005,1,38,4,0,0
walk,1005,1,39,1,0,0
walk,1005,1,40,1,0,0
walk,1005,1,43,4,0,0
walk,1005,1,45,4,0,0
walk,1005,1,46,4,0,0
walk,1005,1,47,24,1,0
walk,1005,2,1,56,1,1
walk,1005,2,2,4,1,0
walk,1005,2,5,16,0,0
walk,1005,2,6,24,0,0
walk,1005,2,7,1,0,0
walk,1005,2,9,8,0,0
walk,1005,2,10,24,0,0
walk,1005,2,11,1,0,0
walk,1005,2,12,4,0,0
walk,1005,2,13,1,0,0
walk,1005,2,14,16,0,0
walk,1005,2,16,1,0,0
walk,1005,2,17,48,1,1
walk,1005,2,19,1,0,0
walk,1005,2,21,4,0,0
walk,1005,2,23,4,0,0
walk,1005,2,25,1,0,0
walk,1005,2,27,1,0,0
walk,1005,2,28,1,0,0
walk,1005,2,29,4,1,0
walk,1005,2,30,8,0,0
walk,1005,2,31,4,0,0
walk,1005,2,32,8,0,0
walk,1005,2,33,1,0,0
walk,1005,2,34,1,0,0
walk,1005,2,36,32,1,0
walk,1005,2,37,1,0,0
walk,1005,2,38,1,0,0
walk,1005,2,39,8,0,0
walk,1005,2,40,1,0,0
walk,1005,2,41,1,0,0
walk,1005,2,42,1,0,0
walk,1005,2,43,4,0,0
walk,1005,2,44,1,0,0
walk,1005,2,45,4,0,0
walk,1005,2,46,1,0,0
walk,1005,3,0,4,0,0
walk,1005,3,1,4,0,0
walk,1005,3,2,4,0,0
walk,1005,3,3,4,0,0
walk,1005,3,4,1,0,0
walk,1005,3,5,4,0,0
walk,1005,3,6,8,1,0
walk,1005,3,7,1,0,0
walk,1005,3,8,1,0,0
walk,1005,3,9,1,0,0
walk,1005,3,10,4,0,0
walk,1005,3,11,16,0,0
walk,1005,3,13,1,0,0
walk,1005,3,14,1,0,0
walk,1005,3,16,64,1,1
walk,1005,3,18,56,1,1
walk,1005,3,20,4,0,0
walk,1005,3,21,1,0,0
walk,1005,3,22,4,0,0
walk,1005,3,24,1,0,0
walk,1005,3,26,1,1,0
walk,1005,3,27,4,0,0
walk,1005,3,29,1,0,0
walk,1005,3,30,4,0,0
walk,1005,3,32,4,0,0
walk,1005,3,33,1,0,0
walk,1005,3,34,16,0,0
walk,1005,3,35,4,0,0
walk,1005,3,36,1,0,0
walk,1005,3,37,8,0,0
walk,1005,3,38,48,1,1
walk,1005,3,39,1,0,0
walk,1005,3,40,4,0,0
walk,1005,3,41,1,0,0
walk,1005,3,42,1,0,0
walk,1005,3,44,1,0,0
walk,1005,3,45,4,0,0
walk,1005,3,46,4,0,0
walk,1005,3,47,4,0,0
walk,1006,0,1,1,0,0
walk,1006,0,2,4,0,0
walk,1006,0,4,4,0,0
walk,1006,0,6,4,0,0
walk,1006,0,7,1,0,0
walk,1006,0,8,4,0,0
walk,1006,0,10,32,1,1
walk,1006,0,11,4,0,0
walk,1006,0,13,40,0,0
walk,1006,0,15,1,0,0
walk,1006,0,17,1,0,0
walk,1006,0,20,1,0,0
walk,1006,0,22,1,0,0
walk,1006,0,23,24,0,0
walk,1006,0,25,8,0,0
walk,1006,0,26,1,0,0
walk,1006,0,27,32,1,0
walk,1006,0,28,16,1,0
walk,1006,0,31,4,0,0
walk,1006,0,32,4,0,0
walk,1006,0,34,1,0,0
walk,1006,0,35,1,1,0
walk,1006,0,37,1,0,0
walk,1006,0,39,4,0,0
walk,1006,0,40,1,0,0
walk,1006,0,41,4,0,0
walk,1006,0,42,1,0,0
walk,1006,0,43,4,0,0
walk,1006,0,44,16,0,0
walk,1006,0,45,4,0,0
walk,1006,0,46,1,0,0
walk,1006,1,0,1,0,0
walk,1006,1,1,1,0,0
walk,1006,1,3,1,0,0
walk,1006,1,4,1,0,0
walk,1006,1,5,1,0,0
walk,1006,1,6,4,0,0
walk,1006,1,8,4,0,0
walk,1006,1,9,4,0,0
walk,1006,1,10,32,0,0
walk,1006,1,11,16,0,0
walk,1006,1,13,4,0,0
walk,1006,1,14,4,0,0
walk,1006,1,15,1,0,0
walk,1006,1,16,1,0,0
walk,1006,1,17,4,0,0
walk,1006,1,18,4,0,0
walk,1006,1,19,40,0,0
walk,1006,1,23,1,0,0
walk,1006,1,25,1,0,0
walk,1006,1,26,4,0,0
walk,1006,1,27,24,0,0
walk,1006,1,28,16,0,0
walk,1006,1,29,1,0,0
walk,1006,1,30,16,0,0
walk,1006,1,33,56,1,1
walk,1006,1,34,1,0,0
walk,1006,1,35,4,0,0
walk,1006,1,36,40,0,0
walk,1006,1,37,16,0,0
walk,1006,1,38,4,0,0
walk,1006,1,39,1,0,0
walk,1006,1,40,4,0,0
walk,1006,1,41,8,0,0
walk,1006,1,43,1,0,0
walk,1006,1,44,1,0,0
walk,1006,1,45,64,0,0
walk,1006,1,46,4,0,0
walk,1006,1,47,32,0,0
walk,1006,2,0,4,0,0
walk,1006,2,1,16,0,0
walk,1006,2,3,1,0,0
walk,1006,2,4,1,0,0
walk,1006,2,5,1,0,0
walk,1006,2,6,4,0,0
walk,1006,2,7,4,0,0
walk,1006,2,8,1,0,0
walk,1006,2,9,4,0,0
walk,1006,2,10,8,0,0
walk,1006,2,11,1,0,0
walk,1006,2,12,1,0,0
walk,1006,2,13,1,0,0
walk,1006,2,16,4,0,0
walk,1006,2,18,1,0,0
walk,1006,2,20,4,1,0
walk,1006,2,21,1,0,0
walk,1006,2,22,4,0,0
walk,1006,2,23,1,0,0
walk,1006,2,24,1,0,0
walk,1006,2,25,32,0,0
walk,1006,2,26,32,0,0
walk,1006,2,27,4,0,0
walk,1006,2,28,1,0,0
walk,1006,2,30,4,0,0
walk,1006,2,31,36,1,0
walk,1006,2,32,40,0,0
walk,1006,2,33,16,1,0
walk,1006,2,34,4,0,0
walk,1006,2,35,4,0,0
walk,1006,2,36,4,0,0
walk,1006,2,38,48,1,0
walk,1006,2,39,24,0,0
walk,1006,2,41,1,0,0
walk,1006,2,42,1,0,0
walk,1006,2,43,16,0,0
walk,1006,2,44,4,0,0
walk,1006,2,46,1,0,0
walk,1006,3,1,1,0,0
walk,1006,3,2,4,0,0
walk,1006,3,5,4,0,0
walk,1006,3,6,1,0,0
walk,1006,3,7,4,0,0
walk,1006,3,8,4,0,0
walk,1006,3,9,4,0,0
walk,1006,3,10,1,0,0
walk,1006,3,11,1,0,0
walk,1006,3,12,1,0,0
walk,1006,3,15,4,0,0
walk,1006,3,16,4,0,0
walk,1006,3,17,1,0,0
walk,1006,3,19,4,0,0
walk,1006,3,20,1,0,0
walk,1006,3,22,1,0,0
walk,1006,3,23,4,0,0
walk,1006,3,24,8,0,0
walk,1006,3,25,4,0,0
walk,1006,3,26,1,0,0
walk,1006,3,27,1,0,0
walk,1006,3,28,1,0,0
walk,1006,3,29,4,0,0
walk,1006,3,31,1,0,0
walk,1006,3,33,4,0,0
walk,1006,3,34,1,0,0
walk,1006,3,35,1,0,0
walk,1006,3,36,24,0,0
walk,1006,3,37,1,0,0
walk,1006,3,39,1,0,0
walk,1006,3,40,4,0,0
walk,1006,3,42,24,0,0
walk,1006,3,43,4,0,0
walk,1006,3,44,1,0,0
walk,1006,3,45,16,0,0
walk,1006,3,47,4,0,0
walk,1007,0,0,1,0,0
walk,1007,0,1,56,0,0
walk,1007,0,2,4,0,0
walk,1007,0,3,1,0,0
walk,1007,0,4,4,0,0
walk,1007,0,6,1,0,0
walk,1007,0,7,1,0,0
walk,1007,0,9,24,0,0
walk,1007,0,10,1,0,0
walk,1007,0,13,4,0,0
walk,1007,0,17,8,0,0
walk,1007,0,19,1,0,0
walk,1007,0,20,1,0,0
walk,1007,0,22,1,0,0
walk,1007,0,23,1,0,0
walk,1007,0,27,32,0,0
walk,1007,0,28,4,0,0
walk,1007,0,29,24,0,0
walk,1007,0,31,4,0,0
walk,1007,0,32,24,0,0
walk,1007,0,34,1,0,0
walk,1007,0,36,4,0,0
walk,1007,0,37,1,0,0
walk,1007,0,38,4,0,0
walk,1007,0,40,1,0,0
walk,1007,0,41,1,0,0
walk,1007,0,42,1,0,0
walk,1007,0,43,1,0,0
walk,1007,0,44,4,0,0
walk,1007,0,47,1,0,0
walk,1007,1,0,1,0,0
walk,1007,1,2,1,0,0
walk,1007,1,3,1,0,0
walk,1007,1,4,1,0,0
walk,1007,1,5,4,0,0
walk,1007,1,6,1,0,0
walk,1007,1,9,4,0,0
walk,1007,1,10,1,0,0
walk,1007,1,11,24,1,1
walk,1007,1,12,8,1,0
walk,1007,1,13,1,0,0
walk,1007,1,14,8,0,0
walk,1007,1,16,1,0,0
walk,1007,1,17,1,0,0
walk,1007,1,20,4,0,0
walk,1007,1,21,1,0,0
walk,1007,1,23,4,0,0
walk,1007,1,24,1,0,0
walk,1007,1,25,8,0,0
walk,1007,1,27,1,0,0
walk,1007,1,29,1,0,0
walk,1007,1,30,1,0,0
walk,1007,1,31,48,0,0
walk,1007,1,32,4,0,0
walk,1007,1,33,4,0,0
walk,1007,1,34,32,0,0
walk,1007,1,35,1,0,0
walk,1007,1,36,1,0,0
walk,1007,1,37,4,0,0
walk,1007,1,38,1,0,0
walk,1007,1,39,16,0,0
walk,1007,1,40,48,0,0
walk,1007,1,41,40,1,1
walk,1007,1,42,4,0,0
walk,1007,1,44,4,0,0
walk,1007,1,45,24,0,0
walk,1007,1,46,1,0,0
walk,1007,1,47,1,0,0
walk,1007,2,3,4,0,0
walk,1007,2,4,24,0,0
walk,1007,2,10,36,0,0
walk,1007,2,11,8,1,0
walk,1007,2,12,24,0,0
walk,1007,2,13,64,1,1
walk,1007,2,14,1,0,0
walk,1007,2,15,4,0,0
walk,1007,2,16,1,0,0
walk,1007,2,17,1,0,0
walk,1007,2,18,8,0,0
walk,1007,2,19,1,0,0
walk,1007,2,20,1,0,0
walk,1007,2,21,16,0,0
walk,1007,2,22,64,0,0
walk,1007,2,23,4,0,0
walk,1007,2,24,24,0,0
walk,1007,2,25,24,0,0
walk,1007,2,26,1,0,0
walk,1007,2,27,1,0,0
walk,1007,2,28,1,0,0
walk,1007,2,30,4,0,0
walk,1007,2,31,1,0,0
walk,1007,2,34,8,0,0
walk,1007,2,36,4,0,0
walk,1007,2,38,16,1,0
walk,1007,2,39,1,0,0
walk,1007,2,40,16,0,0
walk,1007,2,41,4,0,0
walk,1007,2,42,16,0,0
walk,1007,2,43,1,0,0
walk,1007,2,44,40,0,0
walk,1007,2,45,24,0,0
walk,1007,2,46,4,0,0
walk,1007,2,47,4,0,0
walk,1007,3,0,16,0,0
walk,1007,3,2,4,0,0
walk,1007,3,3,24,1,1
walk,1007,3,4,24,1,0
walk,1007,3,5,1,0,0
walk,1007,3,6,4,0,0
walk,1007,3,7,4,0,0
walk,1007,3,9,1,0,0
walk,1007,3,10,16,0,0
walk,1007,3,11,4,0,0
walk,1007,3,14,1,0,0
walk,1007,3,16,1,0,0
walk,1007,3,18,4,0,0
walk,1007,3,19,4,0,0
walk,1007,3,20,16,0,0
walk,1007,3,21,4,0,0
walk,1007,3,22,1,0,0
walk,1007,3,23,8,0,0
walk,1007,3,25,24,0,0
walk,1007,3,26,1,0,0
walk,1007,3,27,4,0,0
walk,1007,3,28,1,0,0
walk,1007,3,29,16,0,0
walk,1007,3,30,1,0,0
walk,1007,3,31,4,0,0
walk,1007,3,32,1,0,0
walk,1007,3,34,4,0,0
walk,1007,3,35,1,0,0
walk,1007,3,36,48,0,0
walk,1007,3,37,4,0,0
walk,1007,3,38,8,0,0
walk,1007,3,39,1,0,0
walk,1007,3,40,4,0,0
walk,1007,3,44,1,0,0
walk,1007,3,45,1,0,0
walk,1007,3,46,4,0,0
walk,1008,0,0,4,0,0
walk,1008,0,1,4,0,0
walk,1008,0,3,4,0,0
walk,1008,0,5,4,0,0
walk,1008,0,6,1,0,0
walk,1008,0,7,1,0,0
walk,1008,0,8,1,0,0
walk,1008,0,10,1,0,0
walk,1008,0,11,4,0,0
walk,1008,0,12,4,0,0
walk,1008,0,13,4,0,0
walk,1008,0,14,1,0,0
walk,1008,0,17,1,0,0
walk,1008,0,18,1,0,0
walk,1008,0,20,4,0,0
walk,1008,0,21,1,0,0
walk,1008,0,22,48,1,1
walk,1008,0,23,32,0,0
walk,1008,0,24,4,0,0
walk,1008,0,27,4,0,0
walk,1008,0,30,24,0,0
walk,1008,0,32,24,0,0
walk,1008,0,33,1,0,0
walk,1008,0,34,56,0,0
walk,1008,0,35,1,0,0
walk,1008,0,36,64,1,1
walk,1008,0,37,1,0,0
walk,1008,0,38,1,0,0
walk,1008,0,39,1,0,0
walk,1008,0,40,32,0,0
walk,1008,0,41,56,1,1
walk,1008,0,42,4,0,0
walk,1008,0,43,56,0,0
walk,1008,0,44,40,0,0
walk,1008,0,45,1,0,0
walk,1008,0,47,4,0,0
walk,1008,1,0,16,0,0
walk,1008,1,1,48,0,0
walk,1008,1,2,4,0,0
walk,1008,1,3,4,0,0
walk,1008,1,4,4,0,0
walk,1008,1,5,4,0,0
walk,1008,1,6,1,0,0
walk,1008,1,8,48,1,1
walk,1008,1,9,4,0,0
walk,1008,1,11,1,0,0
walk,1008,1,13,1,0,0
walk,1008,1,16,1,0,0
walk,1008,1,17,4,0,0
walk,1008,1,18,1,0,0
walk,1008,1,20,24,0,0
walk,1008,1,21,4,0,0
walk,1008,1,23,4,0,0
walk,1008,1,24,1,0,0
walk,1008,1,25,1,0,0
walk,1008,1,27,1,0,0
walk,1008,1,28,8,0,0
walk,1008,1,30,1,0,0
walk,1008,1,31,8,0,0
walk,1008,1,32,4,0,0
walk,1008,1,33,1,0,0
walk,1008,1,35,1,0,0
walk,1008,1,36,4,1,0
walk,1008,1,38,32,1,1
walk,1008,1,39,1,0,0
walk,1008,1,41,1,0,0
walk,1008,1,42,16,0,0
walk,1008,1,44,4,0,0
walk,1008,1,46,4,0,0
walk,1008,1,47,1,0,0
walk,1008,2,0,4,0,0
walk,1008,2,3,4,0,0
walk,1008,2,4,1,0,0
walk,1008,2,5,36,1,1
walk,1008,2,6,36,1,1
walk,1008,2,8,4,0,0
walk,1008,2,11,4,0,0
walk,1008,2,12,1,0,0
walk,1008,2,13,1,0,0
walk,1008,2,14,1,0,0
walk,1008,2,15,4,0,0
walk,1008,2,17,4,0,0
walk,1008,2,18,1,0,0
walk,1008,2,19,4,0,0
walk,1008,2,20,1,0,0
walk,1008,2,21,1,0,0
walk,1008,2,22,4,0,0
walk,1008,2,23,16,0,0
walk,1008,2,27,4,0,0
walk,1008,2,28,1,0,0
walk,1008,2,29,1,0,0
walk,1008,2,30,4,0,0
walk,1008,2,31,40,0,0
walk,1008,2,32,1,0,0
walk,1008,2,34,1,0,0
walk,1008,2,36,4,0,0
walk,1008,2,39,4,0,0
walk,1008,2,40,4,0,0
walk,1008,2,41,48,1,1
walk,1008,2,43,56,0,0
walk,1008,2,44,1,0,0
walk,1008,2,45,4,0,0
walk,1008,2,46,1,0,0
walk,1008,2,47,8,0,0
walk,1008,3,1,4,0,0
walk,1008,3,2,1,0,0
walk,1008,3,3,4,0,0
walk,1008,3,4,4,0,0
walk,1008,3,5,1,0,0
walk,1008,3,7,1,0,0
walk,1008,3,8,1,0,0
walk,1008,3,9,1,0,0
walk,1008,3,10,4,0,0
walk,1008,3,11,1,0,0
walk,1008,3,12,1,0,0
walk,1008,3,13,1,0,0
walk,1008,3,14,64,1,1
walk,1008,3,15,4,0,0
walk,1008,3,16,1,0,0
walk,1008,3,17,1,0,0
walk,1008,3,18,4,0,0
walk,1008,3,19,1,0,0
walk,1008,3,22,1,0,0
walk,1008,3,25,4,0,0
walk,1008,3,27,40,0,0
walk,1008,3,28,4,0,0
walk,1008,3,29,4,0,0
walk,1008,3,31,48,0,0
walk,1008,3,32,1,0,0
walk,1008,3,33,1,0,0
walk,1008,3,34,1,0,0
walk,1008,3,35,4,0,0
walk,1008,3,36,48,0,0
walk,1008,3,37,16,0,0
walk,1008,3,38,4,0,0
walk,1008,3,39,4,0,0
walk,1008,3,40,1,0,0
walk,1008,3,41,1,0,0
walk,1008,3,42,4,0,0
walk,1008,3,44,1,0,0
walk,1008,3,45,1,0,0
walk,1008,3,46,4,0,0
walk,1008,3,47,1,0,0
walk,1009,0,0,1,0,0
walk,1009,0,1,40,0,0
walk,1009,0,2,1,0,0
walk,1009,0,3,4,0,0
walk,1009,0,4,4,0,0
walk,1009,0,5,1,0,0
walk,1009,0,6,4,0,0
walk,1009,0,7,16,0,0
walk,1009,0,8,24,0,0
walk,1009,0,9,8,0,0
walk,1009,0,10,1,0,0
walk,1009,0,12,40,0,0
walk,1009,0,13,4,0,0
walk,1009,0,14,1,0,0
walk,1009,0,15,56,1,1
walk,1009,0,16,48,0,0
walk,1009,0,17,40,0,0
walk,1009,0,18,4,0,0
walk,1009,0,20,4,0,0
walk,1009,0,21,1,0,0
walk,1009,0,22,1,0,0
walk,1009,0,23,8,0,0
walk,1009,0,24,1,0,0
walk,1009,0,25,4,0,0
walk,1009,0,27,56,0,0
walk,1009,0,28,4,0,0
walk,1009,0,29,4,0,0
walk,1009,0,30,1,0,0
walk,1009,0,32,1,0,0
walk,1009,0,34,1,0,0
walk,1009,0,35,4,0,0
walk,1009,0,37,4,1,0
walk,1009,0,38,4,0,0
walk,1009,0,39,1,0,0
walk,1009,0,40,16,0,0
walk,1009,0,41,1,0,0
walk,1009,0,42,1,0,0
walk,1009,0,43,4,0,0
walk,1009,0,45,1,0,0
walk,1009,0,46,1,0,0
walk,1009,1,0,1,0,0
walk,1009,1,1,40,0,0
walk,1009,1,2,1,0,0
walk,1009,1,3,1,0,0
walk,1009,1,4,48,0,0
walk,1009,1,6,4,0,0
walk,1009,1,7,56,0,0
walk,1009,1,8,4,0,0
walk,1009,1,9,48,0,0
walk,1009,1,10,1,0,0
walk,1009,1,12,24,1,0
walk,1009,1,14,1,0,0
walk,1009,1,15,1,0,0
walk,1009,1,16,1,0,0
walk,1009,1,17,4,0,0
walk,1009,1,18,4,0,0
walk,1009,1,20,16,1,0
walk,1009,1,21,1,0,0
walk,1009,1,23,1,0,0
walk,1009,1,24,1,0,0
walk,1009,1,25,56,1,1
walk,1009,1,26,1,0,0
walk,1009,1,27,1,0,0
walk,1009,1,28,1,0,0
walk,1009,1,31,48,1,0
walk,1009,1,32,1,0,0
walk,1009,1,33,1,0,0
walk,1009,1,34,4,0,0
walk,1009,1,35,1,0,0
walk,1009,1,36,1,0,0
walk,1009,1,37,1,0,0
walk,1009,1,40,1,0,0
walk,1009,1,41,4,0,0
walk,1009,1,44,1,0,0
walk,1009,1,45,48,1,1
walk,1009,1,47,1,0,0
walk,1009,2,0,24,0,0
walk,1009,2,3,1,0,0
walk,1009,2,5,48,1,1
walk,1009,2,7,48,1,1
walk,1009,2,8,1,0,0
walk,1009,2,9,1,0,0
walk,1009,2,10,1,0,0
walk,1009,2,12,8,0,0
walk,1009,2,13,1,0,0
walk,1009,2,14,4,0,0
walk,1009,2,15,1,0,0
walk,1009,2,17,1,0,0
walk,1009,2,18,1,0,0
walk,1009,2,19,1,0,0
walk,1009,2,23,16,0,0
walk,1009,2,24,36,1,1
walk,1009,2,26,4,0,0
walk,1009,2,28,4,0,0
walk,1009,2,30,16,0,0
walk,1009,2,31,1,0,0
walk,1009,2,33,32,0,0
walk,1009,2,34,1,0,0
walk,1009,2,35,24,0,0
walk,1009,2,37,4,0,0
walk,1009,2,40,1,0,0
walk,1009,2,41,4,0,0
walk,1009,2,43,4,0,0
walk,1009,2,44,1,0,0
walk,1009,2,45,4,0,0
walk,1009,2,46,16,0,0
walk,1009,2,47,4,0,0
walk,1009,3,0,1,0,0
walk,1009,3,2,48,1,1
walk,1009,3,4,1,0,0
walk,1009,3,5,1,0,0
walk,1009,3,6,4,0,0
walk,1009,3,7,1,0,0
walk,1009,3,8,16,0,0
walk,1009,3,9,40,0,0
walk,1009,3,10,4,0,0
walk,1009,3,11,1,0,0
walk,1009,3,12,1,0,0
walk,1009,3,13,1,0,0
walk,1009,3,14,1,0,0
walk,1009,3,15,4,0,0
walk,1009,3,17,1,0,0
walk,1009,3,18,1,0,0
walk,1009,3,19,4,0,0
walk,1009,3,20,1,0,0
walk,1009,3,21,40,0,0
walk,1009,3,22,1,0,0
walk,1009,3,23,1,0,0
walk,1009,3,25,1,0,0
walk,1009,3,27,1,0,0
walk,1009,3,28,4,0,0
walk,1009,3,29,48,1,1
walk,1009,3,31,8,0,0
walk,1009,3,34,1,0,0
walk,1009,3,35,1,0,0
walk,1009,3,36,1,0,0
walk,1009,3,37,1,0,0
walk,1009,3,38,1,0,0
walk,1009,3,41,1,0,0
walk,1009,3,42,64,1,1
walk,1009,3,43,1,0,0
walk,1009,3,44,1,0,0
walk,1009,3,46,4,0,0
walk,1009,3,47,16,1,0
walk,1010,0,0,16,0,0
walk,1010,0,1,1,0,0
walk,1010,0,2,1,0,0
walk,1010,0,3,4,0,0
walk,1010,0,4,1,0,0
walk,1010,0,5,1,0,0
walk,1010,0,6,16,0,0
walk,1010,0,7,8,0,0
walk,1010,0,10,1,0,0
walk,1010,0,11,4,0,0
walk,1010,0,12,1,0,0
walk,1010,0,14,4,1,0
walk,1010,0,15,4,0,0
walk,1010,0,16,4,0,0
walk,1010,0,18,1,0,0
walk,1010,0,20,1,0,0
walk,1010,0,21,4,0,0
walk,1010,0,22,1,0,0
walk,1010,0,24,1,0,0
walk,1010,0,25,1,0,0
walk,1010,0,26,1,0,0
walk,1010,0,27,1,0,0
walk,1010,0,28,1,0,0
walk,1010,0,29,16,0,0
walk,1010,0,30,8,0,0
walk,1010,0,31,32,0,0
walk,1010,0,32,4,0,0
walk,1010,0,33,48,0,0
walk,1010,0,34,1,0,0
walk,1010,0,35,4,0,0
walk,1010,0,37,1,0,0
walk,1010,0,39,1,0,0
walk,1010,0,40,16,0,0
walk,1010,0,41,4,0,0
walk,1010,0,42,4,0,0
walk,1010,0,43,1,0,0
walk,1010,0,44,1,0,0
walk,1010,1,0,8,0,0
walk,1010,1,1,4,0,0
walk,1010,1,3,40,1,1
walk,1010,1,4,4,0,0
walk,1010,1,6,1,0,0
walk,1010,1,7,4,0,0
walk,1010,1,8,1,0,0
walk,1010,1,9,1,0,0
walk,1010,1,10,4,0,0
walk,1010,1,12,4,0,0
walk,1010,1,14,1,0,0
walk,1010,1,15,1,0,0
walk,1010,1,17,48,1,1
walk,1010,1,18,1,0,0
walk,1010,1,19,4,0,0
walk,1010,1,20,1,0,0
walk,1010,1,21,48,1,1
walk,1010,1,24,4,0,0
walk,1010,1,25,1,0,0
walk,1010,1,26,40,0,0
walk,1010,1,27,16,0,0
walk,1010,1,28,4,0,0
walk,1010,1,29,4,0,0
walk,1010,1,30,4,0,0
walk,1010,1,31,1,0,0
walk,1010,1,33,1,0,0
walk,1010,1,34,1,0,0
walk,1010,1,35,4,0,0
walk,1010,1,37,16,1,0
walk,1010,1,38,1,0,0
walk,1010,1,40,4,0,0
walk,1010,1,41,4,0,0
walk,1010,1,42,1,0,0
walk,1010,1,43,1,0,0
walk,1010,1,44,1,0,0
walk,1010,1,45,1,0,0
walk,1010,1,46,4,0,0
walk,1010,1,47,1,0,0
walk,1010,2,5,32,1,0
walk,1010,2,6,1,0,0
walk,1010,2,7,32,0,0
walk,1010,2,8,8,0,0
walk,1010,2,9,1,0,0
walk,1010,2,10,1,0,0
walk,1010,2,11,4,0,0
walk,1010,2,12,8,0,0
walk,1010,2,16,4,0,0
walk,1010,2,17,16,0,0
walk,1010,2,18,4,0,0
walk,1010,2,19,24,0,0
walk,1010,2,21,4,0,0
walk,1010,2,22,1,0,0
walk,1010,2,23,4,0,0
walk,1010,2,24,1,0,0
walk,1010,2,25,4,0,0
walk,1010,2,26,4,1,0
walk,1010,2,27,1,0,0
walk,1010,2,29,32,0,0
walk,1010,2,32,4,0,0
walk,1010,2,33,1,0,0
walk,1010,2,34,4,0,0
walk,1010,2,35,16,0,0
walk,1010,2,36,4,0,0
walk,1010,2,37,1,0,0
walk,1010,2,38,1,0,0
walk,1010,2,39,1,0,0
walk,1010,2,40,16,1,0
walk,1010,2,42,4,0,0
walk,1010,2,43,4,0,0
walk,1010,2,44,16,0,0
walk,1010,2,45,16,0,0
walk,1010,2,46,1,0,0
walk,1010,3,0,4,0,0
walk,1010,3,2,1,0,0
walk,1010,3,4,56,1,1
walk,1010,3,6,4,0,0
walk,1010,3,7,4,0,0
walk,1010,3,8,4,0,0
walk,1010,3,9,4,0,0
walk,1010,3,10,4,0,0
walk,1010,3,11,1,0,0
walk,1010,3,12,4,0,0
walk,1010,3,13,4,0,0
walk,1010,3,14,48,1,1
walk,1010,3,15,4,0,0
walk,1010,3,16,4,0,0
walk,1010,3,17,4,0,0
walk,1010,3,19,16,0,0
walk,1010,3,20,4,0,0
walk,1010,3,22,1,0,0
walk,1010,3,25,4,0,0
walk,1010,3,26,56,1,1
walk,1010,3,27,1,0,0
walk,1010,3,28,1,0,0
walk,1010,3,29,4,0,0
walk,1010,3,31,1,0,0
walk,1010,3,32,4,0,0
walk,1010,3,34,1,0,0
walk,1010,3,35,16,0,0
walk,1010,3,37,32,0,0
walk,1010,3,39,1,0,0
walk,1010,3,40,8,0,0
walk,1010,3,42,1,0,0
walk,1010,3,43,4,0,0
walk,1010,3,44,48,1,1
walk,1010,3,45,4,0,0
walk,1010,3,47,1,0,0
walk,1011,0,0,1,0,0
walk,1011,0,1,16,0,0
walk,1011,0,2,16,0,0
walk,1011,0,3,4,0,0
walk,1011,0,4,48,0,0
walk,1011,0,6,1,0,0
walk,1011,0,7,1,0,0
walk,1011,0,8,4,0,0
walk,1011,0,9,1,0,0
walk,1011,0,10,32,0,0
walk,1011,0,11,1,0,0
walk,1011,0,12,8,0,0
walk,1011,0,13,40,0,0
walk,1011,0,14,4,0,0
walk,1011,0,15,1,0,0
walk,1011,0,16,4,0,0
walk,1011,0,18,1,0,0
walk,1011,0,19,4,0,0
walk,1011,0,20,4,0,0
walk,1011,0,21,1,0,0
walk,1011,0,22,4,0,0
walk,1011,0,25,4,0,0
walk,1011,0,26,1,0,0
walk,1011,0,27,1,0,0
walk,1011,0,28,1,0,0
walk,1011,0,30,4,0,0
walk,1011,0,31,4,0,0
walk,1011,0,32,48,1,1
walk,1011,0,33,1,0,0
walk,1011,0,35,48,0,0
walk,1011,0,36,4,0,0
walk,1011,0,37,32,0,0
walk,1011,0,38,16,0,0
walk,1011,0,39,1,0,0
walk,1011,0,40,4,0,0
walk,1011,0,41,1,0,0
walk,1011,0,42,40,1,1
walk,1011,0,43,16,0,0
walk,1011,0,45,1,0,0
walk,1011,0,46,4,0,0
walk,1011,1,1,4,0,0
walk,1011,1,3,16,0,0
walk,1011,1,7,1,0,0
walk,1011,1,9,40,0,0
walk,1011,1,11,1,0,0
walk,1011,1,13,4,0,0
walk,1011,1,15,4,0,0
walk,1011,1,16,1,0,0
walk,1011,1,17,4,0,0
walk,1011,1,21,16,0,0
walk,1011,1,22,8,0,0
walk,1011,1,23,48,1,1
walk,1011,1,25,1,0,0
walk,1011,1,27,1,0,0
walk,1011,1,28,1,0,0
walk,1011,1,29,16,0,0
walk,1011,1,30,1,0,0
walk,1011,1,31,1,0,0
walk,1011,1,32,1,1,0
walk,1011,1,33,56,0,0
walk,1011,1,34,1,0,0
walk,1011,1,35,4,0,0
walk,1011,1,36,1,0,0
walk,1011,1,37,1,0,0
walk,1011,1,38,1,0,0
walk,1011,1,39,4,0,0
walk,1011,1,40,4,0,0
walk,1011,1,41,40,0,0
walk,1011,1,42,4,0,0
walk,1011,1,43,1,0,0
walk,1011,1,44,1,0,0
walk,1011,1,45,4,0,0
walk,1011,1,46,4,0,0
walk,1011,1,47,56,0,0
walk,1011,2,0,1,1,0
walk,1011,2,1,4,0,0
walk,1011,2,2,4,0,0
walk,1011,2,4,1,0,0
walk,1011,2,5,48,0,0
walk,1011,2,6,4,0,0
walk,1011,2,10,56,0,0
walk,1011,2,11,24,0,0
walk,1011,2,14,4,0,0
walk,1011,2,15,1,0,0
walk,1011,2,16,1,0,0
walk,1011,2,17,16,0,0
walk,1011,2,18,4,0,0
walk,1011,2,22,1,0,0
walk,1011,2,23,1,0,0
walk,1011,2,24,1,0,0
walk,1011,2,25,1,0,0
walk,1011,2,26,24,0,0
walk,1011,2,27,1,0,0
walk,1011,2,29,40,0,0
walk,1011,2,30,4,0,0
walk,1011,2,31,32,1,0
walk,1011,2,32,1,0,0
walk,1011,2,33,16,0,0
walk,1011,2,34,4,0,0
walk,1011,2,37,1,0,0
walk,1011,2,39,1,0,0
walk,1011,2,40,1,0,0
walk,1011,2,41,4,0,0
walk,1011,2,43,1,0,0
walk,1011,2,44,1,0,0
walk,1011,2,45,56,1,1
walk,1011,2,46,16,0,0
walk,1011,2,47,4,0,0
walk,1011,3,0,1,0,0
walk,1011,3,3,4,0,0
walk,1011,3,4,4,0,0
walk,1011,3,5,4,0,0
walk,1011,3,7,1,0,0
walk,1011,3,8,4,0,0
walk,1011,3,9,1,0,0
walk,1011,3,10,1,0,0
walk,1011,3,11,1,0,0
walk,1011,3,13,1,0,0
walk,1011,3,14,1,0,0
walk,1011,3,15,1,0,0
walk,1011,3,18,1,0,0
walk,1011,3,19,4,0,0
walk,1011,3,20,40,0,0
walk,1011,3,21,4,0,0
walk,1011,3,22,16,1,0
walk,1011,3,23,4,0,0
walk,1011,3,24,4,0,0
walk,1011,3,25,36,0,0
walk,1011,3,26,1,0,0
walk,1011,3,27,4,0,0
walk,1011,3,28,1,0,0
walk,1011,3,29,16,1,0
walk,1011,3,30,1,0,0
walk,1011,3,31,1,0,0
walk,1011,3,32,4,0,0
walk,1011,3,33,4,0,0
walk,1011,3,34,40,1,1
walk,1011,3,35,1,0,0
walk,1011,3,36,1,0,0
walk,1011,3,37,64,1,1
walk,1011,3,38,4,0,0
walk,1011,3,39,8,0,0
walk,1011,3,40,1,0,0
walk,1011,3,41,56,1,1
walk,1011,3,43,1,0,0
walk,1011,3,44,1,0,0
walk,1011,3,45,1,0,0
walk,1011,3,46,4,0,0
walk,1011,3,47,4,0,0
walk,1012,0,0,1,0,0
walk,1012,0,1,1,0,0
walk,1012,0,4,1,0,0
walk,1012,0,6,16,0,0
walk,1012,0,7,1,0,0
walk,1012,0,8,32,0,0
walk,1012,0,9,4,0,0
walk,1012,0,12,1,0,0
walk,1012,0,13,4,1,0
walk,1012,0,15,1,0,0
walk,1012,0,17,1,0,0
walk,1012,0,19,4,0,0
walk,1012,0,20,32,0,0
walk,1012,0,22,1,0,0
walk,1012,0,23,8,0,0
walk,1012,0,25,1,1,0
walk,1012,0,26,56,1,0
walk,1012,0,27,4,0,0
walk,1012,0,28,4,0,0
walk,1012,0,30,1,0,0
walk,1012,0,32,4,0,0
walk,1012,0,33,4,0,0
walk,1012,0,35,4,0,0
walk,1012,0,36,1,0,0
walk,1012,0,37,4,0,0
walk,1012,0,39,1,0,0
walk,1012,0,40,4,1,0
walk,1012,0,41,4,0,0
walk,1012,0,42,1,0,0
walk,1012,0,43,1,0,0
walk,1012,0,44,56,0,0
walk,1012,0,46,4,0,0
walk,1012,0,47,4,0,0
walk,1012,1,1,1,0,0
walk,1012,1,2,48,0,0
walk,1012,1,3,1,0,0
walk,1012,1,6,1,0,0
walk,1012,1,7,1,0,0
walk,1012,1,9,8,1,0
walk,1012,1,10,1,0,0
walk,1012,1,11,1,0,0
walk,1012,1,12,4,0,0
walk,1012,1,13,24,0,0
walk,1012,1,14,1,0,0
walk,1012,1,18,40,0,0
walk,1012,1,20,4,0,0
walk,1012,1,22,16,0,0
walk,1012,1,23,4,0,0
walk,1012,1,24,8,0,0
walk,1012,1,25,4,0,0
walk,1012,1,28,4,0,0
walk,1012,1,29,4,1,0
walk,1012,1,30,40,0,0
walk,1012,1,31,48,0,0
walk,1012,1,32,1,0,0
walk,1012,1,33,1,0,0
walk,1012,1,34,1,0,0
walk,1012,1,35,1,0,0
walk,1012,1,36,8,0,0
walk,1012,1,37,1,0,0
walk,1012,1,38,1,0,0
walk,1012,1,39,4,0,0
walk,1012,1,41,1,0,0
walk,1012,1,42,1,1,0
walk,1012,1,43,40,0,0
walk,1012,1,44,1,0,0
walk,1012,1,45,4,0,0
walk,1012,1,46,4,0,0
walk,1012,2,0,32,0,0
walk,1012,2,1,4,0,0
walk,1012,2,4,1,0,0
walk,1012,2,5,4,0,0
walk,1012,2,7,1,0,0
walk,1012,2,9,4,0,0
walk,1012,2,10,16,0,0
walk,1012,2,11,1,0,0
walk,1012,2,12,56,1,1
walk,1012,2,13,32,1,1
walk,1012,2,15,16,0,0
walk,1012,2,16,4,0,0
walk,1012,2,17,16,0,0
walk,1012,2,18,4,0,0
walk,1012,2,19,4,0,0
walk,1012,2,20,4,0,0
walk,1012,2,21,4,0,0
walk,1012,2,22,16,1,0
walk,1012,2,23,4,0,0
walk,1012,2,26,4,0,0
walk,1012,2,28,1,0,0
walk,1012,2,29,4,0,0
walk,1012,2,30,24,0,0
walk,1012,2,31,1,0,0
walk,1012,2,32,4,1,0
walk,1012,2,34,8,0,0
walk,1012,2,35,1,1,0
walk,1012,2,38,4,0,0
walk,1012,2,39,16,1,0
walk,1012,2,40,4,0,0
walk,1012,2,41,40,1,1
walk,1012,2,42,24,1,0
walk,1012,2,43,1,0,0
walk,1012,2,44,4,0,0
walk,1012,2,45,4,0,0
walk,1012,2,46,4,1,0
walk,1012,3,0,1,0,0
walk,1012,3,1,4,0,0
walk,1012,3,2,1,0,0
walk,1012,3,3,1,0,0
walk,1012,3,7,8,0,0
walk,1012,3,11,1,0,0
walk,1012,3,14,4,0,0
walk,1012,3,15,4,0,0
walk,1012,3,16,24,0,0
walk,1012,3,19,1,0,0
walk,1012,3,21,1,0,0
walk,1012,3,22,1,0,0
walk,1012,3,23,4,0,0
walk,1012,3,25,1,0,0
walk,1012,3,27,4,0,0
walk,1012,3,29,4,0,0
walk,1012,3,30,1,0,0
walk,1012,3,31,1,0,0
walk,1012,3,32,1,0,0
walk,1012,3,37,4,0,0
walk,1012,3,39,1,0,0
walk,1012,3,41,4,1,0
walk,1012,3,43,1,0,0
walk,1012,3,44,24,0,0
walk,1012,3,45,8,0,0
walk,1012,3,46,1,0,0
walk,1012,3,47,4,0,0
walk,1013,0,3,4,0,0
walk,1013,0,4,24,0,0
walk,1013,0,6,56,0,0
walk,1013,0,7,32,1,0
walk,1013,0,8,4,0,0
walk,1013,0,9,16,0,0
walk,1013,0,10,1,0,0
walk,1013,0,11,1,0,0
walk,1013,0,12,1,0,0
walk,1013,0,13,4,0,0
walk,1013,0,14,1,0,0
walk,1013,0,15,4,0,0
walk,1013,0,17,4,0,0
walk,1013,0,18,1,0,0
walk,1013,0,19,4,0,0
walk,1013,0,20,4,0,0
walk,1013,0,21,1,0,0
walk,1013,0,27,4,0,0
walk,1013,0,28,1,0,0
walk,1013,0,30,16,0,0
walk,1013,0,31,16,0,0
walk,1013,0,32,4,0,0
walk,1013,0,34,4,0,0
walk,1013,0,36,4,0,0
walk,1013,0,38,4,0,0
walk,1013,0,39,1,0,0
walk,1013,0,40,1,0,0
walk,1013,0,41,1,0,0
walk,1013,0,44,48,0,0
walk,1013,0,45,16,0,0
walk,1013,0,46,1,0,0
walk,1013,0,47,16,0,0
walk,1013,1,0,1,0,0
walk,1013,1,3,4,0,0
walk,1013,1,4,4,0,0
walk,1013,1,5,1,0,0
walk,1013,1,6,36,0,0
walk,1013,1,8,1,0,0
walk,1013,1,9,40,1,1
walk,1013,1,10,4,0,0
walk,1013,1,12,1,0,0
walk,1013,1,13,48,1,0
walk,1013,1,14,16,0,0
walk,1013,1,15,1,0,0
walk,1013,1,17,1,0,0
walk,1013,1,19,4,0,0
walk,1013,1,20,8,0,0
walk,1013,1,21,4,0,0
walk,1013,1,22,4,0,0
walk,1013,1,23,4,0,0
walk,1013,1,25,4,0,0
walk,1013,1,26,4,0,0
walk,1013,1,27,1,0,0
walk,1013,1,28,48,1,1
walk,1013,1,29,4,0,0
walk,1013,1,30,1,0,0
walk,1013,1,31,1,0,0
walk,1013,1,32,1,0,0
walk,1013,1,34,1,0,0
walk,1013,1,36,40,0,0
walk,1013,1,37,4,0,0
walk,1013,1,38,1,0,0
walk,1013,1,39,1,0,0
walk,1013,1,41,4,0,0
walk,1013,1,42,4,0,0
walk,1013,1,45,4,0,0
walk,1013,1,46,1,0,0
walk,1013,1,47,16,0,0
walk,1013,2,0,1,0,0
walk,1013,2,1,1,0,0
walk,1013,2,2,4,0,0
walk,1013,2,3,1,0,0
walk,1013,2,4,4,0,0
walk,1013,2,5,1,0,0
walk,1013,2,6,48,1,1
walk,1013,2,7,1,0,0
walk,1013,2,8,1,0,0
walk,1013,2,9,40,0,0
walk,1013,2,10,1,0,0
walk,1013,2,11,4,1,0
walk,1013,2,12,1,0,0
walk,1013,2,13,1,0,0
walk,1013,2,14,1,0,0
walk,1013,2,18,4,0,0
walk,1013,2,19,1,0,0
walk,1013,2,20,8,0,0
walk,1013,2,21,4,0,0
walk,1013,2,26,4,0,0
walk,1013,2,27,4,0,0
walk,1013,2,32,4,0,0
walk,1013,2,34,32,0,0
walk,1013,2,36,1,0,0
walk,1013,2,39,4,0,0
walk,1013,2,41,1,0,0
walk,1013,2,42,1,1,0
walk,1013,2,44,4,0,0
walk,1013,2,47,4,0,0
walk,1013,3,0,4,1,0
walk,1013,3,1,1,0,0
walk,1013,3,3,1,0,0
walk,1013,3,4,1,0,0
walk,1013,3,5,4,0,0
walk,1013,3,6,4,0,0
walk,1013,3,7,1,0,0
walk,1013,3,8,48,0,0
walk,1013,3,9,16,0,0
walk,1013,3,10,48,1,1
walk,1013,3,12,4,0,0
walk,1013,3,13,4,0,0
walk,1013,3,14,16,1,0
walk,1013,3,16,4,0,0
walk,1013,3,18,24,0,0
walk,1013,3,19,32,1,0
walk,1013,3,20,1,0,0
walk,1013,3,21,48,1,1
walk,1013,3,23,4,0,0
walk,1013,3,24,56,0,0
walk,1013,3,25,4,0,0
walk,1013,3,26,4,0,0
walk,1013,3,27,1,0,0
walk,1013,3,28,4,0,0
walk,1013,3,29,4,0,0
walk,1013,3,30,1,0,0
walk,1013,3,31,24,0,0
walk,1013,3,32,4,0,0
walk,1013,3,33,4,0,0
walk,1013,3,34,1,0,0
walk,1013,3,36,1,0,0
walk,1013,3,37,4,0,0
walk,1013,3,38,1,0,0
walk,1013,3,39,4,1,0
walk,1013,3,40,4,0,0
walk,1013,3,42,1,0,0
walk,1013,3,43,1,0,0
walk,1013,3,45,1,0,0
walk,1013,3,46,4,0,0
walk,1013,3,47,16,0,0
walk,1014,0,1,16,1,1
walk,1014,0,2,16,0,0
walk,1014,0,3,4,0,0
walk,1014,0,4,24,0,0
walk,1014,0,6,1,0,0
walk,1014,0,7,4,0,0
walk,1014,0,8,1,0,0
walk,1014,0,9,1,0,0
walk,1014,0,10,4,0,0
walk,1014,0,11,1,0,0
walk,1014,0,12,1,1,0
walk,1014,0,15,16,0,0
walk,1014,0,16,1,0,0
walk,1014,0,17,4,0,0
walk,1014,0,24,4,0,0
walk,1014,0,25,4,0,0
walk,1014,0,26,4,0,0
walk,1014,0,28,4,0,0
walk,1014,0,30,1,0,0
walk,1014,0,31,1,0,0
walk,1014,0,32,1,0,0
walk,1014,0,33,16,0,0
walk,1014,0,34,4,0,0
walk,1014,0,35,4,0,0
walk,1014,0,36,4,0,0
walk,1014,0,37,32,0,0
walk,1014,0,38,56,0,0
walk,1014,0,39,1,0,0
walk,1014,0,40,4,0,0
walk,1014,0,41,4,0,0
walk,1014,0,42,4,0,0
walk,1014,0,44,1,0,0
walk,1014,0,45,4,0,0
walk,1014,0,46,1,0,0
walk,1014,0,47,1,0,0
walk,1014,1,0,16,0,0
walk,1014,1,1,1,0,0
walk,1014,1,2,1,0,0
walk,1014,1,3,1,0,0
walk,1014,1,5,1,0,0
walk,1014,1,6,1,0,0
walk,1014,1,7,1,0,0
walk,1014,1,8,4,0,0
walk,1014,1,9,16,1,1
walk,1014,1,10,1,0,0
walk,1014,1,12,1,0,0
walk,1014,1,13,16,0,0
walk,1014,1,14,1,0,0
walk,1014,1,15,4,0,0
walk,1014,1,16,4,0,0
walk,1014,1,19,1,0,0
walk,1014,1,20,16,0,0
walk,1014,1,21,16,0,0
walk,1014,1,24,1,0,0
walk,1014,1,25,1,0,0
walk,1014,1,27,4,0,0
walk,1014,1,28,1,0,0
walk,1014,1,30,4,0,0
walk,1014,1,32,1,0,0
walk,1014,1,33,1,0,0
walk,1014,1,34,4,0,0
walk,1014,1,35,4,0,0
walk,1014,1,37,4,0,0
walk,1014,1,38,4,0,0
walk,1014,1,39,1,0,0
walk,1014,1,40,4,0,0
walk,1014,1,43,1,0,0
walk,1014,1,44,16,0,0
walk,1014,1,45,1,0,0
walk,1014,1,46,1,0,0
walk,1014,1,47,4,0,0
walk,1014,2,3,16,0,0
walk,1014,2,4,4,0,0
walk,1014,2,6,1,0,0
walk,1014,2,7,4,0,0
walk,1014,2,9,16,0,0
walk,1014,2,10,1,0,0
walk,1014,2,11,1,0,0
walk,1014,2,12,40,1,1
walk,1014,2,13,1,0,0
walk,1014,2,14,4,0,0
walk,1014,2,16,16,0,0
walk,1014,2,17,4,0,0
walk,1014,2,18,1,0,0
walk,1014,2,20,4,0,0
walk,1014,2,21,1,0,0
walk,1014,2,22,1,0,0
walk,1014,2,23,1,0,0
walk,1014,2,24,1,0,0
walk,1014,2,25,16,0,0
walk,1014,2,26,1,0,0
walk,1014,2,27,1,0,0
walk,1014,2,30,16,0,0
walk,1014,2,31,48,1,1
walk,1014,2,32,4,0,0
walk,1014,2,34,1,0,0
walk,1014,2,35,4,0,0
walk,1014,2,36,32,0,0
walk,1014,2,37,4,0,0
walk,1014,2,39,16,0,0
walk,1014,2,40,16,0,0
walk,1014,2,41,1,0,0
walk,1014,2,42,4,0,0
walk,1014,2,43,16,0,0
walk,1014,2,44,16,0,0
walk,1014,2,45,4,0,0
walk,1014,2,46,4,0,0
walk,1014,2,47,4,0,0
walk,1014,3,0,1,0,0
walk,1014,3,2,48,0,0
walk,1014,3,3,1,0,0
walk,1014,3,8,1,0,0
walk,1014,3,9,4,0,0
walk,1014,3,10,32,1,0
walk,1014,3,11,1,0,0
walk,1014,3,12,1,0,0
walk,1014,3,13,1,0,0
walk,1014,3,14,16,0,0
walk,1014,3,15,4,0,0
walk,1014,3,16,16,0,0
walk,1014,3,18,4,0,0
walk,1014,3,19,16,0,0
walk,1014,3,20,48,1,1
walk,1014,3,21,16,1,0
walk,1014,3,22,1,0,0
walk,1014,3,23,1,0,0
walk,1014,3,24,1,0,0
walk,1014,3,25,1,0,0
walk,1014,3,27,1,0,0
walk,1014,3,29,4,0,0
walk,1014,3,30,1,0,0
walk,1014,3,31,4,0,0
walk,1014,3,32,4,0,0
walk,1014,3,34,4,0,0
walk,1014,3,35,8,0,0
walk,1014,3,36,1,0,0
walk,1014,3,37,4,0,0
walk,1014,3,38,4,0,0
walk,1014,3,39,4,0,0
walk,1014,3,40,4,0,0
walk,1014,3,41,1,0,0
walk,1014,3,42,1,0,0
walk,1014,3,44,1,0,0
walk,1015,0,0,1,0,0
walk,1015,0,1,1,0,0
walk,1015,0,2,4,0,0
walk,1015,0,3,4,0,0
walk,1015,0,4,4,0,0
walk,1015,0,5,32,0,0
walk,1015,0,6,1,0,0
walk,1015,0,7,4,0,0
walk,1015,0,8,4,0,0
walk,1015,0,9,4,0,0
walk,1015,0,10,16,0,0
walk,1015,0,11,1,0,0
walk,1015,0,14,48,1,1
walk,1015,0,15,4,0,0
walk,1015,0,17,4,0,0
walk,1015,0,18,4,0,0
walk,1015,0,20,4,0,0
walk,1015,0,21,1,0,0
walk,1015,0,23,1,0,0
walk,1015,0,24,1,0,0
walk,1015,0,25,4,1,0
walk,1015,0,26,16,0,0
walk,1015,0,27,16,0,0
walk,1015,0,29,1,0,0
walk,1015,0,30,4,0,0
walk,1015,0,31,4,0,0
walk,1015,0,32,1,0,0
walk,1015,0,33,1,0,0
walk,1015,0,34,16,0,0
walk,1015,0,35,1,0,0
walk,1015,0,37,56,1,1
walk,1015,0,38,4,0,0
walk,1015,0,39,1,0,0
walk,1015,0,40,1,0,0
walk,1015,0,41,40,0,0
walk,1015,0,43,4,0,0
walk,1015,0,45,48,1,1
walk,1015,0,47,4,0,0
walk,1015,1,2,1,0,0
walk,1015,1,3,16,1,1
walk,1015,1,5,4,0,0
walk,1015,1,6,1,0,0
walk,1015,1,7,4,0,0
walk,1015,1,9,4,0,0
walk,1015,1,10,4,0,0
walk,1015,1,13,1,0,0
walk,1015,1,16,40,0,0
walk,1015,1,18,4,0,0
walk,1015,1,19,4,0,0
walk,1015,1,20,1,0,0
walk,1015,1,21,4,0,0
walk,1015,1,22,4,0,0
walk,1015,1,23,1,0,0
walk,1015,1,25,1,0,0
walk,1015,1,27,8,0,0
walk,1015,1,28,1,0,0
walk,1015,1,29,1,0,0
walk,1015,1,30,1,0,0
walk,1015,1,32,32,0,0
walk,1015,1,33,1,0,0
walk,1015,1,34,16,0,0
walk,1015,1,35,4,0,0
walk,1015,1,36,1,0,0
walk,1015,1,38,32,0,0
walk,1015,1,39,4,0,0
walk,1015,1,41,1,0,0
walk,1015,1,42,56,0,0
walk,1015,1,43,1,0,0
walk,1015,1,44,32,0,0
walk,1015,1,47,4,0,0
walk,1015,2,1,1,0,0
walk,1015,2,4,4,0,0
walk,1015,2,5,4,0,0
walk,1015,2,6,1,0,0
walk,1015,2,7,4,0,0
walk,1015,2,8,1,0,0
walk,1015,2,9,1,0,0
walk,1015,2,11,16,0,0
walk,1015,2,14,1,0,0
walk,1015,2,15,1,0,0
walk,1015,2,16,4,0,0
walk,1015,2,17,1,0,0
walk,1015,2,18,1,0,0
walk,1015,2,19,1,0,0
walk,1015,2,20,1,0,0
walk,1015,2,21,4,0,0
walk,1015,2,22,1,0,0
walk,1015,2,23,4,0,0
walk,1015,2,24,4,0,0
walk,1015,2,25,4,0,0
walk,1015,2,27,1,0,0
walk,1015,2,29,1,0,0
walk,1015,2,30,1,0,0
walk,1015,2,31,1,0,0
walk,1015,2,32,1,0,0
walk,1015,2,33,16,0,0
walk,1015,2,34,4,0,0
walk,1015,2,35,1,0,0
walk,1015,2,37,1,0,0
walk,1015,2,38,40,0,0
walk,1015,2,39,4,0,0
walk,1015,2,40,32,0,0
walk,1015,2,41,1,0,0
walk,1015,2,42,4,0,0
walk,1015,2,44,1,0,0
walk,1015,2,45,1,0,0
walk,1015,2,46,4,0,0
walk,1015,2,47,4,0,0
walk,1015,3,0,1,0,0
walk,1015,3,1,4,0,0
walk,1015,3,2,1,0,0
walk,1015,3,3,1,0,0
walk,1015,3,4,16,0,0
walk,1015,3,5,1,0,0
walk,1015,3,6,1,0,0
walk,1015,3,7,4,0,0
walk,1015,3,8,4,0,0
walk,1015,3,9,1,0,0
walk,1015,3,11,1,0,0
walk,1015,3,13,1,0,0
walk,1015,3,14,1,0,0
walk,1015,3,16,1,0,0
walk,1015,3,18,4,0,0
walk,1015,3,19,16,0,0
walk,1015,3,20,48,1,1
walk,1015,3,23,4,0,0
walk,1015,3,24,4,0,0
walk,1015,3,25,1,0,0
walk,1015,3,26,1,0,0
walk,1015,3,28,40,1,1
walk,1015,3,29,4,0,0
walk,1015,3,30,4,0,0
walk,1015,3,31,1,0,0
walk,1015,3,33,1,0,0
walk,1015,3,36,1,0,0
walk,1015,3,37,16,0,0
walk,1015,3,38,4,0,0
walk,1015,3,39,1,0,0
walk,1015,3,40,56,0,0
walk,1015,3,41,1,0,0
walk,1015,3,42,1,0,0
walk,1015,3,43,1,0,0
walk,1015,3,45,4,0,0
walk,1015,3,46,4,0,0
walk,1016,0,0,8,0,0
walk,1016,0,1,24,0,0
walk,1016,0,2,1,0,0
walk,1016,0,3,32,0,0
walk,1016,0,4,4,0,0
walk,1016,0,5,24,0,0
walk,1016,0,6,4,0,0
walk,1016,0,7,1,0,0
walk,1016,0,8,24,0,0
walk,1016,0,9,4,0,0
walk,1016,0,10,4,0,0
walk,1016,0,11,1,0,0
walk,1016,0,13,4,0,0
walk,1016,0,14,56,1,1
walk,1016,0,16,4,0,0
walk,1016,0,19,4,0,0
walk,1016,0,20,1,0,0
walk,1016,0,21,4,0,0
walk,1016,0,22,1,0,0
walk,1016,0,24,1,0,0
walk,1016,0,25,1,0,0
walk,1016,0,28,4,0,0
walk,1016,0,29,1,0,0
walk,1016,0,31,40,0,0
walk,1016,0,32,36,0,0
walk,1016,0,33,1,0,0
walk,1016,0,34,48,1,1
walk,1016,0,39,1,1,0
walk,1016,0,40,4,0,0
walk,1016,0,41,4,0,0
walk,1016,0,42,4,0,0
walk,1016,0,44,1,0,0
walk,1016,0,45,56,1,1
walk,1016,0,46,1,0,0
walk,1016,0,47,1,0,0
walk,1016,1,0,1,0,0
walk,1016,1,1,8,0,0
walk,1016,1,2,4,1,0
walk,1016,1,4,1,0,0
walk,1016,1,5,16,0,0
walk,1016,1,6,40,1,1
walk,1016,1,7,4,0,0
walk,1016,1,8,56,1,1
walk,1016,1,11,1,0,0
walk,1016,1,12,4,0,0
walk,1016,1,13,4,0,0
walk,1016,1,16,4,0,0
walk,1016,1,17,40,1,0
walk,1016,1,18,1,0,0
walk,1016,1,20,1,0,0
walk,1016,1,21,1,0,0
walk,1016,1,22,8,0,0
walk,1016,1,25,4,0,0
walk,1016,1,26,4,0,0
walk,1016,1,27,1,0,0
walk,1016,1,28,56,1,1
walk,1016,1,29,16,1,0
walk,1016,1,30,1,0,0
walk,1016,1,31,4,0,0
walk,1016,1,32,48,0,0
walk,1016,1,33,4,0,0
walk,1016,1,35,1,0,0
walk,1016,1,36,1,0,0
walk,1016,1,38,1,0,0
walk,1016,1,42,56,1,0
walk,1016,1,43,1,0,0
walk,1016,1,44,32,1,0
walk,1016,1,46,1,0,0
walk,1016,1,47,48,1,1
walk,1016,2,1,1,0,0
walk,1016,2,2,4,0,0
walk,1016,2,3,1,0,0
walk,1016,2,4,1,0,0
walk,1016,2,5,4,0,0
walk,1016,2,6,64,1,1
walk,1016,2,8,48,0,0
walk,1016,2,11,4,0,0
walk,1016,2,12,1,0,0
walk,1016,2,13,1,0,0
walk,1016,2,14,4,0,0
walk,1016,2,15,1,0,0
walk,1016,2,16,16,0,0
walk,1016,2,17,1,0,0
walk,1016,2,18,1,0,0
walk,1016,2,19,1,0,0
walk,1016,2,20,1,0,0
walk,1016,2,21,16,0,0
walk,1016,2,23,1,0,0
walk,1016,2,24,1,0,0
walk,1016,2,25,1,0,0
walk,1016,2,26,1,0,0
walk,1016,2,27,24,1,1
walk,1016,2,31,40,1,0
walk,1016,2,32,1,0,0
walk,1016,2,33,16,0,0
walk,1016,2,34,4,0,0
walk,1016,2,35,16,0,0
walk,1016,2,36,16,0,0
walk,1016,2,39,4,0,0
walk,1016,2,40,8,0,0
walk,1016,2,41,4,0,0
walk,1016,2,42,1,0,0
walk,1016,2,43,1,0,0
walk,1016,2,44,1,0,0
walk,1016,2,45,4,0,0
walk,1016,2,46,4,0,0
walk,1016,3,0,4,0,0
walk,1016,3,1,36,1,1
walk,1016,3,2,4,0,0
walk,1016,3,3,16,0,0
walk,1016,3,4,1,0,0
walk,1016,3,5,16,0,0
walk,1016,3,6,1,0,0
walk,1016,3,8,4,0,0
walk,1016,3,9,1,0,0
walk,1016,3,10,40,1,1
walk,1016,3,11,16,0,0
walk,1016,3,12,1,0,0
walk,1016,3,13,48,1,1
walk,1016,3,15,4,0,0
walk,1016,3,16,1,0,0
walk,1016,3,17,1,0,0
walk,1016,3,18,56,0,0
walk,1016,3,19,4,0,0
walk,1016,3,20,1,0,0
walk,1016,3,21,24,0,0
walk,1016,3,22,1,0,0
walk,1016,3,24,1,0,0
walk,1016,3,26,1,0,0
walk,1016,3,28,4,0,0
walk,1016,3,30,56,1,1
walk,1016,3,31,4,0,0
walk,1016,3,32,4,1,0
walk,1016,3,33,1,0,0
walk,1016,3,34,1,0,0
walk,1016,3,35,4,0,0
walk,1016,3,36,4,0,0
walk,1016,3,37,32,0,0
walk,1016,3,38,1,0,0
walk,1016,3,39,1,0,0
walk,1016,3,41,4,0,0
walk,1016,3,42,1,0,0
walk,1016,3,43,4,0,0
walk,1016,3,44,1,0,0
walk,1016,3,46,32,0,0
walk,1016,3,47,36,1,1
walk,1017,0,0,36,0,0
walk,1017,0,1,1,0,0
walk,1017,0,2,40,1,1
walk,1017,0,3,4,0,0
walk,1017,0,4,1,0,0
walk,1017,0,5,1,0,0
walk,1017,0,6,4,0,0
walk,1017,0,8,4,0,0
walk,1017,0,9,1,0,0
walk,1017,0,10,4,0,0
walk,1017,0,11,1,0,0
walk,1017,0,12,4,0,0
walk,1017,0,13,1,0,0
walk,1017,0,14,1,0,0
walk,1017,0,15,1,0,0
walk,1017,0,17,4,0,0
walk,1017,0,23,1,0,0
walk,1017,0,24,1,0,0
walk,1017,0,26,1,0,0
walk,1017,0,27,4,0,0
walk,1017,0,28,1,0,0
walk,1017,0,29,1,0,0
walk,1017,0,30,4,0,0
walk,1017,0,31,4,0,0
walk,1017,0,32,32,1,1
walk,1017,0,33,48,1,1
walk,1017,0,35,4,0,0
walk,1017,0,36,56,1,1
walk,1017,0,37,4,0,0
walk,1017,0,39,48,1,0
walk,1017,0,40,1,0,0
walk,1017,0,43,40,0,0
walk,1017,0,44,4,0,0
walk,1017,0,45,4,0,0
walk,1017,0,47,4,0,0
walk,1017,1,0,1,0,0
walk,1017,1,1,4,0,0
walk,1017,1,2,1,0,0
walk,1017,1,3,56,1,1
walk,1017,1,5,1,0,0
walk,1017,1,8,1,0,0
walk,1017,1,9,4,0,0
walk,1017,1,10,1,0,0
walk,1017,1,11,1,0,0
walk,1017,1,12,1,0,0
walk,1017,1,13,4,0,0
walk,1017,1,14,4,0,0
walk,1017,1,15,1,0,0
walk,1017,1,16,4,0,0
walk,1017,1,17,1,0,0
walk,1017,1,18,4,0,0
walk,1017,1,19,1,0,0
walk,1017,1,21,4,0,0
walk,1017,1,22,1,0,0
walk,1017,1,23,8,0,0
walk,1017,1,24,48,1,0
walk,1017,1,25,16,1,0
walk,1017,1,27,1,0,0
walk,1017,1,28,1,0,0
walk,1017,1,29,16,1,0
walk,1017,1,30,1,0,0
walk,1017,1,31,4,0,0
walk,1017,1,32,1,0,0
walk,1017,1,33,16,0,0
walk,1017,1,34,1,0,0
walk,1017,1,35,4,0,0
walk,1017,1,36,1,0,0
walk,1017,1,37,1,0,0
walk,1017,1,38,1,0,0
walk,1017,1,39,1,0,0
walk,1017,1,40,56,1,1
walk,1017,1,43,1,0,0
walk,1017,1,45,4,0,0
walk,1017,1,46,1,0,0
walk,1017,1,47,1,0,0
walk,1017,2,0,1,0,0
walk,1017,2,1,4,0,0
walk,1017,2,3,40,0,0
walk,1017,2,4,4,0,0
walk,1017,2,6,1,0,0
walk,1017,2,7,4,0,0
walk,1017,2,8,4,0,0
walk,1017,2,9,4,0,0
walk,1017,2,11,4,0,0
walk,1017,2,12,16,0,0
walk,1017,2,14,48,0,0
walk,1017,2,16,4,0,0
walk,1017,2,17,1,0,0
walk,1017,2,18,4,0,0
walk,1017,2,19,4,0,0
walk,1017,2,20,1,0,0
walk,1017,2,21,16,0,0
walk,1017,2,24,16,1,0
walk,1017,2,26,4,0,0
walk,1017,2,27,16,1,0
walk,1017,2,29,4,0,0
walk,1017,2,30,4,0,0
walk,1017,2,31,1,0,0
walk,1017,2,33,1,0,0
walk,1017,2,34,56,1,1
walk,1017,2,35,1,0,0
walk,1017,2,36,16,1,0
walk,1017,2,37,4,1,0
walk,1017,2,38,32,0,0
walk,1017,2,39,4,0,0
walk,1017,2,40,8,0,0
walk,1017,2,41,16,0,0
walk,1017,2,46,16,0,0
walk,1017,2,47,1,0,0
walk,1017,3,0,4,0,0
walk,1017,3,1,8,0,0
walk,1017,3,2,4,0,0
walk,1017,3,4,4,0,0
walk,1017,3,5,1,0,0
walk,1017,3,6,1,0,0
walk,1017,3,7,4,0,0
walk,1017,3,8,1,0,0
walk,1017,3,9,1,0,0
walk,1017,3,10,24,0,0
walk,1017,3,13,1,0,0
walk,1017,3,14,1,0,0
walk,1017,3,15,1,0,0
walk,1017,3,16,1,0,0
walk,1017,3,17,4,0,0
walk,1017,3,18,4,0,0
walk,1017,3,19,4,0,0
walk,1017,3,20,1,0,0
walk,1017,3,23,4,0,0
walk,1017,3,24,16,0,0
walk,1017,3,25,56,1,1
walk,1017,3,26,4,0,0
walk,1017,3,28,4,0,0
walk,1017,3,29,1,0,0
walk,1017,3,30,56,0,0
walk,1017,3,31,1,0,0
walk,1017,3,34,4,0,0
walk,1017,3,35,40,0,0
walk,1017,3,38,1,0,0
walk,1017,3,39,16,0,0
walk,1017,3,40,4,0,0
walk,1017,3,41,1,0,0
walk,1017,3,42,4,0,0
walk,1017,3,43,4,0,0
walk,1017,3,44,1,0,0
walk,1017,3,45,24,0,0
walk,1017,3,46,16,1,0
walk,1017,3,47,4,0,0
walk,1018,0,0,1,0,0
walk,1018,0,1,4,0,0
walk,1018,0,2,1,0,0
walk,1018,0,3,4,0,0
walk,1018,0,4,1,0,0
walk,1018,0,5,1,0,0
walk,1018,0,6,8,0,0
walk,1018,0,9,1,0,0
walk,1018,0,10,1,0,0
walk,1018,0,11,24,0,0
walk,1018,0,12,1,0,0
walk,1018,0,15,1,0,0
walk,1018,0,16,1,0,0
walk,1018,0,17,1,0,0
walk,1018,0,18,40,1,1
walk,1018,0,19,1,0,0
walk,1018,0,20,4,0,0
walk,1018,0,21,1,0,0
walk,1018,0,22,16,0,0
walk,1018,0,24,1,0,0
walk,1018,0,25,8,0,0
walk,1018,0,27,1,0,0
walk,1018,0,28,1,0,0
walk,1018,0,29,4,0,0
walk,1018,0,30,1,0,0
walk,1018,0,33,4,0,0
walk,1018,0,34,1,0,0
walk,1018,0,35,4,0,0
walk,1018,0,36,4,0,0
walk,1018,0,37,1,0,0
walk,1018,0,39,1,0,0
walk,1018,0,41,1,0,0
walk,1018,0,42,4,0,0
walk,1018,0,43,1,0,0
walk,1018,0,44,48,0,0
walk,1018,0,45,1,0,0
walk,1018,0,46,32,0,0
walk,1018,1,0,36,0,0
walk,1018,1,1,4,0,0
walk,1018,1,2,1,0,0
walk,1018,1,3,1,0,0
walk,1018,1,4,40,0,0
walk,1018,1,5,1,0,0
walk,1018,1,7,1,0,0
walk,1018,1,9,1,0,0
walk,1018,1,10,16,0,0
walk,1018,1,11,8,0,0
walk,1018,1,12,1,0,0
walk,1018,1,13,1,0,0
walk,1018,1,14,48,0,0
walk,1018,1,15,4,0,0
walk,1018,1,16,1,1,0
walk,1018,1,17,32,0,0
walk,1018,1,18,16,0,0
walk,1018,1,19,1,0,0
walk,1018,1,21,16,0,0
walk,1018,1,23,1,0,0
walk,1018,1,24,16,0,0
walk,1018,1,25,1,0,0
walk,1018,1,26,40,1,1
walk,1018,1,27,16,0,0
walk,1018,1,29,1,0,0
walk,1018,1,31,1,0,0
walk,1018,1,33,24,0,0
walk,1018,1,34,1,0,0
walk,1018,1,36,1,0,0
walk,1018,1,37,16,0,0
walk,1018,1,38,4,0,0
walk,1018,1,40,40,1,0
walk,1018,1,41,1,0,0
walk,1018,1,42,48,0,0
walk,1018,1,43,4,0,0
walk,1018,1,44,1,0,0
walk,1018,1,45,4,0,0
walk,1018,1,46,40,0,0
walk,1018,1,47,4,0,0
walk,1018,2,1,4,0,0
walk,1018,2,2,1,0,0
walk,1018,2,4,16,0,0
walk,1018,2,5,1,0,0
walk,1018,2,6,24,1,1
walk,1018,2,7,32,0,0
walk,1018,2,8,24,1,0
walk,1018,2,9,1,0,0
walk,1018,2,11,4,0,0
walk,1018,2,16,1,0,0
walk,1018,2,17,1,0,0
walk,1018,2,20,40,1,0
walk,1018,2,21,1,0,0
walk,1018,2,22,16,0,0
walk,1018,2,23,16,0,0
walk,1018,2,24,56,0,0
walk,1018,2,27,4,0,0
walk,1018,2,28,4,0,0
walk,1018,2,29,1,0,0
walk,1018,2,30,32,1,1
walk,1018,2,31,1,0,0
walk,1018,2,32,4,0,0
walk,1018,2,33,1,0,0
walk,1018,2,34,24,0,0
walk,1018,2,35,64,0,0
walk,1018,2,37,1,0,0
walk,1018,2,39,8,0,0
walk,1018,2,40,16,0,0
walk,1018,2,41,1,0,0
walk,1018,2,42,4,0,0
walk,1018,2,44,16,0,0
walk,1018,2,46,4,0,0
walk,1018,2,47,4,0,0
walk,1018,3,0,1,0,0
walk,1018,3,3,1,0,0
walk,1018,3,4,4,0,0
walk,1018,3,5,1,0,0
walk,1018,3,7,24,1,1
walk,1018,3,8,24,0,0
walk,1018,3,9,4,0,0
walk,1018,3,10,4,0,0
walk,1018,3,14,1,0,0
walk,1018,3,15,4,1,0
walk,1018,3,17,1,0,0
walk,1018,3,18,32,1,1
walk,1018,3,19,1,0,0
walk,1018,3,20,4,0,0
walk,1018,3,21,56,0,0
walk,1018,3,23,1,0,0
walk,1018,3,25,1,0,0
walk,1018,3,26,4,0,0
walk,1018,3,27,1,0,0
walk,1018,3,29,24,0,0
walk,1018,3,30,56,1,1
walk,1018,3,31,4,0,0
walk,1018,3,32,1,0,0
walk,1018,3,33,1,0,0
walk,1018,3,34,4,0,0
walk,1018,3,35,1,0,0
walk,1018,3,36,1,0,0
walk,1018,3,37,24,0,0
walk,1018,3,38,4,0,0
walk,1018,3,39,4,0,0
walk,1018,3,40,1,0,0
walk,1018,3,42,1,0,0
walk,1018,3,43,4,0,0
walk,1018,3,44,40,0,0
walk,1018,3,45,1,0,0
walk,1018,3,46,16,0,0
walk,1018,3,47,1,0,0
walk,1019,0,0,1,0,0
walk,1019,0,1,4,0,0
walk,1019,0,2,1,0,0
walk,1019,0,3,4,0,0
walk,1019,0,4,1,0,0
walk,1019,0,5,1,0,0
walk,1019,0,6,1,0,0
walk,1019,0,7,1,0,0
walk,1019,0,8,16,0,0
walk,1019,0,9,1,0,0
walk,1019,0,10,1,0,0
walk,1019,0,11,16,0,0
walk,1019,0,12,4,0,0
walk,1019,0,13,4,0,0
walk,1019,0,14,4,0,0
walk,1019,0,15,56,1,1
walk,1019,0,16,56,1,1
walk,1019,0,17,1,0,0
walk,1019,0,18,1,0,0
walk,1019,0,19,4,0,0
walk,1019,0,21,24,0,0
walk,1019,0,22,4,0,0
walk,1019,0,23,4,0,0
walk,1019,0,24,1,0,0
walk,1019,0,25,56,0,0
walk,1019,0,26,4,0,0
walk,1019,0,27,4,0,0
walk,1019,0,28,4,0,0
walk,1019,0,29,56,0,0
walk,1019,0,30,1,0,0
walk,1019,0,32,4,0,0
walk,1019,0,33,1,0,0
walk,1019,0,34,1,0,0
walk,1019,0,35,1,0,0
walk,1019,0,36,1,0,0
walk,1019,0,37,1,0,0
walk,1019,0,38,1,0,0
walk,1019,0,39,1,0,0
walk,1019,0,40,32,0,0
walk,1019,0,41,1,0,0
walk,1019,0,43,1,0,0
walk,1019,0,45,1,0,0
walk,1019,0,46,1,0,0
walk,1019,0,47,4,0,0
walk,1019,1,0,4,0,0
walk,1019,1,2,4,0,0
walk,1019,1,3,4,1,0
walk,1019,1,4,1,0,0
walk,1019,1,5,1,0,0
walk,1019,1,6,8,0,0
walk,1019,1,8,1,0,0
walk,1019,1,9,1,0,0
walk,1019,1,10,4,0,0
walk,1019,1,12,48,0,0
walk,1019,1,13,56,1,1
walk,1019,1,14,1,0,0
walk,1019,1,16,1,0,0
walk,1019,1,17,1,0,0
walk,1019,1,18,4,0,0
walk,1019,1,19,36,0,0
walk,1019,1,20,1,0,0
walk,1019,1,21,48,1,1
walk,1019,1,22,4,0,0
walk,1019,1,23,4,0,0
walk,1019,1,25,16,0,0
walk,1019,1,26,4,0,0
walk,1019,1,27,1,0,0
walk,1019,1,30,1,0,0
walk,1019,1,34,1,0,0
walk,1019,1,35,32,1,1
walk,1019,1,36,4,0,0
walk,1019,1,37,4,0,0
walk,1019,1,38,32,0,0
walk,1019,1,39,4,0,0
walk,1019,1,40,56,0,0
walk,1019,1,41,1,0,0
walk,1019,1,42,56,0,0
walk,1019,1,45,48,1,0
walk,1019,1,46,1,0,0
walk,1019,1,47,4,0,0
walk,1019,2,1,1,0,0
walk,1019,2,3,1,0,0
walk,1019,2,4,1,0,0
walk,1019,2,6,4,0,0
walk,1019,2,7,4,0,0
walk,1019,2,9,4,0,0
walk,1019,2,10,4,0,0
walk,1019,2,11,16,1,0
walk,1019,2,12,4,0,0
walk,1019,2,13,16,0,0
walk,1019,2,14,4,0,0
walk,1019,2,15,4,0,0
walk,1019,2,16,24,0,0
walk,1019,2,18,16,0,0
walk,1019,2,19,1,0,0
walk,1019,2,20,48,0,0
walk,1019,2,21,4,0,0
walk,1019,2,22,1,0,0
walk,1019,2,23,4,0,0
walk,1019,2,24,1,0,0
walk,1019,2,28,1,0,0
walk,1019,2,29,1,0,0
walk,1019,2,30,1,0,0
walk,1019,2,31,4,1,0
walk,1019,2,32,1,0,0
walk,1019,2,33,16,0,0
walk,1019,2,34,8,0,0
walk,1019,2,35,1,0,0
walk,1019,2,36,1,0,0
walk,1019,2,37,16,0,0
walk,1019,2,38,48,1,1
walk,1019,2,39,16,0,0
walk,1019,2,40,1,0,0
walk,1019,2,41,4,0,0
walk,1019,2,42,1,0,0
walk,1019,2,43,64,0,0
walk,1019,2,45,1,0,0
walk,1019,2,46,1,0,0
walk,1019,2,47,1,0,0
walk,1019,3,2,4,0,0
walk,1019,3,3,1,0,0
walk,1019,3,4,4,0,0
walk,1019,3,5,4,0,0
walk,1019,3,8,40,0,0
walk,1019,3,9,4,0,0
walk,1019,3,10,4,0,0
walk,1019,3,11,16,0,0
walk,1019,3,12,16,0,0
walk,1019,3,13,32,1,1
walk,1019,3,14,1,0,0
walk,1019,3,15,4,0,0
walk,1019,3,17,32,0,0
walk,1019,3,18,1,0,0
walk,1019,3,20,40,1,1
walk,1019,3,21,1,0,0
walk,1019,3,22,16,0,0
walk,1019,3,24,1,0,0
walk,1019,3,26,1,0,0
walk,1019,3,27,1,0,0
walk,1019,3,28,4,0,0
walk,1019,3,29,32,0,0
walk,1019,3,30,4,0,0
walk,1019,3,32,16,0,0
walk,1019,3,33,1,0,0
walk,1019,3,36,16,1,0
walk,1019,3,37,1,0,0
walk,1019,3,38,1,0,0
walk,1019,3,39,48,0,0
walk,1019,3,40,4,0,0
walk,1019,3,41,1,0,0
walk,1019,3,42,16,1,0
walk,1019,3,45,1,0,0
walk,1019,3,46,4,0,0
commute,1000,0,2,1,0,0
commute,1000,0,3,1,0,0
commute,1000,0,4,1,0,0
commute,1000,0,5,4,0,0
commute,1000,0,6,1,0,0
commute,1000,0,7,16,0,0
commute,1000,0,12,1,0,0
commute,1000,0,13,48,1,0
commute,1000,0,15,1,0,0
commute,1000,0,16,32,1,0
commute,1000,0,18,4,0,0
commute,1000,0,20,64,0,0
commute,1000,0,21,24,0,0
commute,1000,0,22,4,0,0
commute,1000,0,23,1,0,0
commute,1000,0,24,1,0,0
commute,1000,0,25,32,1,1
commute,1000,0,26,40,0,0
commute,1000,0,28,1,0,0
commute,1000,0,29,40,1,1
commute,1000,0,30,1,0,0
commute,1000,0,32,4,0,0
commute,1000,0,33,1,0,0
commute,1000,0,34,4,0,0
commute,1000,0,35,1,0,0
commute,1000,0,37,1,0,0
commute,1000,0,40,1,0,0
commute,1000,0,41,4,0,0
commute,1000,0,42,4,0,0
commute,1000,0,43,4,0,0
commute,1000,0,44,1,0,0
commute,1000,0,45,16,1,0
commute,1000,0,46,48,0,0
commute,1000,0,47,4,0,0
commute,1000,1,0,4,0,0
commute,1000,1,1,4,0,0
commute,1000,1,2,1,0,0
commute,1000,1,3,64,1,1
commute,1000,1,4,8,0,0
commute,1000,1,5,1,0,0
commute,1000,1,6,4,1,0
commute,1000,1,7,4,0,0
commute,1000,1,8,4,0,0
commute,1000,1,9,1,0,0
commute,1000,1,10,1,0,0
commute,1000,1,11,4,0,0
commute,1000,1,12,4,0,0
commute,1000,1,15,1,0,0
commute,1000,1,16,1,0,0
commute,1000,1,17,48,0,0
commute,1000,1,18,4,0,0
commute,1000,1,19,4,0,0
commute,1000,1,20,24,0,0
commute,1000,1,21,1,0,0
commute,1000,1,22,1,0,0
commute,1000,1,23,4,0,0
commute,1000,1,24,1,0,0
commute,1000,1,26,1,0,0
commute,1000,1,27,4,0,0
commute,1000,1,28,4,0,0
commute,1000,1,29,4,0,0
commute,1000,1,30,1,0,0
commute,1000,1,32,4,0,0
commute,1000,1,33,4,0,0
commute,1000,1,34,1,0,0
commute,1000,1,35,1,0,0
commute,1000,1,37,1,0,0
commute,1000,1,38,4,0,0
commute,1000,1,39,32,0,0
commute,1000,1,41,4,0,0
commute,1000,1,43,4,0,0
commute,1000,1,44,1,0,0
commute,1000,1,45,1,0,0
commute,1000,1,47,4,0,0
commute,1000,2,0,1,0,0
commute,1000,2,1,1,0,0
commute,1000,2,2,1,0,0
commute,1000,2,5,4,0,0
commute,1000,2,7,1,0,0
commute,1000,2,8,1,0,0
commute,1000,2,9,1,0,0
commute,1000,2,11,4,0,0
commute,1000,2,12,8,0,0
commute,1000,2,13,16,0,0
commute,1000,2,14,4,0,0
commute,1000,2,15,16,0,0
commute,1000,2,16,24,0,0
commute,1000,2,17,1,0,0
commute,1000,2,18,16,0,0
commute,1000,2,20,24,1,1
commute,1000,2,21,1,0,0
commute,1000,2,23,4,0,0
commute,1000,2,24,1,0,0
commute,1000,2,25,4,0,0
commute,1000,2,26,4,0,0
commute,1000,2,28,1,0,0
commute,1000,2,29,40,0,0
commute,1000,2,30,1,0,0
commute,1000,2,31,4,0,0
commute,1000,2,33,4,0,0
commute,1000,2,34,1,0,0
commute,1000,2,35,4,0,0
commute,1000,2,37,1,0,0
commute,1000,2,38,1,0,0
commute,1000,2,39,1,0,0
commute,1000,2,40,1,0,0
commute,1000,2,44,1,0,0
commute,1000,2,45,16,0,0
commute,1000,2,46,1,0,0
commute,1000,2,47,1,0,0
commute,1000,3,1,1,0,0
commute,1000,3,2,4,0,0
commute,1000,3,3,16,0,0
commute,1000,3,4,8,0,0
commute,1000,3,5,40,1,1
commute,1000,3,6,36,1,1
commute,1000,3,7,16,0,0
commute,1000,3,8,1,0,0
commute,1000,3,9,1,0,0
commute,1000,3,11,16,0,0
commute,1000,3,12,4,0,0
commute,1000,3,13,40,1,1
commute,1000,3,14,1,0,0
commute,1000,3,15,4,0,0
commute,1000,3,17,8,0,0
commute,1000,3,19,24,0,0
commute,1000,3,21,4,0,0
commute,1000,3,22,1,0,0
commute,1000,3,24,1,1,0
commute,1000,3,25,4,0,0
commute,1000,3,26,48,0,0
commute,1000,3,31,4,0,0
commute,1000,3,32,4,0,0
commute,1000,3,34,1,0,0
commute,1000,3,36,4,0,0
commute,1000,3,37,16,0,0
commute,1000,3,39,1,0,0
commute,1000,3,40,16,0,0
commute,1000,3,42,36,0,0
commute,1000,3,43,4,0,0
commute,1000,3,46,56,0,0
commute,1001,0,0,4,0,0
commute,1001,0,3,24,0,0
commute,1001,0,4,4,0,0
commute,1001,0,6,1,0,0
commute,1001,0,7,4,0,0
commute,1001,0,8,1,0,0
commute,1001,0,9,4,0,0
commute,1001,0,11,1,0,0
commute,1001,0,12,1,0,0
commute,1001,0,13,1,0,0
commute,1001,0,14,1,0,0
commute,1001,0,15,1,0,0
commute,1001,0,16,1,0,0
commute,1001,0,17,16,0,0
commute,1001,0,18,4,0,0
commute,1001,0,20,32,0,0
commute,1001,0,21,24,0,0
commute,1001,0,22,1,0,0
commute,1001,0,23,1,0,0
commute,1001,0,24,4,0,0
commute,1001,0,25,4,0,0
commute,1001,0,27,8,0,0
commute,1001,0,28,1,0,0
commute,1001,0,29,24,0,0
commute,1001,0,31,1,0,0
commute,1001,0,33,4,0,0
commute,1001,0,34,1,0,0
commute,1001,0,35,4,0,0
commute,1001,0,36,4,0,0
commute,1001,0,41,4,0,0
commute,1001,0,42,1,0,0
commute,1001,0,43,1,0,0
commute,1001,0,44,4,0,0
commute,1001,0,45,1,0,0
commute,1001,0,47,4,0,0
commute,1001,1,0,32,0,0
commute,1001,1,1,1,0,0
commute,1001,1,2,16,1,1
commute,1001,1,3,1,0,0
commute,1001,1,5,1,0,0
commute,1001,1,6,16,0,0
commute,1001,1,7,4,0,0
commute,1001,1,10,1,0,0
commute,1001,1,11,4,0,0
commute,1001,1,13,8,0,0
commute,1001,1,14,4,0,0
commute,1001,1,15,4,0,0
commute,1001,1,16,4,0,0
commute,1001,1,17,4,0,0
commute,1001,1,18,4,0,0
commute,1001,1,21,1,0,0
commute,1001,1,22,16,0,0
commute,1001,1,23,1,0,0
commute,1001,1,24,1,0,0
commute,1001,1,25,1,0,0
commute,1001,1,27,4,0,0
commute,1001,1,28,16,0,0
commute,1001,1,31,1,0,0
commute,1001,1,34,1,0,0
commute,1001,1,36,1,0,0
commute,1001,1,38,1,0,0
commute,1001,1,39,1,0,0
commute,1001,1,40,32,1,1
commute,1001,1,41,4,0,0
commute,1001,1,42,16,0,0
commute,1001,1,43,4,0,0
commute,1001,1,44,48,1,1
commute,1001,1,45,1,0,0
commute,1001,1,47,16,0,0
commute,1001,2,0,1,0,0
commute,1001,2,1,1,0,0
commute,1001,2,2,4,0,0
commute,1001,2,4,32,1,1
commute,1001,2,5,4,0,0
commute,1001,2,6,4,0,0
commute,1001,2,7,1,0,0
commute,1001,2,8,1,0,0
commute,1001,2,10,1,0,0
commute,1001,2,11,1,0,0
commute,1001,2,12,4,0,0
commute,1001,2,14,1,0,0
commute,1001,2,17,4,0,0
commute,1001,2,18,1,0,0
commute,1001,2,19,1,0,0
commute,1001,2,20,4,0,0
commute,1001,2,22,1,0,0
commute,1001,2,23,1,0,0
commute,1001,2,24,56,1,1
commute,1001,2,25,4,0,0
commute,1001,2,26,56,1,1
commute,1001,2,27,4,0,0
commute,1001,2,28,4,0,0
commute,1001,2,30,40,0,0
commute,1001,2,31,56,1,1
commute,1001,2,32,1,0,0
commute,1001,2,34,4,0,0
commute,1001,2,35,16,0,0
commute,1001,2,38,1,0,0
commute,1001,2,39,1,0,0
commute,1001,2,42,4,0,0
commute,1001,2,43,4,0,0
commute,1001,2,44,32,0,0
commute,1001,2,45,4,0,0
commute,1001,2,46,4,1,0
commute,1001,2,47,4,0,0
commute,1001,3,1,1,0,0
commute,1001,3,2,56,0,0
commute,1001,3,5,4,0,0
commute,1001,3,6,4,0,0
commute,1001,3,7,1,0,0
commute,1001,3,9,40,0,0
commute,1001,3,10,4,0,0
commute,1001,3,12,1,0,0
commute,1001,3,13,4,0,0
commute,1001,3,14,48,0,0
commute,1001,3,16,48,1,0
commute,1001,3,17,1,0,0
commute,1001,3,18,4,0,0
commute,1001,3,19,1,0,0
commute,1001,3,20,48,1,1
commute,1001,3,21,1,0,0
commute,1001,3,23,1,0,0
commute,1001,3,24,4,0,0
commute,1001,3,25,16,1,0
commute,1001,3,26,1,0,0
commute,1001,3,27,1,0,0
commute,1001,3,32,4,0,0
commute,1001,3,33,1,0,0
commute,1001,3,34,4,0,0
commute,1001,3,36,4,0,0
commute,1001,3,37,1,0,0
commute,1001,3,38,4,0,0
commute,1001,3,39,1,0,0
commute,1001,3,40,4,0,0
commute,1001,3,44,1,0,0
commute,1001,3,45,4,0,0
commute,1001,3,47,4,0,0
commute,1002,0,0,4,0,0
commute,1002,0,1,4,0,0
commute,1002,0,2,56,1,1
commute,1002,0,4,1,0,0
commute,1002,0,5,4,0,0
commute,1002,0,6,1,0,0
commute,1002,0,7,1,0,0
commute,1002,0,8,4,0,0
commute,1002,0,9,4,0,0
commute,1002,0,10,4,0,0
commute,1002,0,11,16,0,0
commute,1002,0,12,4,1,0
commute,1002,0,13,16,0,0
commute,1002,0,14,1,0,0
commute,1002,0,15,16,0,0
commute,1002,0,16,8,0,0
commute,1002,0,17,1,0,0
commute,1002,0,18,4,0,0
commute,1002,0,19,1,0,0
commute,1002,0,20,4,0,0
commute,1002,0,21,4,0,0
commute,1002,0,22,4,0,0
commute,1002,0,23,64,0,0
commute,1002,0,24,4,0,0
commute,1002,0,26,4,0,0
commute,1002,0,27,4,0,0
commute,1002,0,28,4,0,0
commute,1002,0,29,8,0,0
commute,1002,0,30,32,1,1
commute,1002,0,31,56,1,1
commute,1002,0,32,1,0,0
commute,1002,0,34,4,0,0
commute,1002,0,35,1,0,0
commute,1002,0,38,4,0,0
commute,1002,0,39,4,0,0
commute,1002,0,40,8,0,0
commute,1002,0,41,1,0,0
commute,1002,0,42,16,0,0
commute,1002,0,43,16,0,0
commute,1002,0,44,36,0,0
commute,1002,0,45,1,0,0
commute,1002,0,46,1,0,0
commute,1002,0,47,4,0,0
commute,1002,1,1,1,0,0
commute,1002,1,2,4,0,0
commute,1002,1,3,1,0,0
commute,1002,1,5,8,0,0
commute,1002,1,6,4,0,0
commute,1002,1,7,4,0,0
commute,1002,1,8,56,1,1
commute,1002,1,9,8,0,0
commute,1002,1,10,1,0,0
commute,1002,1,13,1,0,0
commute,1002,1,14,4,0,0
commute,1002,1,15,1,0,0
commute,1002,1,17,4,0,0
commute,1002,1,18,32,0,0
commute,1002,1,19,1,0,0
commute,1002,1,20,4,0,0
commute,1002,1,21,4,0,0
commute,1002,1,23,56,1,1
commute,1002,1,24,48,0,0
commute,1002,1,25,1,0,0
commute,1002,1,27,4,0,0
commute,1002,1,28,4,0,0
commute,1002,1,30,1,0,0
commute,1002,1,31,1,0,0
commute,1002,1,33,16,0,0
commute,1002,1,34,1,0,0
commute,1002,1,35,1,0,0
commute,1002,1,36,1,0,0
commute,1002,1,37,4,0,0
commute,1002,1,38,1,0,0
commute,1002,1,39,1,0,0
commute,1002,1,40,4,0,0
commute,1002,1,41,1,0,0
commute,1002,1,44,1,0,0
commute,1002,1,45,1,0,0
commute,1002,2,2,1,0,0
commute,1002,2,4,1,0,0
commute,1002,2,6,1,0,0
commute,1002,2,7,1,0,0
commute,1002,2,8,4,1,0
commute,1002,2,9,1,0,0
commute,1002,2,10,4,0,0
commute,1002,2,11,4,0,0
commute,1002,2,13,1,0,0
commute,1002,2,14,1,0,0
commute,1002,2,15,16,0,0
commute,1002,2,16,16,0,0
commute,1002,2,17,1,0,0
commute,1002,2,18,4,0,0
commute,1002,2,19,4,0,0
commute,1002,2,20,4,0,0
commute,1002,2,21,4,1,0
commute,1002,2,23,16,0,0
commute,1002,2,24,1,0,0
commute,1002,2,27,1,0,0
commute,1002,2,28,1,0,0
commute,1002,2,29,1,0,0
commute,1002,2,30,4,0,0
commute,1002,2,31,4,0,0
commute,1002,2,32,1,0,0
commute,1002,2,33,4,0,0
commute,1002,2,34,48,0,0
commute,1002,2,36,32,0,0
commute,1002,2,37,16,0,0
commute,1002,2,38,4,0,0
commute,1002,2,39,4,0,0
commute,1002,2,40,1,0,0
commute,1002,2,41,1,0,0
commute,1002,2,42,1,0,0
commute,1002,2,43,4,0,0
commute,1002,2,44,1,0,0
commute,1002,2,45,1,0,0
commute,1002,2,46,4,0,0
commute,1002,2,47,1,0,0
commute,1002,3,0,40,0,0
commute,1002,3,2,1,0,0
commute,1002,3,3,1,0,0
commute,1002,3,5,32,0,0
commute,1002,3,7,1,0,0
commute,1002,3,8,1,0,0
commute,1002,3,10,40,0,0
commute,1002,3,11,1,0,0
commute,1002,3,12,1,0,0
commute,1002,3,13,4,0,0
commute,1002,3,14,16,0,0
commute,1002,3,15,1,0,0
commute,1002,3,16,1,0,0
commute,1002,3,18,1,0,0
commute,1002,3,21,1,0,0
commute,1002,3,24,1,0,0
commute,1002,3,25,1,0,0
commute,1002,3,27,1,0,0
commute,1002,3,29,1,0,0
commute,1002,3,30,1,0,0
commute,1002,3,32,24,0,0
commute,1002,3,33,32,0,0
commute,1002,3,34,24,0,0
commute,1002,3,35,1,0,0
commute,1002,3,37,1,0,0
commute,1002,3,38,4,0,0
commute,1002,3,39,1,0,0
commute,1002,3,40,24,0,0
commute,1002,3,41,4,0,0
commute,1002,3,42,1,0,0
commute,1002,3,43,40,0,0
commute,1002,3,44,1,0,0
commute,1002,3,45,4,0,0
commute,1002,3,46,4,0,0
commute,1002,3,47,1,0,0
commute,1003,0,0,1,0,0
commute,1003,0,2,1,0,0
commute,1003,0,3,4,0,0
commute,1003,0,5,1,0,0
commute,1003,0,6,56,0,0
commute,1003,0,7,4,0,0
commute,1003,0,8,1,0,0
commute,1003,0,9,4,0,0
commute,1003,0,10,4,0,0
commute,1003,0,11,1,0,0
commute,1003,0,12,16,1,1
commute,1003,0,13,1,0,0
commute,1003,0,14,24,0,0
commute,1003,0,15,4,0,0
commute,1003,0,17,24,0,0
commute,1003,0,18,1,0,0
commute,1003,0,19,4,0,0
commute,1003,0,22,4,0,0
commute,1003,0,23,16,0,0
commute,1003,0,26,16,0,0
commute,1003,0,27,1,0,0
commute,1003,0,28,48,0,0
commute,1003,0,30,4,0,0
commute,1003,0,31,56,1,0
commute,1003,0,33,1,0,0
commute,1003,0,34,40,0,0
commute,1003,0,35,48,0,0
commute,1003,0,36,1,0,0
commute,1003,0,37,32,0,0
commute,1003,0,38,1,0,0
commute,1003,0,39,4,0,0
commute,1003,0,40,56,0,0
commute,1003,0,41,1,0,0
commute,1003,0,42,1,0,0
commute,1003,0,43,4,0,0
commute,1003,0,44,1,0,0
commute,1003,0,45,4,0,0
commute,1003,0,46,4,0,0
commute,1003,1,0,1,0,0
commute,1003,1,1,1,0,0
commute,1003,1,2,4,0,0
commute,1003,1,4,1,0,0
commute,1003,1,7,16,0,0
commute,1003,1,8,16,0,0
commute,1003,1,9,16,0,0
commute,1003,1,10,4,0,0
commute,1003,1,12,4,0,0
commute,1003,1,14,4,0,0
commute,1003,1,16,1,0,0
commute,1003,1,18,24,1,0
commute,1003,1,19,4,0,0
commute,1003,1,22,1,0,0
commute,1003,1,23,16,0,0
commute,1003,1,24,4,0,0
commute,1003,1,27,1,0,0
commute,1003,1,29,1,0,0
commute,1003,1,30,4,0,0
commute,1003,1,31,32,1,0
commute,1003,1,32,4,0,0
commute,1003,1,33,16,0,0
commute,1003,1,34,1,0,0
commute,1003,1,35,1,0,0
commute,1003,1,36,40,0,0
commute,1003,1,37,1,0,0
commute,1003,1,38,16,0,0
commute,1003,1,40,8,0,0
commute,1003,1,41,4,0,0
commute,1003,1,42,1,0,0
commute,1003,1,43,1,0,0
commute,1003,1,44,56,1,1
commute,1003,1,45,1,0,0
commute,1003,1,46,4,0,0
commute,1003,1,47,1,0,0
commute,1003,2,0,8,0,0
commute,1003,2,1,1,0,0
commute,1003,2,3,4,0,0
commute,1003,2,4,48,0,0
commute,1003,2,5,1,0,0
commute,1003,2,6,4,0,0
commute,1003,2,7,4,0,0
commute,1003,2,8,1,0,0
commute,1003,2,9,16,1,0
commute,1003,2,10,16,0,0
commute,1003,2,12,1,0,0
commute,1003,2,13,24,1,1
commute,1003,2,15,1,0,0
commute,1003,2,17,1,0,0
commute,1003,2,18,1,0,0
commute,1003,2,19,40,1,0
commute,1003,2,20,24,1,0
commute,1003,2,21,56,1,0
commute,1003,2,22,1,0,0
commute,1003,2,23,1,0,0
commute,1003,2,25,1,0,0
commute,1003,2,26,4,0,0
commute,1003,2,27,1,0,0
commute,1003,2,28,1,0,0
commute,1003,2,29,1,0,0
commute,1003,2,30,1,0,0
commute,1003,2,31,1,0,0
commute,1003,2,32,1,0,0
commute,1003,2,36,16,0,0
commute,1003,2,37,4,0,0
commute,1003,2,38,8,0,0
commute,1003,2,39,1,0,0
commute,1003,2,40,32,0,0
commute,1003,2,41,32,1,1
commute,1003,2,42,1,0,0
commute,1003,2,43,16,0,0
commute,1003,2,44,4,0,0
commute,1003,2,45,32,1,0
commute,1003,2,46,4,0,0
commute,1003,2,47,1,0,0
commute,1003,3,0,4,0,0
commute,1003,3,1,1,0,0
commute,1003,3,3,4,0,0
commute,1003,3,4,1,0,0
commute,1003,3,5,1,0,0
commute,1003,3,6,1,0,0
commute,1003,3,7,36,0,0
commute,1003,3,8,16,0,0
commute,1003,3,9,16,0,0
commute,1003,3,10,16,0,0
commute,1003,3,11,1,0,0
commute,1003,3,12,1,0,0
commute,1003,3,13,4,1,0
commute,1003,3,14,1,0,0
commute,1003,3,16,1,0,0
commute,1003,3,17,4,0,0
commute,1003,3,18,1,0,0
commute,1003,3,19,4,0,0
commute,1003,3,20,16,0,0
commute,1003,3,21,1,0,0
commute,1003,3,23,1,0,0
commute,1003,3,24,4,0,0
commute,1003,3,27,4,0,0
commute,1003,3,28,1,0,0
commute,1003,3,29,4,0,0
commute,1003,3,31,32,0,0
commute,1003,3,32,1,0,0
commute,1003,3,33,1,0,0
commute,1003,3,34,4,0,0
commute,1003,3,35,4,0,0
commute,1003,3,36,1,0,0
commute,1003,3,37,1,0,0
commute,1003,3,38,64,1,1
commute,1003,3,40,4,0,0
commute,1003,3,41,1,0,0
commute,1003,3,42,1,0,0
commute,1003,3,43,1,0,0
commute,1003,3,44,16,0,0
commute,1003,3,45,4,1,0
commute,1003,3,47,4,0,0
commute,1004,0,0,4,0,0
commute,1004,0,1,1,0,0
commute,1004,0,2,1,0,0
commute,1004,0,3,1,0,0
commute,1004,0,4,36,1,1
commute,1004,0,5,32,0,0
commute,1004,0,6,4,0,0
commute,1004,0,7,1,0,0
commute,1004,0,10,4,0,0
commute,1004,0,11,4,0,0
commute,1004,0,12,1,0,0
commute,1004,0,13,4,0,0
commute,1004,0,14,4,0,0
commute,1004,0,15,1,0,0
commute,1004,0,16,1,0,0
commute,1004,0,17,16,0,0
commute,1004,0,18,1,0,0
commute,1004,0,19,24,0,0
commute,1004,0,20,16,0,0
commute,1004,0,23,8,1,0
commute,1004,0,24,16,0,0
commute,1004,0,25,4,0,0
commute,1004,0,26,4,0,0
commute,1004,0,27,1,0,0
commute,1004,0,29,56,1,1
commute,1004,0,30,48,1,1
commute,1004,0,31,1,0,0
commute,1004,0,33,4,1,0
commute,1004,0,35,1,0,0
commute,1004,0,36,40,1,1
commute,1004,0,37,4,0,0
commute,1004,0,39,1,0,0
commute,1004,0,40,4,0,0
commute,1004,0,42,1,0,0
commute,1004,0,43,1,0,0
commute,1004,0,44,1,0,0
commute,1004,0,45,1,0,0
commute,1004,0,46,4,0,0
commute,1004,0,47,16,1,1
commute,1004,1,0,4,0,0
commute,1004,1,1,16,0,0
commute,1004,1,2,16,0,0
commute,1004,1,3,32,0,0
commute,1004,1,5,1,0,0
commute,1004,1,7,16,1,0
commute,1004,1,8,32,1,0
commute,1004,1,9,40,0,0
commute,1004,1,10,4,0,0
commute,1004,1,13,48,1,1
commute,1004,1,14,1,0,0
commute,1004,1,15,1,0,0
commute,1004,1,17,1,0,0
commute,1004,1,18,4,0,0
commute,1004,1,19,32,0,0
commute,1004,1,23,1,0,0
commute,1004,1,26,4,0,0
commute,1004,1,27,4,0,0
commute,1004,1,28,1,0,0
commute,1004,1,29,1,0,0
commute,1004,1,30,16,0,0
commute,1004,1,31,1,0,0
commute,1004,1,32,1,0,0
commute,1004,1,33,1,0,0
commute,1004,1,34,4,0,0
commute,1004,1,35,4,0,0
commute,1004,1,36,1,0,0
commute,1004,1,38,1,0,0
commute,1004,1,39,8,0,0
commute,1004,1,40,1,0,0
commute,1004,1,41,4,0,0
commute,1004,1,42,1,0,0
commute,1004,1,43,32,0,0
commute,1004,1,44,36,1,0
commute,1004,1,46,4,0,0
commute,1004,1,47,48,1,0
commute,1004,2,0,48,0,0
commute,1004,2,1,4,0,0
commute,1004,2,2,4,0,0
commute,1004,2,3,4,0,0
commute,1004,2,4,16,0,0
commute,1004,2,5,4,0,0
commute,1004,2,6,4,0,0
commute,1004,2,8,1,0,0
commute,1004,2,9,1,0,0
commute,1004,2,10,1,0,0
commute,1004,2,11,40,0,0
commute,1004,2,12,4,0,0
commute,1004,2,13,1,0,0
commute,1004,2,14,32,0,0
commute,1004,2,15,32,1,1
commute,1004,2,16,16,0,0
commute,1004,2,18,4,0,0
commute,1004,2,19,4,0,0
commute,1004,2,21,36,1,0
commute,1004,2,23,4,0,0
commute,1004,2,25,8,0,0
commute,1004,2,26,48,1,1
commute,1004,2,27,1,0,0
commute,1004,2,28,4,0,0
commute,1004,2,30,1,0,0
commute,1004,2,32,48,1,1
commute,1004,2,34,56,0,0
commute,1004,2,35,1,0,0
commute,1004,2,37,64,0,0
commute,1004,2,38,4,0,0
commute,1004,2,39,16,0,0
commute,1004,2,40,1,0,0
commute,1004,2,43,16,0,0
commute,1004,2,46,1,0,0
commute,1004,3,0,4,0,0
commute,1004,3,1,1,0,0
commute,1004,3,2,1,0,0
commute,1004,3,4,4,0,0
commute,1004,3,6,4,0,0
commute,1004,3,7,16,0,0
commute,1004,3,9,1,0,0
commute,1004,3,11,1,0,0
commute,1004,3,12,1,0,0
commute,1004,3,14,1,0,0
commute,1004,3,15,4,0,0
commute,1004,3,17,1,0,0
commute,1004,3,19,1,0,0
commute,1004,3,20,4,0,0
commute,1004,3,21,16,0,0
commute,1004,3,22,1,0,0
commute,1004,3,23,1,0,0
commute,1004,3,24,1,0,0
commute,1004,3,25,1,0,0
commute,1004,3,26,4,0,0
commute,1004,3,27,56,0,0
commute,1004,3,28,16,0,0
commute,1004,3,29,8,0,0
commute,1004,3,30,16,0,0
commute,1004,3,33,8,0,0
commute,1004,3,34,1,0,0
commute,1004,3,36,4,1,0
commute,1004,3,37,1,0,0
commute,1004,3,42,1,0,0
commute,1004,3,43,4,0,0
commute,1004,3,44,4,0,0
commute,1004,3,45,1,0,0
commute,1004,3,46,16,0,0
commute,1005,0,0,4,0,0
commute,1005,0,1,4,0,0
commute,1005,0,3,4,0,0
commute,1005,0,4,16,0,0
commute,1005,0,5,4,0,0
commute,1005,0,6,1,0,0
commute,1005,0,8,1,0,0
commute,1005,0,9,1,0,0
commute,1005,0,13,4,0,0
commute,1005,0,14,8,0,0
commute,1005,0,15,4,0,0
commute,1005,0,16,56,1,1
commute,1005,0,17,48,0,0
commute,1005,0,18,32,0,0
commute,1005,0,19,1,0,0
commute,1005,0,20,1,0,0
commute,1005,0,21,8,0,0
commute,1005,0,22,1,0,0
commute,1005,0,23,4,0,0
commute,1005,0,24,4,0,0
commute,1005,0,25,4,0,0
commute,1005,0,26,4,0,0
commute,1005,0,27,16,1,0
commute,1005,0,28,8,0,0
commute,1005,0,31,1,0,0
commute,1005,0,34,4,0,0
commute,1005,0,37,1,0,0
commute,1005,0,38,1,0,0
commute,1005,0,39,1,0,0
commute,1005,0,40,1,0,0
commute,1005,0,42,4,0,0
commute,1005,0,43,64,0,0
commute,1005,0,45,24,0,0
commute,1005,1,0,1,0,0
commute,1005,1,1,4,0,0
commute,1005,1,2,56,1,1
commute,1005,1,3,1,0,0
commute,1005,1,4,4,0,0
commute,1005,1,5,4,0,0
commute,1005,1,6,4,0,0
commute,1005,1,8,16,0,0
commute,1005,1,9,1,0,0
commute,1005,1,10,4,0,0
commute,1005,1,12,1,0,0
commute,1005,1,13,1,0,0
commute,1005,1,14,16,0,0
commute,1005,1,16,1,0,0
commute,1005,1,17,1,0,0
commute,1005,1,21,16,0,0
commute,1005,1,22,64,1,1
commute,1005,1,23,4,0,0
commute,1005,1,24,16,0,0
commute,1005,1,25,24,1,1
commute,1005,1,27,1,0,0
commute,1005,1,28,1,0,0
commute,1005,1,30,16,0,0
commute,1005,1,31,4,0,0
commute,1005,1,32,48,0,0
commute,1005,1,33,1,0,0
commute,1005,1,34,24,0,0
commute,1005,1,35,56,1,1
commute,1005,1,36,4,0,0
commute,1005,1,37,1,0,0
commute,1005,1,38,4,0,0
commute,1005,1,39,1,0,0
commute,1005,1,40,1,0,0
commute,1005,1,43,4,0,0
commute,1005,1,45,4,0,0
commute,1005,1,46,4,0,0
commute,1005,1,47,24,0,0
commute,1005,2,1,56,1,1
commute,1005,2,2,4,1,0
commute,1005,2,5,16,0,0
commute,1005,2,6,24,0,0
commute,1005,2,7,1,0,0
commute,1005,2,9,8,0,0
commute,1005,2,10,24,0,0
commute,1005,2,11,1,0,0
commute,1005,2,12,4,0,0
commute,1005,2,13,1,0,0
commute,1005,2,14,16,0,0
commute,1005,2,16,1,0,0
commute,1005,2,17,48,1,0
commute,1005,2,19,1,0,0
commute,1005,2,21,4,0,0
commute,1005,2,23,4,0,0
commute,1005,2,25,1,0,0
commute,1005,2,27,1,0,0
commute,1005,2,28,1,0,0
commute,1005,2,29,4,0,0
commute,1005,2,30,8,0,0
commute,1005,2,31,4,0,0
commute,1005,2,32,8,0,0
commute,1005,2,33,1,0,0
commute,1005,2,34,1,0,0
commute,1005,2,36,32,1,0
commute,1005,2,37,1,0,0
commute,1005,2,38,1,0,0
commute,1005,2,39,8,0,0
commute,1005,2,40,1,0,0
commute,1005,2,41,1,0,0
commute,1005,2,42,1,0,0
commute,1005,2,43,4,0,0
commute,1005,2,44,1,0,0
commute,1005,2,45,4,1,0
commute,1005,2,46,1,0,0
commute,1005,3,0,4,0,0
commute,1005,3,1,4,0,0
commute,1005,3,2,4,1,0
commute,1005,3,3,4,0,0
commute,1005,3,4,1,0,0
commute,1005,3,5,4,0,0
commute,1005,3,6,8,1,0
commute,1005,3,7,1,0,0
commute,1005,3,8,1,0,0
commute,1005,3,9,1,0,0
commute,1005,3,10,4,0,0
commute,1005,3,11,16,0,0
commute,1005,3,13,1,0,0
commute,1005,3,14,1,0,0
commute,1005,3,16,64,1,1
commute,1005,3,18,56,0,0
commute,1005,3,20,4,1,0
commute,1005,3,21,1,0,0
commute,1005,3,22,4,0,0
commute,1005,3,24,1,0,0
commute,1005,3,26,1,0,0
commute,1005,3,27,4,0,0
commute,1005,3,29,1,0,0
commute,1005,3,30,4,0,0
commute,1005,3,32,4,0,0
commute,1005,3,33,1,0,0
commute,1005,3,34,16,0,0
commute,1005,3,35,4,0,0
commute,1005,3,36,1,0,0
commute,1005,3,37,8,0,0
commute,1005,3,38,48,1,1
commute,1005,3,39,1,0,0
commute,1005,3,40,4,0,0
commute,1005,3,41,1,0,0
commute,1005,3,42,1,0,0
commute,1005,3,44,1,0,0
commute,1005,3,45,4,0,0
commute,1005,3,46,4,0,0
commute,1005,3,47,4,0,0
commute,1006,0,1,1,0,0
commute,1006,0,2,4,0,0
commute,1006,0,4,4,0,0
commute,1006,0,6,4,0,0
commute,1006,0,7,1,0,0
commute,1006,0,8,4,0,0
commute,1006,0,10,32,0,0
commute,1006,0,11,4,0,0
commute,1006,0,13,40,0,0
commute,1006,0,15,1,0,0
commute,1006,0,17,1,0,0
commute,1006,0,20,1,0,0
commute,1006,0,22,1,0,0
commute,1006,0,23,24,0,0
commute,1006,0,25,8,0,0
commute,1006,0,26,1,0,0
commute,1006,0,27,32,0,0
commute,1006,0,28,16,0,0
commute,1006,0,31,4,0,0
commute,1006,0,32,4,0,0
commute,1006,0,34,1,0,0
commute,1006,0,35,1,0,0
commute,1006,0,37,1,0,0
commute,1006,0,39,4,0,0
commute,1006,0,40,1,0,0
commute,1006,0,41,4,0,0
commute,1006,0,42,1,0,0
commute,1006,0,43,4,0,0
commute,1006,0,44,16,0,0
commute,1006,0,45,4,0,0
commute,1006,0,46,1,0,0
commute,1006,1,0,1,0,0
commute,1006,1,1,1,0,0
commute,1006,1,3,1,0,0
commute,1006,1,4,1,0,0
commute,1006,1,5,1,0,0
commute,1006,1,6,4,0,0
commute,1006,1,8,4,0,0
commute,1006,1,9,4,0,0
commute,1006,1,10,32,0,0
commute,1006,1,11,16,0,0
commute,1006,1,13,4,0,0
commute,1006,1,14,4,0,0
commute,1006,1,15,1,0,0
commute,1006,1,16,1,0,0
commute,1006,1,17,4,0,0
commute,1006,1,18,4,0,0
commute,1006,1,19,40,0,0
commute,1006,1,23,1,0,0
commute,1006,1,25,1,0,0
commute,1006,1,26,4,0,0
commute,1006,1,27,24,0,0
commute,1006,1,28,16,0,0
commute,1006,1,29,1,0,0
commute,1006,1,30,16,0,0
commute,1006,1,33,56,1,1
commute,1006,1,34,1,0,0
commute,1006,1,35,4,0,0
commute,1006,1,36,40,0,0
commute,1006,1,37,16,0,0
commute,1006,1,38,4,0,0
commute,1006,1,39,1,0,0
commute,1006,1,40,4,0,0
commute,1006,1,41,8,0,0
commute,1006,1,43,1,0,0
commute,1006,1,44,1,0,0
commute,1006,1,45,64,0,0
commute,1006,1,46,4,0,0
commute,1006,1,47,32,0,0
commute,1006,2,0,4,1,0
commute,1006,2,1,16,1,1
commute,1006,2,3,1,0,0
commute,1006,2,4,1,0,0
commute,1006,2,5,1,0,0
commute,1006,2,6,4,0,0
commute,1006,2,7,4,0,0
commute,1006,2,8,1,0,0
commute,1006,2,9,4,0,0
commute,1006,2,10,8,0,0
commute,1006,2,11,1,0,0
commute,1006,2,12,1,0,0
commute,1006,2,13,1,0,0
commute,1006,2,16,4,0,0
commute,1006,2,18,1,0,0
commute,1006,2,20,4,0,0
commute,1006,2,21,1,0,0
commute,1006,2,22,4,0,0
commute,1006,2,23,1,0,0
commute,1006,2,24,1,0,0
commute,1006,2,25,32,1,1
commute,1006,2,26,32,0,0
commute,1006,2,27,4,0,0
commute,1006,2,28,1,0,0
commute,1006,2,30,4,0,0
commute,1006,2,31,36,1,0
commute,1006,2,32,40,0,0
commute,1006,2,33,16,0,0
commute,1006,2,34,4,0,0
commute,1006,2,35,4,0,0
commute,1006,2,36,4,0,0
commute,1006,2,38,48,1,1
commute,1006,2,39,24,0,0
commute,1006,2,41,1,0,0
commute,1006,2,42,1,0,0
commute,1006,2,43,16,0,0
commute,1006,2,44,4,0,0
commute,1006,2,46,1,0,0
commute,1006,3,1,1,0,0
commute,1006,3,2,4,0,0
commute,1006,3,5,4,0,0
commute,1006,3,6,1,0,0
commute,1006,3,7,4,0,0
commute,1006,3,8,4,0,0
commute,1006,3,9,4,0,0
commute,1006,3,10,1,0,0
commute,1006,3,11,1,0,0
commute,1006,3,12,1,0,0
commute,1006,3,15,4,1,0
commute,1006,3,16,4,0,0
commute,1006,3,17,1,0,0
commute,1006,3,19,4,0,0
commute,1006,3,20,1,0,0
commute,1006,3,22,1,0,0
commute,1006,3,23,4,0,0
commute,1006,3,24,8,0,0
commute,1006,3,25,4,0,0
commute,1006,3,26,1,0,0
commute,1006,3,27,1,0,0
commute,1006,3,28,1,0,0
commute,1006,3,29,4,0,0
commute,1006,3,31,1,0,0
commute,1006,3,33,4,0,0
commute,1006,3,34,1,0,0
commute,1006,3,35,1,0,0
commute,1006,3,36,24,0,0
commute,1006,3,37,1,0,0
commute,1006,3,39,1,0,0
commute,1006,3,40,4,1,0
commute,1006,3,42,24,0,0
commute,1006,3,43,4,0,0
commute,1006,3,44,1,0,0
commute,1006,3,45,16,0,0
commute,1006,3,47,4,0,0
commute,1007,0,0,1,0,0
commute,1007,0,1,56,0,0
commute,1007,0,2,4,0,0
commute,1007,0,3,1,0,0
commute,1007,0,4,4,0,0
commute,1007,0,6,1,0,0
commute,1007,0,7,1,0,0
commute,1007,0,9,24,1,1
commute,1007,0,10,1,0,0
commute,1007,0,13,4,0,0
commute,1007,0,17,8,0,0
commute,1007,0,19,1,0,0
commute,1007,0,20,1,0,0
commute,1007,0,22,1,0,0
commute,1007,0,23,1,0,0
commute,1007,0,27,32,0,0
commute,1007,0,28,4,0,0
commute,1007,0,29,24,0,0
commute,1007,0,31,4,0,0
commute,1007,0,32,24,1,0
commute,1007,0,34,1,0,0
commute,1007,0,36,4,0,0
commute,1007,0,37,1,0,0
commute,1007,0,38,4,0,0
commute,1007,0,40,1,0,0
commute,1007,0,41,1,0,0
commute,1007,0,42,1,0,0
commute,1007,0,43,1,0,0
commute,1007,0,44,4,0,0
commute,1007,0,47,1,0,0
commute,1007,1,0,1,0,0
commute,1007,1,2,1,0,0
commute,1007,1,3,1,0,0
commute,1007,1,4,1,0,0
commute,1007,1,5,4,0,0
commute,1007,1,6,1,0,0
commute,1007,1,9,4,0,0
commute,1007,1,10,1,0,0
commute,1007,1,11,24,0,0
commute,1007,1,12,8,0,0
commute,1007,1,13,1,0,0
commute,1007,1,14,8,0,0
commute,1007,1,16,1,0,0
commute,1007,1,17,1,0,0
commute,1007,1,20,4,0,0
commute,1007,1,21,1,0,0
commute,1007,1,23,4,0,0
commute,1007,1,24,1,0,0
commute,1007,1,25,8,1,0
commute,1007,1,27,1,0,0
commute,1007,1,29,1,0,0
commute,1007,1,30,1,0,0
commute,1007,1,31,48,0,0
commute,1007,1,32,4,1,0
commute,1007,1,33,4,0,0
commute,1007,1,34,32,0,0
commute,1007,1,35,1,0,0
commute,1007,1,36,1,0,0
commute,1007,1,37,4,0,0
commute,1007,1,38,1,0,0
commute,1007,1,39,16,0,0
commute,1007,1,40,48,0,0
commute,1007,1,41,40,1,1
commute,1007,1,42,4,0,0
commute,1007,1,44,4,0,0
commute,1007,1,45,24,0,0
commute,1007,1,46,1,0,0
commute,1007,1,47,1,0,0
commute,1007,2,3,4,0,0
commute,1007,2,4,24,0,0
commute,1007,2,10,36,1,0
commute,1007,2,11,8,0,0
commute,1007,2,12,24,0,0
commute,1007,2,13,64,1,1
commute,1007,2,14,1,0,0
commute,1007,2,15,4,0,0
commute,1007,2,16,1,0,0
commute,1007,2,17,1,0,0
commute,1007,2,18,8,0,0
commute,1007,2,19,1,0,0
commute,1007,2,20,1,0,0
commute,1007,2,21,16,0,0
commute,1007,2,22,64,0,0
commute,1007,2,23,4,0,0
commute,1007,2,24,24,0,0
commute,1007,2,25,24,0,0
commute,1007,2,26,1,0,0
commute,1007,2,27,1,0,0
commute,1007,2,28,1,1,0
commute,1007,2,30,4,0,0
commute,1007,2,31,1,0,0
commute,1007,2,34,8,0,0
commute,1007,2,36,4,0,0
commute,1007,2,38,16,0,0
commute,1007,2,39,1,0,0
commute,1007,2,40,16,0,0
commute,1007,2,41,4,0,0
commute,1007,2,42,16,1,1
commute,1007,2,43,1,0,0
commute,1007,2,44,40,1,0
commute,1007,2,45,24,0,0
commute,1007,2,46,4,0,0
commute,1007,2,47,4,0,0
commute,1007,3,0,16,0,0
commute,1007,3,2,4,0,0
commute,1007,3,3,24,0,0
commute,1007,3,4,24,0,0
commute,1007,3,5,1,0,0
commute,1007,3,6,4,0,0
commute,1007,3,7,4,0,0
commute,1007,3,9,1,0,0
commute,1007,3,10,16,0,0
commute,1007,3,11,4,0,0
commute,1007,3,14,1,0,0
commute,1007,3,16,1,0,0
commute,1007,3,18,4,0,0
commute,1007,3,19,4,0,0
commute,1007,3,20,16,0,0
commute,1007,3,21,4,0,0
commute,1007,3,22,1,0,0
commute,1007,3,23,8,0,0
commute,1007,3,25,24,0,0
commute,1007,3,26,1,0,0
commute,1007,3,27,4,0,0
commute,1007,3,28,1,0,0
commute,1007,3,29,16,0,0
commute,1007,3,30,1,0,0
commute,1007,3,31,4,0,0
commute,1007,3,32,1,0,0
commute,1007,3,34,4,0,0
commute,1007,3,35,1,0,0
commute,1007,3,36,48,0,0
commute,1007,3,37,4,0,0
commute,1007,3,38,8,0,0
commute,1007,3,39,1,0,0
commute,1007,3,40,4,0,0
commute,1007,3,44,1,0,0
commute,1007,3,45,1,0,0
commute,1007,3,46,4,0,0
commute,1008,0,0,4,0,0
commute,1008,0,1,4,0,0
commute,1008,0,3,4,0,0
commute,1008,0,5,4,0,0
commute,1008,0,6,1,0,0
commute,1008,0,7,1,0,0
commute,1008,0,8,1,0,0
commute,1008,0,10,1,0,0
commute,1008,0,11,4,0,0
commute,1008,0,12,4,0,0
commute,1008,0,13,4,0,0
commute,1008,0,14,1,0,0
commute,1008,0,17,1,0,0
commute,1008,0,18,1,0,0
commute,1008,0,20,4,0,0
commute,1008,0,21,1,0,0
commute,1008,0,22,48,1,1
commute,1008,0,23,32,0,0
commute,1008,0,24,4,0,0
commute,1008,0,27,4,0,0
commute,1008,0,30,24,0,0
commute,1008,0,32,24,0,0
commute,1008,0,33,1,0,0
commute,1008,0,34,56,0,0
commute,1008,0,35,1,0,0
commute,1008,0,36,64,1,1
commute,1008,0,37,1,0,0
commute,1008,0,38,1,0,0
commute,1008,0,39,1,0,0
commute,1008,0,40,32,0,0
commute,1008,0,41,56,1,1
commute,1008,0,42,4,0,0
commute,1008,0,43,56,0,0
commute,1008,0,44,40,1,1
commute,1008,0,45,1,0,0
commute,1008,0,47,4,0,0
commute,1008,1,0,16,1,1
commute,1008,1,1,48,0,0
commute,1008,1,2,4,0,0
commute,1008,1,3,4,0,0
commute,1008,1,4,4,0,0
commute,1008,1,5,4,0,0
commute,1008,1,6,1,0,0
commute,1008,1,8,48,1,1
commute,1008,1,9,4,0,0
commute,1008,1,11,1,0,0
commute,1008,1,13,1,0,0
commute,1008,1,16,1,0,0
commute,1008,1,17,4,1,0
commute,1008,1,18,1,0,0
commute,1008,1,20,24,0,0
commute,1008,1,21,4,0,0
commute,1008,1,23,4,0,0
commute,1008,1,24,1,0,0
commute,1008,1,25,1,0,0
commute,1008,1,27,1,0,0
commute,1008,1,28,8,0,0
commute,1008,1,30,1,0,0
commute,1008,1,31,8,0,0
commute,1008,1,32,4,0,0
commute,1008,1,33,1,0,0
commute,1008,1,35,1,0,0
commute,1008,1,36,4,0,0
commute,1008,1,38,32,0,0
commute,1008,1,39,1,0,0
commute,1008,1,41,1,0,0
commute,1008,1,42,16,0,0
commute,1008,1,44,4,0,0
commute,1008,1,46,4,0,0
commute,1008,1,47,1,0,0
commute,1008,2,0,4,0,0
commute,1008,2,3,4,0,0
commute,1008,2,4,1,0,0
commute,1008,2,5,36,1,1
commute,1008,2,6,36,1,1
commute,1008,2,8,4,0,0
commute,1008,2,11,4,0,0
commute,1008,2,12,1,0,0
commute,1008,2,13,1,0,0
commute,1008,2,14,1,0,0
commute,1008,2,15,4,0,0
commute,1008,2,17,4,0,0
commute,1008,2,18,1,0,0
commute,1008,2,19,4,0,0
commute,1008,2,20,1,0,0
commute,1008,2,21,1,0,0
commute,1008,2,22,4,0,0
commute,1008,2,23,16,0,0
commute,1008,2,27,4,0,0
commute,1008,2,28,1,0,0
commute,1008,2,29,1,0,0
commute,1008,2,30,4,0,0
commute,1008,2,31,40,0,0
commute,1008,2,32,1,0,0
commute,1008,2,34,1,0,0
commute,1008,2,36,4,0,0
commute,1008,2,39,4,0,0
commute,1008,2,40,4,0,0
commute,1008,2,41,48,1,1
commute,1008,2,43,56,0,0
commute,1008,2,44,1,0,0
commute,1008,2,45,4,0,0
commute,1008,2,46,1,0,0
commute,1008,2,47,8,0,0
commute,1008,3,1,4,0,0
commute,1008,3,2,1,0,0
commute,1008,3,3,4,0,0
commute,1008,3,4,4,0,0
commute,1008,3,5,1,0,0
commute,1008,3,7,1,0,0
commute,1008,3,8,1,0,0
commute,1008,3,9,1,0,0
commute,1008,3,10,4,0,0
commute,1008,3,11,1,0,0
commute,1008,3,12,1,0,0
commute,1008,3,13,1,0,0
commute,1008,3,14,64,1,1
commute,1008,3,15,4,0,0
commute,1008,3,16,1,0,0
commute,1008,3,17,1,0,0
commute,1008,3,18,4,0,0
commute,1008,3,19,1,0,0
commute,1008,3,22,1,0,0
commute,1008,3,25,4,0,0
commute,1008,3,27,40,0,0
commute,1008,3,28,4,0,0
commute,1008,3,29,4,0,0
commute,1008,3,31,48,0,0
commute,1008,3,32,1,0,0
commute,1008,3,33,1,0,0
commute,1008,3,34,1,0,0
commute,1008,3,35,4,0,0
commute,1008,3,36,48,0,0
commute,1008,3,37,16,0,0
commute,1008,3,38,4,0,0
commute,1008,3,39,4,0,0
commute,1008,3,40,1,0,0
commute,1008,3,41,1,0,0
commute,1008,3,42,4,0,0
commute,1008,3,44,1,0,0
commute,1008,3,45,1,0,0
commute,1008,3,46,4,0,0
commute,1008,3,47,1,0,0
commute,1009,0,0,1,0,0
commute,1009,0,1,40,0,0
commute,1009,0,2,1,0,0
commute,1009,0,3,4,0,0
commute,1009,0,4,4,0,0
commute,1009,0,5,1,0,0
commute,1009,0,6,4,0,0
commute,1009,0,7,16,0,0
commute,1009,0,8,24,0,0
commute,1009,0,9,8,0,0
commute,1009,0,10,1,0,0
commute,1009,0,12,40,0,0
commute,1009,0,13,4,0,0
commute,1009,0,14,1,0,0
commute,1009,0,15,56,1,1
commute,1009,0,16,48,0,0
commute,1009,0,17,40,0,0
commute,1009,0,18,4,0,0
commute,1009,0,20,4,0,0
commute,1009,0,21,1,0,0
commute,1009,0,22,1,0,0
commute,1009,0,23,8,0,0
commute,1009,0,24,1,0,0
commute,1009,0,25,4,0,0
commute,1009,0,27,56,0,0
commute,1009,0,28,4,0,0
commute,1009,0,29,4,1,0
commute,1009,0,30,1,0,0
commute,1009,0,32,1,0,0
commute,1009,0,34,1,0,0
commute,1009,0,35,4,0,0
commute,1009,0,37,4,0,0
commute,1009,0,38,4,0,0
commute,1009,0,39,1,0,0
commute,1009,0,40,16,0,0
commute,1009,0,41,1,0,0
commute,1009,0,42,1,0,0
commute,1009,0,43,4,0,0
commute,1009,0,45,1,0,0
commute,1009,0,46,1,0,0
commute,1009,1,0,1,0,0
commute,1009,1,1,40,0,0
commute,1009,1,2,1,0,0
commute,1009,1,3,1,0,0
commute,1009,1,4,48,1,1
commute,1009,1,6,4,0,0
commute,1009,1,7,56,0,0
commute,1009,1,8,4,0,0
commute,1009,1,9,48,0,0
commute,1009,1,10,1,0,0
commute,1009,1,12,24,1,1
commute,1009,1,14,1,0,0
commute,1009,1,15,1,0,0
commute,1009,1,16,1,0,0
commute,1009,1,17,4,0,0
commute,1009,1,18,4,0,0
commute,1009,1,20,16,0,0
commute,1009,1,21,1,0,0
commute,1009,1,23,1,0,0
commute,1009,1,24,1,0,0
commute,1009,1,25,56,1,1
commute,1009,1,26,1,0,0
commute,1009,1,27,1,0,0
commute,1009,1,28,1,0,0
commute,1009,1,31,48,0,0
commute,1009,1,32,1,0,0
commute,1009,1,33,1,0,0
commute,1009,1,34,4,1,0
commute,1009,1,35,1,0,0
commute,1009,1,36,1,0,0
commute,1009,1,37,1,0,0
commute,1009,1,40,1,0,0
commute,1009,1,41,4,0,0
commute,1009,1,44,1,0,0
commute,1009,1,45,48,1,1
commute,1009,1,47,1,0,0
commute,1009,2,0,24,0,0
commute,1009,2,3,1,0,0
commute,1009,2,5,48,1,1
commute,1009,2,7,48,1,1
commute,1009,2,8,1,0,0
commute,1009,2,9,1,0,0
commute,1009,2,10,1,0,0
commute,1009,2,12,8,0,0
commute,1009,2,13,1,0,0
commute,1009,2,14,4,0,0
commute,1009,2,15,1,0,0
commute,1009,2,17,1,0,0
commute,1009,2,18,1,0,0
commute,1009,2,19,1,0,0
commute,1009,2,23,16,0,0
commute,1009,2,24,36,1,1
commute,1009,2,26,4,0,0
commute,1009,2,28,4,0,0
commute,1009,2,30,16,0,0
commute,1009,2,31,1,0,0
commute,1009,2,33,32,0,0
commute,1009,2,34,1,0,0
commute,1009,2,35,24,0,0
commute,1009,2,37,4,0,0
commute,1009,2,40,1,0,0
commute,1009,2,41,4,0,0
commute,1009,2,43,4,0,0
commute,1009,2,44,1,0,0
commute,1009,2,45,4,0,0
commute,1009,2,46,16,0,0
commute,1009,2,47,4,0,0
commute,1009,3,0,1,0,0
commute,1009,3,2,48,1,1
commute,1009,3,4,1,0,0
commute,1009,3,5,1,0,0
commute,1009,3,6,4,0,0
commute,1009,3,7,1,0,0
commute,1009,3,8,16,0,0
commute,1009,3,9,40,0,0
commute,1009,3,10,4,0,0
commute,1009,3,11,1,0,0
commute,1009,3,12,1,0,0
commute,1009,3,13,1,0,0
commute,1009,3,14,1,0,0
commute,1009,3,15,4,0,0
commute,1009,3,17,1,0,0
commute,1009,3,18,1,0,0
commute,1009,3,19,4,0,0
commute,1009,3,20,1,0,0
commute,1009,3,21,40,0,0
commute,1009,3,22,1,0,0
commute,1009,3,23,1,0,0
commute,1009,3,25,1,1,0
commute,1009,3,27,1,0,0
commute,1009,3,28,4,0,0
commute,1009,3,29,48,1,1
commute,1009,3,31,8,0,0
commute,1009,3,34,1,0,0
commute,1009,3,35,1,0,0
commute,1009,3,36,1,0,0
commute,1009,3,37,1,0,0
commute,1009,3,38,1,0,0
commute,1009,3,41,1,0,0
commute,1009,3,42,64,1,1
commute,1009,3,43,1,0,0
commute,1009,3,44,1,0,0
commute,1009,3,46,4,0,0
commute,1009,3,47,16,1,0
commute,1010,0,0,16,0,0
commute,1010,0,1,1,0,0
commute,1010,0,2,1,0,0
commute,1010,0,3,4,0,0
commute,1010,0,4,1,0,0
commute,1010,0,5,1,0,0
commute,1010,0,6,16,1,1
commute,1010,0,7,8,0,0
commute,1010,0,10,1,0,0
commute,1010,0,11,4,0,0
commute,1010,0,12,1,0,0
commute,1010,0,14,4,0,0
commute,1010,0,15,4,0,0
commute,1010,0,16,4,0,0
commute,1010,0,18,1,0,0
commute,1010,0,20,1,0,0
commute,1010,0,21,4,0,0
commute,1010,0,22,1,0,0
commute,1010,0,24,1,0,0
commute,1010,0,25,1,0,0
commute,1010,0,26,1,0,0
commute,1010,0,27,1,0,0
commute,1010,0,28,1,0,0
commute,1010,0,29,16,0,0
commute,1010,0,30,8,0,0
commute,1010,0,31,32,1,1
commute,1010,0,32,4,0,0
commute,1010,0,33,48,0,0
commute,1010,0,34,1,0,0
commute,1010,0,35,4,0,0
commute,1010,0,37,1,0,0
commute,1010,0,39,1,0,0
commute,1010,0,40,16,0,0
commute,1010,0,41,4,0,0
commute,1010,0,42,4,0,0
commute,1010,0,43,1,0,0
commute,1010,0,44,1,0,0
commute,1010,1,0,8,0,0
commute,1010,1,1,4,1,0
commute,1010,1,3,40,1,1
commute,1010,1,4,4,0,0
commute,1010,1,6,1,0,0
commute,1010,1,7,4,0,0
commute,1010,1,8,1,0,0
commute,1010,1,9,1,0,0
commute,1010,1,10,4,0,0
commute,1010,1,12,4,0,0
commute,1010,1,14,1,0,0
commute,1010,1,15,1,0,0
commute,1010,1,17,48,1,1
commute,1010,1,18,1,0,0
commute,1010,1,19,4,0,0
commute,1010,1,20,1,0,0
commute,1010,1,21,48,1,1
commute,1010,1,24,4,0,0
commute,1010,1,25,1,0,0
commute,1010,1,26,40,0,0
commute,1010,1,27,16,0,0
commute,1010,1,28,4,0,0
commute,1010,1,29,4,0,0
commute,1010,1,30,4,0,0
commute,1010,1,31,1,0,0
commute,1010,1,33,1,0,0
commute,1010,1,34,1,0,0
commute,1010,1,35,4,0,0
commute,1010,1,37,16,0,0
commute,1010,1,38,1,0,0
commute,1010,1,40,4,0,0
commute,1010,1,41,4,0,0
commute,1010,1,42,1,0,0
commute,1010,1,43,1,0,0
commute,1010,1,44,1,0,0
commute,1010,1,45,1,0,0
commute,1010,1,46,4,0,0
commute,1010,1,47,1,0,0
commute,1010,2,5,32,1,1
commute,1010,2,6,1,0,0
commute,1010,2,7,32,0,0
commute,1010,2,8,8,0,0
commute,1010,2,9,1,0,0
commute,1010,2,10,1,0,0
commute,1010,2,11,4,0,0
commute,1010,2,12,8,0,0
commute,1010,2,16,4,0,0
commute,1010,2,17,16,0,0
commute,1010,2,18,4,0,0
commute,1010,2,19,24,0,0
commute,1010,2,21,4,0,0
commute,1010,2,22,1,0,0
commute,1010,2,23,4,0,0
commute,1010,2,24,1,0,0
commute,1010,2,25,4,0,0
commute,1010,2,26,4,1,0
commute,1010,2,27,1,0,0
commute,1010,2,29,32,1,0
commute,1010,2,32,4,0,0
commute,1010,2,33,1,0,0
commute,1010,2,34,4,0,0
commute,1010,2,35,16,0,0
commute,1010,2,36,4,0,0
commute,1010,2,37,1,0,0
commute,1010,2,38,1,0,0
commute,1010,2,39,1,0,0
commute,1010,2,40,16,1,0
commute,1010,2,42,4,0,0
commute,1010,2,43,4,0,0
commute,1010,2,44,16,0,0
commute,1010,2,45,16,0,0
commute,1010,2,46,1,0,0
commute,1010,3,0,4,0,0
commute,1010,3,2,1,0,0
commute,1010,3,4,56,1,1
commute,1010,3,6,4,0,0
commute,1010,3,7,4,0,0
commute,1010,3,8,4,0,0
commute,1010,3,9,4,0,0
commute,1010,3,10,4,0,0
commute,1010,3,11,1,0,0
commute,1010,3,12,4,0,0
commute,1010,3,13,4,0,0
commute,1010,3,14,48,0,0
commute,1010,3,15,4,0,0
commute,1010,3,16,4,0,0
commute,1010,3,17,4,0,0
commute,1010,3,19,16,0,0
commute,1010,3,20,4,0,0
commute,1010,3,22,1,0,0
commute,1010,3,25,4,0,0
commute,1010,3,26,56,1,1
commute,1010,3,27,1,0,0
commute,1010,3,28,1,0,0
commute,1010,3,29,4,0,0
commute,1010,3,31,1,0,0
commute,1010,3,32,4,0,0
commute,1010,3,34,1,0,0
commute,1010,3,35,16,0,0
commute,1010,3,37,32,0,0
commute,1010,3,39,1,0,0
commute,1010,3,40,8,0,0
commute,1010,3,42,1,0,0
commute,1010,3,43,4,0,0
commute,1010,3,44,48,0,0
commute,1010,3,45,4,0,0
commute,1010,3,47,1,0,0
commute,1011,0,0,1,0,0
commute,1011,0,1,16,0,0
commute,1011,0,2,16,0,0
commute,1011,0,3,4,0,0
commute,1011,0,4,48,0,0
commute,1011,0,6,1,0,0
commute,1011,0,7,1,0,0
commute,1011,0,8,4,0,0
commute,1011,0,9,1,0,0
commute,1011,0,10,32,0,0
commute,1011,0,11,1,0,0
commute,1011,0,12,8,0,0
commute,1011,0,13,40,0,0
commute,1011,0,14,4,0,0
commute,1011,0,15,1,0,0
commute,1011,0,16,4,0,0
commute,1011,0,18,1,0,0
commute,1011,0,19,4,0,0
commute,1011,0,20,4,0,0
commute,1011,0,21,1,0,0
commute,1011,0,22,4,0,0
commute,1011,0,25,4,0,0
commute,1011,0,26,1,0,0
commute,1011,0,27,1,0,0
commute,1011,0,28,1,0,0
commute,1011,0,30,4,0,0
commute,1011,0,31,4,0,0
commute,1011,0,32,48,1,1
commute,1011,0,33,1,0,0
commute,1011,0,35,48,0,0
commute,1011,0,36,4,0,0
commute,1011,0,37,32,0,0
commute,1011,0,38,16,0,0
commute,1011,0,39,1,0,0
commute,1011,0,40,4,0,0
commute,1011,0,41,1,0,0
commute,1011,0,42,40,1,1
commute,1011,0,43,16,0,0
commute,1011,0,45,1,1,0
commute,1011,0,46,4,0,0
commute,1011,1,1,4,0,0
commute,1011,1,3,16,1,1
commute,1011,1,7,1,0,0
commute,1011,1,9,40,1,0
commute,1011,1,11,1,0,0
commute,1011,1,13,4,1,0
commute,1011,1,15,4,0,0
commute,1011,1,16,1,0,0
commute,1011,1,17,4,0,0
commute,1011,1,21,16,0,0
commute,1011,1,22,8,1,0
commute,1011,1,23,48,0,0
commute,1011,1,25,1,0,0
commute,1011,1,27,1,0,0
commute,1011,1,28,1,0,0
commute,1011,1,29,16,0,0
commute,1011,1,30,1,0,0
commute,1011,1,31,1,0,0
commute,1011,1,32,1,0,0
commute,1011,1,33,56,0,0
commute,1011,1,34,1,0,0
commute,1011,1,35,4,0,0
commute,1011,1,36,1,0,0
commute,1011,1,37,1,0,0
commute,1011,1,38,1,0,0
commute,1011,1,39,4,0,0
commute,1011,1,40,4,0,0
commute,1011,1,41,40,0,0
commute,1011,1,42,4,1,0
commute,1011,1,43,1,0,0
commute,1011,1,44,1,0,0
commute,1011,1,45,4,0,0
commute,1011,1,46,4,0,0
commute,1011,1,47,56,0,0
commute,1011,2,0,1,0,0
commute,1011,2,1,4,1,0
commute,1011,2,2,4,0,0
commute,1011,2,4,1,0,0
commute,1011,2,5,48,0,0
commute,1011,2,6,4,0,0
commute,1011,2,10,56,0,0
commute,1011,2,11,24,0,0
commute,1011,2,14,4,1,0
commute,1011,2,15,1,0,0
commute,1011,2,16,1,0,0
commute,1011,2,17,16,0,0
commute,1011,2,18,4,0,0
commute,1011,2,22,1,0,0
commute,1011,2,23,1,0,0
commute,1011,2,24,1,0,0
commute,1011,2,25,1,0,0
commute,1011,2,26,24,0,0
commute,1011,2,27,1,0,0
commute,1011,2,29,40,0,0
commute,1011,2,30,4,0,0
commute,1011,2,31,32,1,1
commute,1011,2,32,1,0,0
commute,1011,2,33,16,0,0
commute,1011,2,34,4,0,0
commute,1011,2,37,1,0,0
commute,1011,2,39,1,0,0
commute,1011,2,40,1,0,0
commute,1011,2,41,4,0,0
commute,1011,2,43,1,0,0
commute,1011,2,44,1,0,0
commute,1011,2,45,56,1,1
commute,1011,2,46,16,0,0
commute,1011,2,47,4,0,0
commute,1011,3,0,1,0,0
commute,1011,3,3,4,0,0
commute,1011,3,4,4,0,0
commute,1011,3,5,4,0,0
commute,1011,3,7,1,0,0
commute,1011,3,8,4,0,0
commute,1011,3,9,1,0,0
commute,1011,3,10,1,0,0
commute,1011,3,11,1,0,0
commute,1011,3,13,1,0,0
commute,1011,3,14,1,0,0
commute,1011,3,15,1,0,0
commute,1011,3,18,1,0,0
commute,1011,3,19,4,0,0
commute,1011,3,20,40,1,0
commute,1011,3,21,4,0,0
commute,1011,3,22,16,0,0
commute,1011,3,23,4,0,0
commute,1011,3,24,4,0,0
commute,1011,3,25,36,0,0
commute,1011,3,26,1,0,0
commute,1011,3,27,4,0,0
commute,1011,3,28,1,0,0
commute,1011,3,29,16,0,0
commute,1011,3,30,1,0,0
commute,1011,3,31,1,0,0
commute,1011,3,32,4,0,0
commute,1011,3,33,4,0,0
commute,1011,3,34,40,1,0
commute,1011,3,35,1,0,0
commute,1011,3,36,1,0,0
commute,1011,3,37,64,1,1
commute,1011,3,38,4,0,0
commute,1011,3,39,8,0,0
commute,1011,3,40,1,0,0
commute,1011,3,41,56,1,1
commute,1011,3,43,1,0,0
commute,1011,3,44,1,0,0
commute,1011,3,45,1,0,0
commute,1011,3,46,4,0,0
commute,1011,3,47,4,0,0
commute,1012,0,0,1,0,0
commute,1012,0,1,1,0,0
commute,1012,0,4,1,0,0
commute,1012,0,6,16,0,0
commute,1012,0,7,1,0,0
commute,1012,0,8,32,0,0
commute,1012,0,9,4,0,0
commute,1012,0,12,1,0,0
commute,1012,0,13,4,0,0
commute,1012,0,15,1,0,0
commute,1012,0,17,1,0,0
commute,1012,0,19,4,0,0
commute,1012,0,20,32,0,0
commute,1012,0,22,1,0,0
commute,1012,0,23,8,0,0
commute,1012,0,25,1,0,0
commute,1012,0,26,56,1,0
commute,1012,0,27,4,0,0
commute,1012,0,28,4,0,0
commute,1012,0,30,1,0,0
commute,1012,0,32,4,0,0
commute,1012,0,33,4,0,0
commute,1012,0,35,4,1,0
commute,1012,0,36,1,0,0
commute,1012,0,37,4,0,0
commute,1012,0,39,1,0,0
commute,1012,0,40,4,0,0
commute,1012,0,41,4,0,0
commute,1012,0,42,1,0,0
commute,1012,0,43,1,0,0
commute,1012,0,44,56,0,0
commute,1012,0,46,4,0,0
commute,1012,0,47,4,0,0
commute,1012,1,1,1,0,0
commute,1012,1,2,48,0,0
commute,1012,1,3,1,0,0
commute,1012,1,6,1,0,0
commute,1012,1,7,1,0,0
commute,1012,1,9,8,1,0
commute,1012,1,10,1,0,0
commute,1012,1,11,1,0,0
commute,1012,1,12,4,0,0
commute,1012,1,13,24,1,1
commute,1012,1,14,1,0,0
commute,1012,1,18,40,1,0
commute,1012,1,20,4,0,0
commute,1012,1,22,16,0,0
commute,1012,1,23,4,0,0
commute,1012,1,24,8,0,0
commute,1012,1,25,4,0,0
commute,1012,1,28,4,0,0
commute,1012,1,29,4,0,0
commute,1012,1,30,40,0,0
commute,1012,1,31,48,0,0
commute,1012,1,32,1,0,0
commute,1012,1,33,1,0,0
commute,1012,1,34,1,0,0
commute,1012,1,35,1,0,0
commute,1012,1,36,8,0,0
commute,1012,1,37,1,0,0
commute,1012,1,38,1,0,0
commute,1012,1,39,4,0,0
commute,1012,1,41,1,0,0
commute,1012,1,42,1,0,0
commute,1012,1,43,40,0,0
commute,1012,1,44,1,0,0
commute,1012,1,45,4,0,0
commute,1012,1,46,4,0,0
commute,1012,2,0,32,0,0
commute,1012,2,1,4,0,0
commute,1012,2,4,1,0,0
commute,1012,2,5,4,0,0
commute,1012,2,7,1,0,0
commute,1012,2,9,4,0,0
commute,1012,2,10,16,0,0
commute,1012,2,11,1,0,0
commute,1012,2,12,56,0,0
commute,1012,2,13,32,0,0
commute,1012,2,15,16,0,0
commute,1012,2,16,4,0,0
commute,1012,2,17,16,0,0
commute,1012,2,18,4,0,0
commute,1012,2,19,4,0,0
commute,1012,2,20,4,0,0
commute,1012,2,21,4,0,0
commute,1012,2,22,16,0,0
commute,1012,2,23,4,0,0
commute,1012,2,26,4,0,0
commute,1012,2,28,1,0,0
commute,1012,2,29,4,0,0
commute,1012,2,30,24,1,0
commute,1012,2,31,1,0,0
commute,1012,2,32,4,0,0
commute,1012,2,34,8,0,0
commute,1012,2,35,1,0,0
commute,1012,2,38,4,0,0
commute,1012,2,39,16,0,0
commute,1012,2,40,4,0,0
commute,1012,2,41,40,0,0
commute,1012,2,42,24,0,0
commute,1012,2,43,1,0,0
commute,1012,2,44,4,0,0
commute,1012,2,45,4,0,0
commute,1012,2,46,4,0,0
commute,1012,3,0,1,0,0
commute,1012,3,1,4,0,0
commute,1012,3,2,1,0,0
commute,1012,3,3,1,0,0
commute,1012,3,7,8,0,0
commute,1012,3,11,1,0,0
commute,1012,3,14,4,0,0
commute,1012,3,15,4,0,0
commute,1012,3,16,24,0,0
commute,1012,3,19,1,0,0
commute,1012,3,21,1,0,0
commute,1012,3,22,1,0,0
commute,1012,3,23,4,0,0
commute,1012,3,25,1,0,0
commute,1012,3,27,4,0,0
commute,1012,3,29,4,0,0
commute,1012,3,30,1,0,0
commute,1012,3,31,1,0,0
commute,1012,3,32,1,0,0
commute,1012,3,37,4,0,0
commute,1012,3,39,1,0,0
commute,1012,3,41,4,0,0
commute,1012,3,43,1,0,0
commute,1012,3,44,24,0,0
commute,1012,3,45,8,0,0
commute,1012,3,46,1,0,0
commute,1012,3,47,4,0,0
commute,1013,0,3,4,0,0
commute,1013,0,4,24,0,0
commute,1013,0,6,56,0,0
commute,1013,0,7,32,0,0
commute,1013,0,8,4,0,0
commute,1013,0,9,16,0,0
commute,1013,0,10,1,0,0
commute,1013,0,11,1,0,0
commute,1013,0,12,1,0,0
commute,1013,0,13,4,0,0
commute,1013,0,14,1,0,0
commute,1013,0,15,4,0,0
commute,1013,0,17,4,0,0
commute,1013,0,18,1,0,0
commute,1013,0,19,4,0,0
commute,1013,0,20,4,0,0
commute,1013,0,21,1,0,0
commute,1013,0,27,4,0,0
commute,1013,0,28,1,0,0
commute,1013,0,30,16,0,0
commute,1013,0,31,16,0,0
commute,1013,0,32,4,0,0
commute,1013,0,34,4,0,0
commute,1013,0,36,4,0,0
commute,1013,0,38,4,0,0
commute,1013,0,39,1,0,0
commute,1013,0,40,1,0,0
commute,1013,0,41,1,0,0
commute,1013,0,44,48,1,0
commute,1013,0,45,16,0,0
commute,1013,0,46,1,0,0
commute,1013,0,47,16,0,0
commute,1013,1,0,1,0,0
commute,1013,1,3,4,0,0
commute,1013,1,4,4,0,0
commute,1013,1,5,1,0,0
commute,1013,1,6,36,0,0
commute,1013,1,8,1,0,0
commute,1013,1,9,40,1,0
commute,1013,1,10,4,0,0
commute,1013,1,12,1,0,0
commute,1013,1,13,48,1,1
commute,1013,1,14,16,0,0
commute,1013,1,15,1,0,0
commute,1013,1,17,1,0,0
commute,1013,1,19,4,0,0
commute,1013,1,20,8,0,0
commute,1013,1,21,4,0,0
commute,1013,1,22,4,0,0
commute,1013,1,23,4,0,0
commute,1013,1,25,4,0,0
commute,1013,1,26,4,0,0
commute,1013,1,27,1,0,0
commute,1013,1,28,48,1,1
commute,1013,1,29,4,0,0
commute,1013,1,30,1,0,0
commute,1013,1,31,1,0,0
commute,1013,1,32,1,0,0
commute,1013,1,34,1,0,0
commute,1013,1,36,40,1,1
commute,1013,1,37,4,0,0
commute,1013,1,38,1,0,0
commute,1013,1,39,1,0,0
commute,1013,1,41,4,0,0
commute,1013,1,42,4,0,0
commute,1013,1,45,4,0,0
commute,1013,1,46,1,0,0
commute,1013,1,47,16,0,0
commute,1013,2,0,1,0,0
commute,1013,2,1,1,0,0
commute,1013,2,2,4,0,0
commute,1013,2,3,1,0,0
commute,1013,2,4,4,0,0
commute,1013,2,5,1,0,0
commute,1013,2,6,48,0,0
commute,1013,2,7,1,0,0
commute,1013,2,8,1,0,0
commute,1013,2,9,40,0,0
commute,1013,2,10,1,0,0
commute,1013,2,11,4,0,0
commute,1013,2,12,1,0,0
commute,1013,2,13,1,0,0
commute,1013,2,14,1,0,0
commute,1013,2,18,4,0,0
commute,1013,2,19,1,0,0
commute,1013,2,20,8,0,0
commute,1013,2,21,4,0,0
commute,1013,2,26,4,0,0
commute,1013,2,27,4,0,0
commute,1013,2,32,4,0,0
commute,1013,2,34,32,0,0
commute,1013,2,36,1,0,0
commute,1013,2,39,4,0,0
commute,1013,2,41,1,0,0
commute,1013,2,42,1,0,0
commute,1013,2,44,4,0,0
commute,1013,2,47,4,0,0
commute,1013,3,0,4,1,0
commute,1013,3,1,1,0,0
commute,1013,3,3,1,0,0
commute,1013,3,4,1,0,0
commute,1013,3,5,4,1,0
commute,1013,3,6,4,0,0
commute,1013,3,7,1,0,0
commute,1013,3,8,48,0,0
commute,1013,3,9,16,0,0
commute,1013,3,10,48,1,1
commute,1013,3,12,4,0,0
commute,1013,3,13,4,0,0
commute,1013,3,14,16,0,0
commute,1013,3,16,4,0,0
commute,1013,3,18,24,0,0
commute,1013,3,19,32,1,0
commute,1013,3,20,1,0,0
commute,1013,3,21,48,1,1
commute,1013,3,23,4,0,0
commute,1013,3,24,56,0,0
commute,1013,3,25,4,0,0
commute,1013,3,26,4,0,0
commute,1013,3,27,1,0,0
commute,1013,3,28,4,0,0
commute,1013,3,29,4,0,0
commute,1013,3,30,1,0,0
commute,1013,3,31,24,0,0
commute,1013,3,32,4,0,0
commute,1013,3,33,4,0,0
commute,1013,3,34,1,0,0
commute,1013,3,36,1,0,0
commute,1013,3,37,4,0,0
commute,1013,3,38,1,0,0
commute,1013,3,39,4,0,0
commute,1013,3,40,4,0,0
commute,1013,3,42,1,0,0
commute,1013,3,43,1,0,0
commute,1013,3,45,1,0,0
commute,1013,3,46,4,0,0
commute,1013,3,47,16,0,0
commute,1014,0,1,16,0,0
commute,1014,0,2,16,0,0
commute,1014,0,3,4,0,0
commute,1014,0,4,24,1,1
commute,1014,0,6,1,0,0
commute,1014,0,7,4,0,0
commute,1014,0,8,1,0,0
commute,1014,0,9,1,0,0
commute,1014,0,10,4,0,0
commute,1014,0,11,1,0,0
commute,1014,0,12,1,0,0
commute,1014,0,15,16,0,0
commute,1014,0,16,1,0,0
commute,1014,0,17,4,0,0
commute,1014,0,24,4,1,0
commute,1014,0,25,4,0,0
commute,1014,0,26,4,0,0
commute,1014,0,28,4,0,0
commute,1014,0,30,1,0,0
commute,1014,0,31,1,0,0
commute,1014,0,32,1,0,0
commute,1014,0,33,16,0,0
commute,1014,0,34,4,0,0
commute,1014,0,35,4,0,0
commute,1014,0,36,4,0,0
commute,1014,0,37,32,0,0
commute,1014,0,38,56,0,0
commute,1014,0,39,1,0,0
commute,1014,0,40,4,0,0
commute,1014,0,41,4,1,0
commute,1014,0,42,4,0,0
commute,1014,0,44,1,0,0
commute,1014,0,45,4,0,0
commute,1014,0,46,1,0,0
commute,1014,0,47,1,0,0
commute,1014,1,0,16,0,0
commute,1014,1,1,1,0,0
commute,1014,1,2,1,0,0
commute,1014,1,3,1,0,0
commute,1014,1,5,1,0,0
commute,1014,1,6,1,0,0
commute,1014,1,7,1,0,0
commute,1014,1,8,4,0,0
commute,1014,1,9,16,1,1
commute,1014,1,10,1,0,0
commute,1014,1,12,1,0,0
commute,1014,1,13,16,0,0
commute,1014,1,14,1,0,0
commute,1014,1,15,4,0,0
commute,1014,1,16,4,0,0
commute,1014,1,19,1,0,0
commute,1014,1,20,16,0,0
commute,1014,1,21,16,0,0
commute,1014,1,24,1,0,0
commute,1014,1,25,1,0,0
commute,1014,1,27,4,0,0
commute,1014,1,28,1,0,0
commute,1014,1,30,4,0,0
commute,1014,1,32,1,0,0
commute,1014,1,33,1,0,0
commute,1014,1,34,4,0,0
commute,1014,1,35,4,0,0
commute,1014,1,37,4,0,0
commute,1014,1,38,4,0,0
commute,1014,1,39,1,0,0
commute,1014,1,40,4,0,0
commute,1014,1,43,1,0,0
commute,1014,1,44,16,0,0
commute,1014,1,45,1,0,0
commute,1014,1,46,1,0,0
commute,1014,1,47,4,0,0
commute,1014,2,3,16,1,0
commute,1014,2,4,4,0,0
commute,1014,2,6,1,0,0
commute,1014,2,7,4,0,0
commute,1014,2,9,16,0,0
commute,1014,2,10,1,0,0
commute,1014,2,11,1,0,0
commute,1014,2,12,40,0,0
commute,1014,2,13,1,0,0
commute,1014,2,14,4,0,0
commute,1014,2,16,16,1,0
commute,1014,2,17,4,0,0
commute,1014,2,18,1,0,0
commute,1014,2,20,4,0,0
commute,1014,2,21,1,0,0
commute,1014,2,22,1,0,0
commute,1014,2,23,1,0,0
commute,1014,2,24,1,0,0
commute,1014,2,25,16,0,0
commute,1014,2,26,1,0,0
commute,1014,2,27,1,0,0
commute,1014,2,30,16,0,0
commute,1014,2,31,48,1,1
commute,1014,2,32,4,0,0
commute,1014,2,34,1,0,0
commute,1014,2,35,4,0,0
commute,1014,2,36,32,0,0
commute,1014,2,37,4,0,0
commute,1014,2,39,16,0,0
commute,1014,2,40,16,0,0
commute,1014,2,41,1,0,0
commute,1014,2,42,4,0,0
commute,1014,2,43,16,0,0
commute,1014,2,44,16,0,0
commute,1014,2,45,4,0,0
commute,1014,2,46,4,0,0
commute,1014,2,47,4,0,0
commute,1014,3,0,1,0,0
commute,1014,3,2,48,0,0
commute,1014,3,3,1,0,0
commute,1014,3,8,1,0,0
commute,1014,3,9,4,0,0
commute,1014,3,10,32,1,1
commute,1014,3,11,1,0,0
commute,1014,3,12,1,0,0
commute,1014,3,13,1,0,0
commute,1014,3,14,16,0,0
commute,1014,3,15,4,0,0
commute,1014,3,16,16,0,0
commute,1014,3,18,4,0,0
commute,1014,3,19,16,0,0
commute,1014,3,20,48,1,1
commute,1014,3,21,16,0,0
commute,1014,3,22,1,0,0
commute,1014,3,23,1,0,0
commute,1014,3,24,1,0,0
commute,1014,3,25,1,0,0
commute,1014,3,27,1,0,0
commute,1014,3,29,4,0,0
commute,1014,3,30,1,0,0
commute,1014,3,31,4,0,0
commute,1014,3,32,4,0,0
commute,1014,3,34,4,0,0
commute,1014,3,35,8,0,0
commute,1014,3,36,1,0,0
commute,1014,3,37,4,0,0
commute,1014,3,38,4,0,0
commute,1014,3,39,4,0,0
commute,1014,3,40,4,0,0
commute,1014,3,41,1,0,0
commute,1014,3,42,1,0,0
commute,1014,3,44,1,0,0
commute,1015,0,0,1,0,0
commute,1015,0,1,1,0,0
commute,1015,0,2,4,0,0
commute,1015,0,3,4,0,0
commute,1015,0,4,4,0,0
commute,1015,0,5,32,0,0
commute,1015,0,6,1,0,0
commute,1015,0,7,4,0,0
commute,1015,0,8,4,0,0
commute,1015,0,9,4,0,0
commute,1015,0,10,16,0,0
commute,1015,0,11,1,0,0
commute,1015,0,14,48,1,1
commute,1015,0,15,4,0,0
commute,1015,0,17,4,0,0
commute,1015,0,18,4,0,0
commute,1015,0,20,4,0,0
commute,1015,0,21,1,0,0
commute,1015,0,23,1,0,0
commute,1015,0,24,1,0,0
commute,1015,0,25,4,0,0
commute,1015,0,26,16,1,0
commute,1015,0,27,16,0,0
commute,1015,0,29,1,0,0
commute,1015,0,30,4,0,0
commute,1015,0,31,4,0,0
commute,1015,0,32,1,0,0
commute,1015,0,33,1,0,0
commute,1015,0,34,16,0,0
commute,1015,0,35,1,0,0
commute,1015,0,37,56,1,1
commute,1015,0,38,4,0,0
commute,1015,0,39,1,0,0
commute,1015,0,40,1,0,0
commute,1015,0,41,40,0,0
commute,1015,0,43,4,0,0
commute,1015,0,45,48,1,0
commute,1015,0,47,4,0,0
commute,1015,1,2,1,0,0
commute,1015,1,3,16,1,1
commute,1015,1,5,4,0,0
commute,1015,1,6,1,0,0
commute,1015,1,7,4,0,0
commute,1015,1,9,4,0,0
commute,1015,1,10,4,0,0
commute,1015,1,13,1,0,0
commute,1015,1,16,40,0,0
commute,1015,1,18,4,0,0
commute,1015,1,19,4,0,0
commute,1015,1,20,1,0,0
commute,1015,1,21,4,0,0
commute,1015,1,22,4,1,0
commute,1015,1,23,1,0,0
commute,1015,1,25,1,0,0
commute,1015,1,27,8,0,0
commute,1015,1,28,1,0,0
commute,1015,1,29,1,0,0
commute,1015,1,30,1,0,0
commute,1015,1,32,32,0,0
commute,1015,1,33,1,0,0
commute,1015,1,34,16,0,0
commute,1015,1,35,4,0,0
commute,1015,1,36,1,0,0
commute,1015,1,38,32,0,0
commute,1015,1,39,4,0,0
commute,1015,1,41,1,0,0
commute,1015,1,42,56,0,0
commute,1015,1,43,1,0,0
commute,1015,1,44,32,1,0
commute,1015,1,47,4,0,0
commute,1015,2,1,1,0,0
commute,1015,2,4,4,0,0
commute,1015,2,5,4,0,0
commute,1015,2,6,1,0,0
commute,1015,2,7,4,0,0
commute,1015,2,8,1,0,0
commute,1015,2,9,1,0,0
commute,1015,2,11,16,0,0
commute,1015,2,14,1,0,0
commute,1015,2,15,1,0,0
commute,1015,2,16,4,0,0
commute,1015,2,17,1,0,0
commute,1015,2,18,1,0,0
commute,1015,2,19,1,0,0
commute,1015,2,20,1,0,0
commute,1015,2,21,4,0,0
commute,1015,2,22,1,0,0
commute,1015,2,23,4,0,0
commute,1015,2,24,4,0,0
commute,1015,2,25,4,0,0
commute,1015,2,27,1,0,0
commute,1015,2,29,1,0,0
commute,1015,2,30,1,0,0
commute,1015,2,31,1,0,0
commute,1015,2,32,1,0,0
commute,1015,2,33,16,0,0
commute,1015,2,34,4,0,0
commute,1015,2,35,1,0,0
commute,1015,2,37,1,0,0
commute,1015,2,38,40,0,0
commute,1015,2,39,4,0,0
commute,1015,2,40,32,0,0
commute,1015,2,41,1,0,0
commute,1015,2,42,4,0,0
commute,1015,2,44,1,0,0
commute,1015,2,45,1,0,0
commute,1015,2,46,4,0,0
commute,1015,2,47,4,0,0
commute,1015,3,0,1,0,0
commute,1015,3,1,4,0,0
commute,1015,3,2,1,0,0
commute,1015,3,3,1,0,0
commute,1015,3,4,16,0,0
commute,1015,3,5,1,0,0
commute,1015,3,6,1,0,0
commute,1015,3,7,4,0,0
commute,1015,3,8,4,0,0
commute,1015,3,9,1,0,0
commute,1015,3,11,1,0,0
commute,1015,3,13,1,0,0
commute,1015,3,14,1,0,0
commute,1015,3,16,1,0,0
commute,1015,3,18,4,0,0
commute,1015,3,19,16,0,0
commute,1015,3,20,48,1,1
commute,1015,3,23,4,0,0
commute,1015,3,24,4,0,0
commute,1015,3,25,1,0,0
commute,1015,3,26,1,0,0
commute,1015,3,28,40,1,1
commute,1015,3,29,4,0,0
commute,1015,3,30,4,0,0
commute,1015,3,31,1,0,0
commute,1015,3,33,1,0,0
commute,1015,3,36,1,0,0
commute,1015,3,37,16,0,0
commute,1015,3,38,4,0,0
commute,1015,3,39,1,0,0
commute,1015,3,40,56,0,0
commute,1015,3,41,1,0,0
commute,1015,3,42,1,0,0
commute,1015,3,43,1,0,0
commute,1015,3,45,4,0,0
commute,1015,3,46,4,0,0
commute,1016,0,0,8,0,0
commute,1016,0,1,24,0,0
commute,1016,0,2,1,0,0
commute,1016,0,3,32,1,1
commute,1016,0,4,4,0,0
commute,1016,0,5,24,0,0
commute,1016,0,6,4,0,0
commute,1016,0,7,1,0,0
commute,1016,0,8,24,0,0
commute,1016,0,9,4,0,0
commute,1016,0,10,4,0,0
commute,1016,0,11,1,0,0
commute,1016,0,13,4,0,0
commute,1016,0,14,56,1,1
commute,1016,0,16,4,0,0
commute,1016,0,19,4,0,0
commute,1016,0,20,1,0,0
commute,1016,0,21,4,0,0
commute,1016,0,22,1,0,0
commute,1016,0,24,1,0,0
commute,1016,0,25,1,0,0
commute,1016,0,28,4,0,0
commute,1016,0,29,1,0,0
commute,1016,0,31,40,1,0
commute,1016,0,32,36,0,0
commute,1016,0,33,1,0,0
commute,1016,0,34,48,1,1
commute,1016,0,39,1,0,0
commute,1016,0,40,4,0,0
commute,1016,0,41,4,0,0
commute,1016,0,42,4,0,0
commute,1016,0,44,1,0,0
commute,1016,0,45,56,1,1
commute,1016,0,46,1,0,0
commute,1016,0,47,1,0,0
commute,1016,1,0,1,0,0
commute,1016,1,1,8,0,0
commute,1016,1,2,4,0,0
commute,1016,1,4,1,0,0
commute,1016,1,5,16,0,0
commute,1016,1,6,40,1,1
commute,1016,1,7,4,0,0
commute,1016,1,8,56,1,1
commute,1016,1,11,1,0,0
commute,1016,1,12,4,1,0
commute,1016,1,13,4,0,0
commute,1016,1,16,4,0,0
commute,1016,1,17,40,1,1
commute,1016,1,18,1,0,0
commute,1016,1,20,1,0,0
commute,1016,1,21,1,0,0
commute,1016,1,22,8,0,0
commute,1016,1,25,4,0,0
commute,1016,1,26,4,0,0
commute,1016,1,27,1,0,0
commute,1016,1,28,56,1,1
commute,1016,1,29,16,1,0
commute,1016,1,30,1,0,0
commute,1016,1,31,4,0,0
commute,1016,1,32,48,0,0
commute,1016,1,33,4,0,0
commute,1016,1,35,1,0,0
commute,1016,1,36,1,0,0
commute,1016,1,38,1,0,0
commute,1016,1,42,56,1,1
commute,1016,1,43,1,0,0
commute,1016,1,44,32,1,0
commute,1016,1,46,1,0,0
commute,1016,1,47,48,1,1
commute,1016,2,1,1,0,0
commute,1016,2,2,4,0,0
commute,1016,2,3,1,0,0
commute,1016,2,4,1,0,0
commute,1016,2,5,4,0,0
commute,1016,2,6,64,1,1
commute,1016,2,8,48,0,0
commute,1016,2,11,4,0,0
commute,1016,2,12,1,0,0
commute,1016,2,13,1,0,0
commute,1016,2,14,4,0,0
commute,1016,2,15,1,0,0
commute,1016,2,16,16,0,0
commute,1016,2,17,1,0,0
commute,1016,2,18,1,0,0
commute,1016,2,19,1,0,0
commute,1016,2,20,1,0,0
commute,1016,2,21,16,0,0
commute,1016,2,23,1,0,0
commute,1016,2,24,1,0,0
commute,1016,2,25,1,0,0
commute,1016,2,26,1,0,0
commute,1016,2,27,24,0,0
commute,1016,2,31,40,0,0
commute,1016,2,32,1,0,0
commute,1016,2,33,16,0,0
commute,1016,2,34,4,0,0
commute,1016,2,35,16,0,0
commute,1016,2,36,16,0,0
commute,1016,2,39,4,0,0
commute,1016,2,40,8,0,0
commute,1016,2,41,4,0,0
commute,1016,2,42,1,0,0
commute,1016,2,43,1,0,0
commute,1016,2,44,1,0,0
commute,1016,2,45,4,0,0
commute,1016,2,46,4,0,0
commute,1016,3,0,4,0,0
commute,1016,3,1,36,1,1
commute,1016,3,2,4,0,0
commute,1016,3,3,16,0,0
commute,1016,3,4,1,0,0
commute,1016,3,5,16,1,0
commute,1016,3,6,1,0,0
commute,1016,3,8,4,1,0
commute,1016,3,9,1,0,0
commute,1016,3,10,40,0,0
commute,1016,3,11,16,1,1
commute,1016,3,12,1,0,0
commute,1016,3,13,48,0,0
commute,1016,3,15,4,0,0
commute,1016,3,16,1,1,0
commute,1016,3,17,1,0,0
commute,1016,3,18,56,0,0
commute,1016,3,19,4,0,0
commute,1016,3,20,1,0,0
commute,1016,3,21,24,1,0
commute,1016,3,22,1,0,0
commute,1016,3,24,1,0,0
commute,1016,3,26,1,0,0
commute,1016,3,28,4,0,0
commute,1016,3,30,56,1,1
commute,1016,3,31,4,0,0
commute,1016,3,32,4,0,0
commute,1016,3,33,1,0,0
commute,1016,3,34,1,0,0
commute,1016,3,35,4,0,0
commute,1016,3,36,4,0,0
commute,1016,3,37,32,0,0
commute,1016,3,38,1,0,0
commute,1016,3,39,1,0,0
commute,1016,3,41,4,0,0
commute,1016,3,42,1,0,0
commute,1016,3,43,4,0,0
commute,1016,3,44,1,0,0
commute,1016,3,46,32,1,0
commute,1016,3,47,36,1,1
commute,1017,0,0,36,0,0
commute,1017,0,1,1,0,0
commute,1017,0,2,40,0,0
commute,1017,0,3,4,1,0
commute,1017,0,4,1,0,0
commute,1017,0,5,1,0,0
commute,1017,0,6,4,0,0
commute,1017,0,8,4,1,0
commute,1017,0,9,1,0,0
commute,1017,0,10,4,0,0
commute,1017,0,11,1,0,0
commute,1017,0,12,4,0,0
commute,1017,0,13,1,0,0
commute,1017,0,14,1,0,0
commute,1017,0,15,1,0,0
commute,1017,0,17,4,0,0
commute,1017,0,23,1,0,0
commute,1017,0,24,1,0,0
commute,1017,0,26,1,0,0
commute,1017,0,27,4,0,0
commute,1017,0,28,1,0,0
commute,1017,0,29,1,0,0
commute,1017,0,30,4,0,0
commute,1017,0,31,4,1,0
commute,1017,0,32,32,1,1
commute,1017,0,33,48,1,1
commute,1017,0,35,4,0,0
commute,1017,0,36,56,1,1
commute,1017,0,37,4,0,0
commute,1017,0,39,48,1,0
commute,1017,0,40,1,0,0
commute,1017,0,43,40,0,0
commute,1017,0,44,4,0,0
commute,1017,0,45,4,0,0
commute,1017,0,47,4,0,0
commute,1017,1,0,1,0,0
commute,1017,1,1,4,0,0
commute,1017,1,2,1,0,0
commute,1017,1,3,56,1,1
commute,1017,1,5,1,0,0
commute,1017,1,8,1,0,0
commute,1017,1,9,4,0,0
commute,1017,1,10,1,0,0
commute,1017,1,11,1,1,0
commute,1017,1,12,1,0,0
commute,1017,1,13,4,0,0
commute,1017,1,14,4,0,0
commute,1017,1,15,1,0,0
commute,1017,1,16,4,0,0
commute,1017,1,17,1,0,0
commute,1017,1,18,4,0,0
commute,1017,1,19,1,0,0
commute,1017,1,21,4,0,0
commute,1017,1,22,1,0,0
commute,1017,1,23,8,0,0
commute,1017,1,24,48,1,0
commute,1017,1,25,16,0,0
commute,1017,1,27,1,0,0
commute,1017,1,28,1,0,0
commute,1017,1,29,16,0,0
commute,1017,1,30,1,0,0
commute,1017,1,31,4,0,0
commute,1017,1,32,1,0,0
commute,1017,1,33,16,0,0
commute,1017,1,34,1,0,0
commute,1017,1,35,4,0,0
commute,1017,1,36,1,0,0
commute,1017,1,37,1,0,0
commute,1017,1,38,1,0,0
commute,1017,1,39,1,0,0
commute,1017,1,40,56,1,1
commute,1017,1,43,1,0,0
commute,1017,1,45,4,0,0
commute,1017,1,46,1,0,0
commute,1017,1,47,1,0,0
commute,1017,2,0,1,0,0
commute,1017,2,1,4,0,0
commute,1017,2,3,40,0,0
commute,1017,2,4,4,0,0
commute,1017,2,6,1,0,0
commute,1017,2,7,4,0,0
commute,1017,2,8,4,0,0
commute,1017,2,9,4,0,0
commute,1017,2,11,4,0,0
commute,1017,2,12,16,0,0
commute,1017,2,14,48,1,1
commute,1017,2,16,4,0,0
commute,1017,2,17,1,0,0
commute,1017,2,18,4,0,0
commute,1017,2,19,4,0,0
commute,1017,2,20,1,0,0
commute,1017,2,21,16,0,0
commute,1017,2,24,16,0,0
commute,1017,2,26,4,0,0
commute,1017,2,27,16,1,0
commute,1017,2,29,4,0,0
commute,1017,2,30,4,0,0
commute,1017,2,31,1,0,0
commute,1017,2,33,1,0,0
commute,1017,2,34,56,1,1
commute,1017,2,35,1,0,0
commute,1017,2,36,16,1,0
commute,1017,2,37,4,0,0
commute,1017,2,38,32,0,0
commute,1017,2,39,4,0,0
commute,1017,2,40,8,0,0
commute,1017,2,41,16,0,0
commute,1017,2,46,16,0,0
commute,1017,2,47,1,0,0
commute,1017,3,0,4,0,0
commute,1017,3,1,8,0,0
commute,1017,3,2,4,0,0
commute,1017,3,4,4,0,0
commute,1017,3,5,1,0,0
commute,1017,3,6,1,0,0
commute,1017,3,7,4,0,0
commute,1017,3,8,1,0,0
commute,1017,3,9,1,0,0
commute,1017,3,10,24,0,0
commute,1017,3,13,1,0,0
commute,1017,3,14,1,0,0
commute,1017,3,15,1,0,0
commute,1017,3,16,1,0,0
commute,1017,3,17,4,0,0
commute,1017,3,18,4,1,0
commute,1017,3,19,4,1,0
commute,1017,3,20,1,0,0
commute,1017,3,23,4,0,0
commute,1017,3,24,16,0,0
commute,1017,3,25,56,1,1
commute,1017,3,26,4,0,0
commute,1017,3,28,4,0,0
commute,1017,3,29,1,0,0
commute,1017,3,30,56,0,0
commute,1017,3,31,1,0,0
commute,1017,3,34,4,0,0
commute,1017,3,35,40,0,0
commute,1017,3,38,1,0,0
commute,1017,3,39,16,0,0
commute,1017,3,40,4,0,0
commute,1017,3,41,1,0,0
commute,1017,3,42,4,0,0
commute,1017,3,43,4,0,0
commute,1017,3,44,1,0,0
commute,1017,3,45,24,0,0
commute,1017,3,46,16,1,0
commute,1017,3,47,4,0,0
commute,1018,0,0,1,0,0
commute,1018,0,1,4,0,0
commute,1018,0,2,1,0,0
commute,1018,0,3,4,0,0
commute,1018,0,4,1,0,0
commute,1018,0,5,1,0,0
commute,1018,0,6,8,0,0
commute,1018,0,9,1,0,0
commute,1018,0,10,1,0,0
commute,1018,0,11,24,0,0
commute,1018,0,12,1,0,0
commute,1018,0,15,1,0,0
commute,1018,0,16,1,0,0
commute,1018,0,17,1,0,0
commute,1018,0,18,40,1,1
commute,1018,0,19,1,0,0
commute,1018,0,20,4,0,0
commute,1018,0,21,1,0,0
commute,1018,0,22,16,1,0
commute,1018,0,24,1,0,0
commute,1018,0,25,8,0,0
commute,1018,0,27,1,0,0
commute,1018,0,28,1,0,0
commute,1018,0,29,4,0,0
commute,1018,0,30,1,0,0
commute,1018,0,33,4,0,0
commute,1018,0,34,1,0,0
commute,1018,0,35,4,0,0
commute,1018,0,36,4,0,0
commute,1018,0,37,1,0,0
commute,1018,0,39,1,0,0
commute,1018,0,41,1,0,0
commute,1018,0,42,4,0,0
commute,1018,0,43,1,0,0
commute,1018,0,44,48,0,0
commute,1018,0,45,1,0,0
commute,1018,0,46,32,0,0
commute,1018,1,0,36,0,0
commute,1018,1,1,4,0,0
commute,1018,1,2,1,0,0
commute,1018,1,3,1,0,0
commute,1018,1,4,40,0,0
commute,1018,1,5,1,0,0
commute,1018,1,7,1,0,0
commute,1018,1,9,1,0,0
commute,1018,1,10,16,0,0
commute,1018,1,11,8,0,0
commute,1018,1,12,1,0,0
commute,1018,1,13,1,0,0
commute,1018,1,14,48,0,0
commute,1018,1,15,4,0,0
commute,1018,1,16,1,0,0
commute,1018,1,17,32,0,0
commute,1018,1,18,16,1,0
commute,1018,1,19,1,0,0
commute,1018,1,21,16,0,0
commute,1018,1,23,1,0,0
commute,1018,1,24,16,0,0
commute,1018,1,25,1,0,0
commute,1018,1,26,40,0,0
commute,1018,1,27,16,0,0
commute,1018,1,29,1,0,0
commute,1018,1,31,1,0,0
commute,1018,1,33,24,0,0
commute,1018,1,34,1,0,0
commute,1018,1,36,1,1,0
commute,1018,1,37,16,0,0
commute,1018,1,38,4,1,0
commute,1018,1,40,40,1,1
commute,1018,1,41,1,0,0
commute,1018,1,42,48,0,0
commute,1018,1,43,4,0,0
commute,1018,1,44,1,0,0
commute,1018,1,45,4,0,0
commute,1018,1,46,40,1,1
commute,1018,1,47,4,0,0
commute,1018,2,1,4,0,0
commute,1018,2,2,1,0,0
commute,1018,2,4,16,0,0
commute,1018,2,5,1,0,0
commute,1018,2,6,24,1,1
commute,1018,2,7,32,0,0
commute,1018,2,8,24,0,0
commute,1018,2,9,1,0,0
commute,1018,2,11,4,0,0
commute,1018,2,16,1,0,0
commute,1018,2,17,1,0,0
commute,1018,2,20,40,0,0
commute,1018,2,21,1,0,0
commute,1018,2,22,16,0,0
commute,1018,2,23,16,0,0
commute,1018,2,24,56,0,0
commute,1018,2,27,4,0,0
commute,1018,2,28,4,0,0
commute,1018,2,29,1,0,0
commute,1018,2,30,32,1,1
commute,1018,2,31,1,0,0
commute,1018,2,32,4,0,0
commute,1018,2,33,1,0,0
commute,1018,2,34,24,0,0
commute,1018,2,35,64,0,0
commute,1018,2,37,1,0,0
commute,1018,2,39,8,0,0
commute,1018,2,40,16,0,0
commute,1018,2,41,1,0,0
commute,1018,2,42,4,0,0
commute,1018,2,44,16,0,0
commute,1018,2,46,4,0,0
commute,1018,2,47,4,0,0
commute,1018,3,0,1,0,0
commute,1018,3,3,1,0,0
commute,1018,3,4,4,0,0
commute,1018,3,5,1,0,0
commute,1018,3,7,24,1,0
commute,1018,3,8,24,0,0
commute,1018,3,9,4,0,0
commute,1018,3,10,4,0,0
commute,1018,3,14,1,0,0
commute,1018,3,15,4,0,0
commute,1018,3,17,1,0,0
commute,1018,3,18,32,1,0
commute,1018,3,19,1,0,0
commute,1018,3,20,4,0,0
commute,1018,3,21,56,0,0
commute,1018,3,23,1,0,0
commute,1018,3,25,1,0,0
commute,1018,3,26,4,0,0
commute,1018,3,27,1,0,0
commute,1018,3,29,24,0,0
commute,1018,3,30,56,1,1
commute,1018,3,31,4,0,0
commute,1018,3,32,1,0,0
commute,1018,3,33,1,0,0
commute,1018,3,34,4,0,0
commute,1018,3,35,1,0,0
commute,1018,3,36,1,0,0
commute,1018,3,37,24,0,0
commute,1018,3,38,4,0,0
commute,1018,3,39,4,0,0
commute,1018,3,40,1,0,0
commute,1018,3,42,1,0,0
commute,1018,3,43,4,0,0
commute,1018,3,44,40,1,0
commute,1018,3,45,1,0,0
commute,1018,3,46,16,0,0
commute,1018,3,47,1,0,0
commute,1019,0,0,1,0,0
commute,1019,0,1,4,0,0
commute,1019,0,2,1,0,0
commute,1019,0,3,4,0,0
commute,1019,0,4,1,0,0
commute,1019,0,5,1,0,0
commute,1019,0,6,1,0,0
commute,1019,0,7,1,0,0
commute,1019,0,8,16,0,0
commute,1019,0,9,1,0,0
commute,1019,0,10,1,0,0
commute,1019,0,11,16,0,0
commute,1019,0,12,4,0,0
commute,1019,0,13,4,0,0
commute,1019,0,14,4,0,0
commute,1019,0,15,56,1,1
commute,1019,0,16,56,1,1
commute,1019,0,17,1,0,0
commute,1019,0,18,1,0,0
commute,1019,0,19,4,0,0
commute,1019,0,21,24,1,1
commute,1019,0,22,4,0,0
commute,1019,0,23,4,0,0
commute,1019,0,24,1,0,0
commute,1019,0,25,56,0,0
commute,1019,0,26,4,1,0
commute,1019,0,27,4,0,0
commute,1019,0,28,4,0,0
commute,1019,0,29,56,0,0
commute,1019,0,30,1,0,0
commute,1019,0,32,4,0,0
commute,1019,0,33,1,0,0
commute,1019,0,34,1,0,0
commute,1019,0,35,1,0,0
commute,1019,0,36,1,0,0
commute,1019,0,37,1,0,0
commute,1019,0,38,1,0,0
commute,1019,0,39,1,0,0
commute,1019,0,40,32,1,0
commute,1019,0,41,1,0,0
commute,1019,0,43,1,0,0
commute,1019,0,45,1,0,0
commute,1019,0,46,1,0,0
commute,1019,0,47,4,0,0
commute,1019,1,0,4,0,0
commute,1019,1,2,4,0,0
commute,1019,1,3,4,0,0
commute,1019,1,4,1,0,0
commute,1019,1,5,1,0,0
commute,1019,1,6,8,0,0
commute,1019,1,8,1,0,0
commute,1019,1,9,1,0,0
commute,1019,1,10,4,0,0
commute,1019,1,12,48,0,0
commute,1019,1,13,56,1,1
commute,1019,1,14,1,0,0
commute,1019,1,16,1,0,0
commute,1019,1,17,1,0,0
commute,1019,1,18,4,0,0
commute,1019,1,19,36,0,0
commute,1019,1,20,1,0,0
commute,1019,1,21,48,1,1
commute,1019,1,22,4,0,0
commute,1019,1,23,4,0,0
commute,1019,1,25,16,0,0
commute,1019,1,26,4,0,0
commute,1019,1,27,1,0,0
commute,1019,1,30,1,0,0
commute,1019,1,34,1,0,0
commute,1019,1,35,32,1,0
commute,1019,1,36,4,0,0
commute,1019,1,37,4,0,0
commute,1019,1,38,32,0,0
commute,1019,1,39,4,0,0
commute,1019,1,40,56,1,1
commute,1019,1,41,1,0,0
commute,1019,1,42,56,0,0
commute,1019,1,45,48,1,1
commute,1019,1,46,1,0,0
commute,1019,1,47,4,0,0
commute,1019,2,1,1,0,0
commute,1019,2,3,1,0,0
commute,1019,2,4,1,0,0
commute,1019,2,6,4,0,0
commute,1019,2,7,4,0,0
commute,1019,2,9,4,0,0
commute,1019,2,10,4,0,0
commute,1019,2,11,16,0,0
commute,1019,2,12,4,0,0
commute,1019,2,13,16,0,0
commute,1019,2,14,4,0,0
commute,1019,2,15,4,0,0
commute,1019,2,16,24,1,1
commute,1019,2,18,16,0,0
commute,1019,2,19,1,0,0
commute,1019,2,20,48,0,0
commute,1019,2,21,4,0,0
commute,1019,2,22,1,0,0
commute,1019,2,23,4,0,0
commute,1019,2,24,1,0,0
commute,1019,2,28,1,0,0
commute,1019,2,29,1,0,0
commute,1019,2,30,1,0,0
commute,1019,2,31,4,0,0
commute,1019,2,32,1,0,0
commute,1019,2,33,16,0,0
commute,1019,2,34,8,0,0
commute,1019,2,35,1,0,0
commute,1019,2,36,1,0,0
commute,1019,2,37,16,0,0
commute,1019,2,38,48,1,1
commute,1019,2,39,16,0,0
commute,1019,2,40,1,0,0
commute,1019,2,41,4,0,0
commute,1019,2,42,1,0,0
commute,1019,2,43,64,0,0
commute,1019,2,45,1,0,0
commute,1019,2,46,1,0,0
commute,1019,2,47,1,0,0
commute,1019,3,2,4,0,0
commute,1019,3,3,1,0,0
commute,1019,3,4,4,1,0
commute,1019,3,5,4,0,0
commute,1019,3,8,40,0,0
commute,1019,3,9,4,1,0
commute,1019,3,10,4,0,0
commute,1019,3,11,16,1,1
commute,1019,3,12,16,0,0
commute,1019,3,13,32,0,0
commute,1019,3,14,1,0,0
commute,1019,3,15,4,0,0
commute,1019,3,17,32,0,0
commute,1019,3,18,1,0,0
commute,1019,3,20,40,1,0
commute,1019,3,21,1,0,0
commute,1019,3,22,16,0,0
commute,1019,3,24,1,0,0
commute,1019,3,26,1,0,0
commute,1019,3,27,1,0,0
commute,1019,3,28,4,0,0
commute,1019,3,29,32,0,0
commute,1019,3,30,4,0,0
commute,1019,3,32,16,0,0
commute,1019,3,33,1,1,0
commute,1019,3,36,16,0,0
commute,1019,3,37,1,0,0
commute,1019,3,38,1,0,0
commute,1019,3,39,48,0,0
commute,1019,3,40,4,0,0
commute,1019,3,41,1,0,0
commute,1019,3,42,16,0,0
commute,1019,3,45,1,0,0
commute,1019,3,46,4,1,0
geolife,2,2,0,1,0,0
geolife,2,2,1,4,1,0
geolife,2,2,2,1,0,0
geolife,2,2,3,1,0,0
geolife,2,2,4,4,0,0
geolife,2,2,6,1,0,0
geolife,2,2,7,48,1,1
geolife,2,2,10,1,0,0
geolife,2,2,11,16,1,0
geolife,2,2,12,1,0,0
geolife,2,2,13,4,0,0
geolife,2,2,14,1,0,0
geolife,2,2,15,4,0,0
geolife,2,2,17,1,0,0
geolife,2,2,18,1,0,0
geolife,2,2,19,4,0,0
geolife,2,2,21,4,0,0
geolife,2,2,22,4,0,0
geolife,2,2,23,1,0,0
geolife,2,2,24,1,0,0
geolife,2,2,25,1,0,0
geolife,2,2,26,1,0,0
geolife,2,2,29,32,1,0
geolife,2,2,30,1,0,0
geolife,2,2,31,1,0,0
geolife,2,2,32,16,0,0
geolife,2,2,33,56,1,1
geolife,2,2,35,32,0,0
geolife,2,2,36,4,0,0
geolife,2,2,37,1,0,0
geolife,2,2,41,1,0,0
geolife,2,2,42,40,0,0
geolife,2,2,43,1,0,0
geolife,2,2,44,1,1,0
geolife,2,2,47,4,0,0
geolife,3,3,0,36,0,0
geolife,3,3,1,4,0,0
geolife,3,3,2,8,0,0
geolife,3,3,3,24,0,0
geolife,3,3,4,32,0,0
geolife,3,3,6,1,0,0
geolife,3,3,7,1,0,0
geolife,3,3,8,16,0,0
geolife,3,3,9,1,0,0
geolife,3,3,10,4,0,0
geolife,3,3,11,40,0,0
geolife,3,3,12,24,1,1
geolife,3,3,14,1,0,0
geolife,3,3,15,32,0,0
geolife,3,3,16,1,0,0
geolife,3,3,18,1,0,0
geolife,3,3,19,4,0,0
geolife,3,3,20,4,0,0
geolife,3,3,21,8,0,0
geolife,3,3,22,1,0,0
geolife,3,3,23,1,0,0
geolife,3,3,24,40,0,0
geolife,3,3,25,48,0,0
geolife,3,3,26,16,0,0
geolife,3,3,27,4,0,0
geolife,3,3,28,1,0,0
geolife,3,3,29,4,0,0
geolife,3,3,31,16,1,0
geolife,3,3,32,4,0,0
geolife,3,3,33,4,0,0
geolife,3,3,34,4,0,0
geolife,3,3,35,1,0,0
geolife,3,3,36,1,0,0
geolife,3,3,41,40,1,1
geolife,3,3,42,40,1,1
geolife,3,3,43,4,0,0
geolife,3,3,44,32,0,0
geolife,3,3,45,4,0,0
geolife,3,3,46,36,0,0
geolife,3,3,47,1,0,0
geolife,4,4,0,16,1,1
geolife,4,4,4,4,0,0
geolife,4,4,5,16,1,1
geolife,4,4,6,4,0,0
geolife,4,4,7,1,0,0
geolife,4,4,8,4,0,0
geolife,4,4,9,1,0,0
geolife,4,4,10,1,0,0
geolife,4,4,12,4,0,0
geolife,4,4,13,16,0,0
geolife,4,4,14,1,0,0
geolife,4,4,15,1,0,0
geolife,4,4,17,24,0,0
geolife,4,4,18,1,0,0
geolife,4,4,19,8,0,0
geolife,4,4,21,1,0,0
geolife,4,4,23,1,0,0
geolife,4,4,24,1,0,0
geolife,4,4,26,4,0,0
geolife,4,4,28,24,0,0
geolife,4,4,29,1,0,0
geolife,4,4,30,1,0,0
geolife,4,4,33,1,0,0
geolife,4,4,38,16,0,0
geolife,4,4,41,48,1,1
geolife,4,4,42,4,0,0
geolife,4,4,43,4,0,0
geolife,4,4,44,1,0,0
geolife,4,4,45,4,0,0
geolife,4,4,46,1,0,0
geolife,4,4,47,1,0,0
geolife,7,7,0,1,0,0
geolife,7,7,1,4,0,0
geolife,7,7,2,16,1,1
geolife,7,7,5,16,1,0
geolife,7,7,6,1,0,0
geolife,7,7,8,16,1,0
geolife,7,7,9,24,0,0
geolife,7,7,10,4,0,0
geolife,7,7,11,4,0,0
geolife,7,7,12,4,0,0
geolife,7,7,13,1,0,0
geolife,7,7,15,1,0,0
geolife,7,7,17,1,0,0
geolife,7,7,18,1,0,0
geolife,7,7,19,1,0,0
geolife,7,7,20,48,1,1
geolife,7,7,21,4,0,0
geolife,7,7,23,4,0,0
geolife,7,7,24,16,0,0
geolife,7,7,25,1,0,0
geolife,7,7,26,1,0,0
geolife,7,7,27,4,0,0
geolife,7,7,29,4,0,0
geolife,7,7,30,32,0,0
geolife,7,7,31,4,0,0
geolife,7,7,32,4,0,0
geolife,7,7,33,4,0,0
geolife,7,7,34,1,0,0
geolife,7,7,35,56,1,0
geolife,7,7,36,64,0,0
geolife,7,7,37,32,0,0
geolife,7,7,38,1,0,0
geolife,7,7,39,1,0,0
geolife,7,7,40,4,0,0
geolife,7,7,42,4,0,0
geolife,7,7,43,1,0,0
geolife,7,7,44,1,0,0
geolife,7,7,45,1,0,0
geolife,7,7,46,4,0,0
geolife,7,7,47,1,0,0
geolife,8,8,1,32,0,0
geolife,8,8,2,4,1,0
geolife,8,8,3,48,1,1
geolife,8,8,4,1,0,0
geolife,8,8,5,40,0,0
geolife,8,8,6,16,0,0
geolife,8,8,7,4,0,0
geolife,8,8,8,4,0,0
geolife,8,8,10,1,0,0
geolife,8,8,11,16,0,0
geolife,8,8,12,1,0,0
geolife,8,8,13,48,0,0
geolife,8,8,14,4,0,0
geolife,8,8,15,1,0,0
geolife,8,8,17,1,0,0
geolife,8,8,18,1,0,0
geolife,8,8,19,56,0,0
geolife,8,8,20,48,1,1
geolife,8,8,21,16,0,0
geolife,8,8,23,16,0,0
geolife,8,8,24,1,0,0
geolife,8,8,25,4,0,0
geolife,8,8,27,48,0,0
geolife,8,8,28,1,0,0
geolife,8,8,29,1,0,0
geolife,8,8,30,4,0,0
geolife,8,8,31,24,0,0
geolife,8,8,32,4,0,0
geolife,8,8,33,48,1,0
geolife,8,8,34,1,0,0
geolife,8,8,35,1,0,0
geolife,8,8,36,64,1,1
geolife,8,8,37,4,0,0
geolife,8,8,38,36,1,0
geolife,8,8,39,1,0,0
geolife,8,8,40,16,0,0
geolife,8,8,41,1,0,0
geolife,8,8,42,1,0,0
geolife,8,8,43,4,0,0
geolife,8,8,44,1,0,0
geolife,8,8,46,4,0,0
geolife,8,8,47,1,0,0
geolife,12,12,1,1,0,0
geolife,12,12,2,32,1,1
geolife,12,12,4,4,1,0
geolife,12,12,5,56,1,1
geolife,12,12,6,16,1,0
geolife,12,12,8,4,0,0
geolife,12,12,9,4,0,0
geolife,12,12,10,16,0,0
geolife,12,12,11,4,0,0
geolife,12,12,12,1,0,0
geolife,12,12,13,4,0,0
geolife,12,12,16,1,0,0
geolife,12,12,17,1,0,0
geolife,12,12,18,32,0,0
geolife,12,12,19,40,0,0
geolife,12,12,20,1,0,0
geolife,12,12,21,4,0,0
geolife,12,12,24,24,0,0
geolife,12,12,25,1,0,0
geolife,12,12,27,16,0,0
geolife,12,12,28,16,0,0
geolife,12,12,29,4,0,0
geolife,12,12,31,4,0,0
geolife,12,12,33,4,0,0
geolife,12,12,34,4,0,0
geolife,12,12,36,1,0,0
geolife,12,12,37,1,1,0
geolife,12,12,38,4,0,0
geolife,12,12,39,1,0,0
geolife,12,12,40,8,0,0
geolife,12,12,41,32,0,0
geolife,12,12,42,1,0,0
geolife,12,12,43,1,0,0
geolife,12,12,44,8,0,0
geolife,12,12,45,1,0,0
geolife,12,12,46,4,0,0
geolife,12,12,47,40,0,0
geolife,14,14,1,1,0,0
geolife,14,14,4,1,0,0
geolife,14,14,5,1,0,0
geolife,14,14,8,4,0,0
geolife,14,14,9,16,0,0
geolife,14,14,10,4,0,0
geolife,14,14,11,48,1,1
geolife,14,14,12,1,0,0
geolife,14,14,13,1,0,0
geolife,14,14,14,1,0,0
geolife,14,14,16,8,0,0
geolife,14,14,17,48,1,1
geolife,14,14,18,4,0,0
geolife,14,14,21,1,0,0
geolife,14,14,22,4,0,0
geolife,14,14,23,1,0,0
geolife,14,14,24,4,0,0
geolife,14,14,26,56,1,0
geolife,14,14,27,1,0,0
geolife,14,14,28,1,0,0
geolife,14,14,29,1,0,0
geolife,14,14,30,16,0,0
geolife,14,14,33,40,1,0
geolife,14,14,34,1,0,0
geolife,14,14,35,64,1,1
geolife,14,14,36,1,0,0
geolife,14,14,37,4,1,0
geolife,14,14,38,1,0,0
geolife,14,14,39,4,0,0
geolife,14,14,40,1,0,0
geolife,14,14,42,40,0,0
geolife,14,14,44,4,0,0
geolife,14,14,45,1,0,0
geolife,14,14,47,1,0,0
geolife,17,17,0,1,0,0
geolife,17,17,1,4,0,0
geolife,17,17,2,4,0,0
geolife,17,17,3,1,0,0
geolife,17,17,4,16,1,1
geolife,17,17,5,1,0,0
geolife,17,17,6,56,0,0
geolife,17,17,8,1,0,0
geolife,17,17,9,1,0,0
geolife,17,17,10,4,0,0
geolife,17,17,11,1,0,0
geolife,17,17,12,1,0,0
geolife,17,17,13,4,0,0
geolife,17,17,14,4,0,0
geolife,17,17,16,1,0,0
geolife,17,17,17,1,0,0
geolife,17,17,18,4,0,0
geolife,17,17,21,1,0,0
geolife,17,17,23,4,0,0
geolife,17,17,24,16,0,0
geolife,17,17,26,4,0,0
geolife,17,17,27,4,0,0
geolife,17,17,29,4,1,0
geolife,17,17,33,1,0,0
geolife,17,17,37,4,0,0
geolife,17,17,38,4,0,0
geolife,17,17,39,16,0,0
geolife,17,17,41,1,0,0
geolife,17,17,42,4,0,0
geolife,17,17,44,1,0,0
geolife,17,17,45,4,1,0
geolife,17,17,46,16,0,0
geolife,18,18,0,1,0,0
geolife,18,18,1,1,0,0
geolife,18,18,2,1,0,0
geolife,18,18,3,1,0,0
geolife,18,18,6,1,0,0
geolife,18,18,7,4,0,0
geolife,18,18,9,1,0,0
geolife,18,18,10,1,0,0
geolife,18,18,11,32,0,0
geolife,18,18,12,4,0,0
geolife,18,18,13,4,0,0
geolife,18,18,16,4,0,0
geolife,18,18,17,4,0,0
geolife,18,18,18,32,1,1
geolife,18,18,19,4,0,0
geolife,18,18,21,1,0,0
geolife,18,18,22,4,0,0
geolife,18,18,24,4,0,0
geolife,18,18,25,1,0,0
geolife,18,18,26,1,0,0
geolife,18,18,27,1,0,0
geolife,18,18,28,1,0,0
geolife,18,18,29,4,0,0
geolife,18,18,30,1,0,0
geolife,18,18,32,1,0,0
geolife,18,18,33,1,0,0
geolife,18,18,34,4,0,0
geolife,18,18,35,1,0,0
geolife,18,18,36,1,0,0
geolife,18,18,37,24,1,1
geolife,18,18,38,4,0,0
geolife,18,18,39,16,0,0
geolife,18,18,40,4,0,0
geolife,18,18,41,1,0,0
geolife,18,18,42,1,0,0
geolife,18,18,44,4,0,0
geolife,18,18,45,1,0,0
geolife,18,18,46,1,0,0
geolife,18,18,47,4,0,0
geolife,19,19,1,1,0,0
geolife,19,19,2,56,1,1
geolife,19,19,3,16,0,0
geolife,19,19,5,4,0,0
geolife,19,19,6,32,1,1
geolife,19,19,9,4,0,0
geolife,19,19,10,1,0,0
geolife,19,19,11,1,0,0
geolife,19,19,13,4,0,0
geolife,19,19,15,32,1,1
geolife,19,19,16,24,1,0
geolife,19,19,17,1,0,0
geolife,19,19,18,4,0,0
geolife,19,19,19,4,0,0
geolife,19,19,20,1,0,0
geolife,19,19,22,4,0,0
geolife,19,19,23,4,0,0
geolife,19,19,24,16,0,0
geolife,19,19,26,24,0,0
geolife,19,19,29,24,0,0
geolife,19,19,30,16,0,0
geolife,19,19,32,1,0,0
geolife,19,19,33,64,1,1
geolife,19,19,34,1,0,0
geolife,19,19,35,1,0,0
geolife,19,19,36,4,0,0
geolife,19,19,37,4,0,0
geolife,19,19,38,4,0,0
geolife,19,19,39,1,0,0
geolife,19,19,41,4,0,0
geolife,19,19,42,8,0,0
geolife,19,19,43,1,0,0
geolife,19,19,44,4,0,0
geolife,19,19,46,1,0,0
geolife,19,19,47,4,0,0
geolife,22,22,0,1,0,0
geolife,22,22,1,24,1,1
geolife,22,22,2,1,0,0
geolife,22,22,4,1,0,0
geolife,22,22,5,4,0,0
geolife,22,22,6,32,0,0
geolife,22,22,7,1,0,0
geolife,22,22,9,8,0,0
geolife,22,22,10,1,0,0
geolife,22,22,11,4,0,0
geolife,22,22,12,56,0,0
geolife,22,22,13,1,0,0
geolife,22,22,15,1,0,0
geolife,22,22,16,4,0,0
geolife,22,22,18,24,0,0
geolife,22,22,19,1,0,0
geolife,22,22,20,1,0,0
geolife,22,22,21,8,0,0
geolife,22,22,23,4,0,0
geolife,22,22,25,4,0,0
geolife,22,22,27,8,0,0
geolife,22,22,28,1,0,0
geolife,22,22,31,1,0,0
geolife,22,22,32,1,0,0
geolife,22,22,33,1,0,0
geolife,22,22,34,1,1,0
geolife,22,22,37,4,0,0
geolife,22,22,38,16,1,0
geolife,22,22,39,4,0,0
geolife,22,22,43,4,0,0
geolife,22,22,44,1,0,0
geolife,22,22,45,1,0,0
geolife,22,22,46,1,0,0
geolife,22,22,47,16,0,0
geolife,27,27,0,32,0,0
geolife,27,27,1,8,0,0
geolife,27,27,2,16,0,0
geolife,27,27,4,4,0,0
geolife,27,27,5,1,0,0
geolife,27,27,9,1,0,0
geolife,27,27,10,4,0,0
geolife,27,27,11,1,0,0
geolife,27,27,12,16,0,0
geolife,27,27,13,4,0,0
geolife,27,27,14,4,0,0
geolife,27,27,15,16,0,0
geolife,27,27,17,1,0,0
geolife,27,27,18,24,0,0
geolife,27,27,22,4,0,0
geolife,27,27,23,1,0,0
geolife,27,27,24,48,1,1
geolife,27,27,26,48,0,0
geolife,27,27,27,4,0,0
geolife,27,27,28,32,0,0
geolife,27,27,29,4,0,0
geolife,27,27,30,1,0,0
geolife,27,27,31,16,0,0
geolife,27,27,33,48,1,1
geolife,27,27,34,1,0,0
geolife,27,27,36,4,0,0
geolife,27,27,39,1,0,0
geolife,27,27,40,1,0,0
geolife,27,27,41,1,0,0
geolife,27,27,42,4,0,0
geolife,27,27,43,1,0,0
geolife,27,27,44,4,0,0
geolife,27,27,45,4,0,0
geolife,27,27,46,4,0,0
geolife,27,27,47,1,0,0
geolife,28,28,0,64,0,0
geolife,28,28,1,4,0,0
geolife,28,28,2,4,0,0
geolife,28,28,4,1,0,0
geolife,28,28,5,4,0,0
geolife,28,28,6,1,0,0
geolife,28,28,7,1,0,0
geolife,28,28,8,1,0,0
geolife,28,28,9,16,0,0
geolife,28,28,10,4,0,0
geolife,28,28,11,48,0,0
geolife,28,28,12,1,0,0
geolife,28,28,14,4,0,0
geolife,28,28,15,1,0,0
geolife,28,28,17,1,0,0
geolife,28,28,18,4,0,0
geolife,28,28,20,1,0,0
geolife,28,28,22,4,0,0
geolife,28,28,25,4,0,0
geolife,28,28,26,4,0,0
geolife,28,28,28,1,0,0
geolife,28,28,29,40,1,0
geolife,28,28,30,16,1,0
geolife,28,28,31,32,0,0
geolife,28,28,34,1,0,0
geolife,28,28,36,1,0,0
geolife,28,28,38,1,0,0
geolife,28,28,39,16,0,0
geolife,28,28,40,4,0,0
geolife,28,28,41,4,0,0
geolife,28,28,43,56,1,1
geolife,28,28,44,1,0,0
geolife,28,28,45,4,0,0
geolife,28,28,47,24,0,0
geolife,29,29,1,1,0,0
geolife,29,29,2,1,0,0
geolife,29,29,4,4,0,0
geolife,29,29,5,16,1,1
geolife,29,29,7,4,0,0
geolife,29,29,8,1,0,0
geolife,29,29,9,4,0,0
geolife,29,29,10,1,0,0
geolife,29,29,11,40,1,0
geolife,29,29,13,24,0,0
geolife,29,29,14,4,0,0
geolife,29,29,16,1,0,0
geolife,29,29,18,8,0,0
geolife,29,29,20,1,0,0
geolife,29,29,21,4,0,0
geolife,29,29,22,1,0,0
geolife,29,29,23,1,0,0
geolife,29,29,25,32,1,1
geolife,29,29,26,1,0,0
geolife,29,29,27,16,0,0
geolife,29,29,28,1,0,0
geolife,29,29,29,1,0,0
geolife,29,29,30,1,0,0
geolife,29,29,31,1,0,0
geolife,29,29,33,1,0,0
geolife,29,29,34,1,0,0
geolife,29,29,35,56,1,1
geolife,29,29,36,1,0,0
geolife,29,29,37,24,0,0
geolife,29,29,38,4,0,0
geolife,29,29,39,1,0,0
geolife,29,29,40,1,0,0
geolife,29,29,41,1,0,0
geolife,29,29,42,1,0,0
geolife,29,29,43,1,0,0
geolife,29,29,45,1,0,0
geolife,29,29,46,16,1,0
geolife,29,29,47,4,0,0
geolife,34,34,2,4,0,0
geolife,34,34,4,4,0,0
geolife,34,34,5,48,0,0
geolife,34,34,6,16,1,0
geolife,34,34,8,24,1,0
geolife,34,34,12,1,0,0
geolife,34,34,14,48,1,0
geolife,34,34,15,4,0,0
geolife,34,34,16,1,0,0
geolife,34,34,18,8,0,0
geolife,34,34,19,16,0,0
geolife,34,34,22,24,0,0
geolife,34,34,23,16,0,0
geolife,34,34,24,4,0,0
geolife,34,34,26,4,0,0
geolife,34,34,27,4,0,0
geolife,34,34,28,1,0,0
geolife,34,34,29,4,0,0
geolife,34,34,35,4,0,0
geolife,34,34,36,1,0,0
geolife,34,34,37,16,0,0
geolife,34,34,38,1,0,0
geolife,34,34,39,1,0,0
geolife,34,34,40,24,1,0
geolife,34,34,42,1,0,0
geolife,34,34,43,1,1,0
geolife,34,34,45,40,1,1
geolife,34,34,46,1,0,0
geolife,34,34,47,4,0,0
geolife,37,37,0,56,1,1
geolife,37,37,1,32,0,0
geolife,37,37,3,56,1,1
geolife,37,37,4,1,0,0
geolife,37,37,5,4,0,0
geolife,37,37,6,4,0,0
geolife,37,37,7,4,0,0
geolife,37,37,8,4,0,0
geolife,37,37,9,16,1,1
geolife,37,37,11,1,0,0
geolife,37,37,13,4,0,0
geolife,37,37,14,16,0,0
geolife,37,37,15,4,1,0
geolife,37,37,16,1,0,0
geolife,37,37,17,56,0,0
geolife,37,37,18,36,1,0
geolife,37,37,19,1,0,0
geolife,37,37,20,1,0,0
geolife,37,37,21,1,0,0
geolife,37,37,22,40,0,0
geolife,37,37,23,1,0,0
geolife,37,37,24,1,0,0
geolife,37,37,25,4,0,0
geolife,37,37,26,4,0,0
geolife,37,37,27,4,0,0
geolife,37,37,28,1,0,0
geolife,37,37,29,4,0,0
geolife,37,37,32,1,0,0
geolife,37,37,33,1,0,0
geolife,37,37,34,24,0,0
geolife,37,37,35,1,0,0
geolife,37,37,36,1,0,0
geolife,37,37,37,4,0,0
geolife,37,37,38,1,0,0
geolife,37,37,40,1,0,0
geolife,37,37,41,1,0,0
geolife,37,37,42,32,0,0
geolife,37,37,43,4,0,0
geolife,37,37,44,1,0,0
geolife,37,37,45,1,0,0
geolife,38,38,1,1,0,0
geolife,38,38,3,1,0,0
geolife,38,38,5,1,0,0
geolife,38,38,6,1,0,0
geolife,38,38,7,1,0,0
geolife,38,38,8,1,0,0
geolife,38,38,9,32,0,0
geolife,38,38,10,4,0,0
geolife,38,38,12,1,0,0
geolife,38,38,14,32,0,0
geolife,38,38,15,16,0,0
geolife,38,38,16,4,0,0
geolife,38,38,17,56,0,0
geolife,38,38,18,1,0,0
geolife,38,38,19,16,0,0
geolife,38,38,20,24,0,0
geolife,38,38,21,16,1,0
geolife,38,38,23,16,0,0
geolife,38,38,24,1,0,0
geolife,38,38,25,4,0,0
geolife,38,38,26,1,0,0
geolife,38,38,27,1,0,0
geolife,38,38,32,32,0,0
geolife,38,38,33,4,0,0
geolife,38,38,34,4,0,0
geolife,38,38,36,4,0,0
geolife,38,38,37,4,0,0
geolife,38,38,38,1,0,0
geolife,38,38,39,32,1,1
geolife,38,38,41,1,0,0
geolife,38,38,43,16,1,0
geolife,38,38,45,1,0,0
geolife,38,38,47,16,0,0
geolife,39,39,0,1,0,0
geolife,39,39,1,1,0,0
geolife,39,39,2,4,0,0
geolife,39,39,3,4,0,0
geolife,39,39,4,4,0,0
geolife,39,39,6,1,0,0
geolife,39,39,7,1,0,0
geolife,39,39,8,1,0,0
geolife,39,39,9,56,1,1
geolife,39,39,10,1,0,0
geolife,39,39,11,1,0,0
geolife,39,39,13,1,0,0
geolife,39,39,14,1,0,0
geolife,39,39,15,48,0,0
geolife,39,39,16,4,0,0
geolife,39,39,17,4,0,0
geolife,39,39,18,4,0,0
geolife,39,39,19,1,0,0
geolife,39,39,20,1,0,0
geolife,39,39,21,4,0,0
geolife,39,39,22,4,1,0
geolife,39,39,23,1,0,0
geolife,39,39,24,1,0,0
geolife,39,39,26,24,0,0
geolife,39,39,28,4,0,0
geolife,39,39,29,16,0,0
geolife,39,39,30,16,0,0
geolife,39,39,31,4,0,0
geolife,39,39,32,1,0,0
geolife,39,39,33,1,0,0
geolife,39,39,34,4,0,0
geolife,39,39,35,1,0,0
geolife,39,39,36,4,0,0
geolife,39,39,37,4,0,0
geolife,39,39,39,4,0,0
geolife,39,39,40,1,0,0
geolife,39,39,41,1,0,0
geolife,39,39,43,1,0,0
geolife,39,39,44,1,0,0
geolife,39,39,45,4,0,0
geolife,39,39,47,4,0,0
geolife,43,43,0,4,0,0
geolife,43,43,3,4,0,0
geolife,43,43,4,4,0,0
geolife,43,43,5,4,0,0
geolife,43,43,8,24,0,0
geolife,43,43,10,1,0,0
geolife,43,43,11,1,0,0
geolife,43,43,12,16,1,0
geolife,43,43,18,1,0,0
geolife,43,43,19,4,0,0
geolife,43,43,20,4,0,0
geolife,43,43,21,24,0,0
geolife,43,43,23,4,0,0
geolife,43,43,24,4,0,0
geolife,43,43,25,4,0,0
geolife,43,43,30,48,0,0
geolife,43,43,31,1,0,0
geolife,43,43,35,1,0,0
geolife,43,43,37,16,1,0
geolife,43,43,38,1,0,0
geolife,43,43,39,1,0,0
geolife,43,43,40,1,0,0
geolife,43,43,41,4,0,0
geolife,43,43,42,16,0,0
geolife,43,43,43,1,0,0
geolife,43,43,44,48,1,0
geolife,43,43,45,4,0,0
geolife,43,43,46,4,0,0
geolife,52,52,0,1,0,0
geolife,52,52,1,48,0,0
geolife,52,52,2,1,0,0
geolife,52,52,4,4,0,0
geolife,52,52,5,1,0,0
geolife,52,52,7,1,0,0
geolife,52,52,9,1,0,0
geolife,52,52,10,16,0,0
geolife,52,52,11,8,0,0
geolife,52,52,13,16,0,0
geolife,52,52,15,16,0,0
geolife,52,52,16,1,0,0
geolife,52,52,17,1,0,0
geolife,52,52,20,1,0,0
geolife,52,52,22,16,0,0
geolife,52,52,23,1,0,0
geolife,52,52,24,1,0,0
geolife,52,52,25,32,0,0
geolife,52,52,26,1,0,0
geolife,52,52,27,1,0,0
geolife,52,52,28,16,0,0
geolife,52,52,29,8,0,0
geolife,52,52,30,1,0,0
geolife,52,52,31,8,0,0
geolife,52,52,34,4,0,0
geolife,52,52,35,8,0,0
geolife,52,52,36,16,0,0
geolife,52,52,37,4,0,0
geolife,52,52,38,1,0,0
geolife,52,52,39,1,0,0
geolife,52,52,40,1,0,0
geolife,52,52,42,1,0,0
geolife,52,52,44,4,0,0
geolife,52,52,45,1,0,0
geolife,52,52,47,16,0,0
geolife,54,54,0,16,0,0
geolife,54,54,1,4,0,0
geolife,54,54,3,40,0,0
geolife,54,54,4,1,0,0
geolife,54,54,5,32,0,0
geolife,54,54,6,1,0,0
geolife,54,54,8,1,0,0
geolife,54,54,9,16,0,0
geolife,54,54,10,1,0,0
geolife,54,54,11,1,0,0
geolife,54,54,13,1,0,0
geolife,54,54,14,24,0,0
geolife,54,54,15,40,0,0
geolife,54,54,16,1,0,0
geolife,54,54,17,1,0,0
geolife,54,54,20,1,0,0
geolife,54,54,21,1,0,0
geolife,54,54,22,4,0,0
geolife,54,54,23,4,0,0
geolife,54,54,24,1,0,0
geolife,54,54,26,1,0,0
geolife,54,54,27,24,0,0
geolife,54,54,29,48,1,1
geolife,54,54,30,4,0,0
geolife,54,54,31,4,0,0
geolife,54,54,32,4,0,0
geolife,54,54,33,40,0,0
geolife,54,54,35,4,0,0
geolife,54,54,36,1,0,0
geolife,54,54,37,40,1,1
geolife,54,54,38,1,0,0
geolife,54,54,40,1,0,0
geolife,54,54,41,4,0,0
geolife,54,54,42,40,1,1
geolife,54,54,43,56,0,0
geolife,54,54,44,4,0,0
geolife,54,54,45,1,0,0
geolife,54,54,47,1,0,0
geolife,58,58,0,4,0,0
geolife,58,58,1,16,1,1
geolife,58,58,2,1,0,0
geolife,58,58,3,1,0,0
geolife,58,58,4,8,1,0
geolife,58,58,5,4,0,0
geolife,58,58,6,1,0,0
geolife,58,58,9,24,0,0
geolife,58,58,10,24,1,1
geolife,58,58,11,36,1,1
geolife,58,58,13,1,0,0
geolife,58,58,15,40,1,0
geolife,58,58,16,16,0,0
geolife,58,58,17,40,1,0
geolife,58,58,18,4,0,0
geolife,58,58,19,1,0,0
geolife,58,58,21,16,0,0
geolife,58,58,22,4,0,0
geolife,58,58,23,1,0,0
geolife,58,58,24,1,0,0
geolife,58,58,25,32,1,0
geolife,58,58,27,1,0,0
geolife,58,58,30,48,1,1
geolife,58,58,31,1,0,0
geolife,58,58,32,4,0,0
geolife,58,58,33,4,0,0
geolife,58,58,35,1,0,0
geolife,58,58,36,4,0,0
geolife,58,58,38,4,0,0
geolife,58,58,40,1,0,0
geolife,58,58,42,1,0,0
geolife,58,58,43,1,0,0
geolife,58,58,44,1,0,0
geolife,58,58,45,4,0,0
geolife,58,58,47,1,0,0
geolife,59,59,1,1,0,0
geolife,59,59,2,4,0,0
geolife,59,59,3,16,0,0
geolife,59,59,5,1,0,0
geolife,59,59,7,4,0,0
geolife,59,59,8,32,0,0
geolife,59,59,9,1,0,0
geolife,59,59,10,1,0,0
geolife,59,59,12,1,0,0
geolife,59,59,13,64,1,1
geolife,59,59,14,64,0,0
geolife,59,59,15,4,0,0
geolife,59,59,17,4,0,0
geolife,59,59,19,4,0,0
geolife,59,59,20,1,0,0
geolife,59,59,21,1,0,0
geolife,59,59,22,1,0,0
geolife,59,59,23,4,0,0
geolife,59,59,24,4,0,0
geolife,59,59,25,4,0,0
geolife,59,59,26,4,0,0
geolife,59,59,29,4,0,0
geolife,59,59,31,8,0,0
geolife,59,59,34,16,0,0
geolife,59,59,36,32,0,0
geolife,59,59,37,4,0,0
geolife,59,59,38,1,0,0
geolife,59,59,39,24,0,0
geolife,59,59,40,1,0,0
geolife,59,59,41,4,0,0
geolife,59,59,42,1,0,0
geolife,59,59,43,1,0,0
geolife,59,59,44,4,0,0
geolife,59,59,45,40,0,0
geolife,59,59,46,1,0,0
geolife,59,59,47,4,0,0
geolife,62,62,0,1,0,0
geolife,62,62,1,1,0,0
geolife,62,62,2,4,0,0
geolife,62,62,3,4,0,0
geolife,62,62,4,4,0,0
geolife,62,62,5,4,0,0
geolife,62,62,6,4,1,0
geolife,62,62,7,1,0,0
geolife,62,62,8,40,1,1
geolife,62,62,9,16,0,0
geolife,62,62,13,1,0,0
geolife,62,62,15,1,0,0
geolife,62,62,16,8,0,0
geolife,62,62,18,4,0,0
geolife,62,62,19,40,0,0
geolife,62,62,20,4,0,0
geolife,62,62,21,4,0,0
geolife,62,62,22,1,0,0
geolife,62,62,23,4,0,0
geolife,62,62,24,1,0,0
geolife,62,62,26,4,0,0
geolife,62,62,27,16,0,0
geolife,62,62,29,8,0,0
geolife,62,62,30,1,0,0
geolife,62,62,31,16,0,0
geolife,62,62,32,1,0,0
geolife,62,62,33,32,1,0
geolife,62,62,34,1,0,0
geolife,62,62,37,1,0,0
geolife,62,62,40,56,1,1
geolife,62,62,41,4,0,0
geolife,62,62,43,1,0,0
geolife,62,62,44,1,0,0
geolife,62,62,46,4,0,0
geolife,62,62,47,8,0,0
geolife,64,64,0,4,0,0
geolife,64,64,1,4,0,0
geolife,64,64,2,1,0,0
geolife,64,64,3,8,0,0
geolife,64,64,4,16,1,1
geolife,64,64,5,4,0,0
geolife,64,64,7,8,0,0
geolife,64,64,8,1,0,0
geolife,64,64,10,1,0,0
geolife,64,64,12,4,0,0
geolife,64,64,13,1,0,0
geolife,64,64,14,16,0,0
geolife,64,64,15,1,0,0
geolife,64,64,16,4,0,0
geolife,64,64,17,36,0,0
geolife,64,64,20,16,0,0
geolife,64,64,22,36,1,0
geolife,64,64,23,24,0,0
geolife,64,64,24,1,0,0
geolife,64,64,26,1,0,0
geolife,64,64,27,16,0,0
geolife,64,64,28,16,1,0
geolife,64,64,29,32,0,0
geolife,64,64,30,4,0,0
geolife,64,64,31,1,0,0
geolife,64,64,34,48,0,0
geolife,64,64,35,1,0,0
geolife,64,64,37,4,0,0
geolife,64,64,39,1,0,0
geolife,64,64,40,1,0,0
geolife,64,64,41,24,0,0
geolife,64,64,43,32,0,0
geolife,64,64,44,40,1,1
geolife,64,64,45,1,0,0
geolife,64,64,47,4,0,0
geolife,68,68,0,4,0,0
geolife,68,68,1,32,1,1
geolife,68,68,4,1,0,0
geolife,68,68,6,1,0,0
geolife,68,68,8,24,0,0
geolife,68,68,9,4,0,0
geolife,68,68,10,1,0,0
geolife,68,68,11,24,0,0
geolife,68,68,12,4,0,0
geolife,68,68,13,1,0,0
geolife,68,68,15,4,0,0
geolife,68,68,16,4,0,0
geolife,68,68,18,1,0,0
geolife,68,68,19,4,0,0
geolife,68,68,21,56,1,1
geolife,68,68,22,1,0,0
geolife,68,68,24,1,0,0
geolife,68,68,28,1,0,0
geolife,68,68,29,1,0,0
geolife,68,68,30,56,0,0
geolife,68,68,33,1,0,0
geolife,68,68,34,4,0,0
geolife,68,68,35,16,1,0
geolife,68,68,36,4,0,0
geolife,68,68,37,64,1,1
geolife,68,68,38,1,0,0
geolife,68,68,39,4,0,0
geolife,68,68,42,40,1,0
geolife,68,68,43,16,0,0
geolife,68,68,44,16,0,0
geolife,68,68,45,40,0,0
geolife,68,68,46,32,1,1
geolife,68,68,47,1,0,0
geolife,69,69,2,4,0,0
geolife,69,69,4,1,0,0
geolife,69,69,5,4,0,0
geolife,69,69,6,1,0,0
geolife,69,69,7,16,0,0
geolife,69,69,9,4,0,0
geolife,69,69,10,1,0,0
geolife,69,69,11,16,1,0
geolife,69,69,12,4,0,0
geolife,69,69,13,1,0,0
geolife,69,69,14,4,0,0
geolife,69,69,17,4,0,0
geolife,69,69,18,1,0,0
geolife,69,69,19,1,0,0
geolife,69,69,20,1,0,0
geolife,69,69,21,1,0,0
geolife,69,69,23,4,0,0
geolife,69,69,24,1,0,0
geolife,69,69,25,4,0,0
geolife,69,69,26,1,0,0
geolife,69,69,27,1,0,0
geolife,69,69,28,4,0,0
geolife,69,69,29,4,0,0
geolife,69,69,30,4,0,0
geolife,69,69,31,4,0,0
geolife,69,69,32,1,0,0
geolife,69,69,33,1,0,0
geolife,69,69,35,1,0,0
geolife,69,69,37,1,0,0
geolife,69,69,38,16,0,0
geolife,69,69,39,1,0,0
geolife,69,69,40,48,1,1
geolife,69,69,41,1,0,0
geolife,69,69,44,1,0,0
geolife,69,69,45,4,0,0
geolife,69,69,46,1,0,0
geolife,69,69,47,4,0,0
geolife,73,73,1,1,0,0
geolife,73,73,3,4,0,0
geolife,73,73,9,4,0,0
geolife,73,73,10,1,0,0
geolife,73,73,12,4,0,0
geolife,73,73,13,1,0,0
geolife,73,73,15,16,0,0
geolife,73,73,17,1,0,0
geolife,73,73,18,8,0,0
geolife,73,73,19,4,0,0
geolife,73,73,20,16,0,0
geolife,73,73,21,4,0,0
geolife,73,73,23,4,0,0
geolife,73,73,24,32,0,0
geolife,73,73,26,1,0,0
geolife,73,73,27,1,0,0
geolife,73,73,28,40,0,0
geolife,73,73,29,1,0,0
geolife,73,73,30,1,0,0
geolife,73,73,32,4,0,0
geolife,73,73,34,56,1,1
geolife,73,73,35,1,0,0
geolife,73,73,38,1,0,0
geolife,73,73,39,1,0,0
geolife,73,73,40,1,0,0
geolife,73,73,42,1,0,0
geolife,73,73,43,16,1,0
geolife,73,73,44,1,0,0
geolife,73,73,45,32,1,0
geolife,73,73,46,4,0,0
geolife,73,73,47,4,0,0
geolife,74,74,0,1,0,0
geolife,74,74,1,1,0,0
geolife,74,74,2,4,0,0
geolife,74,74,3,4,0,0
geolife,74,74,5,4,1,0
geolife,74,74,6,4,0,0
geolife,74,74,7,1,0,0
geolife,74,74,8,4,0,0
geolife,74,74,10,1,0,0
geolife,74,74,12,4,0,0
geolife,74,74,14,1,0,0
geolife,74,74,16,1,0,0
geolife,74,74,17,1,0,0
geolife,74,74,18,56,1,1
geolife,74,74,19,1,0,0
geolife,74,74,20,1,0,0
geolife,74,74,21,4,0,0
geolife,74,74,22,1,0,0
geolife,74,74,23,1,0,0
geolife,74,74,24,16,0,0
geolife,74,74,25,1,0,0
geolife,74,74,28,1,0,0
geolife,74,74,29,1,0,0
geolife,74,74,30,4,0,0
geolife,74,74,31,1,0,0
geolife,74,74,32,4,0,0
geolife,74,74,33,4,0,0
geolife,74,74,34,48,0,0
geolife,74,74,35,48,0,0
geolife,74,74,36,1,0,0
geolife,74,74,37,4,0,0
geolife,74,74,39,1,0,0
geolife,74,74,41,4,0,0
geolife,74,74,42,4,0,0
geolife,74,74,44,1,0,0
geolife,74,74,45,4,0,0
geolife,74,74,46,32,1,0
geolife,74,74,47,1,0,0
geolife,78,78,0,4,0,0
geolife,78,78,1,48,1,1
geolife,78,78,2,1,0,0
geolife,78,78,7,1,0,0
geolife,78,78,10,40,0,0
geolife,78,78,11,1,0,0
geolife,78,78,14,1,0,0
geolife,78,78,15,4,0,0
geolife,78,78,18,1,0,0
geolife,78,78,19,1,0,0
geolife,78,78,20,1,0,0
geolife,78,78,21,1,0,0
geolife,78,78,22,1,0,0
geolife,78,78,24,1,1,0
geolife,78,78,26,40,1,0
geolife,78,78,29,16,0,0
geolife,78,78,30,4,0,0
geolife,78,78,31,1,0,0
geolife,78,78,32,4,0,0
geolife,78,78,33,8,0,0
geolife,78,78,35,48,1,0
geolife,78,78,36,4,0,0
geolife,78,78,38,8,0,0
geolife,78,78,39,8,0,0
geolife,78,78,40,8,0,0
geolife,78,78,41,4,0,0
geolife,78,78,42,1,0,0
geolife,78,78,44,1,0,0
geolife,78,78,46,1,0,0
geolife,78,78,47,1,0,0
geolife,79,79,0,1,0,0
geolife,79,79,3,4,0,0
geolife,79,79,4,4,0,0
geolife,79,79,6,16,0,0
geolife,79,79,7,1,0,0
geolife,79,79,8,8,0,0
geolife,79,79,9,4,0,0
geolife,79,79,10,16,0,0
geolife,79,79,12,4,0,0
geolife,79,79,13,4,0,0
geolife,79,79,17,4,0,0
geolife,79,79,18,4,0,0
geolife,79,79,19,4,0,0
geolife,79,79,20,4,0,0
geolife,79,79,21,40,0,0
geolife,79,79,22,4,0,0
geolife,79,79,23,8,0,0
geolife,79,79,27,1,0,0
geolife,79,79,30,1,0,0
geolife,79,79,31,4,0,0
geolife,79,79,33,1,0,0
geolife,79,79,34,1,0,0
geolife,79,79,35,16,0,0
geolife,79,79,36,56,0,0
geolife,79,79,38,1,0,0
geolife,79,79,39,1,0,0
geolife,79,79,40,1,0,0
geolife,79,79,41,16,0,0
geolife,79,79,42,1,0,0
geolife,79,79,44,16,0,0
geolife,79,79,45,4,0,0
geolife,79,79,46,4,0,0
geolife,79,79,47,1,0,0
geolife,82,82,0,4,0,0
geolife,82,82,1,48,1,1
geolife,82,82,2,24,0,0
geolife,82,82,3,40,1,1
geolife,82,82,4,40,1,1
geolife,82,82,5,4,0,0
geolife,82,82,6,16,0,0
geolife,82,82,7,4,0,0
geolife,82,82,9,4,0,0
geolife,82,82,11,4,0,0
geolife,82,82,12,1,0,0
geolife,82,82,13,4,0,0
geolife,82,82,14,1,0,0
geolife,82,82,15,4,0,0
geolife,82,82,16,4,0,0
geolife,82,82,17,4,0,0
geolife,82,82,18,1,0,0
geolife,82,82,20,1,0,0
geolife,82,82,21,4,0,0
geolife,82,82,26,4,0,0
geolife,82,82,27,4,0,0
geolife,82,82,28,1,0,0
geolife,82,82,29,8,0,0
geolife,82,82,30,4,0,0
geolife,82,82,31,1,0,0
geolife,82,82,32,1,0,0
geolife,82,82,34,40,0,0
geolife,82,82,35,1,0,0
geolife,82,82,36,24,0,0
geolife,82,82,39,40,1,1
geolife,82,82,40,4,0,0
geolife,82,82,41,4,0,0
geolife,82,82,43,24,0,0
geolife,82,82,44,1,0,0
geolife,82,82,45,16,0,0
geolife,82,82,46,1,0,0
geolife,82,82,47,16,0,0
geolife,83,83,1,56,0,0
geolife,83,83,2,1,0,0
geolife,83,83,3,4,0,0
geolife,83,83,4,1,0,0
geolife,83,83,5,8,0,0
geolife,83,83,7,64,1,1
geolife,83,83,8,4,0,0
geolife,83,83,9,4,0,0
geolife,83,83,11,4,0,0
geolife,83,83,12,1,0,0
geolife,83,83,13,16,0,0
geolife,83,83,14,24,0,0
geolife,83,83,15,16,0,0
geolife,83,83,16,1,0,0
geolife,83,83,17,40,1,1
geolife,83,83,18,16,1,0
geolife,83,83,19,1,0,0
geolife,83,83,20,16,0,0
geolife,83,83,21,1,0,0
geolife,83,83,22,4,0,0
geolife,83,83,23,1,0,0
geolife,83,83,24,1,0,0
geolife,83,83,25,1,0,0
geolife,83,83,26,4,0,0
geolife,83,83,27,4,0,0
geolife,83,83,30,1,0,0
geolife,83,83,31,4,0,0
geolife,83,83,32,24,0,0
geolife,83,83,33,1,0,0
geolife,83,83,34,1,0,0
geolife,83,83,36,4,0,0
geolife,83,83,37,1,0,0
geolife,83,83,40,1,0,0
geolife,83,83,41,16,1,0
geolife,83,83,43,32,0,0
geolife,83,83,44,1,0,0
geolife,83,83,46,1,0,0
geolife,83,83,47,48,1,1
geolife,84,84,0,1,0,0
geolife,84,84,2,24,0,0
geolife,84,84,4,24,0,0
geolife,84,84,6,4,0,0
geolife,84,84,7,4,0,0
geolife,84,84,8,4,0,0
geolife,84,84,9,4,0,0
geolife,84,84,10,1,0,0
geolife,84,84,12,4,0,0
geolife,84,84,13,1,0,0
geolife,84,84,15,1,0,0
geolife,84,84,16,4,0,0
geolife,84,84,17,1,0,0
geolife,84,84,18,4,0,0
geolife,84,84,19,1,0,0
geolife,84,84,20,1,0,0
geolife,84,84,22,1,0,0
geolife,84,84,24,4,0,0
geolife,84,84,25,4,0,0
geolife,84,84,26,56,1,0
geolife,84,84,28,4,0,0
geolife,84,84,30,1,0,0
geolife,84,84,31,1,0,0
geolife,84,84,33,16,0,0
geolife,84,84,34,1,0,0
geolife,84,84,35,1,0,0
geolife,84,84,36,1,0,0
geolife,84,84,37,4,0,0
geolife,84,84,38,48,1,1
geolife,84,84,39,1,0,0
geolife,84,84,40,4,0,0
geolife,84,84,41,1,0,0
geolife,84,84,42,48,1,1
geolife,84,84,43,4,0,0
geolife,84,84,44,32,1,0
geolife,84,84,45,4,0,0
geolife,84,84,46,1,0,0
geolife,84,84,47,1,0,0
geolife,89,89,2,4,0,0
geolife,89,89,3,4,0,0
geolife,89,89,4,1,0,0
geolife,89,89,5,1,0,0
geolife,89,89,7,4,0,0
geolife,89,89,8,48,0,0
geolife,89,89,9,4,0,0
geolife,89,89,10,4,0,0
geolife,89,89,11,56,0,0
geolife,89,89,12,4,0,0
geolife,89,89,13,24,0,0
geolife,89,89,14,16,0,0
geolife,89,89,15,4,1,0
geolife,89,89,16,1,0,0
geolife,89,89,19,24,0,0
geolife,89,89,21,4,0,0
geolife,89,89,23,1,0,0
geolife,89,89,25,1,0,0
geolife,89,89,27,1,0,0
geolife,89,89,29,4,0,0
geolife,89,89,30,16,0,0
geolife,89,89,31,1,0,0
geolife,89,89,33,1,0,0
geolife,89,89,34,4,0,0
geolife,89,89,35,1,0,0
geolife,89,89,36,32,0,0
geolife,89,89,37,24,1,0
geolife,89,89,38,1,0,0
geolife,89,89,43,1,0,0
geolife,89,89,44,32,1,0
geolife,89,89,45,1,0,0
geolife,89,89,46,16,0,0
geolife,89,89,47,24,0,0
geolife,102,102,1,1,0,0
geolife,102,102,2,4,0,0
geolife,102,102,3,4,0,0
geolife,102,102,4,4,0,0
geolife,102,102,7,4,0,0
geolife,102,102,10,4,0,0
geolife,102,102,11,4,0,0
geolife,102,102,12,4,0,0
geolife,102,102,13,40,1,1
geolife,102,102,15,1,0,0
geolife,102,102,16,4,0,0
geolife,102,102,17,16,0,0
geolife,102,102,18,1,0,0
geolife,102,102,19,4,0,0
geolife,102,102,21,4,0,0
geolife,102,102,22,4,0,0
geolife,102,102,23,4,1,0
geolife,102,102,24,1,0,0
geolife,102,102,25,56,1,0
geolife,102,102,29,4,0,0
geolife,102,102,30,1,0,0
geolife,102,102,31,1,0,0
geolife,102,102,33,1,0,0
geolife,102,102,34,1,0,0
geolife,102,102,36,4,0,0
geolife,102,102,38,1,0,0
geolife,102,102,39,1,0,0
geolife,102,102,41,16,1,0
geolife,102,102,42,24,1,0
geolife,102,102,44,1,0,0
geolife,102,102,46,4,0,0
geolife,102,102,47,4,0,0
geolife,103,103,0,48,0,0
geolife,103,103,1,4,0,0
geolife,103,103,2,1,0,0
geolife,103,103,3,48,1,1
geolife,103,103,5,1,0,0
geolife,103,103,6,4,0,0
geolife,103,103,7,1,0,0
geolife,103,103,8,1,0,0
geolife,103,103,9,24,0,0
geolife,103,103,10,56,1,1
geolife,103,103,13,4,0,0
geolife,103,103,14,1,0,0
geolife,103,103,15,1,0,0
geolife,103,103,16,4,0,0
geolife,103,103,18,1,0,0
geolife,103,103,21,4,0,0
geolife,103,103,22,40,0,0
geolife,103,103,23,4,0,0
geolife,103,103,24,48,1,1
geolife,103,103,26,1,0,0
geolife,103,103,28,48,1,1
geolife,103,103,29,1,0,0
geolife,103,103,30,4,0,0
geolife,103,103,32,16,0,0
geolife,103,103,33,1,0,0
geolife,103,103,34,4,0,0
geolife,103,103,35,56,0,0
geolife,103,103,37,4,0,0
geolife,103,103,39,32,0,0
geolife,103,103,40,16,0,0
geolife,103,103,41,1,0,0
geolife,103,103,42,1,0,0
geolife,103,103,43,32,0,0
geolife,103,103,44,1,0,0
geolife,103,103,46,4,0,0
geolife,103,103,47,16,0,0
geolife,104,104,0,8,0,0
geolife,104,104,1,8,0,0
geolife,104,104,2,1,0,0
geolife,104,104,3,4,0,0
geolife,104,104,4,1,0,0
geolife,104,104,5,4,0,0
geolife,104,104,7,1,0,0
geolife,104,104,8,1,0,0
geolife,104,104,9,16,0,0
geolife,104,104,10,1,0,0
geolife,104,104,11,16,0,0
geolife,104,104,12,1,0,0
geolife,104,104,13,1,0,0
geolife,104,104,14,4,0,0
geolife,104,104,15,1,0,0
geolife,104,104,17,1,0,0
geolife,104,104,18,1,0,0
geolife,104,104,19,24,1,1
geolife,104,104,21,1,0,0
geolife,104,104,22,4,0,0
geolife,104,104,23,1,0,0
geolife,104,104,24,1,0,0
geolife,104,104,25,4,0,0
geolife,104,104,26,16,0,0
geolife,104,104,27,1,0,0
geolife,104,104,28,4,0,0
geolife,104,104,31,4,0,0
geolife,104,104,32,16,0,0
geolife,104,104,33,4,0,0
geolife,104,104,34,4,0,0
geolife,104,104,37,4,0,0
geolife,104,104,38,1,0,0
geolife,104,104,39,1,0,0
geolife,104,104,40,16,0,0
geolife,104,104,41,1,0,0
geolife,104,104,42,64,1,1
geolife,104,104,43,1,0,0
geolife,104,104,44,1,0,0
geolife,104,104,45,1,0,0
geolife,104,104,46,1,1,0
geolife,104,104,47,4,0,0
geolife,113,113,0,1,0,0
geolife,113,113,1,4,1,0
geolife,113,113,2,1,0,0
geolife,113,113,3,4,0,0
geolife,113,113,5,1,0,0
geolife,113,113,6,1,0,0
geolife,113,113,8,1,0,0
geolife,113,113,10,4,0,0
geolife,113,113,11,1,0,0
geolife,113,113,12,1,0,0
geolife,113,113,13,1,0,0
geolife,113,113,14,4,0,0
geolife,113,113,15,1,0,0
geolife,113,113,16,1,0,0
geolife,113,113,18,1,0,0
geolife,113,113,19,4,0,0
geolife,113,113,22,1,0,0
geolife,113,113,23,4,0,0
geolife,113,113,24,24,1,0
geolife,113,113,26,64,1,1
geolife,113,113,28,56,0,0
geolife,113,113,29,4,0,0
geolife,113,113,31,1,0,0
geolife,113,113,33,1,1,0
geolife,113,113,34,1,0,0
geolife,113,113,35,4,1,0
geolife,113,113,36,40,1,0
geolife,113,113,37,1,0,0
geolife,113,113,38,4,0,0
geolife,113,113,39,36,0,0
geolife,113,113,40,1,0,0
geolife,113,113,41,1,0,0
geolife,113,113,43,4,0,0
geolife,113,113,44,1,1,0
geolife,113,113,45,1,0,0
geolife,113,113,46,4,0,0
geolife,119,119,0,4,0,0
geolife,119,119,1,4,0,0
geolife,119,119,2,4,0,0
geolife,119,119,3,1,0,0
geolife,119,119,5,1,0,0
geolife,119,119,6,64,0,0
geolife,119,119,7,1,0,0
geolife,119,119,8,1,0,0
geolife,119,119,9,4,0,0
geolife,119,119,11,32,0,0
geolife,119,119,13,16,0,0
geolife,119,119,15,24,0,0
geolife,119,119,16,1,0,0
geolife,119,119,17,1,0,0
geolife,119,119,18,4,0,0
geolife,119,119,21,16,0,0
geolife,119,119,23,4,0,0
geolife,119,119,24,1,0,0
geolife,119,119,27,1,0,0
geolife,119,119,28,4,0,0
geolife,119,119,29,4,0,0
geolife,119,119,30,48,0,0
geolife,119,119,31,56,1,1
geolife,119,119,32,1,0,0
geolife,119,119,33,1,0,0
geolife,119,119,34,4,0,0
geolife,119,119,35,1,0,0
geolife,119,119,36,1,0,0
geolife,119,119,41,1,0,0
geolife,119,119,42,4,0,0
geolife,119,119,43,16,0,0
geolife,119,119,44,32,0,0
geolife,119,119,45,1,0,0
geolife,119,119,46,24,0,0
geolife,119,119,47,1,0,0
geolife,122,122,2,4,0,0
geolife,122,122,3,1,0,0
geolife,122,122,4,4,0,0
geolife,122,122,7,1,0,0
geolife,122,122,8,56,1,1
geolife,122,122,9,4,0,0
geolife,122,122,12,40,0,0
geolife,122,122,13,4,1,0
geolife,122,122,14,56,1,1
geolife,122,122,16,1,0,0
geolife,122,122,17,4,0,0
geolife,122,122,18,24,0,0
geolife,122,122,19,1,0,0
geolife,122,122,20,4,0,0
geolife,122,122,22,4,0,0
geolife,122,122,23,56,1,1
geolife,122,122,25,16,0,0
geolife,122,122,26,4,0,0
geolife,122,122,27,8,0,0
geolife,122,122,30,1,0,0
geolife,122,122,31,48,1,1
geolife,122,122,33,1,0,0
geolife,122,122,35,1,0,0
geolife,122,122,36,16,0,0
geolife,122,122,37,1,0,0
geolife,122,122,38,4,0,0
geolife,122,122,39,1,0,0
geolife,122,122,40,1,0,0
geolife,122,122,41,1,0,0
geolife,122,122,42,16,0,0
geolife,122,122,43,1,0,0
geolife,122,122,45,1,0,0
geolife,122,122,46,16,0,0
geolife,122,122,47,16,0,0
geolife,128,128,0,1,0,0
geolife,128,128,1,4,0,0
geolife,128,128,2,1,0,0
geolife,128,128,3,1,0,0
geolife,128,128,4,8,0,0
geolife,128,128,6,1,0,0
geolife,128,128,7,24,0,0
geolife,128,128,8,8,0,0
geolife,128,128,9,1,0,0
geolife,128,128,10,1,0,0
geolife,128,128,11,56,1,1
geolife,128,128,12,56,1,1
geolife,128,128,13,4,0,0
geolife,128,128,14,1,0,0
geolife,128,128,15,40,0,0
geolife,128,128,16,1,0,0
geolife,128,128,18,4,0,0
geolife,128,128,19,1,0,0
geolife,128,128,20,1,0,0
geolife,128,128,21,32,0,0
geolife,128,128,23,1,0,0
geolife,128,128,24,4,0,0
geolife,128,128,26,1,0,0
geolife,128,128,27,1,0,0
geolife,128,128,28,4,0,0
geolife,128,128,29,40,0,0
geolife,128,128,30,1,0,0
geolife,128,128,33,1,0,0
geolife,128,128,34,32,1,1
geolife,128,128,35,1,0,0
geolife,128,128,36,1,0,0
geolife,128,128,37,1,0,0
geolife,128,128,38,1,0,0
geolife,128,128,39,4,0,0
geolife,128,128,41,48,1,0
geolife,128,128,42,4,0,0
geolife,128,128,43,1,0,0
geolife,128,128,44,1,0,0
geolife,128,128,45,4,0,0
geolife,128,128,46,4,0,0
geolife,128,128,47,1,0,0
geolife,129,129,1,4,0,0
geolife,129,129,2,1,0,0
geolife,129,129,3,1,0,0
geolife,129,129,5,1,0,0
geolife,129,129,10,1,0,0
geolife,129,129,12,1,0,0
geolife,129,129,13,16,0,0
geolife,129,129,14,1,0,0
geolife,129,129,15,4,0,0
geolife,129,129,16,1,0,0
geolife,129,129,17,4,0,0
geolife,129,129,18,4,0,0
geolife,129,129,21,1,1,0
geolife,129,129,23,48,1,1
geolife,129,129,24,4,0,0
geolife,129,129,25,1,0,0
geolife,129,129,26,4,0,0
geolife,129,129,28,1,0,0
geolife,129,129,29,1,0,0
geolife,129,129,32,1,1,0
geolife,129,129,36,16,0,0
geolife,129,129,38,8,0,0
geolife,129,129,39,4,0,0
geolife,129,129,40,16,0,0
geolife,129,129,41,32,0,0
geolife,129,129,42,1,0,0
geolife,129,129,43,4,0,0
geolife,129,129,44,1,0,0
geolife,129,129,45,1,0,0
geolife,138,138,0,4,0,0
geolife,138,138,1,1,0,0
geolife,138,138,2,1,0,0
geolife,138,138,3,1,0,0
geolife,138,138,5,1,0,0
geolife,138,138,6,4,0,0
geolife,138,138,7,16,0,0
geolife,138,138,9,1,0,0
geolife,138,138,10,4,0,0
geolife,138,138,11,4,0,0
geolife,138,138,12,4,0,0
geolife,138,138,13,1,0,0
geolife,138,138,14,24,0,0
geolife,138,138,15,1,0,0
geolife,138,138,16,1,0,0
geolife,138,138,17,40,0,0
geolife,138,138,18,1,0,0
geolife,138,138,19,1,0,0
geolife,138,138,20,1,0,0
geolife,138,138,21,1,0,0
geolife,138,138,22,16,1,1
geolife,138,138,24,4,0,0
geolife,138,138,25,4,0,0
geolife,138,138,26,4,0,0
geolife,138,138,27,1,0,0
geolife,138,138,29,4,0,0
geolife,138,138,30,4,1,0
geolife,138,138,32,4,0,0
geolife,138,138,33,1,0,0
geolife,138,138,36,4,0,0
geolife,138,138,37,1,1,0
geolife,138,138,39,4,0,0
geolife,138,138,40,1,0,0
geolife,138,138,41,4,0,0
geolife,138,138,45,1,0,0
geolife,138,138,46,1,0,0
geolife,138,138,47,4,0,0
geolife,142,142,1,24,1,1
geolife,142,142,3,1,0,0
geolife,142,142,4,1,0,0
geolife,142,142,6,40,0,0
geolife,142,142,7,1,0,0
geolife,142,142,8,32,0,0
geolife,142,142,9,1,0,0
geolife,142,142,11,4,0,0
geolife,142,142,13,16,0,0
geolife,142,142,14,1,0,0
geolife,142,142,15,4,0,0
geolife,142,142,17,4,0,0
geolife,142,142,18,4,0,0
geolife,142,142,19,1,0,0
geolife,142,142,20,1,0,0
geolife,142,142,21,4,0,0
geolife,142,142,22,1,0,0
geolife,142,142,23,1,0,0
geolife,142,142,24,4,0,0
geolife,142,142,25,16,0,0
geolife,142,142,26,4,0,0
geolife,142,142,29,1,0,0
geolife,142,142,31,4,0,0
geolife,142,142,32,4,0,0
geolife,142,142,33,1,0,0
geolife,142,142,34,24,0,0
geolife,142,142,35,4,0,0
geolife,142,142,36,1,0,0
geolife,142,142,37,4,0,0
geolife,142,142,38,1,0,0
geolife,142,142,41,16,1,0
geolife,142,142,42,1,1,0
geolife,142,142,43,16,0,0
geolife,142,142,44,16,0,0
geolife,142,142,45,56,0,0
geolife,142,142,46,1,0,0
geolife,142,142,47,4,0,0
geolife,144,144,0,1,0,0
geolife,144,144,1,48,1,1
geolife,144,144,2,4,0,0
geolife,144,144,3,4,0,0
geolife,144,144,4,32,1,1
geolife,144,144,5,40,0,0
geolife,144,144,6,4,0,0
geolife,144,144,8,1,0,0
geolife,144,144,9,1,0,0
geolife,144,144,10,4,0,0
geolife,144,144,11,1,0,0
geolife,144,144,15,1,0,0
geolife,144,144,16,4,0,0
geolife,144,144,17,4,0,0
geolife,144,144,18,32,0,0
geolife,144,144,19,1,0,0
geolife,144,144,20,4,0,0
geolife,144,144,21,4,0,0
geolife,144,144,22,4,0,0
geolife,144,144,23,4,0,0
geolife,144,144,25,40,0,0
geolife,144,144,26,4,0,0
geolife,144,144,27,32,1,1
geolife,144,144,28,4,0,0
geolife,144,144,29,4,0,0
geolife,144,144,30,1,0,0
geolife,144,144,31,4,1,0
geolife,144,144,33,4,0,0
geolife,144,144,34,56,1,1
geolife,144,144,35,1,0,0
geolife,144,144,36,16,0,0
geolife,144,144,37,4,0,0
geolife,144,144,39,1,0,0
geolife,144,144,40,1,0,0
geolife,144,144,43,1,0,0
geolife,144,144,45,1,0,0
geolife,144,144,47,1,0,0
geolife,147,147,0,1,0,0
geolife,147,147,2,1,0,0
geolife,147,147,3,1,0,0
geolife,147,147,4,1,0,0
geolife,147,147,5,1,0,0
geolife,147,147,6,1,0,0
geolife,147,147,7,24,0,0
geolife,147,147,8,1,0,0
geolife,147,147,9,4,0,0
geolife,147,147,10,1,0,0
geolife,147,147,13,4,0,0
geolife,147,147,14,4,0,0
geolife,147,147,18,1,0,0
geolife,147,147,19,4,0,0
geolife,147,147,21,1,0,0
geolife,147,147,22,8,0,0
geolife,147,147,24,16,0,0
geolife,147,147,25,4,0,0
geolife,147,147,26,4,0,0
geolife,147,147,28,1,0,0
geolife,147,147,29,16,0,0
geolife,147,147,30,1,0,0
geolife,147,147,31,1,0,0
geolife,147,147,32,4,0,0
geolife,147,147,33,1,0,0
geolife,147,147,35,4,0,0
geolife,147,147,36,1,0,0
geolife,147,147,37,16,0,0
geolife,147,147,39,4,0,0
geolife,147,147,40,1,0,0
geolife,147,147,43,1,0,0
geolife,147,147,44,4,0,0
geolife,147,147,45,16,0,0
geolife,147,147,46,1,0,0
geolife,147,147,47,4,0,0
geolife,153,153,1,4,0,0
geolife,153,153,2,40,1,1
geolife,153,153,3,4,0,0
geolife,153,153,5,36,1,1
geolife,153,153,6,1,0,0
geolife,153,153,7,4,0,0
geolife,153,153,8,16,0,0
geolife,153,153,9,4,0,0
geolife,153,153,10,4,0,0
geolife,153,153,12,16,0,0
geolife,153,153,13,1,0,0
geolife,153,153,14,1,0,0
geolife,153,153,15,1,0,0
geolife,153,153,17,64,1,1
geolife,153,153,19,40,1,0
geolife,153,153,20,1,0,0
geolife,153,153,21,4,0,0
geolife,153,153,22,4,0,0
geolife,153,153,23,48,1,1
geolife,153,153,25,1,0,0
geolife,153,153,26,24,1,0
geolife,153,153,27,48,1,1
geolife,153,153,30,8,0,0
geolife,153,153,31,1,0,0
geolife,153,153,32,16,0,0
geolife,153,153,33,24,1,0
geolife,153,153,34,4,0,0
geolife,153,153,35,1,0,0
geolife,153,153,39,16,0,0
geolife,153,153,40,4,0,0
geolife,153,153,41,16,0,0
geolife,153,153,42,36,1,1
geolife,153,153,43,1,0,0
geolife,153,153,44,4,0,0
geolife,153,153,45,4,0,0
geolife,153,153,46,24,0,0
geolife,153,153,47,4,1,0
geolife,163,163,0,1,0,0
geolife,163,163,2,1,0,0
geolife,163,163,4,1,0,0
geolife,163,163,5,4,0,0
geolife,163,163,7,4,0,0
geolife,163,163,8,4,0,0
geolife,163,163,9,24,0,0
geolife,163,163,10,1,0,0
geolife,163,163,12,32,1,1
geolife,163,163,13,1,0,0
geolife,163,163,14,1,0,0
geolife,163,163,16,4,0,0
geolife,163,163,17,48,0,0
geolife,163,163,18,4,0,0
geolife,163,163,19,1,0,0
geolife,163,163,20,32,0,0
geolife,163,163,21,1,0,0
geolife,163,163,22,4,0,0
geolife,163,163,23,1,0,0
geolife,163,163,24,1,0,0
geolife,163,163,25,1,0,0
geolife,163,163,26,16,0,0
geolife,163,163,29,48,1,0
geolife,163,163,30,16,0,0
geolife,163,163,31,4,0,0
geolife,163,163,33,1,0,0
geolife,163,163,34,64,1,1
geolife,163,163,35,16,0,0
geolife,163,163,38,1,0,0
geolife,163,163,39,48,1,0
geolife,163,163,40,1,0,0
geolife,163,163,41,56,1,1
geolife,163,163,42,1,0,0
geolife,163,163,43,4,0,0
geolife,163,163,44,40,1,1
geolife,163,163,45,4,0,0
geolife,163,163,46,1,0,0
geolife,163,163,47,32,0,0
geolife,167,167,0,1,0,0
geolife,167,167,1,16,1,1
geolife,167,167,3,4,0,0
geolife,167,167,4,4,0,0
geolife,167,167,5,64,1,1
geolife,167,167,7,4,0,0
geolife,167,167,8,4,0,0
geolife,167,167,9,4,0,0
geolife,167,167,10,4,0,0
geolife,167,167,11,16,0,0
geolife,167,167,12,4,0,0
geolife,167,167,13,4,0,0
geolife,167,167,14,1,0,0
geolife,167,167,15,4,0,0
geolife,167,167,16,1,0,0
geolife,167,167,17,4,0,0
geolife,167,167,18,1,0,0
geolife,167,167,20,1,0,0
geolife,167,167,21,4,0,0
geolife,167,167,25,1,0,0
geolife,167,167,26,4,0,0
geolife,167,167,29,1,0,0
geolife,167,167,30,4,0,0
geolife,167,167,31,4,0,0
geolife,167,167,32,4,0,0
geolife,167,167,33,1,0,0
geolife,167,167,34,1,0,0
geolife,167,167,36,64,0,0
geolife,167,167,37,4,1,0
geolife,167,167,38,1,0,0
geolife,167,167,40,4,0,0
geolife,167,167,43,1,0,0
geolife,167,167,44,4,0,0
geolife,167,167,45,1,0,0
geolife,167,167,46,4,0,0
geolife,167,167,47,64,1,1
geolife,168,168,0,1,0,0
geolife,168,168,1,1,0,0
geolife,168,168,2,4,0,0
geolife,168,168,3,4,0,0
geolife,168,168,4,4,0,0
geolife,168,168,5,4,0,0
geolife,168,168,6,1,0,0
geolife,168,168,7,4,1,0
geolife,168,168,8,1,0,0
geolife,168,168,11,4,0,0
geolife,168,168,12,16,0,0
geolife,168,168,13,1,0,0
geolife,168,168,14,1,0,0
geolife,168,168,17,4,0,0
geolife,168,168,18,24,0,0
geolife,168,168,19,4,0,0
geolife,168,168,20,1,0,0
geolife,168,168,22,1,0,0
geolife,168,168,23,16,1,0
geolife,168,168,24,4,1,0
geolife,168,168,25,1,0,0
geolife,168,168,27,4,0,0
geolife,168,168,28,48,1,0
geolife,168,168,29,4,0,0
geolife,168,168,30,1,0,0
geolife,168,168,31,1,0,0
geolife,168,168,32,1,0,0
geolife,168,168,33,1,0,0
geolife,168,168,34,4,0,0
geolife,168,168,35,4,0,0
geolife,168,168,36,4,0,0
geolife,168,168,37,32,0,0
geolife,168,168,38,8,0,0
geolife,168,168,39,1,0,0
geolife,168,168,40,4,0,0
geolife,168,168,41,1,0,0
geolife,168,168,42,4,0,0
geolife,168,168,43,4,0,0
geolife,168,168,44,4,0,0
geolife,168,168,45,8,0,0
geolife,168,168,46,1,0,0
geolife,168,168,47,4,0,0
geolife,169,169,0,1,0,0
geolife,169,169,1,16,0,0
geolife,169,169,2,1,0,0
geolife,169,169,3,4,0,0
geolife,169,169,4,1,0,0
geolife,169,169,5,1,0,0
geolife,169,169,6,1,0,0
geolife,169,169,7,4,0,0
geolife,169,169,8,4,0,0
geolife,169,169,9,1,0,0
geolife,169,169,10,48,1,1
geolife,169,169,11,24,0,0
geolife,169,169,12,1,0,0
geolife,169,169,13,1,0,0
geolife,169,169,14,4,0,0
geolife,169,169,15,1,0,0
geolife,169,169,17,32,0,0
geolife,169,169,19,24,1,0
geolife,169,169,21,16,0,0
geolife,169,169,22,4,0,0
geolife,169,169,23,1,0,0
geolife,169,169,27,1,0,0
geolife,169,169,28,1,0,0
geolife,169,169,29,4,0,0
geolife,169,169,30,4,0,0
geolife,169,169,31,4,0,0
geolife,169,169,32,24,0,0
geolife,169,169,33,4,0,0
geolife,169,169,36,1,0,0
geolife,169,169,38,1,0,0
geolife,169,169,40,1,0,0
geolife,169,169,42,32,0,0
geolife,169,169,43,24,0,0
geolife,169,169,44,1,0,0
geolife,179,179,0,1,0,0
geolife,179,179,1,1,0,0
geolife,179,179,3,1,0,0
geolife,179,179,4,1,0,0
geolife,179,179,5,64,1,1
geolife,179,179,6,4,0,0
geolife,179,179,7,1,0,0
geolife,179,179,8,4,0,0
geolife,179,179,10,16,0,0
geolife,179,179,13,1,0,0
geolife,179,179,14,16,0,0
geolife,179,179,15,1,0,0
geolife,179,179,16,40,0,0
geolife,179,179,17,1,0,0
geolife,179,179,18,1,0,0
geolife,179,179,19,4,0,0
geolife,179,179,20,56,1,1
geolife,179,179,21,1,0,0
geolife,179,179,22,1,0,0
geolife,179,179,23,8,0,0
geolife,179,179,24,1,0,0
geolife,179,179,25,16,0,0
geolife,179,179,26,4,0,0
geolife,179,179,27,4,0,0
geolife,179,179,28,4,0,0
geolife,179,179,34,4,0,0
geolife,179,179,35,1,0,0
geolife,179,179,37,4,0,0
geolife,179,179,38,8,0,0
geolife,179,179,39,24,0,0
geolife,179,179,40,4,0,0
geolife,179,179,41,1,0,0
geolife,179,179,42,4,0,0
geolife,179,179,44,1,0,0
geolife,179,179,45,1,0,0
geolife,179,179,47,4,0,0
