hit,error_cells,peak,logloss,covered95,credible95,entropy,ece,error_m,seed,user,scenario,condition,method,param,attack,side,prior_hit,legitimate,opportunities,complete,reports,utility,raw_completion,coverage,reward,latency_slots,gate_us_p50,gate_us_p95,cap_violations,attacker_local_cap_violations,attacker_absolute_cap_violations,robust_model_count,alpha_true,alpha_model,move_model
0.023524305555555555,2.4935212677667,0.06225863725290115,3.1409958832146905,1.0,35.0625,4.968457538710694,0.038734331697345595,2493.521267766699,4000,0,walk,boundary_alpha_mid_unlisted_bsp,bsp,0.1,adaptive,8,0.015625,35,5,3,6,0.6,0.08571428571428572,0.6666666666666666,3,1.0,43.6245,58.406299999999995,0,0,0,0,0.5,0.648,0.3
0.0023654513888888887,3.655433312494145,0.05573436159623605,3.6293622112280968,0.9791666666666666,39.75,5.210976507860411,0.053368910207347166,3655.4333124941436,4000,1,walk,boundary_alpha_mid_unlisted_bsp,bsp,0.1,adaptive,8,0.015625,34,2,1,2,0.5,0.029411764705882353,0.5,1,1.0,42.558,58.96204999999999,0,0,0,0,0.5,0.648,0.3
0.0013020833333333333,2.5580933854341117,0.062064029487487966,3.579736043849183,0.9583333333333334,34.395833333333336,4.9838046684441375,0.06076194615415464,2558.0933854341124,4000,2,walk,boundary_alpha_mid_unlisted_bsp,bsp,0.1,adaptive,8,0.015625,39,1,0,4,0.0,0.0,0.0,0,1.0,42.2525,51.632999999999996,0,0,0,0,0.5,0.648,0.3
0.0020616319444444445,2.5252627806552717,0.06557936984664055,3.185780766585497,1.0,38.833333333333336,5.168375115675363,0.0635177379021961,2525.2627806552714,4000,3,walk,boundary_alpha_mid_unlisted_bsp,bsp,0.1,adaptive,8,0.015625,39,2,1,2,0.5,0.02564102564102564,0.5,1,1.0,41.967,57.65275,0,0,0,0,0.5,0.648,0.3
0.0632595486111111,2.8752114590115028,0.04473627028768872,3.4869862202359503,1.0,40.479166666666664,5.3150825721984,0.018523278323422387,2875.2114590115016,4001,0,walk,boundary_alpha_mid_unlisted_bsp,bsp,0.1,adaptive,8,0.015625,41,2,2,2,1.0,0.04878048780487805,1.0,2,1.0,41.510999999999996,63.06169999999999,0,0,0,0,0.5,0.648,0.3
0.04348958333333333,3.089616981682935,0.055989754443974464,3.6569100324118207,1.0,41.333333333333336,5.235205167039797,0.01250017111064113,3089.616981682935,4001,1,walk,boundary_alpha_mid_unlisted_bsp,bsp,0.1,adaptive,8,0.015625,32,0,0,2,nan,0.0,nan,0,1.0,43.204,61.07765,0,0,0,0,0.5,0.648,0.3
0.030164930555555552,2.2873079370847447,0.061346642549560064,3.4654748637276733,1.0,33.8125,5.010561264307327,0.031181711994004508,2287.3079370847468,4001,2,walk,boundary_alpha_mid_unlisted_bsp,bsp,0.1,adaptive,8,0.015625,37,4,2,5,0.5,0.05405405405405406,0.5,2,1.0,42.1075,55.60534999999999,0,0,0,0,0.5,0.648,0.3
0.005295138888888888,2.816405073704631,0.07126798268964596,3.710497088636748,0.875,28.8125,4.71365488669555,0.06597284380075707,2816.405073704631,4001,3,walk,boundary_alpha_mid_unlisted_bsp,bsp,0.1,adaptive,8,0.015625,38,4,1,6,0.25,0.02631578947368421,0.3333333333333333,1,1.0,42.0275,62.57904999999999,0,1,1,0,0.5,0.648,0.3
0.0302734375,3.0206870600280955,0.06690522310782498,3.171286802818688,1.0,28.791666666666668,4.793430131098236,0.03663178560782498,3020.687060028095,4002,0,walk,boundary_alpha_mid_unlisted_bsp,bsp,0.1,adaptive,8,0.015625,37,3,2,4,0.6666666666666666,0.05405405405405406,0.5,2,1.0,43.7295,64.2673,0,1,1,0,0.5,0.648,0.3
0.07376302083333333,4.325778441576656,0.07240685110700082,3.191066941858572,0.8958333333333334,26.333333333333332,4.590818363431009,0.0013561697263325123,4325.778441576656,4002,1,walk,boundary_alpha_mid_unlisted_bsp,bsp,0.1,adaptive,8,0.015625,31,0,0,7,nan,0.0,nan,0,1.0,45.2675,54.034749999999995,0,0,0,0,0.5,0.648,0.3
0.04500868055555555,2.0506344905470293,0.05446930651572765,3.3093854139885543,1.0,39.354166666666664,5.225718436400794,0.0094606259601721,2050.634490547031,4002,2,walk,boundary_alpha_mid_unlisted_bsp,bsp,0.1,adaptive,8,0.015625,36,3,3,9,1.0,0.08333333333333333,1.0,3,1.0,42.448,54.54559999999999,0,0,0,0,0.5,0.648,0.3
0.016688368055555555,2.602593816656509,0.05715205547715447,3.476603423701125,1.0,32.770833333333336,4.865509485534951,0.040463687421598914,2602.593816656509,4002,3,walk,boundary_alpha_mid_unlisted_bsp,bsp,0.1,adaptive,8,0.015625,32,1,1,8,1.0,0.03125,1.0,1,1.0,44.125,57.560399999999994,0,0,0,0,0.5,0.648,0.3
0.04123263888888889,3.8783494265080165,0.06790366741660898,3.6557508637420804,0.9166666666666666,27.5625,4.7133584799791635,0.026671028527720103,3878.349426508013,4003,0,walk,boundary_alpha_mid_unlisted_bsp,bsp,0.1,adaptive,8,0.015625,35,2,2,7,1.0,0.05714285714285714,1.0,2,1.0,43.3795,56.4116,0,0,0,0,0.5,0.648,0.3
0.0,5.449311077105917,0.0715324750366912,4.377556530494732,0.9166666666666666,36.604166666666664,5.064703184272142,0.0715324750366912,5449.31107710591,4003,1,walk,boundary_alpha_mid_unlisted_bsp,bsp,0.1,adaptive,8,0.015625,38,3,0,2,0.0,0.0,0.0,0,1.0,42.318,71.60799999999999,0,0,0,0,0.5,0.648,0.3
0.0003720238095238095,4.319009367177954,0.07607637399789394,3.632775602611998,0.875,27.479166666666668,4.703928718661734,0.07570435018837013,4319.009367177951,4003,2,walk,boundary_alpha_mid_unlisted_bsp,bsp,0.1,adaptive,8,0.015625,33,4,2,5,0.5,0.06060606060606061,0.3333333333333333,2,1.0,44.185500000000005,58.425799999999995,0,0,0,0,0.5,0.648,0.3
0.0013020833333333333,4.11988899488734,0.07089393570191953,4.1216604908247065,0.8541666666666666,34.5625,5.012662437902683,0.06959185236858619,4119.888994887341,4003,3,walk,boundary_alpha_mid_unlisted_bsp,bsp,0.1,adaptive,8,0.015625,36,4,0,3,0.0,0.0,0.0,0,1.0,42.979,65.55044999999998,0,0,0,0,0.5,0.648,0.3
0.021723090277777777,4.949279100010966,0.07899749739421973,3.140584634419886,1.0,25.958333333333332,4.540899380903792,0.05727440711644194,4949.279100010967,4004,0,walk,boundary_alpha_mid_unlisted_bsp,bsp,0.1,adaptive,8,0.015625,33,2,0,6,0.0,0.0,0.0,0,1.0,45.472,62.015,0,3,3,0,0.5,0.648,0.3
0.44344618055555557,1.131671194387174,0.07081929481552765,2.801095186689978,1.0,34.6875,5.009614998277905,0.3726268857400279,1131.671194387174,4004,1,walk,boundary_alpha_mid_unlisted_bsp,bsp,0.1,adaptive,8,0.015625,34,2,0,2,0.0,0.0,0.0,0,1.0,43.484,58.111999999999995,0,0,0,0,0.5,0.648,0.3
0.0,2.1230686686833935,0.062074684092095746,3.2682353397594177,1.0,33.479166666666664,4.999396631330143,0.062074684092095746,2123.0686686833933,4004,2,walk,boundary_alpha_mid_unlisted_bsp,bsp,0.1,adaptive,8,0.015625,38,2,1,8,0.5,0.02631578947368421,0.5,1,1.0,42.167,51.56315,0,0,0,0,0.5,0.648,0.3
0.07337239583333334,1.6267820691650143,0.05634994982902239,3.113575210270685,1.0,39.395833333333336,5.206534249577152,0.021204646598168415,1626.7820691650147,4004,3,walk,boundary_alpha_mid_unlisted_bsp,bsp,0.1,adaptive,8,0.015625,36,5,3,5,0.6,0.08333333333333333,0.75,3,1.0,42.067,55.680249999999994,0,1,1,0,0.5,0.648,0.3
0.0009548611111111112,4.865694921552983,0.07004925228747576,4.347785514989561,0.6666666666666666,29.520833333333332,4.817970413211104,0.06909439117636464,4865.694921552984,4005,0,walk,boundary_alpha_mid_unlisted_bsp,bsp,0.1,adaptive,8,0.015625,36,5,3,7,0.6,0.08333333333333333,0.75,3,1.0,43.169,56.289899999999996,0,4,7,0,0.5,0.648,0.3
0.03411458333333333,1.8044170321275483,0.08284318981741778,3.090390294109252,1.0,25.666666666666668,4.549669009726656,0.04872860648408445,1804.4170321275487,4005,1,walk,boundary_alpha_mid_unlisted_bsp,bsp,0.1,adaptive,8,0.015625,34,5,3,10,0.6,0.08823529411764706,0.75,3,1.0,41.527,57.3845,0,0,0,0,0.5,0.648,0.3
0.2615885416666667,1.3665884140868318,0.06529355135358951,3.0223295455325268,1.0,31.958333333333332,4.890082717830606,0.19629499031307715,1366.588414086832,4005,2,walk,boundary_alpha_mid_unlisted_bsp,bsp,0.1,adaptive,8,0.015625,37,3,1,3,0.3333333333333333,0.02702702702702703,0.3333333333333333,1,1.0,41.607,50.021449999999994,0,0,0,0,0.5,0.648,0.3
0.0003255208333333333,2.6866863148471665,0.05170469076810861,3.4566486256245494,0.9791666666666666,39.9375,5.287415037613683,0.05137916993477528,2686.686314847166,4005,3,walk,boundary_alpha_mid_unlisted_bsp,bsp,0.1,adaptive,8,0.015625,36,1,1,3,1.0,0.027777777777777776,1.0,1,1.0,41.400999999999996,63.514849999999974,0,0,0,0,0.5,0.648,0.3
0.10308159722222221,2.359247800732725,0.06346950613628963,2.888573483336256,1.0,26.458333333333332,4.602573928167663,0.03961209108593258,2359.247800732725,4006,0,walk,boundary_alpha_mid_unlisted_bsp,bsp,0.1,adaptive,8,0.015625,39,4,3,5,0.75,0.07692307692307693,0.6666666666666666,3,1.0,40.9105,57.793,0,0,0,0,0.5,0.648,0.3
0.041666666666666664,3.4005020533615204,0.06531921626502453,3.4831827448518506,1.0,35.166666666666664,5.056976364414742,0.02365254959835787,3400.502053361523,4006,1,walk,boundary_alpha_mid_unlisted_bsp,bsp,0.1,adaptive,8,0.015625,33,3,1,6,0.3333333333333333,0.030303030303030304,0.5,1,1.0,41.0205,54.99189999999998,0,1,1,0,0.5,0.648,0.3
0.006401909722222223,2.9593847847696986,0.06824289978877922,3.465990837946725,0.9583333333333334,29.604166666666668,4.8179143080633535,0.061840990066556994,2959.3847847697016,4006,2,walk,boundary_alpha_mid_unlisted_bsp,bsp,0.1,adaptive,8,0.015625,33,4,3,8,0.75,0.09090909090909091,0.75,3,1.0,41.251,61.119299999999996,0,0,0,0,0.5,0.648,0.3
0.0,2.755571232462857,0.059672574837261856,3.5783487999156147,0.9791666666666666,35.395833333333336,5.027628939169006,0.059672574837261856,2755.5712324628566,4006,3,walk,boundary_alpha_mid_unlisted_bsp,bsp,0.1,adaptive,8,0.015625,33,2,2,7,1.0,0.06060606060606061,1.0,2,1.0,40.8755,49.871449999999996,0,0,0,0,0.5,0.648,0.3
0.0059244791666666664,3.013037527307615,0.040638119249544455,3.6895913271481713,1.0,47.958333333333336,5.533595352399356,0.034713640082877785,3013.0375273076133,4007,0,walk,boundary_alpha_mid_unlisted_bsp,bsp,0.1,adaptive,8,0.015625,34,2,1,2,0.5,0.029411764705882353,0.5,1,1.0,40.881,53.151349999999994,0,0,0,0,0.5,0.648,0.3
0.0008463541666666667,3.0351751920970025,0.053068266217510034,3.4569888174217236,1.0,42.645833333333336,5.326340516681713,0.052221912050843367,3035.175192097003,4007,1,walk,boundary_alpha_mid_unlisted_bsp,bsp,0.1,adaptive,8,0.015625,39,7,4,6,0.5714285714285714,0.10256410256410256,0.5,4,1.0,40.736000000000004,46.415,0,0,0,0,0.5,0.648,0.3
0.063671875,2.626310387865781,0.0632522457510155,3.8974524353640434,0.75,33.333333333333336,4.95023113044225,0.0004196292489845044,2626.3103878657835,4007,2,walk,boundary_alpha_mid_unlisted_bsp,bsp,0.1,adaptive,8,0.015625,34,6,2,8,0.3333333333333333,0.058823529411764705,0.5,2,1.0,40.615,46.20165,0,0,0,0,0.5,0.648,0.3
0.04348958333333333,3.4602192704033374,0.049971545770040225,3.834239287623708,0.9375,41.458333333333336,5.233822208705173,0.006481962436706891,3460.219270403338,4007,3,walk,boundary_alpha_mid_unlisted_bsp,bsp,0.1,adaptive,8,0.015625,36,2,0,3,0.0,0.0,0.0,0,1.0,40.69,55.36084999999999,0,0,0,0,0.5,0.648,0.3
0.0023654513888888887,2.83324365101855,0.04249711889256382,3.6416936771887713,0.9791666666666666,46.729166666666664,5.446327244609139,0.04013166750367493,2833.243651018549,4008,0,walk,boundary_alpha_mid_unlisted_bsp,bsp,0.1,adaptive,8,0.015625,36,3,2,3,0.6666666666666666,0.05555555555555555,1.0,2,1.0,40.700500000000005,52.236099999999986,0,0,0,0,0.5,0.648,0.3
0.003472222222222222,4.47259045493587,0.07178840350262895,3.714414149014631,0.9375,33.3125,4.879864481263436,0.06831618128040674,4472.590454935869,4008,1,walk,boundary_alpha_mid_unlisted_bsp,bsp,0.1,adaptive,8,0.015625,39,5,2,4,0.4,0.05128205128205128,0.3333333333333333,2,1.0,40.209500000000006,45.51745,0,0,0,0,0.5,0.648,0.3
0.0020616319444444445,3.295738247093725,0.05011244697860481,3.308598565064001,1.0,45.770833333333336,5.3683901788194,0.048050815034160366,3295.738247093724,4008,2,walk,boundary_alpha_mid_unlisted_bsp,bsp,0.1,adaptive,8,0.015625,41,3,0,3,0.0,0.0,0.0,0,1.0,40.485,48.46845,0,0,0,0,0.5,0.648,0.3
0.0033420138888888887,5.9141488332157826,0.04288366017272192,4.916678701140243,0.6041666666666666,51.020833333333336,5.586906187045099,0.03954164628383303,5914.148833215774,4008,3,walk,boundary_alpha_mid_unlisted_bsp,bsp,0.1,adaptive,8,0.015625,36,4,2,3,0.5,0.05555555555555555,1.0,2,1.0,41.4165,57.77345,0,0,0,0,0.5,0.648,0.3
0.0003255208333333333,2.761607772733645,0.06943699580292165,3.487574435931759,1.0,31.791666666666668,4.907446909289696,0.06911147496958832,2761.6077727336447,4009,0,walk,boundary_alpha_mid_unlisted_bsp,bsp,0.1,adaptive,8,0.015625,37,2,2,5,1.0,0.05405405405405406,1.0,2,1.0,41.281,58.59315,0,0,0,0,0.5,0.648,0.3
0.027307581018518517,2.443402851085848,0.07991193307898704,2.8741467204209243,0.9791666666666666,26.125,4.592562941434939,0.05260435206046854,2443.4028510858475,4009,1,walk,boundary_alpha_mid_unlisted_bsp,bsp,0.1,adaptive,8,0.015625,34,6,5,10,0.8333333333333334,0.14705882352941177,1.0,5,1.0,41.261,58.953799999999994,0,6,13,0,0.5,0.648,0.3
0.015386284722222221,2.186113784394689,0.06798064260234295,3.086957796813106,1.0,32.479166666666664,4.882628545518963,0.052594357880120714,2186.1137843946913,4009,2,walk,boundary_alpha_mid_unlisted_bsp,bsp,0.1,adaptive,8,0.015625,33,5,3,8,0.6,0.09090909090909091,1.0,3,1.0,40.8655,44.6045,0,0,0,0,0.5,0.648,0.3
0.004427083333333333,2.0879996036419888,0.06712501538755748,3.1917970867344376,1.0,36.1875,5.049031534433547,0.06269793205422415,2087.9996036419902,4009,3,walk,boundary_alpha_mid_unlisted_bsp,bsp,0.1,adaptive,8,0.015625,38,3,3,6,1.0,0.07894736842105263,1.0,3,1.0,40.385000000000005,54.97769999999999,0,1,1,0,0.5,0.648,0.3
0.039713541666666664,3.9309400913879866,0.03912925322798879,3.7978337972403984,0.9583333333333334,41.291666666666664,5.322464392861062,0.0005842884386778787,3930.9400913879876,4010,0,walk,boundary_alpha_mid_unlisted_bsp,bsp,0.1,adaptive,8,0.015625,42,1,0,3,0.0,0.0,0.0,0,1.0,40.6805,52.82769999999999,0,0,0,0,0.5,0.648,0.3
0.12879774305555555,1.080849960376277,0.08108199458764652,2.6148343010236235,1.0,25.854166666666668,4.624778106557218,0.04771574846790905,1080.8499603762768,4010,1,walk,boundary_alpha_mid_unlisted_bsp,bsp,0.1,adaptive,8,0.015625,41,3,2,6,0.6666666666666666,0.04878048780487805,0.5,2,1.0,39.8995,49.875849999999986,0,0,0,0,0.5,0.648,0.3
0.08873697916666667,1.9155103998822856,0.05006372044525197,3.2800190104421234,1.0,40.229166666666664,5.271553553330336,0.0386732587214147,1915.510399882287,4010,2,walk,boundary_alpha_mid_unlisted_bsp,bsp,0.1,adaptive,8,0.015625,39,5,4,7,0.8,0.10256410256410256,0.75,4,1.0,40.6855,49.04425,0,0,0,0,0.5,0.648,0.3
0.0,3.7400500613103755,0.06418239877819408,4.584856587451287,0.6666666666666666,35.375,4.9982247305867125,0.06418239877819408,3740.0500613103754,4010,3,walk,boundary_alpha_mid_unlisted_bsp,bsp,0.1,adaptive,8,0.015625,33,2,1,3,0.5,0.030303030303030304,1.0,1,1.0,41.221000000000004,55.46215,0,0,0,0,0.5,0.648,0.3
0.0005208333333333333,3.4326409877168746,0.0592422620456795,3.5293350820477887,1.0,36.625,5.05302519494898,0.058721428712346174,3432.640987716874,4011,0,walk,boundary_alpha_mid_unlisted_bsp,bsp,0.1,adaptive,8,0.015625,35,2,1,6,0.5,0.02857142857142857,0.5,1,1.0,40.6555,59.65715,0,2,2,0,0.5,0.648,0.3
0.15711805555555555,2.0894008685149643,0.06251107523327869,3.0550104785625614,1.0,35.520833333333336,4.926815595672362,0.09460698032227684,2089.400868514965,4011,1,walk,boundary_alpha_mid_unlisted_bsp,bsp,0.1,adaptive,8,0.015625,38,0,0,6,nan,0.0,nan,0,1.0,41.0555,49.1046,0,0,0,0,0.5,0.648,0.3
0.005729166666666667,2.0697244490361135,0.06371893834311505,3.1057678635929205,1.0,32.208333333333336,4.952021120704131,0.05798977167644839,2069.7244490361145,4011,2,walk,boundary_alpha_mid_unlisted_bsp,bsp,0.1,adaptive,8,0.015625,34,4,3,7,0.75,0.08823529411764706,0.75,3,1.0,40.570499999999996,46.41015,0,0,0,0,0.5,0.648,0.3
0.0033420138888888887,3.0744116565619137,0.0703927826016969,3.3056228336198266,1.0,29.729166666666668,4.708524919653796,0.06705076871280802,3074.411656561913,4011,3,walk,boundary_alpha_mid_unlisted_bsp,bsp,0.1,adaptive,8,0.015625,34,2,0,7,0.0,0.0,0.0,0,1.0,41.316,56.94685,0,3,8,0,0.5,0.648,0.3
0.02406684027777778,4.633019602909127,0.03987385924800308,4.204993697843438,0.8541666666666666,51.833333333333336,5.65441711475573,0.015807018970225305,4633.019602909127,4012,0,walk,boundary_alpha_mid_unlisted_bsp,bsp,0.1,adaptive,8,0.015625,33,3,2,2,0.6666666666666666,0.06060606060606061,0.6666666666666666,2,1.0,40.915499999999994,53.40399999999998,0,0,0,0,0.5,0.648,0.3
0.043185763888888895,1.791991206920911,0.06135320857831795,3.2453833415198203,1.0,41.541666666666664,5.256952101241317,0.018167444689429057,1791.9912069209115,4012,1,walk,boundary_alpha_mid_unlisted_bsp,bsp,0.1,adaptive,8,0.015625,35,3,2,3,0.6666666666666666,0.05714285714285714,1.0,2,1.0,41.5415,59.1097,0,0,0,0,0.5,0.648,0.3
0.043619791666666664,3.8089707718270644,0.0471963523857365,3.880856008135147,1.0,42.166666666666664,5.313699782642901,0.003576560719069838,3808.970771827065,4012,2,walk,boundary_alpha_mid_unlisted_bsp,bsp,0.1,adaptive,8,0.015625,36,2,0,2,0.0,0.0,0.0,0,1.0,41.336,54.54634999999999,0,0,0,0,0.5,0.648,0.3
0.18891059027777776,2.0869140187128883,0.043664862899048106,3.5504904485359883,1.0,47.291666666666664,5.480231643536226,0.14524572737872965,2086.9140187128883,4012,3,walk,boundary_alpha_mid_unlisted_bsp,bsp,0.1,adaptive,8,0.015625,36,3,1,3,0.3333333333333333,0.027777777777777776,0.3333333333333333,1,1.0,41.421,48.21509999999999,0,0,0,0,0.5,0.648,0.3
0.337109375,1.9593860056239298,0.05874496824455583,3.1585242155326703,1.0,43.666666666666664,5.262541352521758,0.2783644067554441,1959.3860056239291,4013,0,walk,boundary_alpha_mid_unlisted_bsp,bsp,0.1,adaptive,8,0.015625,39,2,2,4,1.0,0.05128205128205128,1.0,2,1.0,40.525,50.49445,0,0,0,0,0.5,0.648,0.3
0.2518229166666667,1.1068760320943163,0.07402697843514937,2.8207413751218158,1.0,37.416666666666664,5.060927220787758,0.1777959382315173,1106.8760320943163,4013,1,walk,boundary_alpha_mid_unlisted_bsp,bsp,0.1,adaptive,8,0.015625,30,1,0,2,0.0,0.0,0.0,0,1.0,41.166,48.696099999999994,0,0,0,0,0.5,0.648,0.3
0.12552083333333333,2.0504224986227193,0.06279370771722721,3.132084295288754,1.0,40.0625,5.1820676615684915,0.06272712561610612,2050.4224986227214,4013,2,walk,boundary_alpha_mid_unlisted_bsp,bsp,0.1,adaptive,8,0.015625,37,4,2,5,0.5,0.05405405405405406,0.5,2,1.0,40.760000000000005,53.89969999999999,0,0,0,0,0.5,0.648,0.3
0.0006510416666666666,3.101043596599253,0.04587773280442017,4.019144738503714,0.9791666666666666,48.4375,5.471064479764546,0.045226691137753496,3101.0435965992547,4013,3,walk,boundary_alpha_mid_unlisted_bsp,bsp,0.1,adaptive,8,0.015625,36,2,0,1,0.0,0.0,0.0,0,1.0,41.045500000000004,58.80715,0,0,0,0,0.5,0.648,0.3
0.16703869047619047,2.694699309828609,0.0719987705093006,2.9181002855705986,1.0,26.0625,4.6407389985315755,0.09923569543725902,2694.699309828609,4014,0,walk,boundary_alpha_mid_unlisted_bsp,bsp,0.1,adaptive,8,0.015625,39,6,3,8,0.5,0.07692307692307693,1.0,3,1.0,41.1205,56.42545,0,1,1,0,0.5,0.648,0.3
0.02200520833333333,1.9647332294327,0.06124123009842766,3.121527891176082,1.0,31.0625,4.872681025967105,0.03923602176509433,1964.7332294327005,4014,1,walk,boundary_alpha_mid_unlisted_bsp,bsp,0.1,adaptive,8,0.015625,37,3,3,7,1.0,0.08108108108108109,1.0,3,1.0,40.545,53.13995,0,0,0,0,0.5,0.648,0.3
0.0008680555555555555,2.345395471776966,0.07112569634749927,3.55163083027104,1.0,32.104166666666664,4.898516762892428,0.07025764079194372,2345.3954717769675,4014,2,walk,boundary_alpha_mid_unlisted_bsp,bsp,0.1,adaptive,8,0.015625,35,2,1,6,0.5,0.02857142857142857,0.5,1,1.0,40.215,45.3555,0,2,2,0,0.5,0.648,0.3
0.1057595486111111,1.8639582188324935,0.06393110844562418,3.1255536193668068,1.0,34.020833333333336,4.970551867049992,0.05031623570813245,1863.958218832494,4014,3,walk,boundary_alpha_mid_unlisted_bsp,bsp,0.1,adaptive,8,0.015625,32,8,4,10,0.5,0.125,0.4,4,1.0,41.0055,53.58324999999999,0,2,2,0,0.5,0.648,0.3
0.21215587797619048,2.2911228939539265,0.04088964312153424,3.4993163397379727,1.0,43.916666666666664,5.423250529483002,0.17126623485465622,2291.1228939539265,4015,0,walk,boundary_alpha_mid_unlisted_bsp,bsp,0.1,adaptive,8,0.015625,39,6,3,5,0.5,0.07692307692307693,0.75,3,1.0,40.7,52.96639999999999,0,0,0,0,0.5,0.648,0.3
0.0005208333333333333,3.9839929955886273,0.0483162763014604,4.220290699876134,0.9166666666666666,45.75,5.430202406319991,0.047795442968127065,3983.9929955886255,4015,1,walk,boundary_alpha_mid_unlisted_bsp,bsp,0.1,adaptive,8,0.015625,34,1,0,3,0.0,0.0,0.0,0,1.0,41.091,59.0913,0,0,0,0,0.5,0.648,0.3
0.07465277777777778,2.38973167018843,0.0644660036944001,3.3818954928971396,1.0,42.416666666666664,5.260650417921823,0.010186774083377675,2389.7316701884292,4015,2,walk,boundary_alpha_mid_unlisted_bsp,bsp,0.1,adaptive,8,0.015625,40,6,3,3,0.5,0.075,0.75,3,1.0,40.329499999999996,47.294999999999995,0,0,0,0,0.5,0.648,0.3
0.08289930555555555,2.4430083101144358,0.05865514060983254,3.0334407161431187,0.9791666666666666,28.625,4.81107507149056,0.024244164945723012,2443.008310114436,4015,3,walk,boundary_alpha_mid_unlisted_bsp,bsp,0.1,adaptive,8,0.015625,37,1,0,2,0.0,0.0,0.0,0,1.0,41.001,51.512299999999996,0,0,0,0,0.5,0.648,0.3
0.07039930555555556,2.2194349384359024,0.04603143632993446,3.3323331958005338,0.875,43.0625,5.348955964525057,0.02436786922562109,2219.4349384359016,4016,0,walk,boundary_alpha_mid_unlisted_bsp,bsp,0.1,adaptive,8,0.015625,39,0,0,1,nan,0.0,nan,0,1.0,41.036,50.0593,0,0,0,0,0.5,0.648,0.3
0.01812065972222222,3.1952795024952803,0.07064320164871325,3.120134296887308,1.0,26.979166666666668,4.743890871223418,0.052522541926491036,3195.2795024952798,4016,1,walk,boundary_alpha_mid_unlisted_bsp,bsp,0.1,adaptive,8,0.015625,34,0,0,4,nan,0.0,nan,0,1.0,40.545,45.77415,0,0,0,0,0.5,0.648,0.3
0.02322193287037037,3.334081947555584,0.05468332987608068,4.070463485169458,0.8958333333333334,40.208333333333336,5.275043975430765,0.031461397005710316,3334.081947555582,4016,2,walk,boundary_alpha_mid_unlisted_bsp,bsp,0.1,adaptive,8,0.015625,35,4,4,7,1.0,0.11428571428571428,1.0,4,1.0,40.8955,46.80544999999999,0,1,1,0,0.5,0.648,0.3
0.002495659722222222,3.227627443643936,0.03992689713006397,3.827966217147585,1.0,52.25,5.625820066237973,0.037431237407841746,3227.6274436439357,4016,3,walk,boundary_alpha_mid_unlisted_bsp,bsp,0.1,adaptive,8,0.015625,43,4,1,2,0.25,0.023255813953488372,0.25,1,1.0,40.81,51.56245,0,0,0,0,0.5,0.648,0.3
0.12608506944444445,2.1992046801565803,0.06309935234802655,3.0438663667409163,1.0,34.208333333333336,4.944141085506942,0.06298571709641788,2199.2046801565807,4017,0,walk,boundary_alpha_mid_unlisted_bsp,bsp,0.1,adaptive,8,0.015625,32,0,0,4,nan,0.0,nan,0,1.0,41.3165,50.10765,0,0,0,0,0.5,0.648,0.3
0.011588541666666665,2.180311312535328,0.057871072677804704,3.352434065393465,1.0,37.645833333333336,5.110513028928515,0.04628253101113803,2180.3113125353316,4017,1,walk,boundary_alpha_mid_unlisted_bsp,bsp,0.1,adaptive,8,0.015625,34,1,0,4,0.0,0.0,0.0,0,1.0,41.346000000000004,53.34544999999999,0,1,1,0,0.5,0.648,0.3
0.011263020833333333,2.0773841357614766,0.07682068037514696,3.0346073335217656,1.0,28.25,4.69365998473506,0.06555765954181363,2077.3841357614774,4017,2,walk,boundary_alpha_mid_unlisted_bsp,bsp,0.1,adaptive,8,0.015625,26,2,1,9,0.5,0.038461538461538464,0.5,1,1.0,40.305,53.788249999999984,0,3,5,0,0.5,0.648,0.3
0.042643229166666664,2.7615225903068708,0.07540229695728479,3.67261216101376,0.8125,30.458333333333332,4.7845726631642025,0.03275906779061811,2761.52259030687,4017,3,walk,boundary_alpha_mid_unlisted_bsp,bsp,0.1,adaptive,8,0.015625,31,0,0,7,nan,0.0,nan,0,1.0,40.725,52.86019999999999,0,1,2,0,0.5,0.648,0.3
0.0010127314814814814,2.37708129833491,0.0636018535152829,3.169797857079945,1.0,28.979166666666668,4.745876530183846,0.06258912203380142,2377.081298334909,4018,0,walk,boundary_alpha_mid_unlisted_bsp,bsp,0.1,adaptive,8,0.015625,35,2,1,6,0.5,0.02857142857142857,0.5,1,1.0,40.9555,48.865249999999996,0,0,0,0,0.5,0.648,0.3
0.003472222222222222,2.84587398668369,0.06403532612749684,3.258852200263196,1.0,33.583333333333336,4.938356603990562,0.06056310390527463,2845.873986683688,4018,1,walk,boundary_alpha_mid_unlisted_bsp,bsp,0.1,adaptive,8,0.015625,37,1,1,5,1.0,0.02702702702702703,1.0,1,1.0,40.7505,60.801599999999965,0,1,2,0,0.5,0.648,0.3
0.0019314236111111112,3.4789808928678005,0.05660392704944103,4.000039065581487,0.9375,40.666666666666664,5.307904769764538,0.05467250343832992,3478.980892867803,4018,2,walk,boundary_alpha_mid_unlisted_bsp,bsp,0.1,adaptive,8,0.015625,39,5,3,3,0.6,0.07692307692307693,0.6666666666666666,3,1.0,40.836,47.804,0,0,0,0,0.5,0.648,0.3
0.0036675347222222218,4.3044951950382595,0.0712527267062104,3.9024704560639996,0.8125,30.645833333333332,4.8752540402424875,0.06758519198398817,4304.495195038265,4018,3,walk,boundary_alpha_mid_unlisted_bsp,bsp,0.1,adaptive,8,0.015625,37,3,1,4,0.3333333333333333,0.02702702702702703,0.5,1,1.0,40.89,44.431,0,0,0,0,0.5,0.648,0.3
0.1277126736111111,1.6218170295445722,0.0757682523176594,2.788596176540049,1.0,27.791666666666668,4.688885959656838,0.05613928334734766,1621.8170295445725,4019,0,walk,boundary_alpha_mid_unlisted_bsp,bsp,0.1,adaptive,8,0.015625,38,2,2,6,1.0,0.05263157894736842,1.0,2,1.0,40.299499999999995,53.16154999999999,0,1,1,0,0.5,0.648,0.3
0.08439980158730159,1.6910536457837788,0.06693451889477853,3.019419685962884,1.0,33.5,4.904742321539192,0.017465282692523065,1691.0536457837788,4019,1,walk,boundary_alpha_mid_unlisted_bsp,bsp,0.1,adaptive,8,0.015625,34,7,2,5,0.2857142857142857,0.058823529411764705,1.0,2,1.0,40.29,58.133,0,0,0,0,0.5,0.648,0.3
0.3970052083333333,1.32104597594188,0.06989666186087973,2.8421291240605835,1.0,31.0625,4.78082170909522,0.32710854647245363,1321.04597594188,4019,2,walk,boundary_alpha_mid_unlisted_bsp,bsp,0.1,adaptive,8,0.015625,35,2,1,9,0.5,0.02857142857142857,0.5,1,1.0,40.3445,53.051799999999986,0,5,12,0,0.5,0.648,0.3
0.1669921875,2.662927226539146,0.06418791427835911,3.4371164151774516,0.9583333333333334,36.5625,5.026424775299623,0.12519538186492735,2662.9272265391455,4019,3,walk,boundary_alpha_mid_unlisted_bsp,bsp,0.1,adaptive,8,0.015625,34,3,2,7,0.6666666666666666,0.058823529411764705,0.5,2,1.0,41.01,49.46465,0,3,5,0,0.5,0.648,0.3
0.023524305555555555,2.3526972341103174,0.045511802055201424,3.2922515235868968,1.0,40.541666666666664,5.285389625877408,0.021987496499645872,2352.697234110318,4000,0,walk,boundary_alpha_mid_unlisted_rbsp,rbsp,0.1,adaptive,8,0.015625,35,5,2,5,0.4,0.05714285714285714,0.3333333333333333,2,1.0,345.096,367.27065,0,0,0,9,0.5,0.648,0.3
0.0023654513888888887,1.7678893291114433,0.059323396954939246,3.08967767330855,1.0,32.895833333333336,4.978739946362489,0.05695794556605036,1767.8893291114448,4000,1,walk,boundary_alpha_mid_unlisted_rbsp,rbsp,0.1,adaptive,8,0.015625,34,2,1,6,0.5,0.029411764705882353,0.5,1,1.0,345.20050000000003,388.246,0,0,0,9,0.5,0.648,0.3
0.029947916666666668,3.613735006600402,0.03262560914490554,4.291612554411351,0.8125,48.208333333333336,5.587133598223379,0.0026776924782388745,3613.7350066004037,4000,2,walk,boundary_alpha_mid_unlisted_rbsp,rbsp,0.1,adaptive,8,0.015625,39,1,0,2,0.0,0.0,0.0,0,1.0,343.2135,364.1257,0,0,0,9,0.5,0.648,0.3
0.0020616319444444445,5.180699227269912,0.05158105799006498,3.5897730993546815,1.0,35.8125,5.180350852806056,0.04951942604562053,5180.699227269912,4000,3,walk,boundary_alpha_mid_unlisted_rbsp,rbsp,0.1,adaptive,8,0.015625,39,2,1,5,0.5,0.02564102564102564,0.5,1,1.0,344.61,365.49375,0,0,0,9,0.5,0.648,0.3
0.000759548611111111,3.8498301503924046,0.035105760036444875,3.6954957495655605,1.0,46.0625,5.533895425402046,0.03434621142533376,3849.8301503924035,4001,0,walk,boundary_alpha_mid_unlisted_rbsp,rbsp,0.1,adaptive,8,0.015625,41,2,1,2,0.5,0.024390243902439025,0.5,1,1.0,343.053,374.2546,0,0,0,9,0.5,0.648,0.3
0.03046875,3.243104425732584,0.03326413098115998,4.072658688271065,0.8125,45.416666666666664,5.504316251649403,0.0027953809811599867,3243.1044257325825,4001,1,walk,boundary_alpha_mid_unlisted_rbsp,rbsp,0.1,adaptive,8,0.015625,32,0,0,1,nan,0.0,nan,0,1.0,345.561,388.5156,0,0,0,9,0.5,0.648,0.3
0.001519097222222222,4.642117475662211,0.044609027991641154,3.525933831925913,1.0,33.395833333333336,5.1219496576116965,0.04308993076941894,4642.117475662207,4001,2,walk,boundary_alpha_mid_unlisted_rbsp,rbsp,0.1,adaptive,8,0.015625,37,4,0,5,0.0,0.0,0.0,0,1.0,341.786,362.789,0,0,0,9,0.5,0.648,0.3
0.005295138888888888,2.9559399017480135,0.06439437285026144,3.068086589562616,1.0,27.833333333333332,4.736518620727079,0.059099233961372545,2955.9399017480137,4001,3,walk,boundary_alpha_mid_unlisted_rbsp,rbsp,0.1,adaptive,8,0.015625,38,4,2,8,0.5,0.05263157894736842,0.6666666666666666,2,1.0,347.31899999999996,374.59195,0,0,0,9,0.5,0.648,0.3
0.13444010416666666,2.1837602628093387,0.04149494647909208,3.4259446646761247,1.0,44.041666666666664,5.45966832597668,0.09294515768757457,2183.76026280934,4002,0,walk,boundary_alpha_mid_unlisted_rbsp,rbsp,0.1,adaptive,8,0.015625,37,3,2,3,0.6666666666666666,0.05405405405405406,0.5,2,1.0,348.3355,369.72045,0,0,0,9,0.5,0.648,0.3
0.011263020833333333,5.603850726035131,0.06011126955721032,3.471765721769494,0.9375,27.9375,4.785740352462713,0.04884824872387699,5603.8507260351325,4002,1,walk,boundary_alpha_mid_unlisted_rbsp,rbsp,0.1,adaptive,8,0.015625,31,0,0,8,nan,0.0,nan,0,1.0,348.025,376.07005,0,0,0,9,0.5,0.648,0.3
0.021571180555555555,2.7795778968548173,0.03140484133299238,3.804129135796831,0.9791666666666666,45.708333333333336,5.508070128404931,0.009833660777436826,2779.5778968548184,4002,2,walk,boundary_alpha_mid_unlisted_rbsp,rbsp,0.1,adaptive,8,0.015625,36,3,2,7,0.6666666666666666,0.05555555555555555,0.6666666666666666,2,1.0,344.004,374.05615,0,0,0,9,0.5,0.648,0.3
0.006271701388888888,3.6562201368596274,0.05700833160139979,3.3542194000974264,0.9375,30.854166666666668,4.85292189192469,0.0507366302125109,3656.22013685963,4002,3,walk,boundary_alpha_mid_unlisted_rbsp,rbsp,0.1,adaptive,8,0.015625,32,1,1,8,1.0,0.03125,1.0,1,1.0,344.40999999999997,375.0618,0,0,0,9,0.5,0.648,0.3
0.0021701388888888886,2.443917730720917,0.07799725425255154,2.955641066961997,1.0,23.208333333333332,4.515537283090527,0.07582711536366266,2443.917730720919,4003,0,walk,boundary_alpha_mid_unlisted_rbsp,rbsp,0.1,adaptive,8,0.015625,35,2,2,8,1.0,0.05714285714285714,1.0,2,1.0,345.2515,366.46365,0,0,0,9,0.5,0.648,0.3
0.0006510416666666666,2.8699213195146314,0.05872504711960916,3.2715528182665374,1.0,34.208333333333336,5.012065594671867,0.058074005452942494,2869.9213195146313,4003,1,walk,boundary_alpha_mid_unlisted_rbsp,rbsp,0.1,adaptive,8,0.015625,38,3,1,4,0.3333333333333333,0.02631578947368421,0.5,1,1.0,343.509,373.19865,0,0,0,9,0.5,0.648,0.3
0.0003720238095238095,5.328995854798083,0.05460129733442696,4.083292335934872,0.7916666666666666,28.770833333333332,4.8774566640945185,0.05422927352490315,5328.995854798081,4003,2,walk,boundary_alpha_mid_unlisted_rbsp,rbsp,0.1,adaptive,8,0.015625,33,4,2,6,0.5,0.06060606060606061,0.3333333333333333,2,1.0,343.9395,369.4302,0,0,0,9,0.5,0.648,0.3
0.014322916666666666,3.2944230131718655,0.035848923674390416,4.411951778808065,0.7916666666666666,43.75,5.4535696932728435,0.02152600700772375,3294.423013171865,4003,3,walk,boundary_alpha_mid_unlisted_rbsp,rbsp,0.1,adaptive,8,0.015625,36,4,0,4,0.0,0.0,0.0,0,1.0,345.036,375.33475,0,0,0,9,0.5,0.648,0.3
0.08422309027777779,4.449279100010966,0.06466453441509168,2.999415477851931,1.0,27.583333333333332,4.686517615308898,0.019558555862686105,4449.279100010967,4004,0,walk,boundary_alpha_mid_unlisted_rbsp,rbsp,0.1,adaptive,8,0.015625,33,2,0,7,0.0,0.0,0.0,0,1.0,348.56600000000003,372.2845,0,0,0,9,0.5,0.648,0.3
0.44344618055555557,1.131671194387174,0.054945704967359066,3.0057529330972383,1.0,31.9375,4.958046308135215,0.38850047558819645,1131.671194387174,4004,1,walk,boundary_alpha_mid_unlisted_rbsp,rbsp,0.1,adaptive,8,0.015625,34,2,0,6,0.0,0.0,0.0,0,1.0,346.613,394.7356,0,0,0,9,0.5,0.648,0.3
0.0,1.9599110409290015,0.04231142723299938,3.360602630030533,1.0,36.5625,5.232704497642783,0.04231142723299938,1959.911040929,4004,2,walk,boundary_alpha_mid_unlisted_rbsp,rbsp,0.1,adaptive,8,0.015625,38,2,1,8,0.5,0.02631578947368421,0.5,1,1.0,349.36199999999997,379.50079999999997,0,0,0,9,0.5,0.648,0.3
0.023025173611111113,2.9602622745338625,0.04572994469040798,3.354945919185463,1.0,38.458333333333336,5.2491578765184865,0.022704771079296873,2960.2622745338626,4004,3,walk,boundary_alpha_mid_unlisted_rbsp,rbsp,0.1,adaptive,8,0.015625,36,5,3,6,0.6,0.08333333333333333,0.75,3,1.0,343.729,397.16465,0,0,0,9,0.5,0.648,0.3
0.0009548611111111112,6.190449040730621,0.04381217521217106,5.133461292595996,0.6458333333333334,45.020833333333336,5.490354352701246,0.042857314101059946,6190.449040730621,4005,0,walk,boundary_alpha_mid_unlisted_rbsp,rbsp,0.1,adaptive,8,0.015625,36,5,2,4,0.4,0.05555555555555555,0.5,2,1.0,346.453,387.7614,0,0,0,9,0.5,0.648,0.3
0.01328125,2.751317688587349,0.06825575086771085,3.427514979133429,1.0,27.208333333333332,4.727780026123795,0.05497450086771085,2751.3176885873495,4005,1,walk,boundary_alpha_mid_unlisted_rbsp,rbsp,0.1,adaptive,8,0.015625,34,5,2,9,0.4,0.058823529411764705,0.5,2,1.0,346.1125,394.87964999999997,0,0,0,9,0.5,0.648,0.3
0.13658854166666667,2.9238988242944592,0.032302461677751616,3.596034485970309,1.0,46.25,5.555847833182444,0.10428607998891505,2923.8988242944592,4005,2,walk,boundary_alpha_mid_unlisted_rbsp,rbsp,0.1,adaptive,8,0.015625,37,3,0,1,0.0,0.0,0.0,0,1.0,344.701,364.45779999999996,0,0,0,9,0.5,0.648,0.3
0.0003255208333333333,4.816897032314006,0.04646363629800589,3.958240409459208,0.9791666666666666,39.979166666666664,5.285198238863987,0.04613811546467256,4816.897032314008,4005,3,walk,boundary_alpha_mid_unlisted_rbsp,rbsp,0.1,adaptive,8,0.015625,36,1,0,5,0.0,0.0,0.0,0,1.0,347.47950000000003,368.5209,0,0,0,9,0.5,0.648,0.3
0.01714409722222222,3.6622264757557943,0.0671428667795335,3.5220379268159143,1.0,29.729166666666668,4.778857320424615,0.04999876955731128,3662.226475755795,4006,0,walk,boundary_alpha_mid_unlisted_rbsp,rbsp,0.1,adaptive,8,0.015625,39,4,1,6,0.25,0.02564102564102564,0.3333333333333333,1,1.0,344.5355,374.3173,0,0,0,9,0.5,0.648,0.3
0.0,5.786393009472552,0.04813232261539999,3.774191073993682,1.0,38.354166666666664,5.216338762616149,0.04813232261539999,5786.39300947255,4006,1,walk,boundary_alpha_mid_unlisted_rbsp,rbsp,0.1,adaptive,8,0.015625,33,3,0,7,0.0,0.0,0.0,0,1.0,348.91700000000003,391.6393,0,0,0,9,0.5,0.648,0.3
0.0011935763888888888,6.04693709549062,0.052441076493476534,4.500237730175718,0.5416666666666666,34.166666666666664,5.134460989614323,0.051247500104587645,6046.937095490615,4006,2,walk,boundary_alpha_mid_unlisted_rbsp,rbsp,0.1,adaptive,8,0.015625,33,4,3,7,0.75,0.09090909090909091,0.75,3,1.0,346.7335,377.08455,0,0,0,9,0.5,0.648,0.3
0.0026041666666666665,4.651798503858066,0.04102220715576773,4.026352426083015,0.9583333333333334,39.4375,5.278406945382715,0.03841804048910106,4651.798503858064,4006,3,walk,boundary_alpha_mid_unlisted_rbsp,rbsp,0.1,adaptive,8,0.015625,33,2,1,5,0.5,0.030303030303030304,0.5,1,1.0,347.1995,392.98665,0,0,0,9,0.5,0.648,0.3
0.0059244791666666664,3.5159080508459586,0.05188888396471276,3.838622754399649,1.0,36.0625,5.14811441743301,0.045964404798046095,3515.9080508459588,4007,0,walk,boundary_alpha_mid_unlisted_rbsp,rbsp,0.1,adaptive,8,0.015625,34,2,0,5,0.0,0.0,0.0,0,1.0,349.97400000000005,396.21965,0,0,0,9,0.5,0.648,0.3
0.0216796875,2.4896790375232114,0.04222208663013599,3.4627000559575696,1.0,39.645833333333336,5.309225287547841,0.02054239913013599,2489.6790375232126,4007,1,walk,boundary_alpha_mid_unlisted_rbsp,rbsp,0.1,adaptive,8,0.015625,39,7,3,6,0.42857142857142855,0.07692307692307693,0.3333333333333333,3,1.0,351.37,392.15605,0,0,0,9,0.5,0.648,0.3
0.019401041666666667,3.394764752603033,0.03663736372880221,3.725761645829426,0.9166666666666666,42.125,5.3937652112772545,0.01723632206213555,3394.7647526030337,4007,2,walk,boundary_alpha_mid_unlisted_rbsp,rbsp,0.1,adaptive,8,0.015625,34,6,2,7,0.3333333333333333,0.058823529411764705,0.5,2,1.0,352.0725,397.10934999999995,0,0,0,9,0.5,0.648,0.3
0.0018229166666666665,3.5277895667208394,0.03582184471807549,3.6811820839240608,1.0,50.395833333333336,5.64151012347902,0.033998928051408826,3527.7895667208413,4007,3,walk,boundary_alpha_mid_unlisted_rbsp,rbsp,0.1,adaptive,8,0.015625,36,2,0,3,0.0,0.0,0.0,0,1.0,349.1675,383.34775,0,0,0,9,0.5,0.648,0.3
0.0023654513888888887,3.4150826980377755,0.030165381595028472,4.13660498544125,0.9375,50.375,5.697495721473071,0.02779993020613958,3415.0826980377774,4008,0,walk,boundary_alpha_mid_unlisted_rbsp,rbsp,0.1,adaptive,8,0.015625,36,3,2,4,0.6666666666666666,0.05555555555555555,1.0,2,1.0,348.4065,375.52845,0,0,0,9,0.5,0.648,0.3
0.003472222222222222,4.727848255501986,0.058870701699323486,3.8810383850980723,0.9375,31.708333333333332,4.950064681497611,0.05539847947710127,4727.848255501984,4008,1,walk,boundary_alpha_mid_unlisted_rbsp,rbsp,0.1,adaptive,8,0.015625,39,5,2,7,0.4,0.05128205128205128,0.3333333333333333,2,1.0,349.578,409.1613,0,0,0,9,0.5,0.648,0.3
0.12706163194444445,2.6162096056090647,0.029828330796792705,3.6237047164432745,1.0,49.9375,5.66228071122072,0.09723330114765173,2616.2096056090654,4008,2,walk,boundary_alpha_mid_unlisted_rbsp,rbsp,0.1,adaptive,8,0.015625,41,3,0,4,0.0,0.0,0.0,0,1.0,349.037,386.2862,0,0,0,9,0.5,0.648,0.3
0.0033420138888888887,5.242272020370641,0.024776193581695725,4.278213709623796,0.8958333333333334,58.145833333333336,5.906374554490878,0.021434179692806837,5242.272020370636,4008,3,walk,boundary_alpha_mid_unlisted_rbsp,rbsp,0.1,adaptive,8,0.015625,36,4,0,0,0.0,0.0,0.0,0,nan,346.94449999999995,396.7374,0,0,0,9,0.5,0.648,0.3
0.015950520833333332,3.471411848337978,0.039266137742953316,3.684031537290814,0.9791666666666666,39.375,5.30040703913709,0.023315616909619984,3471.411848337979,4009,0,walk,boundary_alpha_mid_unlisted_rbsp,rbsp,0.1,adaptive,8,0.015625,37,2,0,4,0.0,0.0,0.0,0,1.0,347.7505,393.54495000000003,0,0,0,9,0.5,0.648,0.3
0.027307581018518517,2.238685118830642,0.04009871582265172,3.5095301338948612,0.9791666666666666,42.625,5.424566237224628,0.0127911348041332,2238.6851188306423,4009,1,walk,boundary_alpha_mid_unlisted_rbsp,rbsp,0.1,adaptive,8,0.015625,34,6,3,7,0.5,0.08823529411764706,0.6666666666666666,3,1.0,349.373,406.13439999999997,0,0,0,9,0.5,0.648,0.3
0.031011284722222223,2.7974902230452776,0.035797648985375435,3.6745872406635436,1.0,43.8125,5.435452300430629,0.004786364263153213,2797.490223045277,4009,2,walk,boundary_alpha_mid_unlisted_rbsp,rbsp,0.1,adaptive,8,0.015625,33,5,2,6,0.4,0.06060606060606061,0.6666666666666666,2,1.0,345.84749999999997,369.7176,0,0,0,9,0.5,0.648,0.3
0.004427083333333333,3.1818214779083225,0.06433851874255765,3.3983330503069644,0.9791666666666666,30.458333333333332,4.860375763796952,0.05991143540922433,3181.8214779083214,4009,3,walk,boundary_alpha_mid_unlisted_rbsp,rbsp,0.1,adaptive,8,0.015625,38,3,3,8,1.0,0.07894736842105263,1.0,3,1.0,345.3015,373.2696,0,0,0,9,0.5,0.648,0.3
0.024088541666666668,3.512174357306783,0.04017497115582689,3.7386641023808522,0.9791666666666666,41.333333333333336,5.363133567275953,0.016086429489160222,3512.1743573067815,4010,0,walk,boundary_alpha_mid_unlisted_rbsp,rbsp,0.1,adaptive,8,0.015625,42,1,0,2,0.0,0.0,0.0,0,1.0,345.0155,388.954,0,0,0,9,0.5,0.648,0.3
0.12879774305555555,1.1016832937096102,0.05958174015437782,2.9033326039663154,1.0,29.708333333333332,4.86873138710682,0.06921600290117774,1101.68329370961,4010,1,walk,boundary_alpha_mid_unlisted_rbsp,rbsp,0.1,adaptive,8,0.015625,41,3,2,6,0.6666666666666666,0.04878048780487805,0.5,2,1.0,347.3145,391.9314,0,0,0,9,0.5,0.648,0.3
0.04186197916666667,2.423390505598487,0.03499916319806142,3.5272115941935778,1.0,42.416666666666664,5.40028791122264,0.0068628159686052416,2423.3905055984874,4010,2,walk,boundary_alpha_mid_unlisted_rbsp,rbsp,0.1,adaptive,8,0.015625,39,5,1,5,0.2,0.02564102564102564,0.25,1,1.0,346.27750000000003,393.5951,0,0,0,9,0.5,0.648,0.3
0.0,4.557391694331341,0.05326451329153253,4.22561180883443,0.8333333333333334,36.333333333333336,5.0964236985992315,0.05326451329153253,4557.391694331339,4010,3,walk,boundary_alpha_mid_unlisted_rbsp,rbsp,0.1,adaptive,8,0.015625,33,2,0,4,0.0,0.0,0.0,0,1.0,352.52750000000003,401.07075000000003,0,0,0,9,0.5,0.648,0.3
0.0005208333333333333,3.813565976862028,0.03641262959735448,3.8100424669285613,1.0,45.520833333333336,5.518861225739787,0.03589179626402115,3813.5659768620294,4011,0,walk,boundary_alpha_mid_unlisted_rbsp,rbsp,0.1,adaptive,8,0.015625,35,2,0,5,0.0,0.0,0.0,0,1.0,348.6415,394.743,0,0,0,9,0.5,0.648,0.3
0.1675347222222222,1.9677337458239788,0.06299312789253902,3.0268659965484725,1.0,34.791666666666664,4.907207213486722,0.10454159432968319,1967.7337458239797,4011,1,walk,boundary_alpha_mid_unlisted_rbsp,rbsp,0.1,adaptive,8,0.015625,38,0,0,7,nan,0.0,nan,0,1.0,348.30150000000003,400.82385,0,0,0,9,0.5,0.648,0.3
0.005729166666666667,2.2641656347254115,0.0384370633241538,3.531949790365229,1.0,45.020833333333336,5.506231615668121,0.032707896657487134,2264.1656347254116,4011,2,walk,boundary_alpha_mid_unlisted_rbsp,rbsp,0.1,adaptive,8,0.015625,34,4,1,2,0.25,0.029411764705882353,0.25,1,1.0,348.717,380.705,0,0,0,9,0.5,0.648,0.3
0.0033420138888888887,4.109885688880481,0.03784399821519348,3.8178713709532874,1.0,46.541666666666664,5.560403611166315,0.03450198432630459,4109.885688880483,4011,3,walk,boundary_alpha_mid_unlisted_rbsp,rbsp,0.1,adaptive,8,0.015625,34,2,0,4,0.0,0.0,0.0,0,1.0,349.052,399.38759999999996,0,0,0,9,0.5,0.648,0.3
0.017122395833333335,6.444029292546687,0.03416701142308312,4.007842859929635,0.875,50.208333333333336,5.685808693015541,0.017044615589749786,6444.029292546685,4012,0,walk,boundary_alpha_mid_unlisted_rbsp,rbsp,0.1,adaptive,8,0.015625,33,3,2,5,0.6666666666666666,0.06060606060606061,0.6666666666666666,2,1.0,348.7165,372.2813,0,0,0,9,0.5,0.648,0.3
0.043185763888888895,2.1247112641808514,0.031978517041875286,3.6744470587572233,1.0,56.104166666666664,5.8450088458485,0.01120724684701361,2124.711264180852,4012,1,walk,boundary_alpha_mid_unlisted_rbsp,rbsp,0.1,adaptive,8,0.015625,35,3,1,2,0.3333333333333333,0.02857142857142857,0.5,1,1.0,349.1375,382.85725,0,0,0,9,0.5,0.648,0.3
0.012369791666666666,4.0169405992401295,0.03782306812940272,3.833992385463239,1.0,40.916666666666664,5.292937220010619,0.025453276462736055,4016.940599240132,4012,2,walk,boundary_alpha_mid_unlisted_rbsp,rbsp,0.1,adaptive,8,0.015625,36,2,0,2,0.0,0.0,0.0,0,1.0,349.60249999999996,390.76365,0,0,0,9,0.5,0.648,0.3
0.0014105902777777778,3.6007426445321227,0.034478434600016615,3.916775145851938,1.0,53.416666666666664,5.752328821325448,0.03306784432223884,3600.7426445321216,4012,3,walk,boundary_alpha_mid_unlisted_rbsp,rbsp,0.1,adaptive,8,0.015625,36,3,2,4,0.6666666666666666,0.05555555555555555,0.6666666666666666,2,1.0,351.9465,402.85765,0,0,0,9,0.5,0.648,0.3
0.18867187500000002,3.264558004767867,0.06344495508610841,3.2839532208118354,1.0,31.6875,4.866093311399659,0.1252269199138916,3264.5580047678673,4013,0,walk,boundary_alpha_mid_unlisted_rbsp,rbsp,0.1,adaptive,8,0.015625,39,2,2,6,1.0,0.05128205128205128,1.0,2,1.0,349.999,393.1757,0,0,0,9,0.5,0.648,0.3
0.08515625,4.3488499916478895,0.03228384561595915,3.689298923151679,1.0,48.166666666666664,5.659527096326638,0.05287240438404086,4348.8499916478895,4013,1,walk,boundary_alpha_mid_unlisted_rbsp,rbsp,0.1,adaptive,8,0.015625,30,1,0,4,0.0,0.0,0.0,0,1.0,350.8195,390.19390000000004,0,0,0,9,0.5,0.648,0.3
0.08385416666666667,2.647010414591651,0.038702358724956885,3.636585474207625,0.9583333333333334,44.604166666666664,5.491379105458045,0.04515180794170979,2647.0104145916525,4013,2,walk,boundary_alpha_mid_unlisted_rbsp,rbsp,0.1,adaptive,8,0.015625,37,4,1,5,0.25,0.02702702702702703,0.25,1,1.0,346.57849999999996,391.2448,0,0,0,9,0.5,0.648,0.3
0.0006510416666666666,4.785343714422688,0.043993953452156696,4.103352327302431,0.9583333333333334,42.833333333333336,5.416164172476578,0.043342911785490025,4785.343714422687,4013,3,walk,boundary_alpha_mid_unlisted_rbsp,rbsp,0.1,adaptive,8,0.015625,36,2,1,4,0.5,0.027777777777777776,0.5,1,1.0,349.278,395.06565,0,0,0,9,0.5,0.648,0.3
0.0003720238095238095,5.687794079993716,0.04738380056787265,3.5681295842932386,1.0,35.354166666666664,5.148292357814138,0.04701177675834884,5687.794079993716,4014,0,walk,boundary_alpha_mid_unlisted_rbsp,rbsp,0.1,adaptive,8,0.015625,39,6,2,4,0.3333333333333333,0.05128205128205128,0.6666666666666666,2,1.0,346.6835,389.40125,0,0,0,9,0.5,0.648,0.3
0.001171875,2.554972085953059,0.05208547507523264,3.381976544277695,1.0,35.895833333333336,5.1233962836651985,0.050913600075232636,2554.97208595306,4014,1,walk,boundary_alpha_mid_unlisted_rbsp,rbsp,0.1,adaptive,8,0.015625,37,3,3,7,1.0,0.08108108108108109,1.0,3,1.0,348.42150000000004,385.4298,0,0,0,9,0.5,0.648,0.3
0.02170138888888889,2.6443921359245475,0.051881284810415686,3.2994349849370845,1.0,35.895833333333336,5.192509117335908,0.030179895921526798,2644.3921359245483,4014,2,walk,boundary_alpha_mid_unlisted_rbsp,rbsp,0.1,adaptive,8,0.015625,35,2,1,6,0.5,0.02857142857142857,0.5,1,1.0,347.3345,381.05314999999996,0,0,0,9,0.5,0.648,0.3
0.0015928819444444443,5.329864529907017,0.03661105896954659,4.17542347930154,0.9166666666666666,44.375,5.5340053769038136,0.03501817702510215,5329.864529907016,4014,3,walk,boundary_alpha_mid_unlisted_rbsp,rbsp,0.1,adaptive,8,0.015625,32,8,2,7,0.25,0.0625,0.2,2,1.0,346.754,387.97465,0,0,0,9,0.5,0.648,0.3
0.0038225446428571427,4.093461433293757,0.028363226841352996,3.8360963949803746,1.0,51.916666666666664,5.735519878266707,0.024540682198495853,4093.461433293758,4015,0,walk,boundary_alpha_mid_unlisted_rbsp,rbsp,0.1,adaptive,8,0.015625,39,6,1,3,0.16666666666666666,0.02564102564102564,0.25,1,1.0,346.774,367.87275,0,0,0,9,0.5,0.648,0.3
0.021354166666666664,2.9623514918954457,0.027886479151832042,3.7779411835514716,1.0,52.916666666666664,5.775516202024391,0.0065323124851653785,2962.3514918954475,4015,1,walk,boundary_alpha_mid_unlisted_rbsp,rbsp,0.1,adaptive,8,0.015625,34,1,0,1,0.0,0.0,0.0,0,1.0,351.861,402.77819999999997,0,0,0,9,0.5,0.648,0.3
0.012152777777777776,4.74963970447831,0.035460226170914294,3.6806284984670303,1.0,54.729166666666664,5.770131015467609,0.023307448393136518,4749.63970447831,4015,2,walk,boundary_alpha_mid_unlisted_rbsp,rbsp,0.1,adaptive,8,0.015625,40,6,1,1,0.16666666666666666,0.025,0.25,1,1.0,349.222,396.12095,0,0,0,9,0.5,0.648,0.3
0.022135416666666668,2.2187838732180913,0.07506219878850341,2.845307548414965,0.9791666666666666,24.625,4.594224201388751,0.05292678212183675,2218.7838732180926,4015,3,walk,boundary_alpha_mid_unlisted_rbsp,rbsp,0.1,adaptive,8,0.015625,37,1,0,5,0.0,0.0,0.0,0,1.0,349.3725,404.63595,0,0,0,9,0.5,0.648,0.3
0.028732638888888887,4.403284010069257,0.05787907137245408,3.753948844093823,0.8333333333333334,35.4375,4.983413733686853,0.02914643248356519,4403.2840100692565,4016,0,walk,boundary_alpha_mid_unlisted_rbsp,rbsp,0.1,adaptive,8,0.015625,39,0,0,4,nan,0.0,nan,0,1.0,351.881,702.4984999999997,0,0,0,9,0.5,0.648,0.3
0.04937065972222222,2.052940392129084,0.07625427504503866,2.863966338505437,1.0,24.770833333333332,4.580012149632022,0.02688361532281644,2052.940392129083,4016,1,walk,boundary_alpha_mid_unlisted_rbsp,rbsp,0.1,adaptive,8,0.015625,34,0,0,6,nan,0.0,nan,0,1.0,346.5635,395.38225,0,0,0,9,0.5,0.648,0.3
0.08572193287037037,2.538294408122104,0.0427680281629901,3.523795165026202,1.0,38.208333333333336,5.2758793698887,0.042953904707380273,2538.294408122104,4016,2,walk,boundary_alpha_mid_unlisted_rbsp,rbsp,0.1,adaptive,8,0.015625,35,4,1,6,0.25,0.02857142857142857,0.25,1,1.0,349.39300000000003,402.82765,0,0,0,9,0.5,0.648,0.3
0.002495659722222222,3.36779351940122,0.04566583740369385,3.7758293587022944,0.9791666666666666,43.083333333333336,5.309480353252078,0.04317017768147163,3367.793519401219,4016,3,walk,boundary_alpha_mid_unlisted_rbsp,rbsp,0.1,adaptive,8,0.015625,43,4,1,3,0.25,0.023255813953488372,0.25,1,1.0,348.842,396.94365,0,0,0,9,0.5,0.648,0.3
0.1052517361111111,4.292567338392558,0.028512974709036243,3.7971207396668576,1.0,54.4375,5.811503330642289,0.07673876140207486,4292.567338392557,4017,0,walk,boundary_alpha_mid_unlisted_rbsp,rbsp,0.1,adaptive,8,0.015625,32,0,0,3,nan,0.0,nan,0,1.0,350.91949999999997,371.72765000000004,0,0,0,9,0.5,0.648,0.3
0.017664930555555555,3.866568275023294,0.04095590312360963,3.8007673082961726,0.9166666666666666,41.958333333333336,5.353442348183125,0.02329097256805408,3866.568275023295,4017,1,walk,boundary_alpha_mid_unlisted_rbsp,rbsp,0.1,adaptive,8,0.015625,34,1,0,5,0.0,0.0,0.0,0,1.0,348.4155,388.30909999999994,0,0,0,9,0.5,0.648,0.3
0.019075520833333335,3.1240990836190643,0.04338074137937998,3.4327738587127326,1.0,35.5,5.138194696756387,0.02430522054604665,3124.099083619065,4017,2,walk,boundary_alpha_mid_unlisted_rbsp,rbsp,0.1,adaptive,8,0.015625,26,2,1,9,0.5,0.038461538461538464,0.5,1,1.0,349.25199999999995,387.51034999999996,0,0,0,9,0.5,0.648,0.3
0.06608072916666667,3.2010121036797194,0.07091590178425741,3.5836790776142027,0.7916666666666666,28.6875,4.7070535802502,0.0048351726175907455,3201.012103679719,4017,3,walk,boundary_alpha_mid_unlisted_rbsp,rbsp,0.1,adaptive,8,0.015625,31,0,0,8,nan,0.0,nan,0,1.0,348.2405,387.911,0,0,0,9,0.5,0.648,0.3
0.0010127314814814814,4.349725025117865,0.04137283614972754,3.667142349300482,0.9375,38.041666666666664,5.223809746457249,0.040360104668246057,4349.725025117867,4018,0,walk,boundary_alpha_mid_unlisted_rbsp,rbsp,0.1,adaptive,8,0.015625,35,2,1,5,0.5,0.02857142857142857,0.5,1,1.0,351.04,382.4709,0,0,0,9,0.5,0.648,0.3
0.003472222222222222,3.6415054757930765,0.04288695915209937,3.482220392243088,1.0,39.916666666666664,5.320090584250266,0.039414736929877146,3641.505475793076,4018,1,walk,boundary_alpha_mid_unlisted_rbsp,rbsp,0.1,adaptive,8,0.015625,37,1,1,6,1.0,0.02702702702702703,1.0,1,1.0,348.6165,375.601,0,0,0,9,0.5,0.648,0.3
0.0019314236111111112,3.315971222968987,0.04796763028661949,3.674106187911509,1.0,40.854166666666664,5.337322060501163,0.046036206675508375,3315.971222968989,4018,2,walk,boundary_alpha_mid_unlisted_rbsp,rbsp,0.1,adaptive,8,0.015625,39,5,2,4,0.4,0.05128205128205128,0.3333333333333333,2,1.0,347.515,375.29609999999997,0,0,0,9,0.5,0.648,0.3
0.0036675347222222218,4.3044951950382595,0.05879526374540644,3.6854949376353177,0.8125,27.895833333333332,4.795943154516444,0.05512772902318421,4304.495195038265,4018,3,walk,boundary_alpha_mid_unlisted_rbsp,rbsp,0.1,adaptive,8,0.015625,37,3,1,7,0.3333333333333333,0.02702702702702703,0.5,1,1.0,346.678,399.5504,0,0,0,9,0.5,0.648,0.3
0.1277126736111111,1.6218170295445722,0.07057699036566749,2.835850190695592,1.0,27.0625,4.694770858606867,0.05713568324544362,1621.8170295445725,4019,0,walk,boundary_alpha_mid_unlisted_rbsp,rbsp,0.1,adaptive,8,0.015625,38,2,2,7,1.0,0.05263157894736842,1.0,2,1.0,346.8035,374.5015,0,0,0,9,0.5,0.648,0.3
0.0010664682539682539,6.780098162718137,0.045931976745036546,3.948154333059481,0.875,40.3125,5.303215111111446,0.044865508491068296,6780.0981627181345,4019,1,walk,boundary_alpha_mid_unlisted_rbsp,rbsp,0.1,adaptive,8,0.015625,34,7,3,7,0.42857142857142855,0.08823529411764706,1.0,3,1.0,345.371,390.40709999999996,0,0,0,9,0.5,0.648,0.3
0.020269097222222223,5.949332202216962,0.0360431200332345,3.731190406359614,1.0,47.458333333333336,5.602052694370207,0.01577402281101228,5949.332202216962,4019,2,walk,boundary_alpha_mid_unlisted_rbsp,rbsp,0.1,adaptive,8,0.015625,35,2,1,4,0.5,0.02857142857142857,0.5,1,1.0,349.217,373.29294999999996,0,0,0,9,0.5,0.648,0.3
0.0003255208333333333,4.4704064315215275,0.056262627398757564,4.656118630674419,0.625,31.375,4.960729666712074,0.05593710656542423,4470.406431521526,4019,3,walk,boundary_alpha_mid_unlisted_rbsp,rbsp,0.1,adaptive,8,0.015625,34,3,1,5,0.3333333333333333,0.029411764705882353,0.5,1,1.0,347.2695,366.5543,0,0,0,9,0.5,0.648,0.3
0.007378472222222221,2.668865746430612,0.07690035651429282,3.2677354338207407,1.0,23.458333333333332,4.440914117071835,0.06952188429207061,2668.865746430612,4000,0,walk,boundary_alpha_outside_high_bsp,bsp,0.1,adaptive,8,0.015625,35,8,5,15,0.625,0.14285714285714285,0.8,5,1.0,40.3745,76.68599999999996,0,4,4,0,0.98,0.648,0.3
0.0166015625,1.5247029271463157,0.1018950830779712,2.670282758620008,1.0,19.354166666666668,4.20302970323829,0.08529352057797118,1524.7029271463161,4000,1,walk,boundary_alpha_outside_high_bsp,bsp,0.1,adaptive,8,0.015625,34,5,2,13,0.4,0.058823529411764705,0.3333333333333333,2,1.0,40.716,58.120149999999995,0,13,35,0,0.98,0.648,0.3
0.02365451388888889,2.49616990955566,0.10519796046556283,3.712519658005112,0.8541666666666666,25.354166666666668,4.425249857439173,0.08154344657667392,2496.1699095556605,4000,2,walk,boundary_alpha_outside_high_bsp,bsp,0.1,adaptive,8,0.015625,39,4,2,8,0.5,0.05128205128205128,0.5,2,1.0,40.56,60.6248,0,6,24,0,0.98,0.648,0.3
0.0020616319444444445,2.398178931989196,0.08634007574135831,2.923192578647253,1.0,22.958333333333332,4.436605847967075,0.08427844379691385,2398.178931989196,4000,3,walk,boundary_alpha_outside_high_bsp,bsp,0.1,adaptive,8,0.015625,39,5,4,13,0.8,0.10256410256410256,1.0,4,1.0,41.171,65.61814999999999,0,2,5,0,0.98,0.648,0.3
0.500759548611111,1.248134561786033,0.08733096739950681,2.643939824611503,1.0,25.75,4.556608413001132,0.4134285812116043,1248.1345617860331,4001,0,walk,boundary_alpha_outside_high_bsp,bsp,0.1,adaptive,8,0.015625,41,7,5,11,0.7142857142857143,0.12195121951219512,1.0,5,1.0,41.9725,62.70009999999998,0,6,18,0,0.98,0.648,0.3
0.22352430555555555,1.6389312070525497,0.12778613794909877,2.5347943356233995,1.0,22.770833333333332,4.221680502074815,0.12133429571681531,1638.9312070525502,4001,1,walk,boundary_alpha_outside_high_bsp,bsp,0.1,adaptive,8,0.015625,32,1,0,7,0.0,0.0,0.0,0,1.0,40.72,53.37215,0,13,32,0,0.98,0.648,0.3
0.024739583333333332,2.0926334558045077,0.08328027970863179,2.866814144634191,1.0,20.583333333333332,4.327448109656257,0.05854069637529846,2092.6334558045105,4001,2,walk,boundary_alpha_outside_high_bsp,bsp,0.1,adaptive,8,0.015625,37,6,4,15,0.6666666666666666,0.10810810810810811,1.0,4,1.0,41.55200000000001,60.27589999999998,0,0,0,0,0.98,0.648,0.3
0.003038194444444444,3.334192012582745,0.09871166829484034,3.1153867147001812,1.0,20.479166666666668,4.262654499111846,0.09567347385039593,3334.192012582748,4001,3,walk,boundary_alpha_outside_high_bsp,bsp,0.1,adaptive,8,0.015625,38,7,4,13,0.5714285714285714,0.10526315789473684,0.75,4,1.0,41.135999999999996,50.880449999999996,0,9,31,0,0.98,0.648,0.3
0.07194010416666667,2.0899819330574876,0.10958036831362762,3.4647758570119422,0.8125,25.166666666666668,4.403620943919184,0.054386831130485785,2089.9819330574883,4002,0,walk,boundary_alpha_outside_high_bsp,bsp,0.1,adaptive,8,0.015625,37,3,2,10,0.6666666666666666,0.05405405405405406,0.5,2,1.0,40.971000000000004,44.893449999999994,0,5,21,0,0.98,0.648,0.3
0.24641927083333334,1.806146503507662,0.08685391707143521,2.9052603326543074,0.9583333333333334,21.166666666666668,4.327222374269209,0.15956535376189812,1806.146503507662,4002,1,walk,boundary_alpha_outside_high_bsp,bsp,0.1,adaptive,8,0.015625,31,3,3,19,1.0,0.0967741935483871,1.0,3,1.0,41.025999999999996,46.4123,0,0,0,0,0.98,0.648,0.3
0.11740451388888888,1.9490853847763532,0.11557382428768398,2.81277959266661,1.0,22.854166666666668,4.318436604209588,0.10509148184479548,1949.0853847763535,4002,2,walk,boundary_alpha_outside_high_bsp,bsp,0.1,adaptive,8,0.015625,36,4,2,7,0.5,0.05555555555555555,0.5,2,1.0,40.6,50.792449999999995,0,10,21,0,0.98,0.648,0.3
0.04220920138888889,2.3733927847943184,0.09277669540554039,2.783366456148373,1.0,21.104166666666668,4.254732544588282,0.05056749401665148,2373.3927847943182,4002,3,walk,boundary_alpha_outside_high_bsp,bsp,0.1,adaptive,8,0.015625,32,1,1,14,1.0,0.03125,1.0,1,1.0,41.206,57.00915,0,5,9,0,0.98,0.648,0.3
0.018446180555555556,2.2355153204237284,0.08777750538152018,2.8468392345176308,1.0,20.020833333333332,4.300458659333383,0.06933132482596462,2235.5153204237304,4003,0,walk,boundary_alpha_outside_high_bsp,bsp,0.1,adaptive,8,0.015625,35,3,2,14,0.6666666666666666,0.05714285714285714,0.6666666666666666,2,1.0,40.555,53.37684999999999,0,3,8,0,0.98,0.648,0.3
0.04525049603174603,1.873072827381982,0.10539409367554849,3.1771669726534366,0.8958333333333334,22.791666666666668,4.362280134369605,0.07963495857576547,1873.0728273819839,4003,1,walk,boundary_alpha_outside_high_bsp,bsp,0.1,adaptive,8,0.015625,38,6,4,11,0.6666666666666666,0.10526315789473684,0.6,4,1.0,40.605000000000004,58.61815,0,9,24,0,0.98,0.648,0.3
0.08370535714285714,2.6302006822071493,0.15699603692119593,2.9889874545512183,0.9791666666666666,18.041666666666668,3.9235484694957408,0.1577733383212161,2630.2006822071503,4003,2,walk,boundary_alpha_outside_high_bsp,bsp,0.1,adaptive,8,0.015625,33,7,3,10,0.42857142857142855,0.09090909090909091,0.25,3,1.0,40.64,55.6175,0,15,44,0,0.98,0.648,0.3
0.322594246031746,1.556275241386758,0.16443648506853953,2.347186423715736,1.0,23.1875,4.0972952521998645,0.1945302912779002,1556.2752413867581,4003,3,walk,boundary_alpha_outside_high_bsp,bsp,0.1,adaptive,8,0.015625,36,7,4,11,0.5714285714285714,0.1111111111111111,0.5,4,1.0,40.9355,50.264849999999996,0,14,38,0,0.98,0.648,0.3
0.18873697916666665,2.5657363169963427,0.12415423896413609,2.8137655886709236,0.9375,18.6875,4.090801820470852,0.12095005992293,2565.7363169963423,4004,0,walk,boundary_alpha_outside_high_bsp,bsp,0.1,adaptive,8,0.015625,33,7,1,12,0.14285714285714285,0.030303030303030304,0.25,1,1.0,40.3445,54.813649999999996,0,4,19,0,0.98,0.648,0.3
0.5787760416666666,0.4989006951777984,0.12848465767419773,2.1578812051041174,1.0,17.708333333333332,3.998760870103885,0.4502913839924689,498.90069517779847,4004,1,walk,boundary_alpha_outside_high_bsp,bsp,0.1,adaptive,8,0.015625,34,6,2,13,0.3333333333333333,0.058823529411764705,0.3333333333333333,2,1.0,41.221000000000004,54.95844999999999,0,13,42,0,0.98,0.648,0.3
0.020833333333333332,2.038799572381968,0.1626580152765549,3.113276983656633,0.8958333333333334,19.791666666666668,4.005098036382184,0.1418246819432216,2038.7995723819658,4004,2,walk,boundary_alpha_outside_high_bsp,bsp,0.1,adaptive,8,0.015625,38,7,5,9,0.7142857142857143,0.13157894736842105,1.0,5,1.0,40.58,45.9465,0,10,30,0,0.98,0.648,0.3
0.0009765625,3.6736344222727695,0.08670349809933214,3.723163652561213,0.8541666666666666,21.520833333333332,4.390543548099908,0.08572693559933214,3673.634422272769,4004,3,walk,boundary_alpha_outside_high_bsp,bsp,0.1,adaptive,8,0.015625,36,9,0,10,0.0,0.0,0.0,0,1.0,40.71,45.65065,0,1,4,0,0.98,0.648,0.3
0.04262152777777778,2.895987933757557,0.13414792104519074,3.472615268389763,0.7708333333333334,18.958333333333332,4.041201485476291,0.09152639326741296,2895.987933757557,4005,0,walk,boundary_alpha_outside_high_bsp,bsp,0.1,adaptive,8,0.015625,36,7,3,9,0.42857142857142855,0.08333333333333333,0.6,3,1.0,40.68,62.29709999999999,0,9,26,0,0.98,0.648,0.3
0.05494791666666667,2.477103570667175,0.08610252718409998,3.5349077992697087,0.8958333333333334,20.166666666666668,4.307654418383922,0.051744476403531824,2477.103570667175,4005,1,walk,boundary_alpha_outside_high_bsp,bsp,0.1,adaptive,8,0.015625,34,11,4,15,0.36363636363636365,0.11764705882352941,0.6,4,1.0,40.510000000000005,55.5493,0,3,4,0,0.98,0.648,0.3
0.018012152777777776,2.138065922634151,0.1133279435127839,3.112349066028834,0.9791666666666666,21.229166666666668,4.245902810866868,0.09531579073500612,2138.065922634151,4005,2,walk,boundary_alpha_outside_high_bsp,bsp,0.1,adaptive,8,0.015625,37,6,2,6,0.3333333333333333,0.05405405405405406,0.4,2,1.0,40.6755,49.68365,0,10,29,0,0.98,0.648,0.3
0.2948133680555556,1.07707198961396,0.1285781712243038,2.443137130681445,1.0,23.0,4.269405432967036,0.16623519683125174,1077.0719896139599,4005,3,walk,boundary_alpha_outside_high_bsp,bsp,0.1,adaptive,8,0.015625,36,3,0,7,0.0,0.0,0.0,0,1.0,40.685,55.52784999999998,0,11,36,0,0.98,0.648,0.3
0.01714409722222222,3.6622264757557943,0.09040357305673519,3.156690816788297,1.0,24.5,4.421893652721905,0.07325947583451294,3662.226475755795,4006,0,walk,boundary_alpha_outside_high_bsp,bsp,0.1,adaptive,8,0.015625,39,5,2,9,0.4,0.05128205128205128,0.6666666666666666,2,1.0,40.845,59.384449999999994,0,8,26,0,0.98,0.648,0.3
0.095703125,1.7666326936855723,0.14976175174321735,2.6018946577381707,1.0,16.583333333333332,3.8885546851396753,0.06687002075993438,1766.632693685572,4006,1,walk,boundary_alpha_outside_high_bsp,bsp,0.1,adaptive,8,0.015625,33,5,2,13,0.4,0.06060606060606061,0.6666666666666666,2,1.0,40.72,59.711749999999995,0,16,42,0,0.98,0.648,0.3
0.17123945932539683,1.6423589249905304,0.14441961323873995,2.6229035004444765,0.9375,19.770833333333332,4.061578364417821,0.07483456536616125,1642.3589249905306,4006,2,walk,boundary_alpha_outside_high_bsp,bsp,0.1,adaptive,8,0.015625,33,6,5,14,0.8333333333333334,0.15151515151515152,0.8,5,1.0,40.705,56.6363,0,18,37,0,0.98,0.648,0.3
0.08485243055555557,2.792086001747524,0.08995358018600462,3.1965299681702795,0.9791666666666666,18.8125,4.253563224103877,0.005101149630449053,2792.086001747524,4006,3,walk,boundary_alpha_outside_high_bsp,bsp,0.1,adaptive,8,0.015625,33,4,3,18,0.75,0.09090909090909091,0.6666666666666666,3,1.0,40.930499999999995,49.47145,0,0,0,0,0.98,0.648,0.3
0.0041015625,3.4120889914926233,0.09616443874202102,3.680312872574182,0.8333333333333334,20.729166666666668,4.275961969301965,0.09206287624202099,3412.0889914926233,4007,0,walk,boundary_alpha_outside_high_bsp,bsp,0.1,adaptive,8,0.015625,34,4,1,14,0.25,0.029411764705882353,0.25,1,1.0,40.7305,61.995949999999986,0,13,31,0,0.98,0.648,0.3
0.14680989583333334,1.7348484377952824,0.16675948850270148,2.606892555654807,1.0,21.354166666666668,4.057003077501563,0.07078271454104014,1734.848437795283,4007,1,walk,boundary_alpha_outside_high_bsp,bsp,0.1,adaptive,8,0.015625,39,7,5,9,0.7142857142857143,0.1282051282051282,0.6666666666666666,5,1.0,40.7605,48.54495,0,11,33,0,0.98,0.648,0.3
0.12682291666666667,2.5606513376891873,0.18757022783403013,2.367246096564568,1.0,15.375,3.6475956974199004,0.16423095952913433,2560.6513376891885,4007,2,walk,boundary_alpha_outside_high_bsp,bsp,0.1,adaptive,8,0.015625,34,7,2,11,0.2857142857142857,0.058823529411764705,0.5,2,1.0,40.715,47.87415,0,8,23,0,0.98,0.648,0.3
0.0024739583333333332,3.3163120987328267,0.10266871498495167,2.775645296559281,1.0,19.979166666666668,4.194392148360794,0.10019475665161832,3316.312098732829,4007,3,walk,boundary_alpha_outside_high_bsp,bsp,0.1,adaptive,8,0.015625,36,3,1,6,0.3333333333333333,0.027777777777777776,0.5,1,1.0,40.3345,46.30145,0,10,30,0,0.98,0.648,0.3
0.02615017361111111,2.097649577390825,0.10586878913642493,2.9199827852279765,1.0,26.604166666666668,4.497127587124205,0.10369981159584514,2097.649577390825,4008,0,walk,boundary_alpha_outside_high_bsp,bsp,0.1,adaptive,8,0.015625,36,3,2,10,0.6666666666666666,0.05555555555555555,1.0,2,1.0,40.7855,49.6926,0,10,24,0,0.98,0.648,0.3
0.003472222222222222,2.266852900342666,0.15906116670371848,2.9778967690623666,0.9375,18.0,3.9361997148481787,0.15558894448149627,2266.8529003426656,4008,1,walk,boundary_alpha_outside_high_bsp,bsp,0.1,adaptive,8,0.015625,39,12,6,10,0.5,0.15384615384615385,0.5714285714285714,6,1.0,40.61,47.4208,0,11,35,0,0.98,0.648,0.3
0.2937282986111111,1.954597953257383,0.10468682711978149,2.5937808234812967,1.0,24.9375,4.431160629440339,0.22476107850247154,1954.5979532573845,4008,2,walk,boundary_alpha_outside_high_bsp,bsp,0.1,adaptive,8,0.015625,41,3,0,4,0.0,0.0,0.0,0,1.0,40.184,56.34065,0,7,30,0,0.98,0.648,0.3
0.0028211805555555555,2.620038629390389,0.09010454523800232,3.2038184019771094,1.0,24.458333333333332,4.447785165453878,0.08728336468244674,2620.038629390387,4008,3,walk,boundary_alpha_outside_high_bsp,bsp,0.1,adaptive,8,0.015625,36,7,4,13,0.5714285714285714,0.1111111111111111,1.0,4,1.0,41.086,54.18634999999999,0,7,22,0,0.98,0.648,0.3
0.14768828538359788,1.7358747613096135,0.0848154765289828,2.782976116843973,1.0,23.020833333333332,4.446843079954751,0.06287280885461509,1735.874761309615,4009,0,walk,boundary_alpha_outside_high_bsp,bsp,0.1,adaptive,8,0.015625,37,7,3,14,0.42857142857142855,0.08108108108108109,0.6,3,1.0,41.041,74.28224999999999,0,0,0,0,0.98,0.648,0.3
0.012955729166666666,2.260296144323219,0.12797039563844995,3.411979076374726,0.9583333333333334,19.75,4.121521119971333,0.11501466647178334,2260.2961443232193,4009,1,walk,boundary_alpha_outside_high_bsp,bsp,0.1,adaptive,8,0.015625,34,6,4,9,0.6666666666666666,0.11764705882352941,0.6666666666666666,4,1.0,41.236000000000004,58.4593,0,14,29,0,0.98,0.648,0.3
0.0023654513888888887,2.6513088687285875,0.08237385826970016,3.1577613248182312,0.9375,21.145833333333332,4.3645555770501305,0.08000840688081128,2651.3088687285876,4009,2,walk,boundary_alpha_outside_high_bsp,bsp,0.1,adaptive,8,0.015625,33,7,3,18,0.42857142857142855,0.09090909090909091,0.75,3,1.0,40.840500000000006,49.4749,0,0,0,0,0.98,0.648,0.3
0.0035590277777777777,3.6788725233336432,0.08610942030272216,3.8327223625087687,0.9375,22.3125,4.403570805404325,0.08255039252494438,3678.872523333643,4009,3,walk,boundary_alpha_outside_high_bsp,bsp,0.1,adaptive,8,0.015625,38,6,3,12,0.5,0.07894736842105263,0.75,3,1.0,41.196,58.00854999999997,0,0,0,0,0.98,0.648,0.3
0.21332465277777776,2.2946331797792907,0.07849232025124826,3.537339534622792,0.875,28.9375,4.691661287216491,0.1348323325265295,2294.63317977929,4010,0,walk,boundary_alpha_outside_high_bsp,bsp,0.1,adaptive,8,0.015625,42,4,1,2,0.25,0.023809523809523808,0.3333333333333333,1,1.0,40.7355,47.37024999999999,0,3,13,0,0.98,0.648,0.3
0.006184895833333333,2.1814322648405664,0.11918456221577046,3.2432828873907025,0.9791666666666666,21.541666666666668,4.267728441995435,0.1129996663824371,2181.4322648405664,4010,1,walk,boundary_alpha_outside_high_bsp,bsp,0.1,adaptive,8,0.015625,41,5,3,8,0.6,0.07317073170731707,0.5,3,1.0,40.085,47.22839999999999,0,7,30,0,0.98,0.648,0.3
0.23196614583333333,1.5980724892898779,0.10005479652420429,2.845592651358434,1.0,29.666666666666668,4.6469906704889565,0.14193994716969274,1598.0724892898786,4010,2,walk,boundary_alpha_outside_high_bsp,bsp,0.1,adaptive,8,0.015625,39,5,3,9,0.6,0.07692307692307693,0.5,3,1.0,40.7455,52.17549999999999,0,10,27,0,0.98,0.648,0.3
0.08463541666666667,1.4432440973822052,0.08538147424770269,2.7788462721969327,1.0,24.5,4.517027818160973,0.0007460575810360193,1443.2440973822058,4010,3,walk,boundary_alpha_outside_high_bsp,bsp,0.1,adaptive,8,0.015625,33,4,2,17,0.5,0.06060606060606061,0.6666666666666666,2,1.0,40.885999999999996,48.87219999999999,0,0,0,0,0.98,0.648,0.3
0.18815104166666666,1.8264488666455587,0.16891124513629643,2.821626059211992,0.875,19.770833333333332,4.022150508653946,0.07794793310887758,1826.4488666455597,4011,0,walk,boundary_alpha_outside_high_bsp,bsp,0.1,adaptive,8,0.015625,35,7,5,12,0.7142857142857143,0.14285714285714285,0.8,5,1.0,40.77,50.1701,0,14,29,0,0.98,0.648,0.3
0.1675347222222222,1.823768325862961,0.09077933720287955,2.6808555070886206,1.0,23.375,4.406271453648283,0.07675538501934268,1823.7683258629622,4011,1,walk,boundary_alpha_outside_high_bsp,bsp,0.1,adaptive,8,0.015625,38,2,1,10,0.5,0.02631578947368421,0.5,1,1.0,40.97,59.288799999999995,0,10,30,0,0.98,0.648,0.3
0.018880208333333332,1.4316882329147873,0.11666848763206722,2.593463688115025,1.0,18.791666666666668,4.096467205190867,0.0977882792987339,1431.6882329147872,4011,2,walk,boundary_alpha_outside_high_bsp,bsp,0.1,adaptive,8,0.015625,34,6,2,12,0.3333333333333333,0.058823529411764705,0.5,2,1.0,40.185,46.247099999999996,0,14,40,0,0.98,0.648,0.3
0.21245659722222224,2.0112398822524553,0.14902020037422106,2.7939057767471467,1.0,23.3125,4.188424072235292,0.08666979840297069,2011.2398822524553,4011,3,walk,boundary_alpha_outside_high_bsp,bsp,0.1,adaptive,8,0.015625,34,5,3,10,0.6,0.08823529411764706,0.75,3,1.0,41.602000000000004,61.33245,0,14,32,0,0.98,0.648,0.3
0.23014322916666666,1.2287860323089559,0.1931133560091758,2.5236991442927184,0.9583333333333334,18.291666666666668,3.743043735904841,0.1822605744886362,1228.786032308956,4012,0,walk,boundary_alpha_outside_high_bsp,bsp,0.1,adaptive,8,0.015625,33,4,3,6,0.75,0.09090909090909091,0.6666666666666666,3,1.0,40.8305,46.39365,0,16,42,0,0.98,0.648,0.3
0.0779079861111111,1.7143147129309684,0.10211623878978426,2.5681532903505992,1.0,19.625,4.212889169392077,0.06663875188052532,1714.3147129309684,4012,1,walk,boundary_alpha_outside_high_bsp,bsp,0.1,adaptive,8,0.015625,35,6,4,16,0.6666666666666666,0.11428571428571428,1.0,4,1.0,40.965999999999994,59.27415,0,15,35,0,0.98,0.648,0.3
0.0078125,2.0853620736835943,0.08512295535463299,2.9025565259718005,0.9583333333333334,24.354166666666668,4.452186200436682,0.07731045535463299,2085.362073683595,4012,2,walk,boundary_alpha_outside_high_bsp,bsp,0.1,adaptive,8,0.015625,36,3,2,13,0.6666666666666666,0.05555555555555555,0.6666666666666666,2,1.0,40.415000000000006,61.2034,0,1,3,0,0.98,0.648,0.3
0.0027126736111111106,3.3169861132600285,0.103010052367645,3.4801048608783467,0.9375,24.145833333333332,4.39594169092765,0.10029737875653388,3316.9861132600313,4012,3,walk,boundary_alpha_outside_high_bsp,bsp,0.1,adaptive,8,0.015625,36,5,2,11,0.4,0.05555555555555555,0.4,2,1.0,41.385999999999996,59.93639999999999,0,4,17,0,0.98,0.648,0.3
0.33634052579365076,1.8754475218838118,0.0965309611920442,2.6301985142464823,1.0,20.104166666666668,4.281387965233946,0.2683671469209981,1875.4475218838109,4013,0,walk,boundary_alpha_outside_high_bsp,bsp,0.1,adaptive,8,0.015625,39,4,3,11,0.75,0.07692307692307693,0.75,3,1.0,40.5305,49.95395,0,8,25,0,0.98,0.648,0.3
0.04405381944444444,1.7533903112424956,0.16311899645319,2.363895591956298,1.0,15.916666666666666,3.78322112108267,0.12014720806081032,1753.390311242495,4013,1,walk,boundary_alpha_outside_high_bsp,bsp,0.1,adaptive,8,0.015625,30,4,0,10,0.0,0.0,0.0,0,1.0,40.58,44.02815,0,18,46,0,0.98,0.648,0.3
0.3756510416666667,1.0754010051319416,0.1674997349065572,2.137752335446086,1.0,19.583333333333332,3.9827562475076292,0.21886389164727693,1075.401005131942,4013,2,walk,boundary_alpha_outside_high_bsp,bsp,0.1,adaptive,8,0.015625,37,5,3,11,0.6,0.08108108108108109,0.75,3,1.0,40.425,50.43889999999999,0,12,43,0,0.98,0.648,0.3
0.001519097222222222,3.2936475574751984,0.082526633771577,3.290637809924472,0.9791666666666666,21.4375,4.394487545995439,0.08100753654935479,3293.647557475199,4013,3,walk,boundary_alpha_outside_high_bsp,bsp,0.1,adaptive,8,0.015625,36,8,3,15,0.375,0.08333333333333333,0.4,3,1.0,40.916,58.322,0,0,0,0,0.98,0.648,0.3
0.14620535714285712,1.750557007582817,0.10299190373293282,2.487446256854774,1.0,21.9375,4.326669432929742,0.04321345340992431,1750.557007582817,4014,0,walk,boundary_alpha_outside_high_bsp,bsp,0.1,adaptive,8,0.015625,39,7,2,9,0.2857142857142857,0.05128205128205128,0.6666666666666666,2,1.0,40.65,54.9386,0,8,34,0,0.98,0.648,0.3
0.06575520833333333,1.5986928138399985,0.10263390761325351,2.7679852804643104,1.0,21.541666666666668,4.310377416179799,0.03847695914863005,1598.6928138399987,4014,1,walk,boundary_alpha_outside_high_bsp,bsp,0.1,adaptive,8,0.015625,37,9,4,10,0.4444444444444444,0.10810810810810811,0.6,4,1.0,40.44,54.390299999999996,0,10,23,0,0.98,0.648,0.3
0.03363715277777778,1.819322827074591,0.16907504479869062,2.851891158552013,1.0,16.75,3.798947183014375,0.13543789202091286,1819.322827074592,4014,2,walk,boundary_alpha_outside_high_bsp,bsp,0.1,adaptive,8,0.015625,35,6,3,11,0.5,0.08571428571428572,1.0,3,1.0,40.465,48.12875,0,14,45,0,0.98,0.648,0.3
0.18956163194444442,1.756827132380501,0.15493942621215306,2.4721830608828825,1.0,21.375,4.074459105593515,0.09305049393428592,1756.8271323805018,4014,3,walk,boundary_alpha_outside_high_bsp,bsp,0.1,adaptive,8,0.015625,32,10,4,10,0.4,0.125,0.2,4,1.0,40.900999999999996,56.56979999999999,0,16,35,0,0.98,0.648,0.3
0.1704892113095238,1.6619473675940781,0.07612191286956514,3.0070315817854607,0.9791666666666666,27.979166666666668,4.641411053793905,0.09436729843995868,1661.9473675940778,4015,0,walk,boundary_alpha_outside_high_bsp,bsp,0.1,adaptive,8,0.015625,39,9,5,13,0.5555555555555556,0.1282051282051282,0.6666666666666666,5,1.0,40.775499999999994,49.73049999999999,0,7,13,0,0.98,0.648,0.3
0.06315104166666667,2.1205892302901614,0.1612290162304223,2.8075303006161287,1.0,21.791666666666668,4.03767495509991,0.12673157330443993,2120.5892302901616,4015,1,walk,boundary_alpha_outside_high_bsp,bsp,0.1,adaptive,8,0.015625,34,4,1,9,0.25,0.029411764705882353,0.25,1,1.0,41.021,48.805299999999995,0,13,25,0,0.98,0.648,0.3
0.03298611111111111,1.9327769327723832,0.12082709925368845,2.7258574207500192,1.0,20.8125,4.212810960632569,0.11118852287966047,1932.7769327723834,4015,2,walk,boundary_alpha_outside_high_bsp,bsp,0.1,adaptive,8,0.015625,40,8,5,10,0.625,0.125,1.0,5,1.0,40.555,44.57665,0,12,41,0,0.98,0.648,0.3
0.01540798611111111,2.4418107604669066,0.10647682653758463,3.1768773945378985,0.9791666666666666,20.520833333333332,4.255763792692091,0.09106884042647351,2441.810760466907,4015,3,walk,boundary_alpha_outside_high_bsp,bsp,0.1,adaptive,8,0.015625,37,3,1,11,0.3333333333333333,0.02702702702702703,0.3333333333333333,1,1.0,41.0005,49.4855,0,4,14,0,0.98,0.648,0.3
0.17404513888888887,2.002463188986833,0.16301674103964423,2.673613617805721,0.875,23.125,4.101572130859479,0.04969856649951507,2002.463188986834,4016,0,walk,boundary_alpha_outside_high_bsp,bsp,0.1,adaptive,8,0.015625,39,2,2,5,1.0,0.05128205128205128,1.0,2,1.0,40.7205,45.4235,0,9,20,0,0.98,0.648,0.3
0.07241753472222222,2.2200119484336676,0.08041350018432793,2.676310250244343,1.0,21.458333333333332,4.378706135038986,0.007995965462105717,2220.011948433667,4016,1,walk,boundary_alpha_outside_high_bsp,bsp,0.1,adaptive,8,0.015625,34,0,0,14,nan,0.0,nan,0,1.0,40.8655,48.096000000000004,0,0,0,0,0.98,0.648,0.3
0.15516637731481484,1.7063562239714816,0.14291225868392501,2.8961188388604717,0.9166666666666666,22.0,4.151656320243833,0.060248996636279306,1706.356223971482,4016,2,walk,boundary_alpha_outside_high_bsp,bsp,0.1,adaptive,8,0.015625,35,8,4,12,0.5,0.11428571428571428,0.5,4,1.0,40.926,47.725500000000004,0,17,38,0,0.98,0.648,0.3
0.002495659722222222,2.6081239883963203,0.10132323896133305,3.3690277535410176,0.9791666666666666,26.541666666666668,4.466937863180575,0.09882757923911083,2608.1239883963194,4016,3,walk,boundary_alpha_outside_high_bsp,bsp,0.1,adaptive,8,0.015625,43,5,3,5,0.6,0.06976744186046512,0.6,3,1.0,40.2695,54.489399999999996,0,6,20,0,0.98,0.648,0.3
0.4177517361111111,1.1721942562240464,0.09410669060479437,2.548090023795524,1.0,19.979166666666668,4.291126200744119,0.3322159873819219,1172.1942562240463,4017,0,walk,boundary_alpha_outside_high_bsp,bsp,0.1,adaptive,8,0.015625,32,1,1,16,1.0,0.03125,1.0,1,1.0,41.266,52.010799999999996,0,9,17,0,0.98,0.648,0.3
0.22547743055555555,1.404402953053581,0.1268716005216584,2.6100656074049726,1.0,22.270833333333332,4.234758431435217,0.1045319690194046,1404.4029530535825,4017,1,walk,boundary_alpha_outside_high_bsp,bsp,0.1,adaptive,8,0.015625,34,5,2,9,0.4,0.058823529411764705,0.6666666666666666,2,1.0,40.81,48.27584999999999,0,13,33,0,0.98,0.648,0.3
0.1259765625,1.6788616819264908,0.15948355654030136,2.461954063114445,0.9375,17.6875,3.829458851117256,0.17153067491157767,1678.8616819264907,4017,2,walk,boundary_alpha_outside_high_bsp,bsp,0.1,adaptive,8,0.015625,26,3,1,17,0.3333333333333333,0.038461538461538464,0.5,1,1.0,40.754999999999995,52.99949999999999,0,20,42,0,0.98,0.648,0.3
0.021809895833333332,2.904309174437841,0.1579767366580437,3.622092504526961,0.8958333333333334,19.4375,3.95591621720637,0.1361668408247104,2904.3091744378385,4017,3,walk,boundary_alpha_outside_high_bsp,bsp,0.1,adaptive,8,0.015625,31,1,1,13,1.0,0.03225806451612903,1.0,1,1.0,41.161,56.756299999999996,0,18,42,0,0.98,0.648,0.3
0.08695023148148147,1.541159221529294,0.1655151154527485,2.430210461441914,1.0,15.958333333333334,3.738508567359231,0.16088704845497043,1541.159221529294,4018,0,walk,boundary_alpha_outside_high_bsp,bsp,0.1,adaptive,8,0.015625,35,7,5,15,0.7142857142857143,0.14285714285714285,0.8,5,1.0,40.936,54.987899999999996,0,11,32,0,0.98,0.648,0.3
0.045138888888888895,1.9454383824914372,0.08641002491698992,2.7186420380025598,1.0,22.270833333333332,4.399105145337768,0.04127113602810101,1945.4383824914385,4018,1,walk,boundary_alpha_outside_high_bsp,bsp,0.1,adaptive,8,0.015625,37,6,5,16,0.8333333333333334,0.13513513513513514,0.6666666666666666,5,1.0,40.635,53.77454999999999,0,9,14,0,0.98,0.648,0.3
0.27276475694444446,1.6357366594161078,0.1105449710274022,2.804413665351719,0.9375,23.604166666666668,4.35829041808239,0.16221978591704223,1635.7366594161092,4018,2,walk,boundary_alpha_outside_high_bsp,bsp,0.1,adaptive,8,0.015625,39,6,4,9,0.6666666666666666,0.10256410256410256,0.75,4,1.0,40.0245,48.322399999999995,0,10,32,0,0.98,0.648,0.3
0.006184895833333333,2.4138133585162005,0.09964609380879048,2.847284843705925,0.9791666666666666,20.958333333333332,4.288694187380828,0.09346119797545717,2413.8133585161995,4018,3,walk,boundary_alpha_outside_high_bsp,bsp,0.1,adaptive,8,0.015625,37,7,1,9,0.14285714285714285,0.02702702702702703,0.3333333333333333,1,1.0,39.739000000000004,48.15019999999999,0,2,10,0,0.98,0.648,0.3
0.0027126736111111106,2.0974277797049443,0.15239420669714035,3.107995387950977,0.9166666666666666,21.458333333333332,4.106143224919125,0.14968153308602924,2097.427779704946,4019,0,walk,boundary_alpha_outside_high_bsp,bsp,0.1,adaptive,8,0.015625,38,6,3,7,0.5,0.07894736842105263,0.5,3,1.0,40.335,51.307449999999996,0,10,30,0,0.98,0.648,0.3
0.08457341269841269,1.3231914905228483,0.1947956967912556,2.1869639108597054,1.0,18.0625,3.801048667345437,0.11272444441751484,1323.1914905228484,4019,1,walk,boundary_alpha_outside_high_bsp,bsp,0.1,adaptive,8,0.015625,34,9,5,11,0.5555555555555556,0.14705882352941177,1.0,5,1.0,40.754999999999995,47.03615,0,17,44,0,0.98,0.648,0.3
0.21072048611111108,1.2910805459276624,0.08887955549451415,2.5824446005363924,1.0,19.270833333333332,4.282849755323599,0.12600790338944554,1291.080545927663,4019,2,walk,boundary_alpha_outside_high_bsp,bsp,0.1,adaptive,8,0.015625,35,6,3,15,0.5,0.08571428571428572,0.6666666666666666,3,1.0,40.941,57.79265,0,1,1,0,0.98,0.648,0.3
0.23001302083333333,1.4199332318559712,0.1461182029884434,2.8005467871392713,1.0,23.625,4.262926632963251,0.16050131289633487,1419.9332318559718,4019,3,walk,boundary_alpha_outside_high_bsp,bsp,0.1,adaptive,8,0.015625,34,6,3,8,0.5,0.08823529411764706,0.6666666666666666,3,1.0,40.3645,54.00684999999999,0,14,40,0,0.98,0.648,0.3
0.05425347222222222,3.119960064067365,0.06999708386675073,3.2091556952386533,0.9583333333333334,25.333333333333332,4.507526287830018,0.022707614969525284,3119.960064067365,4000,0,walk,boundary_alpha_outside_high_rbsp,rbsp,0.1,adaptive,8,0.015625,35,8,2,5,0.25,0.05714285714285714,0.4,2,1.0,341.101,372.62555,0,7,9,9,0.98,0.648,0.3
0.0166015625,1.5247029271463157,0.08767720514027087,2.6435205186370663,1.0,20.4375,4.3193169946652175,0.07107564264027087,1524.7029271463161,4000,1,walk,boundary_alpha_outside_high_rbsp,rbsp,0.1,adaptive,8,0.015625,34,5,3,15,0.6,0.08823529411764706,0.6666666666666666,3,1.0,341.581,385.71605,0,0,0,9,0.98,0.648,0.3
0.06532118055555557,2.281346697131512,0.08228156936913178,3.3720344524366443,0.9166666666666666,27.083333333333332,4.675171263705929,0.04557432715947098,2281.3466971315124,4000,2,walk,boundary_alpha_outside_high_rbsp,rbsp,0.1,adaptive,8,0.015625,39,4,2,9,0.5,0.05128205128205128,0.5,2,1.0,342.7825,379.2670499999999,0,4,11,9,0.98,0.648,0.3
0.0020616319444444445,2.226685399270323,0.06819768796902025,2.965204085055028,1.0,25.979166666666668,4.682467933880726,0.0661360560245758,2226.685399270323,4000,3,walk,boundary_alpha_outside_high_rbsp,rbsp,0.1,adaptive,8,0.015625,39,5,4,12,0.8,0.10256410256410256,1.0,4,1.0,344.5855,361.89965,0,1,1,9,0.98,0.648,0.3
0.4278428819444445,1.639087692036222,0.05106125866271382,3.095215233558235,1.0,35.208333333333336,5.141778838189651,0.3767816232817307,1639.0876920362218,4001,0,walk,boundary_alpha_outside_high_rbsp,rbsp,0.1,adaptive,8,0.015625,41,7,2,8,0.2857142857142857,0.04878048780487805,0.5,2,1.0,344.726,397.8954,0,0,0,9,0.98,0.648,0.3
0.08550347222222222,2.3483906005202835,0.11041973694307448,3.275748769306046,0.9791666666666666,29.0625,4.594113320837009,0.050895060595147736,2348.3906005202825,4001,1,walk,boundary_alpha_outside_high_rbsp,rbsp,0.1,adaptive,8,0.015625,32,1,0,9,0.0,0.0,0.0,0,1.0,340.3295,366.79025,0,10,23,9,0.98,0.648,0.3
0.024739583333333332,2.0895832529823526,0.07881724618408469,2.8008393430537883,1.0,20.75,4.361419169594148,0.05407766285075135,2089.5832529823556,4001,2,walk,boundary_alpha_outside_high_rbsp,rbsp,0.1,adaptive,8,0.015625,37,6,4,15,0.6666666666666666,0.10810810810810811,1.0,4,1.0,341.731,380.18649999999997,0,0,0,9,0.98,0.648,0.3
0.003038194444444444,3.334192012582745,0.08466763706230379,3.1733711928756665,1.0,26.5,4.601787454876366,0.08162944261785936,3334.192012582748,4001,3,walk,boundary_alpha_outside_high_rbsp,rbsp,0.1,adaptive,8,0.015625,38,7,2,9,0.2857142857142857,0.05263157894736842,0.5,2,1.0,342.39300000000003,365.21950000000004,0,2,12,9,0.98,0.648,0.3
0.051106770833333336,2.5189869161151965,0.06393659019566784,3.8219919476495003,0.9583333333333334,32.625,4.8781581722101075,0.012829819362334516,2518.986916115198,4002,0,walk,boundary_alpha_outside_high_rbsp,rbsp,0.1,adaptive,8,0.015625,37,3,2,9,0.6666666666666666,0.05405405405405406,0.5,2,1.0,341.2455,366.936,0,0,0,9,0.98,0.648,0.3
0.0866970486111111,2.291690084898747,0.07914001236096546,3.0057314748227046,0.9791666666666666,21.145833333333332,4.368527265870746,0.011751419029448014,2291.6900848987466,4002,1,walk,boundary_alpha_outside_high_rbsp,rbsp,0.1,adaptive,8,0.015625,31,3,3,18,1.0,0.0967741935483871,1.0,3,1.0,338.51099999999997,361.284,0,1,1,9,0.98,0.648,0.3
0.07052951388888888,2.3883154523596706,0.06352435503096138,3.008860099308927,1.0,28.520833333333332,4.714088441988834,0.009768753453624417,2388.315452359671,4002,2,walk,boundary_alpha_outside_high_rbsp,rbsp,0.1,adaptive,8,0.015625,36,4,2,8,0.5,0.05555555555555555,0.5,2,1.0,341.606,360.51215,0,3,3,9,0.98,0.648,0.3
0.008355034722222222,3.634698802367984,0.07400481325343981,3.2242616429536377,0.9375,22.083333333333332,4.478599600823025,0.06564977853121759,3634.698802367986,4002,3,walk,boundary_alpha_outside_high_rbsp,rbsp,0.1,adaptive,8,0.015625,32,1,1,14,1.0,0.03125,1.0,1,1.0,342.3775,380.2357,0,3,4,9,0.98,0.648,0.3
0.005425347222222221,5.407100702204659,0.07193334292958771,3.890293808855695,0.9791666666666666,30.229166666666668,4.87056888696366,0.0665079957073655,5407.100702204655,4003,0,walk,boundary_alpha_outside_high_rbsp,rbsp,0.1,adaptive,8,0.015625,35,3,2,13,0.6666666666666666,0.05714285714285714,0.6666666666666666,2,1.0,341.99649999999997,385.83574999999996,0,1,1,9,0.98,0.648,0.3
0.003583829365079365,2.18044179259891,0.06780420320003537,3.3013246597812445,0.9375,27.666666666666668,4.694883876758181,0.064220373834956,2180.4417925989105,4003,1,walk,boundary_alpha_outside_high_rbsp,rbsp,0.1,adaptive,8,0.015625,38,6,3,10,0.5,0.07894736842105263,0.6,3,1.0,341.541,379.85495000000003,0,4,4,9,0.98,0.648,0.3
0.0003720238095238095,5.325776025712859,0.07811558266256005,4.008358720618349,0.7916666666666666,28.416666666666668,4.793244892666139,0.07774355885303624,5325.7760257128575,4003,2,walk,boundary_alpha_outside_high_rbsp,rbsp,0.1,adaptive,8,0.015625,33,7,3,17,0.42857142857142855,0.09090909090909091,0.25,3,1.0,341.691,383.79519999999997,0,4,9,9,0.98,0.648,0.3
0.07259424603174604,2.997234908643531,0.07386241271431601,3.02855302608271,1.0,31.75,4.881715593246653,0.08757338166133062,2997.23490864353,4003,3,walk,boundary_alpha_outside_high_rbsp,rbsp,0.1,adaptive,8,0.015625,36,7,3,11,0.42857142857142855,0.08333333333333333,0.5,3,1.0,343.3535,381.00795,0,4,8,9,0.98,0.648,0.3
0.1470703125,3.2324029836630093,0.08711003521310484,3.127135400085416,0.875,21.916666666666668,4.403167747856016,0.11762764340153749,3232.4029836630093,4004,0,walk,boundary_alpha_outside_high_rbsp,rbsp,0.1,adaptive,8,0.015625,33,7,1,13,0.14285714285714285,0.030303030303030304,0.25,1,1.0,349.3725,398.4475,0,2,6,9,0.98,0.648,0.3
0.5787760416666666,0.4989006951777984,0.0851535872666669,2.5172962907416188,1.0,19.4375,4.295382565731674,0.4936224543999998,498.90069517779847,4004,1,walk,boundary_alpha_outside_high_rbsp,rbsp,0.1,adaptive,8,0.015625,34,6,3,15,0.5,0.08823529411764706,0.3333333333333333,3,1.0,344.21500000000003,384.36969999999997,0,0,0,9,0.98,0.648,0.3
0.0,2.127975910794885,0.07587071917946418,3.431596285278928,0.9166666666666666,37.25,5.0100700516856485,0.07587071917946417,2127.9759107948853,4004,2,walk,boundary_alpha_outside_high_rbsp,rbsp,0.1,adaptive,8,0.015625,38,7,1,8,0.14285714285714285,0.02631578947368421,0.2,1,1.0,344.856,410.68249999999995,0,2,7,9,0.98,0.648,0.3
0.0009765625,3.4316348694681893,0.08740710651533906,3.3943748385548607,0.9375,21.895833333333332,4.397655688710702,0.08643054401533905,3431.634869468188,4004,3,walk,boundary_alpha_outside_high_rbsp,rbsp,0.1,adaptive,8,0.015625,36,9,0,9,0.0,0.0,0.0,0,1.0,346.012,404.97554999999994,0,2,7,9,0.98,0.648,0.3
0.0009548611111111112,3.056986310035848,0.09225943994391604,3.793510747696265,0.7708333333333334,23.4375,4.426171820457208,0.09130457883280492,3056.986310035847,4005,0,walk,boundary_alpha_outside_high_rbsp,rbsp,0.1,adaptive,8,0.015625,36,7,3,12,0.42857142857142855,0.08333333333333333,0.6,3,1.0,345.29200000000003,384.64375,0,7,14,9,0.98,0.648,0.3
0.15911458333333334,1.3218695808740402,0.09657558772387513,3.218970424842293,0.9791666666666666,24.458333333333332,4.421111357695401,0.06465156556044734,1321.8695808740404,4005,1,walk,boundary_alpha_outside_high_rbsp,rbsp,0.1,adaptive,8,0.015625,34,11,3,12,0.2727272727272727,0.08823529411764706,0.6,3,1.0,343.68399999999997,387.9688,0,8,16,9,0.98,0.648,0.3
0.0006510416666666666,2.361176178730568,0.06955383011985564,3.3105095112820027,0.9791666666666666,27.979166666666668,4.7587778057716115,0.06890278845318897,2361.1761787305663,4005,2,walk,boundary_alpha_outside_high_rbsp,rbsp,0.1,adaptive,8,0.015625,37,6,0,8,0.0,0.0,0.0,0,1.0,342.052,374.98365,0,0,0,9,0.98,0.648,0.3
0.2948133680555556,1.9504578836741013,0.10703625104588453,2.8470875763520094,1.0,24.8125,4.433043422517454,0.18777711700967106,1950.4578836741011,4005,3,walk,boundary_alpha_outside_high_rbsp,rbsp,0.1,adaptive,8,0.015625,36,3,0,8,0.0,0.0,0.0,0,1.0,341.6715,357.68165000000005,0,7,22,9,0.98,0.648,0.3
0.01714409722222222,3.578893142422461,0.07781106932161845,3.349301541460044,1.0,25.833333333333332,4.569963308698807,0.060666972099396234,3578.8931424224616,4006,0,walk,boundary_alpha_outside_high_rbsp,rbsp,0.1,adaptive,8,0.015625,39,5,1,9,0.2,0.02564102564102564,0.3333333333333333,1,1.0,345.392,429.68029999999993,0,2,3,9,0.98,0.648,0.3
0.095703125,2.3241473405709394,0.08983832796611334,2.990750944322844,1.0,19.125,4.275600954965099,0.09814198472441893,2324.147340570939,4006,1,walk,boundary_alpha_outside_high_rbsp,rbsp,0.1,adaptive,8,0.015625,33,5,2,17,0.4,0.06060606060606061,0.6666666666666666,2,1.0,340.4845,383.79089999999997,0,4,5,9,0.98,0.648,0.3
0.08790612599206349,1.8074394328197598,0.08477046001131518,2.756591543942735,0.9583333333333334,25.375,4.540769240863011,0.017409849345660113,1807.4394328197595,4006,2,walk,boundary_alpha_outside_high_rbsp,rbsp,0.1,adaptive,8,0.015625,33,6,3,15,0.5,0.09090909090909091,0.6,3,1.0,341.436,381.28785,0,7,12,9,0.98,0.648,0.3
0.022352430555555556,3.181883192346452,0.08111292529509358,3.269719911920324,0.9791666666666666,19.5625,4.332130071094201,0.05876049473953799,3181.8831923464513,4006,3,walk,boundary_alpha_outside_high_rbsp,rbsp,0.1,adaptive,8,0.015625,33,4,3,17,0.75,0.09090909090909091,0.6666666666666666,3,1.0,343.43399999999997,377.98115,0,1,1,9,0.98,0.648,0.3
0.0041015625,3.3214841929638332,0.08784851450607871,3.477869661800302,0.8958333333333334,22.208333333333332,4.4003592480315215,0.08374695200607869,3321.4841929638337,4007,0,walk,boundary_alpha_outside_high_rbsp,rbsp,0.1,adaptive,8,0.015625,34,4,1,13,0.25,0.029411764705882353,0.25,1,1.0,340.4895,366.20464999999996,0,4,7,9,0.98,0.648,0.3
0.1259765625,1.867453816586777,0.07365640090886935,3.2354356785037233,0.9791666666666666,34.625,4.997925115627073,0.10828439825891172,1867.453816586778,4007,1,walk,boundary_alpha_outside_high_rbsp,rbsp,0.1,adaptive,8,0.015625,39,7,5,11,0.7142857142857143,0.1282051282051282,0.6666666666666666,5,1.0,348.642,522.60965,0,3,10,9,0.98,0.648,0.3
0.0018229166666666665,4.773902585678839,0.08875513896372685,3.295915591357179,0.875,19.895833333333332,4.280131912611697,0.08693222229706017,4773.902585678839,4007,2,walk,boundary_alpha_outside_high_rbsp,rbsp,0.1,adaptive,8,0.015625,34,7,2,13,0.2857142857142857,0.058823529411764705,0.5,2,1.0,343.01800000000003,367.14394999999996,0,8,12,9,0.98,0.648,0.3
0.0024739583333333332,3.3163120987328267,0.0811180687580054,2.907205710825267,1.0,22.604166666666668,4.448441718505127,0.07864411042467204,3316.312098732829,4007,3,walk,boundary_alpha_outside_high_rbsp,rbsp,0.1,adaptive,8,0.015625,36,3,1,10,0.3333333333333333,0.027777777777777776,0.5,1,1.0,343.068,361.93075,0,5,9,9,0.98,0.648,0.3
0.005316840277777777,3.3469158580263874,0.054896361434649016,3.0194462260953494,1.0,28.791666666666668,4.839103740945015,0.04957952115687123,3346.9158580263843,4008,0,walk,boundary_alpha_outside_high_rbsp,rbsp,0.1,adaptive,8,0.015625,36,3,2,11,0.6666666666666666,0.05555555555555555,1.0,2,1.0,347.56,381.26664999999997,0,0,0,9,0.98,0.648,0.3
0.024305555555555556,2.4416111000081835,0.09599164643490166,3.099492864260472,0.9375,23.916666666666668,4.4309439163651865,0.07168609087934612,2441.611100008184,4008,1,walk,boundary_alpha_outside_high_rbsp,rbsp,0.1,adaptive,8,0.015625,39,12,6,12,0.5,0.15384615384615385,0.5714285714285714,6,1.0,346.884,382.5034,0,9,21,9,0.98,0.648,0.3
0.12706163194444445,2.740548442079693,0.05805930223677905,3.0732136841931204,1.0,31.5625,4.943581669080815,0.06900232970766539,2740.548442079693,4008,2,walk,boundary_alpha_outside_high_rbsp,rbsp,0.1,adaptive,8,0.015625,41,3,0,5,0.0,0.0,0.0,0,1.0,347.264,415.62199999999996,0,0,0,9,0.98,0.648,0.3
0.0028211805555555555,2.585844004099624,0.0692560883500133,3.41080259118491,0.9791666666666666,29.083333333333332,4.702310521666875,0.06643490779445775,2585.8440040996234,4008,3,walk,boundary_alpha_outside_high_rbsp,rbsp,0.1,adaptive,8,0.015625,36,7,5,13,0.7142857142857143,0.1388888888888889,1.0,5,1.0,342.83799999999997,377.46059999999994,0,4,5,9,0.98,0.648,0.3
0.00185495205026455,2.5834735822099373,0.08015962657619373,3.11253388668194,1.0,23.604166666666668,4.479898928058392,0.07830467452592917,2583.4735822099383,4009,0,walk,boundary_alpha_outside_high_rbsp,rbsp,0.1,adaptive,8,0.015625,37,7,3,13,0.42857142857142855,0.08108108108108109,0.6,3,1.0,342.017,369.8469,0,3,5,9,0.98,0.648,0.3
0.012955729166666666,2.4501934813753845,0.07459965428806806,3.357516099334605,0.875,26.333333333333332,4.6948454065156895,0.06164392512140138,2450.1934813753837,4009,1,walk,boundary_alpha_outside_high_rbsp,rbsp,0.1,adaptive,8,0.015625,34,6,4,12,0.6666666666666666,0.11764705882352941,0.6666666666666666,4,1.0,340.71450000000004,362.87190000000004,0,4,6,9,0.98,0.648,0.3
0.0023654513888888887,2.6513088687285875,0.07676926168584153,3.0026287645222784,1.0,21.395833333333332,4.404764821932391,0.07440381029695264,2651.3088687285876,4009,2,walk,boundary_alpha_outside_high_rbsp,rbsp,0.1,adaptive,8,0.015625,33,7,3,18,0.42857142857142855,0.09090909090909091,0.75,3,1.0,342.0865,358.78659999999996,0,0,0,9,0.98,0.648,0.3
0.0035590277777777777,2.603880521383408,0.09046242414724714,3.0716469099007893,0.9583333333333334,27.166666666666668,4.562764060843911,0.08690339636946938,2603.880521383408,4009,3,walk,boundary_alpha_outside_high_rbsp,rbsp,0.1,adaptive,8,0.015625,38,6,3,8,0.5,0.07894736842105263,0.75,3,1.0,339.678,364.38665,0,6,13,9,0.98,0.648,0.3
0.21332465277777776,2.2737998464459572,0.06941332319477676,3.5592130686409966,0.875,30.604166666666668,4.807602744392189,0.143911329583001,2273.7998464459565,4010,0,walk,boundary_alpha_outside_high_rbsp,rbsp,0.1,adaptive,8,0.015625,42,4,1,3,0.25,0.023809523809523808,0.3333333333333333,1,1.0,344.4155,371.9581,0,3,8,9,0.98,0.648,0.3
0.006184895833333333,2.7928679492389783,0.06837149482573383,3.371044705150322,1.0,29.604166666666668,4.8777926108811025,0.062186598992400505,2792.867949238976,4010,1,walk,boundary_alpha_outside_high_rbsp,rbsp,0.1,adaptive,8,0.015625,41,5,3,9,0.6,0.07317073170731707,0.5,3,1.0,340.75,363.53575,0,2,4,9,0.98,0.648,0.3
0.0236328125,2.0445015713165957,0.05224637667213187,3.372216426480034,1.0,40.0625,5.2648573883080605,0.028613564172131872,2044.501571316596,4010,2,walk,boundary_alpha_outside_high_rbsp,rbsp,0.1,adaptive,8,0.015625,39,5,2,9,0.4,0.05128205128205128,0.5,2,1.0,342.813,359.88829999999996,0,0,0,9,0.98,0.648,0.3
0.13671875,1.2763362367187623,0.0816017268044159,2.717326819338434,1.0,20.958333333333332,4.307815251622564,0.0551170231955841,1276.336236718763,4010,3,walk,boundary_alpha_outside_high_rbsp,rbsp,0.1,adaptive,8,0.015625,33,4,2,17,0.5,0.06060606060606061,0.6666666666666666,2,1.0,344.34000000000003,367.5089,0,0,0,9,0.98,0.648,0.3
0.021484375,2.7627878647705413,0.11014752745905271,3.4941538685630893,0.875,25.666666666666668,4.4603841520830425,0.12029352552936258,2762.7878647705415,4011,0,walk,boundary_alpha_outside_high_rbsp,rbsp,0.1,adaptive,8,0.015625,35,7,4,13,0.5714285714285714,0.11428571428571428,0.6,4,1.0,339.88800000000003,358.6939,0,13,24,9,0.98,0.648,0.3
0.1675347222222222,1.823768325862961,0.07390656606712191,2.8036190336606115,1.0,25.229166666666668,4.591243716799531,0.0936281561551003,1823.7683258629622,4011,1,walk,boundary_alpha_outside_high_rbsp,rbsp,0.1,adaptive,8,0.015625,38,2,1,11,0.5,0.02631578947368421,0.5,1,1.0,344.9655,377.65765,0,0,0,9,0.98,0.648,0.3
0.001519097222222222,1.5179817886686529,0.0804042487153467,2.6870811981438014,1.0,19.270833333333332,4.3126184962999465,0.07888515149312449,1517.981788668653,4011,2,walk,boundary_alpha_outside_high_rbsp,rbsp,0.1,adaptive,8,0.015625,34,6,2,15,0.3333333333333333,0.058823529411764705,0.5,2,1.0,343.008,365.1826,0,0,0,9,0.98,0.648,0.3
0.01349826388888889,2.68723576827648,0.07584165694544821,3.6159556433846434,0.9375,26.8125,4.594883167738631,0.06234339305655934,2687.235768276479,4011,3,walk,boundary_alpha_outside_high_rbsp,rbsp,0.1,adaptive,8,0.015625,34,5,2,9,0.4,0.058823529411764705,0.5,2,1.0,342.53200000000004,358.84450000000004,0,6,11,9,0.98,0.648,0.3
0.2509765625,1.454241332624095,0.08820873409855111,2.877669357851845,1.0,26.625,4.561283182768294,0.1627678284014489,1454.2413326240955,4012,0,walk,boundary_alpha_outside_high_rbsp,rbsp,0.1,adaptive,8,0.015625,33,4,3,12,0.75,0.09090909090909091,0.6666666666666666,3,1.0,338.8265,366.33455,0,5,11,9,0.98,0.648,0.3
0.0779079861111111,1.7143147129309684,0.09213914356776796,2.6678006802269247,1.0,23.083333333333332,4.4310300175961155,0.014231157456656846,1714.3147129309684,4012,1,walk,boundary_alpha_outside_high_rbsp,rbsp,0.1,adaptive,8,0.015625,35,6,3,16,0.5,0.08571428571428572,0.75,3,1.0,342.72249999999997,362.0322,0,7,17,9,0.98,0.648,0.3
0.0078125,2.0853620736835943,0.07671584921787175,2.9083942759642523,1.0,24.875,4.524164917001957,0.06890334921787175,2085.362073683595,4012,2,walk,boundary_alpha_outside_high_rbsp,rbsp,0.1,adaptive,8,0.015625,36,3,2,13,0.6666666666666666,0.05555555555555555,0.6666666666666666,2,1.0,342.7275,366.67135,0,1,3,9,0.98,0.648,0.3
0.0027126736111111106,2.74428465600654,0.09041679646185384,3.339857968177895,0.9375,26.020833333333332,4.536557580887519,0.08770412285074271,2744.284656006539,4012,3,walk,boundary_alpha_outside_high_rbsp,rbsp,0.1,adaptive,8,0.015625,36,5,2,8,0.4,0.05555555555555555,0.4,2,1.0,341.8615,362.30205,0,8,20,9,0.98,0.648,0.3
0.33634052579365076,2.023194449897603,0.0827586589433691,3.116027029951276,1.0,27.0,4.65441238924637,0.2535818668502817,2023.1944498976025,4013,0,walk,boundary_alpha_outside_high_rbsp,rbsp,0.1,adaptive,8,0.015625,39,4,2,7,0.5,0.05128205128205128,0.5,2,1.0,339.64750000000004,359.84680000000003,0,3,12,9,0.98,0.648,0.3
0.04405381944444444,1.7533903112424956,0.08731806056170778,2.7084135261376203,1.0,27.625,4.639744307476969,0.06119230901910882,1753.390311242495,4013,1,walk,boundary_alpha_outside_high_rbsp,rbsp,0.1,adaptive,8,0.015625,30,4,0,5,0.0,0.0,0.0,0,1.0,344.966,401.89545,0,5,14,9,0.98,0.648,0.3
0.0006510416666666666,2.4455743515434305,0.09085945738749586,2.7492436144208448,1.0,25.1875,4.528634659786651,0.09020841572082922,2445.5743515434306,4013,2,walk,boundary_alpha_outside_high_rbsp,rbsp,0.1,adaptive,8,0.015625,37,5,2,11,0.4,0.05405405405405406,0.5,2,1.0,341.4255,363.2709,0,7,16,9,0.98,0.648,0.3
0.001519097222222222,2.7811197908840533,0.09357971592554949,3.094351850746602,0.9791666666666666,23.1875,4.421271103973751,0.09206061870332727,2781.1197908840527,4013,3,walk,boundary_alpha_outside_high_rbsp,rbsp,0.1,adaptive,8,0.015625,36,8,3,14,0.375,0.08333333333333333,0.4,3,1.0,341.4,377.74865,0,5,11,9,0.98,0.648,0.3
0.0003720238095238095,5.851266883177016,0.07094678711704307,3.035289954337246,1.0,20.979166666666668,4.3898753739194065,0.07057476330751926,5851.266883177016,4014,0,walk,boundary_alpha_outside_high_rbsp,rbsp,0.1,adaptive,8,0.015625,39,7,2,11,0.2857142857142857,0.05128205128205128,0.6666666666666666,2,1.0,341.03049999999996,387.9791,0,0,0,9,0.98,0.648,0.3
0.0006510416666666666,2.5293910717988575,0.0860407865981424,3.1042378365269663,0.9583333333333334,23.333333333333332,4.4610484550386085,0.08538974493147572,2529.391071798858,4014,1,walk,boundary_alpha_outside_high_rbsp,rbsp,0.1,adaptive,8,0.015625,37,9,3,10,0.3333333333333333,0.08108108108108109,0.4,3,1.0,340.9855,376.7734,0,3,5,9,0.98,0.648,0.3
0.0857204861111111,2.0552875430439967,0.08692624649279514,2.8883278991279178,1.0,23.208333333333332,4.45049889552972,0.019016164183797365,2055.2875430439963,4014,2,walk,boundary_alpha_outside_high_rbsp,rbsp,0.1,adaptive,8,0.015625,35,6,3,13,0.5,0.08571428571428572,1.0,3,1.0,346.4685,363.1701,0,5,12,9,0.98,0.648,0.3
0.0020616319444444445,2.328743298551333,0.079937675154543,2.9354368696997444,0.9791666666666666,24.25,4.503920558231405,0.07787604321009856,2328.7432985513346,4014,3,walk,boundary_alpha_outside_high_rbsp,rbsp,0.1,adaptive,8,0.015625,32,10,4,17,0.4,0.125,0.4,4,1.0,343.033,362.12345,0,2,2,9,0.98,0.648,0.3
0.02465587797619048,3.194979814202185,0.052494079445458024,3.7117321800202583,1.0,40.0625,5.2567087142879245,0.02783820146926755,3194.979814202186,4015,0,walk,boundary_alpha_outside_high_rbsp,rbsp,0.1,adaptive,8,0.015625,39,9,3,10,0.3333333333333333,0.07692307692307693,0.5,3,1.0,346.98900000000003,373.73529999999994,0,1,1,9,0.98,0.648,0.3
0.0006510416666666666,2.56948304209805,0.07299975408688646,2.942193076489549,1.0,22.166666666666668,4.488721386494897,0.07234871242021979,2569.48304209805,4015,1,walk,boundary_alpha_outside_high_rbsp,rbsp,0.1,adaptive,8,0.015625,34,4,1,14,0.25,0.029411764705882353,0.25,1,1.0,339.253,360.45865,0,1,1,9,0.98,0.648,0.3
0.1032986111111111,2.4701538467101427,0.07275473824224958,2.7052563670603877,1.0,19.166666666666668,4.26331942322821,0.030543872868861524,2470.1538467101423,4015,2,walk,boundary_alpha_outside_high_rbsp,rbsp,0.1,adaptive,8,0.015625,40,8,2,8,0.25,0.05,0.5,2,1.0,341.7765,363.46145,0,1,2,9,0.98,0.648,0.3
0.01540798611111111,2.5617295593472567,0.08990976668778937,3.0692106558446635,1.0,21.833333333333332,4.416338917829549,0.07450178057667826,2561.7295593472563,4015,3,walk,boundary_alpha_outside_high_rbsp,rbsp,0.1,adaptive,8,0.015625,37,3,1,11,0.3333333333333333,0.02702702702702703,0.3333333333333333,1,1.0,341.681,361.738,0,2,6,9,0.98,0.648,0.3
0.09592013888888888,2.089338427825915,0.06412473620435784,2.991903960674854,0.875,26.833333333333332,4.673206590501935,0.031795402684531036,2089.338427825915,4016,0,walk,boundary_alpha_outside_high_rbsp,rbsp,0.1,adaptive,8,0.015625,39,2,1,8,0.5,0.02564102564102564,0.5,1,1.0,343.219,369.44555,0,1,2,9,0.98,0.648,0.3
0.07241753472222222,2.2200119484336676,0.07778970336658662,2.708977119399433,1.0,21.375,4.382436759568217,0.005372168644364406,2220.011948433667,4016,1,walk,boundary_alpha_outside_high_rbsp,rbsp,0.1,adaptive,8,0.015625,34,0,0,14,nan,0.0,nan,0,1.0,343.1785,360.75665000000004,0,0,0,9,0.98,0.648,0.3
0.05099971064814815,2.1081980084014478,0.0787816742930264,3.163031998671873,0.9583333333333334,25.958333333333332,4.566981126832806,0.027781963644878255,2108.198008401448,4016,2,walk,boundary_alpha_outside_high_rbsp,rbsp,0.1,adaptive,8,0.015625,35,8,4,14,0.5,0.11428571428571428,0.6666666666666666,4,1.0,342.11699999999996,372.01309999999995,0,2,3,9,0.98,0.648,0.3
0.002495659722222222,3.3148306985921394,0.08197893039770467,3.602031082837055,0.9375,24.979166666666668,4.512284296216454,0.07948327067548244,3314.830698592139,4016,3,walk,boundary_alpha_outside_high_rbsp,rbsp,0.1,adaptive,8,0.015625,43,5,2,6,0.4,0.046511627906976744,0.4,2,1.0,343.0485,361.55165,0,1,1,9,0.98,0.648,0.3
0.4177517361111111,1.088860922890713,0.09023045818814966,2.5699940116138316,1.0,20.083333333333332,4.314136019922429,0.32752127792296143,1088.860922890713,4017,0,walk,boundary_alpha_outside_high_rbsp,rbsp,0.1,adaptive,8,0.015625,32,1,0,15,0.0,0.0,0.0,0,1.0,341.9815,370.36935,0,4,5,9,0.98,0.648,0.3
0.024088541666666668,2.6139445721951375,0.06682746607588923,3.1215518120202272,1.0,24.375,4.628527708792132,0.04273892440922256,2613.9445721951356,4017,1,walk,boundary_alpha_outside_high_rbsp,rbsp,0.1,adaptive,8,0.015625,34,5,2,14,0.4,0.058823529411764705,0.6666666666666666,2,1.0,342.698,364.8726,0,0,0,9,0.98,0.648,0.3
0.042643229166666664,2.4456936248239862,0.08999231685318593,3.2665661676844864,0.9791666666666666,24.520833333333332,4.508309114157133,0.0688557743511182,2445.6936248239845,4017,2,walk,boundary_alpha_outside_high_rbsp,rbsp,0.1,adaptive,8,0.015625,26,3,0,15,0.0,0.0,0.0,0,1.0,336.08299999999997,362.03795,0,7,12,9,0.98,0.648,0.3
0.0009765625,2.3717480819315373,0.10782436848327248,3.5721527340989336,0.9791666666666666,24.520833333333332,4.370542595296358,0.10684780598327248,2371.7480819315374,4017,3,walk,boundary_alpha_outside_high_rbsp,rbsp,0.1,adaptive,8,0.015625,31,1,1,14,1.0,0.03225806451612903,1.0,1,1.0,343.069,380.54675,0,13,25,9,0.98,0.648,0.3
0.06611689814814815,2.480660440730787,0.09348657314394802,2.9149077421465837,0.9791666666666666,24.166666666666668,4.496285876434041,0.07797098119971924,2480.6604407307864,4018,0,walk,boundary_alpha_outside_high_rbsp,rbsp,0.1,adaptive,8,0.015625,35,7,4,13,0.5714285714285714,0.11428571428571428,0.8,4,1.0,342.2525,381.46844999999996,0,7,22,9,0.98,0.648,0.3
0.045138888888888895,1.987105049158104,0.07231095525613417,2.8526657980164924,1.0,23.979166666666668,4.5626050670393274,0.027172066367245267,1987.1050491581052,4018,1,walk,boundary_alpha_outside_high_rbsp,rbsp,0.1,adaptive,8,0.015625,37,6,4,15,0.6666666666666666,0.10810810810810811,0.6666666666666666,4,1.0,342.328,360.89465,0,0,0,9,0.98,0.648,0.3
0.0019314236111111112,2.8234087754868757,0.07609151254387522,3.1998312899675683,0.9791666666666666,25.208333333333332,4.56771153275272,0.0741600889327641,2823.408775486878,4018,2,walk,boundary_alpha_outside_high_rbsp,rbsp,0.1,adaptive,8,0.015625,39,6,2,7,0.3333333333333333,0.05128205128205128,0.25,2,1.0,342.077,361.13375,0,2,4,9,0.98,0.648,0.3
0.006184895833333333,3.0644603638532124,0.08211091812331751,3.2845309434826184,0.9375,20.3125,4.34348441104439,0.07592602228998419,3064.4603638532135,4018,3,walk,boundary_alpha_outside_high_rbsp,rbsp,0.1,adaptive,8,0.015625,37,7,1,11,0.14285714285714285,0.02702702702702703,0.3333333333333333,1,1.0,339.0175,378.74915,0,0,0,9,0.98,0.648,0.3
0.0027126736111111106,1.7543952120928592,0.09781361448730007,3.349289246569065,0.9166666666666666,32.104166666666664,4.74499556438325,0.09510094087618892,1754.3952120928595,4019,0,walk,boundary_alpha_outside_high_rbsp,rbsp,0.1,adaptive,8,0.015625,38,6,1,8,0.16666666666666666,0.02631578947368421,0.25,1,1.0,344.5005,362.0525,0,10,27,9,0.98,0.648,0.3
0.542906746031746,1.7036900743249361,0.08737178843447302,2.8799017700632015,1.0,31.125,4.849996094886851,0.45553495759727297,1703.690074324936,4019,1,walk,boundary_alpha_outside_high_rbsp,rbsp,0.1,adaptive,8,0.015625,34,9,3,9,0.3333333333333333,0.08823529411764706,0.6666666666666666,3,1.0,342.0675,360.83214999999996,0,7,11,9,0.98,0.648,0.3
0.21072048611111108,1.2910805459276624,0.08400731540293065,2.5714140192848154,1.0,19.208333333333332,4.299463621392177,0.12671317070818044,1291.080545927663,4019,2,walk,boundary_alpha_outside_high_rbsp,rbsp,0.1,adaptive,8,0.015625,35,6,3,15,0.5,0.08571428571428572,0.6666666666666666,3,1.0,338.8775,363.5278,0,0,0,9,0.98,0.648,0.3
0.0008463541666666667,4.018549260755899,0.07493527243512216,3.442314016815733,1.0,25.541666666666668,4.604771634744618,0.0740889182684555,4018.549260755901,4019,3,walk,boundary_alpha_outside_high_rbsp,rbsp,0.1,adaptive,8,0.015625,34,6,2,15,0.3333333333333333,0.058823529411764705,0.6666666666666666,2,1.0,342.41200000000003,365.5583,0,0,0,9,0.98,0.648,0.3
0.06519097222222221,1.7214033580475547,0.06186885088025746,3.039245189259981,1.0,37.770833333333336,5.101701219740187,0.016071865794774733,1721.4033580475545,4000,0,walk,boundary_move_mid_unlisted_bsp,bsp,0.1,adaptive,8,0.015625,35,6,3,8,0.5,0.08571428571428572,0.6666666666666666,3,1.0,40.795,58.733,0,2,3,0,0.6480000000000001,0.648,0.3
0.027929687499999998,2.361226511394053,0.07365946459899986,3.084642717986229,1.0,28.0,4.716617887291308,0.04572977709899986,2361.226511394053,4000,1,walk,boundary_move_mid_unlisted_bsp,bsp,0.1,adaptive,8,0.015625,34,6,3,8,0.5,0.08823529411764706,0.5,3,1.0,40.19,56.89615,0,1,1,0,0.6480000000000001,0.648,0.3
0.21015625000000002,2.0247081773803264,0.049511878033989744,3.3667044733819025,1.0,36.9375,5.164782683755887,0.16064437196601025,2024.7081773803268,4000,2,walk,boundary_move_mid_unlisted_bsp,bsp,0.1,adaptive,8,0.015625,39,4,3,4,0.75,0.07692307692307693,0.75,3,1.0,40.9055,48.5014,0,0,0,0,0.6480000000000001,0.648,0.3
0.0020616319444444445,2.3678745126398892,0.06704313741545641,3.1473119478936358,0.9791666666666666,30.625,4.822757646102996,0.06498150547101196,2367.8745126398903,4000,3,walk,boundary_move_mid_unlisted_bsp,bsp,0.1,adaptive,8,0.015625,39,3,3,8,1.0,0.07692307692307693,1.0,3,1.0,39.844,57.961149999999996,0,1,1,0,0.6480000000000001,0.648,0.3
0.08409288194444443,2.517224893097204,0.05104570511109893,3.3840442339308425,1.0,39.3125,5.254417340342048,0.03304717683334551,2517.2248930972046,4001,0,walk,boundary_move_mid_unlisted_bsp,bsp,0.1,adaptive,8,0.015625,41,5,4,7,0.8,0.0975609756097561,1.0,4,1.0,40.8305,57.43484999999998,0,0,0,0,0.6480000000000001,0.648,0.3
0.29348958333333336,1.0299439973034092,0.057998530754259627,3.131315708646355,1.0,36.208333333333336,5.064785302044547,0.23549105257907374,1029.9439973034089,4001,1,walk,boundary_move_mid_unlisted_bsp,bsp,0.1,adaptive,8,0.015625,32,1,1,8,1.0,0.03125,1.0,1,1.0,40.585,49.11654999999999,0,0,0,0,0.6480000000000001,0.648,0.3
0.055164930555555554,2.2913891489446683,0.05255357536208066,3.56091162396141,1.0,41.354166666666664,5.250002766662242,0.0026113551934748938,2291.3891489446687,4001,2,walk,boundary_move_mid_unlisted_bsp,bsp,0.1,adaptive,8,0.015625,37,3,2,6,0.6666666666666666,0.05405405405405406,0.6666666666666666,2,1.0,40.595,55.50615,0,0,0,0,0.6480000000000001,0.648,0.3
0.023003472222222224,3.9910216004784087,0.055072247818321284,4.066616630298138,0.8541666666666666,39.1875,5.2032783700157905,0.03206877559609906,3991.0216004784083,4001,3,walk,boundary_move_mid_unlisted_bsp,bsp,0.1,adaptive,8,0.015625,38,5,3,7,0.6,0.07894736842105263,1.0,3,1.0,40.785,57.171499999999995,0,0,0,0,0.6480000000000001,0.648,0.3
0.08365885416666667,1.7397415797324303,0.07009856508566613,2.992842891627772,1.0,30.0,4.7885845029046346,0.013560289081000534,1739.741579732431,4002,0,walk,boundary_move_mid_unlisted_bsp,bsp,0.1,adaptive,8,0.015625,37,3,1,7,0.3333333333333333,0.02702702702702703,0.3333333333333333,1,1.0,40.6605,53.50569999999999,0,0,0,0,0.6480000000000001,0.648,0.3
0.008441840277777777,2.481865540995859,0.06923914530752723,3.3815832103487846,1.0,34.604166666666664,4.996724148288997,0.06079730502974945,2481.8655409958596,4002,1,walk,boundary_move_mid_unlisted_bsp,bsp,0.1,adaptive,8,0.015625,31,4,3,10,0.75,0.0967741935483871,1.0,3,1.0,41.126000000000005,58.52854999999999,0,0,0,0,0.6480000000000001,0.648,0.3
0.08667534722222221,1.5412486083954724,0.05880627988459696,3.363605865087585,1.0,34.333333333333336,5.012790791944737,0.03204510283289465,1541.248608395473,4002,2,walk,boundary_move_mid_unlisted_bsp,bsp,0.1,adaptive,8,0.015625,36,3,2,4,0.6666666666666666,0.05555555555555555,0.6666666666666666,2,1.0,40.2545,48.504349999999995,0,1,1,0,0.6480000000000001,0.648,0.3
0.00902054398148148,2.3838570540362323,0.07100477617665103,3.03085904289525,1.0,28.8125,4.744752067502877,0.061984232195169554,2383.8570540362325,4002,3,walk,boundary_move_mid_unlisted_bsp,bsp,0.1,adaptive,8,0.015625,32,1,0,10,0.0,0.0,0.0,0,1.0,43.629999999999995,61.139799999999994,0,0,0,0,0.6480000000000001,0.648,0.3
0.020399305555555556,3.8892244595972474,0.04986044029484083,3.7994595389037062,0.9791666666666666,35.833333333333336,5.097734799281924,0.029461134739285282,3889.224459597246,4003,0,walk,boundary_move_mid_unlisted_bsp,bsp,0.1,adaptive,8,0.015625,35,4,1,8,0.25,0.02857142857142857,0.3333333333333333,1,1.0,47.075,68.40665,0,0,0,0,0.6480000000000001,0.648,0.3
0.21875,2.5612544004413746,0.05110727000478949,3.6323848091582036,0.9583333333333334,42.020833333333336,5.320166137853296,0.1676427299952105,2561.254400441375,4003,1,walk,boundary_move_mid_unlisted_bsp,bsp,0.1,adaptive,8,0.015625,38,2,2,3,1.0,0.05263157894736842,1.0,2,1.0,41.998000000000005,59.422549999999994,0,0,0,0,0.6480000000000001,0.648,0.3
0.0003720238095238095,3.1773809637461827,0.05443489435636733,3.4762914142567904,1.0,35.604166666666664,5.110137786475623,0.05406287054684352,3177.380963746183,4003,2,walk,boundary_move_mid_unlisted_bsp,bsp,0.1,adaptive,8,0.015625,33,4,3,8,0.75,0.09090909090909091,0.75,3,1.0,40.825,50.457249999999995,0,0,0,0,0.6480000000000001,0.648,0.3
0.08934771825396826,2.3471753125775523,0.06183632130503827,3.301273453858615,1.0,35.25,4.99964403207544,0.027511396948929984,2347.175312577553,4003,3,walk,boundary_move_mid_unlisted_bsp,bsp,0.1,adaptive,8,0.015625,36,4,1,10,0.25,0.027777777777777776,0.3333333333333333,1,1.0,40.67,57.131249999999994,0,0,0,0,0.6480000000000001,0.648,0.3
0.016254340277777776,2.2145275507071456,0.07355356163813913,2.961931072963728,1.0,26.9375,4.6673342254387835,0.057299221360361356,2214.527550707145,4004,0,walk,boundary_move_mid_unlisted_bsp,bsp,0.1,adaptive,8,0.015625,33,4,2,11,0.5,0.06060606060606061,0.6666666666666666,2,1.0,41.201499999999996,59.5173,0,0,0,0,0.6480000000000001,0.648,0.3
0.37135416666666665,1.0268227067257625,0.05762866407544067,3.070803333635258,1.0,38.5625,5.157000744266878,0.313725502591226,1026.8227067257626,4004,1,walk,boundary_move_mid_unlisted_bsp,bsp,0.1,adaptive,8,0.015625,34,3,1,4,0.3333333333333333,0.029411764705882353,0.5,1,1.0,40.365,48.227599999999995,0,0,0,0,0.6480000000000001,0.648,0.3
0.0,3.423997485906302,0.06642037221392523,3.7142419857584845,0.9791666666666666,37.229166666666664,5.091317727566756,0.06642037221392523,3423.9974859063,4004,2,walk,boundary_move_mid_unlisted_bsp,bsp,0.1,adaptive,8,0.015625,38,1,1,4,1.0,0.02631578947368421,1.0,1,1.0,40.55500000000001,53.44804999999999,0,0,0,0,0.6480000000000001,0.648,0.3
0.12758246527777778,2.570655151314911,0.06033724574783522,3.448580151208823,1.0,37.416666666666664,5.163737136604615,0.06724521952994256,2570.65515131491,4004,3,walk,boundary_move_mid_unlisted_bsp,bsp,0.1,adaptive,8,0.015625,36,4,2,6,0.5,0.05555555555555555,0.5,2,1.0,40.5205,46.31065,0,0,0,0,0.6480000000000001,0.648,0.3
0.04262152777777778,3.3571074890513,0.06241965904160333,3.3989442226800235,1.0,34.375,5.029823371134567,0.019798131263825552,3357.1074890512987,4005,0,walk,boundary_move_mid_unlisted_bsp,bsp,0.1,adaptive,8,0.015625,36,2,2,4,1.0,0.05555555555555555,1.0,2,1.0,40.995999999999995,54.22504999999998,0,1,1,0,0.6480000000000001,0.648,0.3
0.008072916666666667,3.0462520102370587,0.07445148985818338,3.6443514920408138,0.875,28.125,4.69975994495138,0.0663785731915167,3046.252010237058,4005,1,walk,boundary_move_mid_unlisted_bsp,bsp,0.1,adaptive,8,0.015625,34,5,4,14,0.8,0.11764705882352941,0.8,4,1.0,40.620000000000005,46.906099999999995,0,0,0,0,0.6480000000000001,0.648,0.3
0.16783854166666667,1.833838345171576,0.060928155546092676,3.012978637875444,1.0,32.145833333333336,4.922073273163016,0.106910386120574,1833.838345171576,4005,2,walk,boundary_move_mid_unlisted_bsp,bsp,0.1,adaptive,8,0.015625,37,5,2,7,0.4,0.05405405405405406,0.5,2,1.0,40.599999999999994,47.54724999999999,0,0,0,0,0.6480000000000001,0.648,0.3
0.002495659722222222,4.237288142055822,0.059817077524143634,4.079545820360415,0.9583333333333334,37.333333333333336,5.108267302758463,0.05732141780192141,4237.2881420558215,4005,3,walk,boundary_move_mid_unlisted_bsp,bsp,0.1,adaptive,8,0.015625,36,2,0,4,0.0,0.0,0.0,0,1.0,41.451,53.27164999999999,0,0,0,0,0.6480000000000001,0.648,0.3
0.06922743055555555,3.0703316733834676,0.051603499825226634,3.2034672435735225,1.0,33.333333333333336,4.968242007151528,0.01762393073032892,3070.3316733834677,4006,0,walk,boundary_move_mid_unlisted_bsp,bsp,0.1,adaptive,8,0.015625,39,4,3,7,0.75,0.07692307692307693,0.75,3,1.0,41.230999999999995,57.897,0,0,0,0,0.6480000000000001,0.648,0.3
0.08333333333333333,2.219005242947314,0.07764051408767923,2.957729277849896,1.0,28.416666666666668,4.671755023520122,0.02320199793145489,2219.005242947315,4006,1,walk,boundary_move_mid_unlisted_bsp,bsp,0.1,adaptive,8,0.015625,33,2,1,9,0.5,0.030303030303030304,0.5,1,1.0,40.866,53.384699999999995,0,2,3,0,0.6480000000000001,0.648,0.3
0.04286024305555556,2.4084729531628426,0.07983406925193087,3.174968553409012,0.9583333333333334,25.333333333333332,4.604958381888623,0.03697382619637531,2408.472953162843,4006,2,walk,boundary_move_mid_unlisted_bsp,bsp,0.1,adaptive,8,0.015625,33,3,1,9,0.3333333333333333,0.030303030303030304,0.5,1,1.0,40.35,53.79154999999999,0,0,0,0,0.6480000000000001,0.648,0.3
0.0008680555555555555,2.985260685079224,0.08521165168466306,3.1941220823024774,1.0,21.6875,4.424105926134858,0.08434359612910752,2985.2606850792217,4006,3,walk,boundary_move_mid_unlisted_bsp,bsp,0.1,adaptive,8,0.015625,33,3,2,15,0.6666666666666666,0.06060606060606061,1.0,2,1.0,40.83,54.51764999999999,0,2,2,0,0.6480000000000001,0.648,0.3
0.08873697916666667,2.491542718440536,0.06649870077018775,3.3507753943305887,0.9791666666666666,35.666666666666664,5.015355014119543,0.052705228166380964,2491.5427184405353,4007,0,walk,boundary_move_mid_unlisted_bsp,bsp,0.1,adaptive,8,0.015625,34,3,1,7,0.3333333333333333,0.029411764705882353,0.3333333333333333,1,1.0,40.644999999999996,56.17254999999999,0,1,2,0,0.6480000000000001,0.648,0.3
0.04251302083333333,3.124452505398638,0.054335902006711186,3.5136134036037956,0.9375,34.729166666666664,5.05497820400304,0.011822881173377856,3124.4525053986386,4007,1,walk,boundary_move_mid_unlisted_bsp,bsp,0.1,adaptive,8,0.015625,39,6,4,8,0.6666666666666666,0.10256410256410256,1.0,4,1.0,40.836,77.37809999999999,0,0,0,0,0.6480000000000001,0.648,0.3
0.06406250000000001,3.376563293861173,0.0685712789324061,3.8623335560049195,0.9375,36.291666666666664,5.05722245721631,0.004508778932406089,3376.5632938611743,4007,2,walk,boundary_move_mid_unlisted_bsp,bsp,0.1,adaptive,8,0.015625,34,4,1,6,0.25,0.029411764705882353,0.3333333333333333,1,1.0,40.1445,53.63704999999998,0,2,2,0,0.6480000000000001,0.648,0.3
0.08554687500000001,2.414316883849958,0.05749127285153963,3.291582099070689,1.0,40.354166666666664,5.208680049862495,0.119875581439579,2414.3168838499573,4007,3,walk,boundary_move_mid_unlisted_bsp,bsp,0.1,adaptive,8,0.015625,36,3,1,4,0.3333333333333333,0.027777777777777776,0.3333333333333333,1,1.0,40.715,47.327799999999996,0,1,4,0,0.6480000000000001,0.648,0.3
0.022330729166666664,3.357173363234697,0.049256802921530056,4.129618764741341,0.7708333333333334,42.520833333333336,5.347494397156891,0.02692607375486339,3357.173363234697,4008,0,walk,boundary_move_mid_unlisted_bsp,bsp,0.1,adaptive,8,0.015625,36,6,4,6,0.6666666666666666,0.1111111111111111,1.0,4,1.0,41.236000000000004,57.845150000000004,0,0,0,0,0.6480000000000001,0.648,0.3
0.0,3.1595323468887506,0.057269098320078926,3.9030763034916585,0.9166666666666666,37.104166666666664,5.127003153468114,0.057269098320078926,3159.5323468887495,4008,1,walk,boundary_move_mid_unlisted_bsp,bsp,0.1,adaptive,8,0.015625,39,4,2,5,0.5,0.05128205128205128,0.6666666666666666,2,1.0,40.3645,56.40315,0,0,0,0,0.6480000000000001,0.648,0.3
0.12706163194444445,1.9580961320625334,0.06342794982947661,3.0742678801404684,1.0,35.25,5.054273647012484,0.06784232679444267,1958.0961320625336,4008,2,walk,boundary_move_mid_unlisted_bsp,bsp,0.1,adaptive,8,0.015625,41,2,1,5,0.5,0.024390243902439025,0.5,1,1.0,39.919,58.0533,0,1,1,0,0.6480000000000001,0.648,0.3
0.0033420138888888887,4.461916515863284,0.05099773973134405,4.502784609678835,0.8333333333333334,48.583333333333336,5.495926885169273,0.047655725842455164,4461.916515863283,4008,3,walk,boundary_move_mid_unlisted_bsp,bsp,0.1,adaptive,8,0.015625,36,8,4,5,0.5,0.1111111111111111,0.5714285714285714,4,1.0,39.979,47.853899999999996,0,0,0,0,0.6480000000000001,0.648,0.3
0.06282552083333333,2.312445139452388,0.06874876619141888,3.2476601664814377,0.9791666666666666,35.645833333333336,5.0225884291420835,0.005923245358085545,2312.445139452389,4009,0,walk,boundary_move_mid_unlisted_bsp,bsp,0.1,adaptive,8,0.015625,37,3,1,4,0.3333333333333333,0.02702702702702703,0.5,1,1.0,40.685500000000005,55.28329999999999,0,0,0,0,0.6480000000000001,0.648,0.3
0.27036313657407407,1.8042063782737474,0.05654838109472706,3.206676791466013,0.9791666666666666,41.9375,5.334414761621274,0.21381475547934703,1804.206378273747,4009,1,walk,boundary_move_mid_unlisted_bsp,bsp,0.1,adaptive,8,0.015625,34,5,4,7,0.8,0.11764705882352941,0.75,4,1.0,41.135999999999996,56.667,0,0,0,0,0.6480000000000001,0.648,0.3
0.028407118055555555,2.931150401311866,0.055929570206551614,3.4153973880554864,1.0,39.479166666666664,5.168026777466417,0.027522452150996062,2931.150401311867,4009,2,walk,boundary_move_mid_unlisted_bsp,bsp,0.1,adaptive,8,0.015625,33,5,1,6,0.2,0.030303030303030304,0.2,1,1.0,41.031000000000006,48.283899999999996,0,1,1,0,0.6480000000000001,0.648,0.3
0.004427083333333333,4.642127591280922,0.0503022317549033,4.000858633440019,0.9583333333333334,45.375,5.433982516841543,0.04587514842156997,4642.1275912809215,4009,3,walk,boundary_move_mid_unlisted_bsp,bsp,0.1,adaptive,8,0.015625,38,3,3,7,1.0,0.07894736842105263,1.0,3,1.0,40.174499999999995,56.390499999999996,0,0,0,0,0.6480000000000001,0.648,0.3
0.09249131944444444,2.5232954178049463,0.03208814599208996,3.7585071774997814,0.9791666666666666,55.354166666666664,5.7853789463494,0.060403173452354485,2523.2954178049467,4010,0,walk,boundary_move_mid_unlisted_bsp,bsp,0.1,adaptive,8,0.015625,42,2,0,0,0.0,0.0,0.0,0,nan,40.8555,48.74954999999999,0,0,0,0,0.6480000000000001,0.648,0.3
0.16004774305555555,1.3825582961795588,0.06373074913813259,2.9080775070709852,1.0,34.145833333333336,4.983718559419647,0.09631699391742295,1382.558296179559,4010,1,walk,boundary_move_mid_unlisted_bsp,bsp,0.1,adaptive,8,0.015625,41,4,4,7,1.0,0.0975609756097561,1.0,4,1.0,40.334500000000006,47.9173,0,0,0,0,0.6480000000000001,0.648,0.3
0.0027994791666666667,2.870396850999997,0.048255047957542686,3.752358375117943,0.9375,44.875,5.384591988439003,0.045455568790876026,2870.396850999996,4010,2,walk,boundary_move_mid_unlisted_bsp,bsp,0.1,adaptive,8,0.015625,39,5,2,2,0.4,0.05128205128205128,0.5,2,1.0,40.55,56.15914999999999,0,0,0,0,0.6480000000000001,0.648,0.3
0.05164930555555555,2.794653874431274,0.04107147949412269,3.690130402344995,1.0,47.4375,5.498158464161587,0.010577826061432866,2794.6538744312743,4010,3,walk,boundary_move_mid_unlisted_bsp,bsp,0.1,adaptive,8,0.015625,33,2,1,3,0.5,0.030303030303030304,0.5,1,1.0,40.960499999999996,55.9603,0,0,0,0,0.6480000000000001,0.648,0.3
0.0005208333333333333,3.825287908036841,0.0483664648976748,4.130822905325835,0.8541666666666666,42.354166666666664,5.289346945418341,0.04784563156434147,3825.287908036842,4011,0,walk,boundary_move_mid_unlisted_bsp,bsp,0.1,adaptive,8,0.015625,35,5,4,9,0.8,0.11428571428571428,0.75,4,1.0,40.545,46.48495,0,0,0,0,0.6480000000000001,0.648,0.3
0.04253472222222222,3.6608420790814606,0.061050821082657795,3.6065535259035326,0.9166666666666666,34.895833333333336,4.974980159767781,0.018516098860435575,3660.8420790814594,4011,1,walk,boundary_move_mid_unlisted_bsp,bsp,0.1,adaptive,8,0.015625,38,3,1,8,0.3333333333333333,0.02631578947368421,0.5,1,1.0,41.301,48.70804999999999,0,0,0,0,0.6480000000000001,0.648,0.3
0.017881944444444447,2.534809596681907,0.07049433196928298,3.276766478733085,1.0,35.645833333333336,5.001579833132312,0.05261238752483854,2534.809596681908,4011,2,walk,boundary_move_mid_unlisted_bsp,bsp,0.1,adaptive,8,0.015625,34,6,2,4,0.3333333333333333,0.058823529411764705,0.4,2,1.0,40.6905,58.0255,0,0,0,0,0.6480000000000001,0.648,0.3
0.0033420138888888887,2.543383027344324,0.04394581549681181,3.651779163123811,1.0,47.479166666666664,5.524815913619874,0.04060380160792292,2543.383027344324,4011,3,walk,boundary_move_mid_unlisted_bsp,bsp,0.1,adaptive,8,0.015625,34,2,2,4,1.0,0.058823529411764705,1.0,2,1.0,40.585,44.62365,0,0,0,0,0.6480000000000001,0.648,0.3
0.0435546875,2.794507055620068,0.06641585190683676,3.3154265256864264,1.0,33.520833333333336,4.9587802591742856,0.02286116440683676,2794.507055620068,4012,0,walk,boundary_move_mid_unlisted_bsp,bsp,0.1,adaptive,8,0.015625,33,3,2,7,0.6666666666666666,0.06060606060606061,0.5,2,1.0,40.745000000000005,61.14594999999999,0,0,0,0,0.6480000000000001,0.648,0.3
0.22374131944444442,2.3537116346955718,0.07498653121232982,3.0742905132240335,1.0,30.729166666666668,4.833235654391944,0.1487547882321146,2353.7116346955727,4012,1,walk,boundary_move_mid_unlisted_bsp,bsp,0.1,adaptive,8,0.015625,35,3,2,7,0.6666666666666666,0.05714285714285714,0.6666666666666666,2,1.0,40.285,57.4183,0,3,3,0,0.6480000000000001,0.648,0.3
0.012369791666666666,3.0305568886306187,0.06322236576675784,3.299999308645806,1.0,31.416666666666668,4.854388687970309,0.050852574100091176,3030.556888630619,4012,2,walk,boundary_move_mid_unlisted_bsp,bsp,0.1,adaptive,8,0.015625,36,2,1,8,0.5,0.027777777777777776,0.5,1,1.0,40.86,49.11254999999999,0,0,0,0,0.6480000000000001,0.648,0.3
0.16807725694444442,1.7404605793292962,0.0592436798749908,3.2007503297262065,1.0,36.208333333333336,5.03626767222908,0.10883357706945362,1740.4605793292965,4012,3,walk,boundary_move_mid_unlisted_bsp,bsp,0.1,adaptive,8,0.015625,36,0,0,5,nan,0.0,nan,0,1.0,40.53,58.57974999999998,0,1,1,0,0.6480000000000001,0.648,0.3
0.11587921626984127,2.416913858153721,0.05583705585670312,3.2345870011814473,1.0,38.791666666666664,5.183018711091415,0.060042160413138146,2416.913858153721,4013,0,walk,boundary_move_mid_unlisted_bsp,bsp,0.1,adaptive,8,0.015625,39,4,3,6,0.75,0.07692307692307693,0.6666666666666666,3,1.0,40.205,48.93915,0,0,0,0,0.6480000000000001,0.648,0.3
0.02265625,3.010917855418327,0.06582865727729738,3.705572384591491,0.9791666666666666,36.020833333333336,5.065969115686479,0.04317240727729738,3010.9178554183272,4013,1,walk,boundary_move_mid_unlisted_bsp,bsp,0.1,adaptive,8,0.015625,30,4,1,8,0.25,0.03333333333333333,0.25,1,1.0,40.46,49.823299999999996,0,1,1,0,0.6480000000000001,0.648,0.3
0.0005208333333333333,2.920923705750679,0.06149166161111425,3.7776575469130376,0.8958333333333334,37.895833333333336,5.113562175138587,0.06097082827778092,2920.9237057506793,4013,2,walk,boundary_move_mid_unlisted_bsp,bsp,0.1,adaptive,8,0.015625,37,5,3,5,0.6,0.08108108108108109,0.75,3,1.0,40.54,47.7986,0,0,0,0,0.6480000000000001,0.648,0.3
0.0028211805555555555,3.493731716126748,0.05413044691836951,3.9585256414827437,0.9375,37.416666666666664,5.129742369721075,0.05130926636281396,3493.731716126748,4013,3,walk,boundary_move_mid_unlisted_bsp,bsp,0.1,adaptive,8,0.015625,36,8,5,7,0.625,0.1388888888888889,0.6666666666666666,5,1.0,40.831,57.941649999999996,0,0,0,0,0.6480000000000001,0.648,0.3
0.02120535714285714,2.218639674219936,0.055051442664379495,3.191314123088768,1.0,37.666666666666664,5.17281686282445,0.03384608552152235,2218.639674219937,4014,0,walk,boundary_move_mid_unlisted_bsp,bsp,0.1,adaptive,8,0.015625,39,8,4,8,0.5,0.10256410256410256,0.5,4,1.0,40.775,57.150999999999996,0,0,0,0,0.6480000000000001,0.648,0.3
0.001171875,2.6857473249441863,0.039659759232458104,3.6872782087045732,1.0,53.041666666666664,5.701846453090589,0.03848788423245811,2685.7473249441855,4014,1,walk,boundary_move_mid_unlisted_bsp,bsp,0.1,adaptive,8,0.015625,37,2,1,1,0.5,0.02702702702702703,0.5,1,1.0,40.6755,48.406299999999995,0,0,0,0,0.6480000000000001,0.648,0.3
0.0842013888888889,1.7875798014121196,0.07544973148316358,2.8285629340909857,1.0,24.416666666666668,4.565042493490426,0.012935680167529382,1787.5798014121194,4014,2,walk,boundary_move_mid_unlisted_bsp,bsp,0.1,adaptive,8,0.015625,35,4,3,10,0.75,0.08571428571428572,0.75,3,1.0,40.705,56.780499999999996,0,1,1,0,0.6480000000000001,0.648,0.3
0.0014105902777777778,3.5567167599916103,0.07341628350670747,3.910429196005324,0.875,31.125,4.837499522981768,0.07200569322892969,3556.7167599916083,4014,3,walk,boundary_move_mid_unlisted_bsp,bsp,0.1,adaptive,8,0.015625,32,4,4,11,1.0,0.125,1.0,4,1.0,40.995999999999995,53.19469999999999,0,0,0,0,0.6480000000000001,0.648,0.3
0.06632254464285714,2.34775567678583,0.04986700414648384,3.4531139181124204,1.0,42.25,5.3224789852484315,0.016455540496373305,2347.755676785831,4015,0,walk,boundary_move_mid_unlisted_bsp,bsp,0.1,adaptive,8,0.015625,39,9,2,7,0.2222222222222222,0.05128205128205128,0.2857142857142857,2,1.0,40.746,57.314299999999996,0,0,0,0,0.6480000000000001,0.648,0.3
0.0005208333333333333,4.1234077208387285,0.056545163872256145,3.830508474907939,1.0,43.75,5.320404897381882,0.05602433053892281,4123.407720838729,4015,1,walk,boundary_move_mid_unlisted_bsp,bsp,0.1,adaptive,8,0.015625,34,1,0,2,0.0,0.0,0.0,0,1.0,40.936,50.872949999999996,0,0,0,0,0.6480000000000001,0.648,0.3
0.07725694444444443,3.010064792329196,0.05594355140401371,3.529556051134614,0.9166666666666666,37.375,5.143508690290207,0.021313393040430728,3010.0647923291963,4015,2,walk,boundary_move_mid_unlisted_bsp,bsp,0.1,adaptive,8,0.015625,40,4,2,7,0.5,0.05,0.5,2,1.0,40.94,57.97469999999999,0,0,0,0,0.6480000000000001,0.648,0.3
0.06467013888888888,3.08628528046386,0.04498504925268556,3.6514048209674814,0.9791666666666666,40.854166666666664,5.291346283937687,0.01968508963620333,3086.285280463859,4015,3,walk,boundary_move_mid_unlisted_bsp,bsp,0.1,adaptive,8,0.015625,37,2,0,2,0.0,0.0,0.0,0,1.0,40.555,48.158300000000004,0,0,0,0,0.6480000000000001,0.648,0.3
0.014670138888888887,3.62662446317066,0.04803550636708669,4.033844269300218,0.8333333333333334,44.875,5.417205438746323,0.0333653674781978,3626.6244631706613,4016,0,walk,boundary_move_mid_unlisted_bsp,bsp,0.1,adaptive,8,0.015625,39,4,2,5,0.5,0.05128205128205128,1.0,2,1.0,40.735,43.9405,0,0,0,0,0.6480000000000001,0.648,0.3
0.06499565972222222,2.735265786912516,0.062389271943644124,3.0998876113907463,1.0,25.541666666666668,4.632328991998132,0.0026063877785780973,2735.2657869125164,4016,1,walk,boundary_move_mid_unlisted_bsp,bsp,0.1,adaptive,8,0.015625,34,0,0,5,nan,0.0,nan,0,1.0,40.224500000000006,53.0185,0,0,0,0,0.6480000000000001,0.648,0.3
0.02322193287037037,2.471365295700577,0.06399831168965785,3.3543236686358324,1.0,38.520833333333336,5.131837266759518,0.04077637881928748,2471.365295700577,4016,2,walk,boundary_move_mid_unlisted_bsp,bsp,0.1,adaptive,8,0.015625,35,4,2,5,0.5,0.05714285714285714,0.5,2,1.0,41.191,56.138949999999994,0,1,1,0,0.6480000000000001,0.648,0.3
0.03889198908730159,2.795970374281216,0.049799585393215086,3.4816039544596844,1.0,38.708333333333336,5.154592839041079,0.0109075963059135,2795.970374281215,4016,3,walk,boundary_move_mid_unlisted_bsp,bsp,0.1,adaptive,8,0.015625,43,4,3,6,0.75,0.06976744186046512,0.75,3,1.0,40.6155,57.981,0,0,0,0,0.6480000000000001,0.648,0.3
0.06358506944444443,2.74222270620896,0.06057976260380082,3.487738330871761,0.9583333333333334,33.833333333333336,5.005350238850618,0.0030053068406436234,2742.22270620896,4017,0,walk,boundary_move_mid_unlisted_bsp,bsp,0.1,adaptive,8,0.015625,32,1,0,6,0.0,0.0,0.0,0,1.0,40.6,55.8915,0,0,0,0,0.6480000000000001,0.648,0.3
0.0020399305555555557,4.3100360054216535,0.062401169038795896,4.264607777565337,0.8333333333333334,39.020833333333336,5.181593495644553,0.06036123848324033,4310.0360054216535,4017,1,walk,boundary_move_mid_unlisted_bsp,bsp,0.1,adaptive,8,0.015625,34,2,1,6,0.5,0.029411764705882353,1.0,1,1.0,41.372,55.546049999999994,0,1,1,0,0.6480000000000001,0.648,0.3
0.0008463541666666667,3.248186634308611,0.07574843498739049,3.5271082622723515,1.0,30.208333333333332,4.794428011623011,0.07490208082072382,3248.18663430861,4017,2,walk,boundary_move_mid_unlisted_bsp,bsp,0.1,adaptive,8,0.015625,26,3,1,10,0.3333333333333333,0.038461538461538464,0.3333333333333333,1,1.0,40.739999999999995,58.7101,0,0,0,0,0.6480000000000001,0.648,0.3
0.0009765625,3.5787608524696743,0.06216230610712836,3.536902919305992,0.9375,28.0625,4.708696176081507,0.06118574360712836,3578.760852469674,4017,3,walk,boundary_move_mid_unlisted_bsp,bsp,0.1,adaptive,8,0.015625,31,0,0,12,nan,0.0,nan,0,1.0,40.570499999999996,48.7191,0,0,0,0,0.6480000000000001,0.648,0.3
0.0010127314814814814,4.034155976622945,0.05676817068841542,3.9927483292107713,0.8333333333333334,43.5,5.301757050964182,0.05575543920693394,4034.1559766229457,4018,0,walk,boundary_move_mid_unlisted_bsp,bsp,0.1,adaptive,8,0.015625,35,2,2,2,1.0,0.05714285714285714,1.0,2,1.0,41.286,56.89965,0,0,0,0,0.6480000000000001,0.648,0.3
0.003472222222222222,3.196488737310089,0.05482436788110942,3.7311885613936364,0.8958333333333334,44.666666666666664,5.370575333777823,0.051352145658887204,3196.48873731009,4018,1,walk,boundary_move_mid_unlisted_bsp,bsp,0.1,adaptive,8,0.015625,37,1,1,2,1.0,0.02702702702702703,1.0,1,1.0,40.8405,52.61584999999998,0,0,0,0,0.6480000000000001,0.648,0.3
0.1044921875,2.6958660793484945,0.053958321506188706,3.310025312073359,0.9791666666666666,40.791666666666664,5.255540542641424,0.050533865993811294,2695.8660793484955,4018,2,walk,boundary_move_mid_unlisted_bsp,bsp,0.1,adaptive,8,0.015625,39,1,1,2,1.0,0.02564102564102564,1.0,1,1.0,40.8305,56.5875,0,0,0,0,0.6480000000000001,0.648,0.3
0.02341579861111111,2.5804669487743848,0.06503859780306828,3.3395363672228657,1.0,31.8125,4.910610214111073,0.04162279919195717,2580.4669487743863,4018,3,walk,boundary_move_mid_unlisted_bsp,bsp,0.1,adaptive,8,0.015625,37,8,3,8,0.375,0.08108108108108109,0.6,3,1.0,40.504999999999995,53.05124999999998,0,0,0,0,0.6480000000000001,0.648,0.3
0.04481336805555556,2.518972644990126,0.061120597288720525,3.196861235239929,1.0,37.520833333333336,5.088826708630042,0.016307229233164966,2518.972644990126,4019,0,walk,boundary_move_mid_unlisted_bsp,bsp,0.1,adaptive,8,0.015625,38,2,1,5,0.5,0.02631578947368421,1.0,1,1.0,40.7055,59.59284999999999,0,0,0,0,0.6480000000000001,0.648,0.3
0.06510416666666667,2.7885289286951807,0.0553427808267043,3.788553268545526,0.9791666666666666,42.916666666666664,5.320727845506179,0.009761385839962361,2788.5289286951797,4019,1,walk,boundary_move_mid_unlisted_bsp,bsp,0.1,adaptive,8,0.015625,34,5,4,7,0.8,0.11764705882352941,0.6666666666666666,4,1.0,40.459999999999994,45.97645,0,0,0,0,0.6480000000000001,0.648,0.3
0.2765625,1.6712716130020338,0.06929880816249062,3.012927036321504,1.0,32.916666666666664,4.893453218402993,0.2072636918375094,1671.2716130020335,4019,2,walk,boundary_move_mid_unlisted_bsp,bsp,0.1,adaptive,8,0.015625,35,5,1,7,0.2,0.02857142857142857,0.25,1,1.0,40.76049999999999,48.66519999999999,0,0,0,0,0.6480000000000001,0.648,0.3
0.0029296875,2.817025754789901,0.07058778760586228,3.383369328599276,0.9583333333333334,32.166666666666664,4.848031168194005,0.06765810010586226,2817.0257547899,4019,3,walk,boundary_move_mid_unlisted_bsp,bsp,0.1,adaptive,8,0.015625,34,1,0,8,0.0,0.0,0.0,0,1.0,40.47,51.717150000000004,0,1,1,0,0.6480000000000001,0.648,0.3
0.06519097222222221,1.6490671923183966,0.05640561492543572,3.0947572944172452,1.0,34.395833333333336,4.984469632951447,0.008785357296786497,1649.0671923183966,4000,0,walk,boundary_move_mid_unlisted_rbsp,rbsp,0.1,adaptive,8,0.015625,35,6,3,10,0.5,0.08571428571428572,0.6666666666666666,3,1.0,342.60699999999997,404.8517499999999,0,0,0,9,0.6480000000000001,0.648,0.3
0.007096354166666666,2.7801109680967833,0.049734194821691224,3.509562775435887,1.0,36.958333333333336,5.232691217775109,0.04263784065502455,2780.110968096782,4000,1,walk,boundary_move_mid_unlisted_rbsp,rbsp,0.1,adaptive,8,0.015625,34,6,1,6,0.16666666666666666,0.029411764705882353,0.25,1,1.0,342.067,362.59499999999997,0,0,0,9,0.6480000000000001,0.648,0.3
0.0018229166666666665,4.243162105948814,0.029966365072902405,4.4974359495386205,0.8333333333333334,52.208333333333336,5.726279660684894,0.02814344840623574,4243.162105948813,4000,2,walk,boundary_move_mid_unlisted_rbsp,rbsp,0.1,adaptive,8,0.015625,39,4,1,3,0.25,0.02564102564102564,0.25,1,1.0,341.9715,363.57214999999997,0,0,0,9,0.6480000000000001,0.648,0.3
0.0020616319444444445,2.766535640550311,0.04935486097305349,3.343669362305963,1.0,35.958333333333336,5.117285880399094,0.047293229028609045,2766.535640550313,4000,3,walk,boundary_move_mid_unlisted_rbsp,rbsp,0.1,adaptive,8,0.015625,39,3,3,8,1.0,0.07692307692307693,1.0,3,1.0,340.36400000000003,394.2242499999999,0,0,0,9,0.6480000000000001,0.648,0.3
0.021592881944444444,2.8239725084824605,0.040122905987013756,3.538691571912009,1.0,43.270833333333336,5.439662831848058,0.018530024042569312,2823.97250848246,4001,0,walk,boundary_move_mid_unlisted_rbsp,rbsp,0.1,adaptive,8,0.015625,41,5,3,7,0.6,0.07317073170731707,0.75,3,1.0,340.08349999999996,359.617,0,0,0,9,0.6480000000000001,0.648,0.3
0.02265625,2.268591854201228,0.05486383629604271,3.344518949212859,1.0,34.583333333333336,5.045346441544461,0.03220758629604271,2268.5918542012273,4001,1,walk,boundary_move_mid_unlisted_rbsp,rbsp,0.1,adaptive,8,0.015625,32,1,1,8,1.0,0.03125,1.0,1,1.0,342.883,389.2913,0,0,0,9,0.6480000000000001,0.648,0.3
0.055164930555555554,3.921441257027085,0.03612399222820998,3.9753930346649686,1.0,48.979166666666664,5.589275797180189,0.019040938327345575,3921.441257027084,4001,2,walk,boundary_move_mid_unlisted_rbsp,rbsp,0.1,adaptive,8,0.015625,37,3,1,6,0.3333333333333333,0.02702702702702703,0.3333333333333333,1,1.0,341.68600000000004,361.4372,0,0,0,9,0.6480000000000001,0.648,0.3
0.0021701388888888886,3.292901088386326,0.05802875542326431,3.391869355188146,1.0,32.375,4.954482539930791,0.055858616534375426,3292.901088386326,4001,3,walk,boundary_move_mid_unlisted_rbsp,rbsp,0.1,adaptive,8,0.015625,38,5,4,9,0.8,0.10526315789473684,1.0,4,1.0,340.1385,378.9348,0,0,0,9,0.6480000000000001,0.648,0.3
0.0003255208333333333,2.286188864098207,0.0500179000877318,3.4387346487012085,1.0,40.229166666666664,5.256592129415848,0.04969237925439846,2286.1888640982083,4002,0,walk,boundary_move_mid_unlisted_rbsp,rbsp,0.1,adaptive,8,0.015625,37,3,0,6,0.0,0.0,0.0,0,1.0,341.611,361.93444999999997,0,0,0,9,0.6480000000000001,0.648,0.3
0.0032335069444444447,3.303586954523414,0.06298566212909282,3.66783595892992,0.9791666666666666,34.916666666666664,4.999746143548442,0.05975215518464838,3303.5869545234145,4002,1,walk,boundary_move_mid_unlisted_rbsp,rbsp,0.1,adaptive,8,0.015625,31,4,2,9,0.5,0.06451612903225806,0.6666666666666666,2,1.0,341.06500000000005,361.647,0,2,2,9,0.6480000000000001,0.648,0.3
0.06584201388888888,1.8789764444333217,0.03813103153041739,3.5425490919351668,1.0,46.333333333333336,5.52229727328082,0.027710982358471487,1878.976444433322,4002,2,walk,boundary_move_mid_unlisted_rbsp,rbsp,0.1,adaptive,8,0.015625,36,3,1,7,0.3333333333333333,0.027777777777777776,0.3333333333333333,1,1.0,340.93,355.58065,0,0,0,9,0.6480000000000001,0.648,0.3
0.00902054398148148,2.4768301366093777,0.047645771041705705,3.3438771055424286,1.0,36.125,5.157561048856964,0.038625227060224226,2476.830136609378,4002,3,walk,boundary_move_mid_unlisted_rbsp,rbsp,0.1,adaptive,8,0.015625,32,1,0,9,0.0,0.0,0.0,0,1.0,340.5795,360.97215,0,0,0,9,0.6480000000000001,0.648,0.3
0.08550347222222222,2.3760236269292165,0.04925510937727448,3.4804632566540104,1.0,38.4375,5.236938295323164,0.03624836284494775,2376.0236269292163,4003,0,walk,boundary_move_mid_unlisted_rbsp,rbsp,0.1,adaptive,8,0.015625,35,4,0,5,0.0,0.0,0.0,0,1.0,341.40049999999997,364.99135,0,0,0,9,0.6480000000000001,0.648,0.3
0.020833333333333332,3.9798764405341522,0.0402446302440873,4.241358327015829,0.8125,40.916666666666664,5.339320148320738,0.01941129691075397,3979.876440534152,4003,1,walk,boundary_move_mid_unlisted_rbsp,rbsp,0.1,adaptive,8,0.015625,38,2,2,6,1.0,0.05263157894736842,1.0,2,1.0,343.8245,370.59279999999995,0,0,0,9,0.6480000000000001,0.648,0.3
0.0003720238095238095,2.199771600629291,0.05215170942930691,3.2902928209337627,1.0,34.458333333333336,5.113431718126988,0.0517796856197831,2199.7716006292926,4003,2,walk,boundary_move_mid_unlisted_rbsp,rbsp,0.1,adaptive,8,0.015625,33,4,3,9,0.75,0.09090909090909091,0.75,3,1.0,341.5955,359.4723,0,0,0,9,0.6480000000000001,0.648,0.3
0.00601438492063492,3.326388889631046,0.05374168274395167,3.6264137115301502,0.9791666666666666,36.791666666666664,5.0854931904255976,0.04772729782331675,3326.3888896310473,4003,3,walk,boundary_move_mid_unlisted_rbsp,rbsp,0.1,adaptive,8,0.015625,36,4,1,8,0.25,0.027777777777777776,0.3333333333333333,1,1.0,341.937,366.17875,0,0,0,9,0.6480000000000001,0.648,0.3
0.016254340277777776,2.2515499974100455,0.06745628793347133,3.0610785425763236,1.0,27.895833333333332,4.740945974408387,0.05120194765569355,2251.5499974100453,4004,0,walk,boundary_move_mid_unlisted_rbsp,rbsp,0.1,adaptive,8,0.015625,33,4,1,10,0.25,0.030303030303030304,0.3333333333333333,1,1.0,342.422,362.23125,0,0,0,9,0.6480000000000001,0.648,0.3
0.10052083333333334,3.4599329047877334,0.04688955295504002,3.5558134943944175,1.0,39.145833333333336,5.251102850119872,0.05363128037829332,3459.932904787736,4004,1,walk,boundary_move_mid_unlisted_rbsp,rbsp,0.1,adaptive,8,0.015625,34,3,1,5,0.3333333333333333,0.029411764705882353,0.5,1,1.0,340.21349999999995,360.48815,0,0,0,9,0.6480000000000001,0.648,0.3
0.0,5.188138116414695,0.043847319499169334,4.025287644469469,0.9791666666666666,43.854166666666664,5.48740048440265,0.043847319499169334,5188.138116414694,4004,2,walk,boundary_move_mid_unlisted_rbsp,rbsp,0.1,adaptive,8,0.015625,38,1,1,5,1.0,0.02631578947368421,1.0,1,1.0,343.363,364.89115,0,0,0,9,0.6480000000000001,0.648,0.3
0.0025824652777777777,3.3498245759151497,0.046897022170596964,3.6930013114700553,1.0,38.645833333333336,5.2802423847411974,0.044314556892819185,3349.824575915152,4004,3,walk,boundary_move_mid_unlisted_rbsp,rbsp,0.1,adaptive,8,0.015625,36,4,1,5,0.25,0.027777777777777776,0.25,1,1.0,341.6205,358.64815,0,0,0,9,0.6480000000000001,0.648,0.3
0.0009548611111111112,3.026400766214913,0.04089156493455307,3.6844859981756506,1.0,50.25,5.643166173258781,0.03993670382344196,3026.400766214913,4005,0,walk,boundary_move_mid_unlisted_rbsp,rbsp,0.1,adaptive,8,0.015625,36,2,1,5,0.5,0.027777777777777776,0.5,1,1.0,340.4845,371.66665,0,0,0,9,0.6480000000000001,0.648,0.3
0.008072916666666667,2.5609452311610874,0.05194566021224687,3.5371097747519804,1.0,37.270833333333336,5.1596962574530325,0.043872743545580205,2560.945231161088,4005,1,walk,boundary_move_mid_unlisted_rbsp,rbsp,0.1,adaptive,8,0.015625,34,5,2,8,0.4,0.058823529411764705,0.4,2,1.0,342.5425,375.55625,0,0,0,9,0.6480000000000001,0.648,0.3
0.001171875,2.8773753502553667,0.042879803389259154,3.359784916477615,1.0,40.375,5.3258395251431665,0.04170792838925916,2877.3753502553664,4005,2,walk,boundary_move_mid_unlisted_rbsp,rbsp,0.1,adaptive,8,0.015625,37,5,0,7,0.0,0.0,0.0,0,1.0,339.543,362.02865,0,0,0,9,0.6480000000000001,0.648,0.3
0.002495659722222222,2.9732927186489104,0.05133635676413576,3.9146809483224083,0.8958333333333334,35.5,5.1098704458603486,0.048840697041913544,2973.2927186489105,4005,3,walk,boundary_move_mid_unlisted_rbsp,rbsp,0.1,adaptive,8,0.015625,36,2,0,6,0.0,0.0,0.0,0,1.0,342.217,380.60364999999996,0,0,0,9,0.6480000000000001,0.648,0.3
0.05360243055555555,3.224236664522717,0.05678595733862293,3.512420417975829,0.9791666666666666,34.5625,5.041575562721982,0.003183526783067381,3224.236664522717,4006,0,walk,boundary_move_mid_unlisted_rbsp,rbsp,0.1,adaptive,8,0.015625,39,4,1,5,0.25,0.02564102564102564,0.25,1,1.0,341.14549999999997,374.01899999999995,0,0,0,9,0.6480000000000001,0.648,0.3
0.0625,3.864838576280652,0.055037468741417045,3.4426855385906525,1.0,32.5,4.956205991948653,0.007462531258582955,3864.8385762806506,4006,1,walk,boundary_move_mid_unlisted_rbsp,rbsp,0.1,adaptive,8,0.015625,33,2,1,9,0.5,0.030303030303030304,0.5,1,1.0,343.304,359.50365,0,0,0,9,0.6480000000000001,0.648,0.3
0.0011935763888888888,3.6769764489929417,0.05121084046652299,3.7072461107195323,0.8541666666666666,37.895833333333336,5.261140467154843,0.0500172640776341,3676.9764489929416,4006,2,walk,boundary_move_mid_unlisted_rbsp,rbsp,0.1,adaptive,8,0.015625,33,3,1,7,0.3333333333333333,0.030303030303030304,0.5,1,1.0,339.538,365.3213,0,0,0,9,0.6480000000000001,0.648,0.3
0.0008680555555555555,3.2931714640010434,0.07315126338669684,3.4351750561484877,0.9791666666666666,26.708333333333332,4.659850012666364,0.07228320783114128,3293.1714640010428,4006,3,walk,boundary_move_mid_unlisted_rbsp,rbsp,0.1,adaptive,8,0.015625,33,3,2,12,0.6666666666666666,0.06060606060606061,1.0,2,1.0,342.10699999999997,360.79445,0,0,0,9,0.6480000000000001,0.648,0.3
0.08352864583333335,2.8827810174861566,0.046792517770955895,3.702106343489392,0.9791666666666666,38.3125,5.229654997705461,0.03673612806237744,2882.7810174861575,4007,0,walk,boundary_move_mid_unlisted_rbsp,rbsp,0.1,adaptive,8,0.015625,34,3,0,6,0.0,0.0,0.0,0,1.0,339.819,369.0795,0,0,0,9,0.6480000000000001,0.648,0.3
0.011263020833333333,2.832779517781546,0.046442000596339024,3.585327886286344,1.0,41.604166666666664,5.293997104147785,0.03517897976300569,2832.779517781546,4007,1,walk,boundary_move_mid_unlisted_rbsp,rbsp,0.1,adaptive,8,0.015625,39,6,4,7,0.6666666666666666,0.10256410256410256,1.0,4,1.0,349.33799999999997,593.3601500000001,0,0,0,9,0.6480000000000001,0.648,0.3
0.06406250000000001,2.9038953887116308,0.04370328945382751,3.5994652076674662,1.0,42.604166666666664,5.3591623188845885,0.020359210546172495,2903.8953887116295,4007,2,walk,boundary_move_mid_unlisted_rbsp,rbsp,0.1,adaptive,8,0.015625,34,4,1,5,0.25,0.029411764705882353,0.3333333333333333,1,1.0,339.0025,362.0181,0,0,0,9,0.6480000000000001,0.648,0.3
0.148046875,2.436210301103517,0.03613283209525468,3.7089233645424042,1.0,47.229166666666664,5.496172673832675,0.11191404290474533,2436.2103011035174,4007,3,walk,boundary_move_mid_unlisted_rbsp,rbsp,0.1,adaptive,8,0.015625,36,3,2,5,0.6666666666666666,0.05555555555555555,0.6666666666666666,2,1.0,338.672,359.31710000000004,0,0,0,9,0.6480000000000001,0.648,0.3
0.0014973958333333332,3.4330939888149548,0.04719645366386261,3.8085812532771026,0.9791666666666666,41.1875,5.304305034154232,0.04569905783052928,3433.093988814955,4008,0,walk,boundary_move_mid_unlisted_rbsp,rbsp,0.1,adaptive,8,0.015625,36,6,2,6,0.3333333333333333,0.05555555555555555,0.6666666666666666,2,1.0,340.81,364.44565,0,0,0,9,0.6480000000000001,0.648,0.3
0.020833333333333332,3.8394263877761357,0.04980325377929262,4.000133642337958,0.9166666666666666,40.1875,5.293934017589955,0.02896992044595929,3839.4263877761355,4008,1,walk,boundary_move_mid_unlisted_rbsp,rbsp,0.1,adaptive,8,0.015625,39,4,2,6,0.5,0.05128205128205128,0.6666666666666666,2,1.0,344.1105,373.80235,0,0,0,9,0.6480000000000001,0.648,0.3
0.12706163194444445,1.9580961320625334,0.05012660010286391,3.2972909871897795,1.0,35.8125,5.1150512578877025,0.07693503184158053,1958.0961320625336,4008,2,walk,boundary_move_mid_unlisted_rbsp,rbsp,0.1,adaptive,8,0.015625,41,2,1,6,0.5,0.024390243902439025,0.5,1,1.0,341.6815,382.75565,0,0,0,9,0.6480000000000001,0.648,0.3
0.0033420138888888887,4.967602713833545,0.032978688251825074,4.162721087474705,0.9375,53.020833333333336,5.704340970693871,0.029636674362936186,4967.602713833542,4008,3,walk,boundary_move_mid_unlisted_rbsp,rbsp,0.1,adaptive,8,0.015625,36,8,3,5,0.375,0.08333333333333333,0.42857142857142855,3,1.0,340.31,378.40004999999996,0,0,0,9,0.6480000000000001,0.648,0.3
0.0003255208333333333,3.4516379702997972,0.034532138546462025,4.070034556862137,0.9375,44.104166666666664,5.473589322215571,0.0342066177131287,3451.6379702997983,4009,0,walk,boundary_move_mid_unlisted_rbsp,rbsp,0.1,adaptive,8,0.015625,37,3,0,4,0.0,0.0,0.0,0,1.0,341.4365,376.32255,0,0,0,9,0.6480000000000001,0.648,0.3
0.27036313657407407,1.7961821114584453,0.057350268418674716,3.173724213995427,0.9791666666666666,33.6875,5.029915688035873,0.21301286815539935,1796.1821114584452,4009,1,walk,boundary_move_mid_unlisted_rbsp,rbsp,0.1,adaptive,8,0.015625,34,5,3,9,0.6,0.08823529411764706,0.5,3,1.0,339.58399999999995,359.3895,0,0,0,9,0.6480000000000001,0.648,0.3
0.03361545138888889,2.811398109109524,0.047754633971682524,3.2851710566138124,0.9791666666666666,29.541666666666668,4.822452684487364,0.014139182582793633,2811.3981091095247,4009,2,walk,boundary_move_mid_unlisted_rbsp,rbsp,0.1,adaptive,8,0.015625,33,5,1,9,0.2,0.030303030303030304,0.2,1,1.0,344.981,374.57025,0,0,0,9,0.6480000000000001,0.648,0.3
0.004427083333333333,5.2738263178905695,0.0394281337927515,3.9701931157197987,0.9583333333333334,44.729166666666664,5.474028676164951,0.03500105045941817,5273.826317890572,4009,3,walk,boundary_move_mid_unlisted_rbsp,rbsp,0.1,adaptive,8,0.015625,38,3,3,7,1.0,0.07894736842105263,1.0,3,1.0,346.7795,459.5248499999999,0,0,0,9,0.6480000000000001,0.648,0.3
0.09249131944444444,2.496893842303502,0.034957922827253296,3.630764596052289,0.9791666666666666,49.854166666666664,5.608766027644626,0.057533396617191146,2496.893842303502,4010,0,walk,boundary_move_mid_unlisted_rbsp,rbsp,0.1,adaptive,8,0.015625,42,2,0,2,0.0,0.0,0.0,0,1.0,340.79049999999995,356.92900000000003,0,0,0,9,0.6480000000000001,0.648,0.3
0.18088107638888887,1.1507955503983485,0.05987769650990075,2.9088788890919077,1.0,30.958333333333332,4.9220665667390895,0.12100337987898813,1150.7955503983483,4010,1,walk,boundary_move_mid_unlisted_rbsp,rbsp,0.1,adaptive,8,0.015625,41,4,2,6,0.5,0.04878048780487805,0.6666666666666666,2,1.0,336.319,357.27585,0,0,0,9,0.6480000000000001,0.648,0.3
0.0027994791666666667,3.1985824756698715,0.03234356303838056,3.841183610703314,1.0,56.3125,5.821816704487343,0.029544083871713898,3198.5824756698717,4010,2,walk,boundary_move_mid_unlisted_rbsp,rbsp,0.1,adaptive,8,0.015625,39,5,1,1,0.2,0.02564102564102564,0.25,1,1.0,342.6885,382.67825,0,0,0,9,0.6480000000000001,0.648,0.3
0.029947916666666668,2.301891652863206,0.051506541941882256,3.434386980538403,1.0,38.583333333333336,5.253145779525888,0.021558625275215588,2301.8916528632058,4010,3,walk,boundary_move_mid_unlisted_rbsp,rbsp,0.1,adaptive,8,0.015625,33,2,2,8,1.0,0.06060606060606061,1.0,2,1.0,343.399,376.82995,0,0,0,9,0.6480000000000001,0.648,0.3
0.0005208333333333333,4.188889190009532,0.04156957721079697,4.13449174379935,0.875,45.1875,5.481486692295884,0.041048743877463635,4188.889190009534,4011,0,walk,boundary_move_mid_unlisted_rbsp,rbsp,0.1,adaptive,8,0.015625,35,5,3,9,0.6,0.08571428571428572,0.5,3,1.0,340.319,376.3553,0,0,0,9,0.6480000000000001,0.648,0.3
0.024305555555555552,3.1176492523604313,0.04142579763580329,3.8972855877784855,0.875,38.375,5.182735799354465,0.017120242080247743,3117.6492523604315,4011,1,walk,boundary_move_mid_unlisted_rbsp,rbsp,0.1,adaptive,8,0.015625,38,3,0,4,0.0,0.0,0.0,0,1.0,340.83000000000004,360.92895,0,0,0,9,0.6480000000000001,0.648,0.3
0.0005208333333333333,3.080916592219778,0.03993432759109329,3.775798325401635,0.9583333333333334,44.541666666666664,5.480913876829846,0.03941349425775996,3080.9165922197776,4011,2,walk,boundary_move_mid_unlisted_rbsp,rbsp,0.1,adaptive,8,0.015625,34,6,1,3,0.16666666666666666,0.029411764705882353,0.2,1,1.0,339.889,360.97425,0,0,0,9,0.6480000000000001,0.648,0.3
0.0033420138888888887,2.972524208192199,0.031969634924810475,3.608841956655421,1.0,45.75,5.565364157744753,0.028627621035921588,2972.524208192199,4011,3,walk,boundary_move_mid_unlisted_rbsp,rbsp,0.1,adaptive,8,0.015625,34,2,2,8,1.0,0.058823529411764705,1.0,2,1.0,343.625,421.59484999999995,0,0,0,9,0.6480000000000001,0.648,0.3
0.0018880208333333336,2.674618875061544,0.04562928603809573,3.7019905245819777,1.0,43.708333333333336,5.407452254232594,0.043741265204762396,2674.6188750615443,4012,0,walk,boundary_move_mid_unlisted_rbsp,rbsp,0.1,adaptive,8,0.015625,33,3,1,5,0.3333333333333333,0.030303030303030304,0.5,1,1.0,337.781,358.93244999999996,0,0,0,9,0.6480000000000001,0.648,0.3
0.18207465277777776,1.8960078573765156,0.05715793618764661,3.1092335666163975,1.0,32.291666666666664,5.0098857911752495,0.12491671659013115,1896.007857376515,4012,1,walk,boundary_move_mid_unlisted_rbsp,rbsp,0.1,adaptive,8,0.015625,35,3,2,8,0.6666666666666666,0.05714285714285714,0.6666666666666666,2,1.0,341.74649999999997,360.3048,0,0,0,9,0.6480000000000001,0.648,0.3
0.012369791666666666,2.694567538304143,0.058024170217397274,3.269952350495632,1.0,33.916666666666664,4.970206886930392,0.0456543785507306,2694.567538304143,4012,2,walk,boundary_move_mid_unlisted_rbsp,rbsp,0.1,adaptive,8,0.015625,36,2,1,7,0.5,0.027777777777777776,0.5,1,1.0,342.94849999999997,372.18075,0,0,0,9,0.6480000000000001,0.648,0.3
0.16807725694444442,2.4927223374003664,0.03878812225762514,3.7625960404904695,0.9791666666666666,45.458333333333336,5.50327832661237,0.12928913468681927,2492.722337400366,4012,3,walk,boundary_move_mid_unlisted_rbsp,rbsp,0.1,adaptive,8,0.015625,36,0,0,4,nan,0.0,nan,0,1.0,340.72,365.0531,0,0,0,9,0.6480000000000001,0.648,0.3
0.05337921626984127,2.7759045115324508,0.04356713223031628,3.4624330233160094,1.0,44.458333333333336,5.4711050290088865,0.009812084039524984,2775.90451153245,4013,0,walk,boundary_move_mid_unlisted_rbsp,rbsp,0.1,adaptive,8,0.015625,39,4,2,4,0.5,0.05128205128205128,0.6666666666666666,2,1.0,341.5915,360.222,0,0,0,9,0.6480000000000001,0.648,0.3
0.04348958333333333,3.5023051916328956,0.04944383470618647,3.710006612340783,0.9375,37.8125,5.237641152078544,0.0059542513728531405,3502.305191632895,4013,1,walk,boundary_move_mid_unlisted_rbsp,rbsp,0.1,adaptive,8,0.015625,30,4,0,7,0.0,0.0,0.0,0,1.0,338.021,356.64615000000003,0,0,0,9,0.6480000000000001,0.648,0.3
0.0005208333333333333,4.878909233749467,0.03721100519006005,4.144257681260473,1.0,52.208333333333336,5.653679229760339,0.03669017185672672,4878.909233749464,4013,2,walk,boundary_move_mid_unlisted_rbsp,rbsp,0.1,adaptive,8,0.015625,37,5,1,1,0.2,0.02702702702702703,0.25,1,1.0,339.8695,358.51975,0,0,0,9,0.6480000000000001,0.648,0.3
0.0028211805555555555,4.06529066647441,0.03896581569310876,3.9362542379173373,0.8958333333333334,42.458333333333336,5.438750597797413,0.0361446351375532,4065.2906664744096,4013,3,walk,boundary_move_mid_unlisted_rbsp,rbsp,0.1,adaptive,8,0.015625,36,8,2,5,0.25,0.05555555555555555,0.3333333333333333,2,1.0,340.1295,367.53785,0,0,0,9,0.6480000000000001,0.648,0.3
0.0003720238095238095,4.87293772432077,0.041874405888270294,3.948676803914666,1.0,44.916666666666664,5.489752744732871,0.041502382078746486,4872.937724320771,4014,0,walk,boundary_move_mid_unlisted_rbsp,rbsp,0.1,adaptive,8,0.015625,39,8,2,4,0.25,0.05128205128205128,0.3333333333333333,2,1.0,342.453,367.10685,0,0,0,9,0.6480000000000001,0.648,0.3
0.001171875,4.302429592227823,0.0398057367365003,3.8661598395333705,0.9375,45.0,5.468288478069506,0.038633861736500304,4302.429592227819,4014,1,walk,boundary_move_mid_unlisted_rbsp,rbsp,0.1,adaptive,8,0.015625,37,2,1,4,0.5,0.02702702702702703,0.5,1,1.0,342.693,367.1105,0,0,0,9,0.6480000000000001,0.648,0.3
0.10503472222222222,1.5202236318658382,0.0527866314802258,3.153465136717852,1.0,38.0,5.24308098229475,0.052248090741996434,1520.2236318658386,4014,2,walk,boundary_move_mid_unlisted_rbsp,rbsp,0.1,adaptive,8,0.015625,35,4,3,9,0.75,0.08571428571428572,0.75,3,1.0,341.8265,360.69965,0,0,0,9,0.6480000000000001,0.648,0.3
0.0014105902777777778,4.085014217994356,0.04312593854586642,3.906671736040827,0.9791666666666666,41.083333333333336,5.407050513815247,0.04171534826808864,4085.0142179943537,4014,3,walk,boundary_move_mid_unlisted_rbsp,rbsp,0.1,adaptive,8,0.015625,32,4,1,8,0.25,0.03125,0.3333333333333333,1,1.0,342.47749999999996,371.8436,0,0,0,9,0.6480000000000001,0.648,0.3
0.0038225446428571427,4.129740894959469,0.040591894169239646,4.064210557002688,0.9791666666666666,50.5625,5.62667199654734,0.0367693495263825,4129.740894959469,4015,0,walk,boundary_move_mid_unlisted_rbsp,rbsp,0.1,adaptive,8,0.015625,39,9,1,5,0.1111111111111111,0.02564102564102564,0.14285714285714285,1,1.0,343.00350000000003,368.7011,0,0,0,9,0.6480000000000001,0.648,0.3
0.14635416666666667,2.5607833911382127,0.03254621219464742,3.6532237128943823,1.0,49.770833333333336,5.662533823309271,0.11380795447201925,2560.783391138212,4015,1,walk,boundary_move_mid_unlisted_rbsp,rbsp,0.1,adaptive,8,0.015625,34,1,0,5,0.0,0.0,0.0,0,1.0,342.913,381.18744999999996,0,0,0,9,0.6480000000000001,0.648,0.3
0.014756944444444442,4.0358433539608365,0.04855223988108195,3.495298331371296,0.9166666666666666,36.9375,5.172913784601361,0.0337952954366375,4035.843353960838,4015,2,walk,boundary_move_mid_unlisted_rbsp,rbsp,0.1,adaptive,8,0.015625,40,4,1,5,0.25,0.025,0.25,1,1.0,342.022,390.60119999999995,0,0,0,9,0.6480000000000001,0.648,0.3
0.022135416666666668,3.9673623949346783,0.05450437655506948,3.8856421578580203,0.7916666666666666,31.770833333333332,4.994034759945284,0.032368959888402805,3967.3623949346784,4015,3,walk,boundary_move_mid_unlisted_rbsp,rbsp,0.1,adaptive,8,0.015625,37,2,0,4,0.0,0.0,0.0,0,1.0,344.701,366.67585,0,0,0,9,0.6480000000000001,0.648,0.3
0.014670138888888887,3.443811644807068,0.032572831459014885,3.8020421216418145,0.8958333333333334,48.0625,5.575130226702195,0.017902692570125996,3443.8116448070664,4016,0,walk,boundary_move_mid_unlisted_rbsp,rbsp,0.1,adaptive,8,0.015625,39,4,2,6,0.5,0.05128205128205128,1.0,2,1.0,341.43600000000004,363.1965,0,0,0,9,0.6480000000000001,0.648,0.3
0.13270399305555555,1.670509801121855,0.07325368231994601,2.8763578759599455,1.0,27.166666666666668,4.682944511240086,0.05945031073560953,1670.5098011218558,4016,1,walk,boundary_move_mid_unlisted_rbsp,rbsp,0.1,adaptive,8,0.015625,34,0,0,8,nan,0.0,nan,0,1.0,342.558,362.46575,0,0,0,9,0.6480000000000001,0.648,0.3
0.0440552662037037,2.5226465928617725,0.04446828457849733,3.4948195651286156,1.0,42.520833333333336,5.4084669834226355,0.0004130183747936278,2522.6465928617727,4016,2,walk,boundary_move_mid_unlisted_rbsp,rbsp,0.1,adaptive,8,0.015625,35,4,2,6,0.5,0.05714285714285714,0.5,2,1.0,342.192,373.63475,0,0,0,9,0.6480000000000001,0.648,0.3
0.0037977430555555555,4.406367296098021,0.03682920577764568,3.7352269449945488,1.0,44.541666666666664,5.437534287771853,0.03303146272209012,4406.367296098018,4016,3,walk,boundary_move_mid_unlisted_rbsp,rbsp,0.1,adaptive,8,0.015625,43,4,2,3,0.5,0.046511627906976744,0.5,2,1.0,341.521,358.93665,0,0,0,9,0.6480000000000001,0.648,0.3
0.0010850694444444443,2.879664257917204,0.049273644924023634,3.365188695270581,1.0,35.020833333333336,5.13080419557046,0.048188575479579186,2879.664257917204,4017,0,walk,boundary_move_mid_unlisted_rbsp,rbsp,0.1,adaptive,8,0.015625,32,1,0,7,0.0,0.0,0.0,0,1.0,341.87149999999997,365.37055,0,0,0,9,0.6480000000000001,0.648,0.3
0.0020399305555555557,3.6502360170659855,0.04750246707795824,3.7167205074605207,0.9791666666666666,38.708333333333336,5.240987710425559,0.045462536522402675,3650.2360170659867,4017,1,walk,boundary_move_mid_unlisted_rbsp,rbsp,0.1,adaptive,8,0.015625,34,2,1,6,0.5,0.029411764705882353,1.0,1,1.0,341.51099999999997,361.6143,0,0,0,9,0.6480000000000001,0.648,0.3
0.0008463541666666667,4.104100058907211,0.04446681110382505,3.845025759832827,0.8333333333333334,34.6875,5.166297732553974,0.04362045693715838,4104.100058907211,4017,2,walk,boundary_move_mid_unlisted_rbsp,rbsp,0.1,adaptive,8,0.015625,26,3,0,7,0.0,0.0,0.0,0,1.0,339.828,364.49365,0,0,0,9,0.6480000000000001,0.648,0.3
0.04871961805555555,3.1631509108733002,0.05073552337507244,3.4596576056418367,0.9583333333333334,39.125,5.228995297980638,0.0020159053195168883,3163.1509108733003,4017,3,walk,boundary_move_mid_unlisted_rbsp,rbsp,0.1,adaptive,8,0.015625,31,0,0,7,nan,0.0,nan,0,1.0,341.681,361.48575,0,0,0,9,0.6480000000000001,0.648,0.3
0.0010127314814814814,4.908417257068759,0.03022036911929526,4.208321751073504,0.9791666666666666,53.645833333333336,5.740676326854053,0.02920763763781378,4908.41725706876,4018,0,walk,boundary_move_mid_unlisted_rbsp,rbsp,0.1,adaptive,8,0.015625,35,2,1,1,0.5,0.02857142857142857,0.5,1,1.0,342.6675,359.03745,0,0,0,9,0.6480000000000001,0.648,0.3
0.003472222222222222,4.910556391165296,0.03873904564383753,3.7707872484810383,1.0,41.208333333333336,5.373749504437154,0.03526682342161531,4910.5563911652935,4018,1,walk,boundary_move_mid_unlisted_rbsp,rbsp,0.1,adaptive,8,0.015625,37,1,0,7,0.0,0.0,0.0,0,1.0,343.71400000000006,364.42355,0,0,0,9,0.6480000000000001,0.648,0.3
0.0419921875,3.212994716441528,0.03721730350663143,3.601949928650777,0.9791666666666666,55.541666666666664,5.7296945075049415,0.004774883993368566,3212.9947164415275,4018,2,walk,boundary_move_mid_unlisted_rbsp,rbsp,0.1,adaptive,8,0.015625,39,1,0,0,0.0,0.0,0.0,0,nan,340.42449999999997,364.677,0,0,0,9,0.6480000000000001,0.648,0.3
0.0025824652777777777,2.462911137657286,0.055306486749081396,3.304048989215312,1.0,37.125,5.119393162519864,0.05272402147130362,2462.911137657286,4018,3,walk,boundary_move_mid_unlisted_rbsp,rbsp,0.1,adaptive,8,0.015625,37,8,2,7,0.25,0.05405405405405406,0.4,2,1.0,343.223,366.6345,0,0,0,9,0.6480000000000001,0.648,0.3
0.08648003472222222,2.4576893926252965,0.053010753575781354,3.329966870201817,1.0,38.75,5.185283867218104,0.03346928114644088,2457.6893926252965,4019,0,walk,boundary_move_mid_unlisted_rbsp,rbsp,0.1,adaptive,8,0.015625,38,2,1,6,0.5,0.02631578947368421,1.0,1,1.0,343.3385,361.80395,0,0,0,9,0.6480000000000001,0.648,0.3
0.09895833333333333,2.2813808623315563,0.054260092946814435,3.326106830071327,1.0,30.625,4.925866603758158,0.0446982403865189,2281.3808623315563,4019,1,walk,boundary_move_mid_unlisted_rbsp,rbsp,0.1,adaptive,8,0.015625,34,5,2,9,0.4,0.058823529411764705,0.6666666666666666,2,1.0,343.07349999999997,377.5736,0,0,0,9,0.6480000000000001,0.648,0.3
0.005729166666666667,4.35670454045714,0.055196467606838225,3.803319275339533,0.9375,34.125,5.082442050200937,0.049467300940171564,4356.704540457139,4019,2,walk,boundary_move_mid_unlisted_rbsp,rbsp,0.1,adaptive,8,0.015625,35,5,1,6,0.2,0.02857142857142857,0.25,1,1.0,342.712,356.17865,0,0,0,9,0.6480000000000001,0.648,0.3
0.005533854166666667,3.886487107581651,0.035086723029278497,3.9241273684686804,0.9791666666666666,49.270833333333336,5.651991423713402,0.02955286886261183,3886.4871075816513,4019,3,walk,boundary_move_mid_unlisted_rbsp,rbsp,0.1,adaptive,8,0.015625,34,1,0,9,0.0,0.0,0.0,0,1.0,346.34749999999997,365.71095,0,0,0,9,0.6480000000000001,0.648,0.3
0.04644097222222223,2.4731230518801284,0.03753305976620554,3.7270001976485516,1.0,50.708333333333336,5.647022049289316,0.008907912456016692,2473.123051880128,4000,0,walk,boundary_move_outside_high_bsp,bsp,0.1,adaptive,8,0.015625,35,3,3,5,1.0,0.08571428571428572,1.0,3,1.0,40.9555,61.916599999999995,0,0,0,0,0.6480000000000001,0.648,0.3
0.022721354166666666,2.175438517503863,0.05488780215318428,3.242700073707961,1.0,34.041666666666664,5.053993109725436,0.03216644798651761,2175.4385175038633,4000,1,walk,boundary_move_outside_high_bsp,bsp,0.1,adaptive,8,0.015625,34,5,3,7,0.6,0.08823529411764706,0.5,3,1.0,41.501,57.075649999999996,0,0,0,0,0.6480000000000001,0.648,0.3
0.12847222222222224,2.7643103572947947,0.04553848490037121,3.5834868924936902,1.0,44.9375,5.420917139063916,0.08293373732185101,2764.3103572947944,4000,2,walk,boundary_move_outside_high_bsp,bsp,0.1,adaptive,8,0.015625,39,4,2,4,0.5,0.05128205128205128,0.5,2,1.0,40.57,55.39404999999999,0,0,0,0,0.6480000000000001,0.648,0.3
0.047200520833333336,4.152606478919789,0.04354146615048903,3.608665740538514,0.9791666666666666,40.9375,5.317089941008053,0.003659054682844304,4152.606478919788,4000,3,walk,boundary_move_outside_high_bsp,bsp,0.1,adaptive,8,0.015625,39,4,3,6,0.75,0.07692307692307693,0.75,3,1.0,40.69,51.953599999999994,0,0,0,0,0.6480000000000001,0.648,0.3
0.10492621527777778,2.6238164043412566,0.037048408734137485,3.6185780779219763,1.0,47.270833333333336,5.568347403489109,0.06787780654364028,2623.8164043412576,4001,0,walk,boundary_move_outside_high_bsp,bsp,0.1,adaptive,8,0.015625,41,4,3,5,0.75,0.07317073170731707,0.75,3,1.0,40.605000000000004,51.78214999999999,0,0,0,0,0.6480000000000001,0.648,0.3
0.001171875,3.2871780583398595,0.03956423037317818,3.7195814762603905,1.0,45.3125,5.463269751843303,0.03839235537317818,3287.1780583398595,4001,1,walk,boundary_move_outside_high_bsp,bsp,0.1,adaptive,8,0.015625,32,4,1,4,0.25,0.03125,0.25,1,1.0,40.555,53.93874999999999,0,0,0,0,0.6480000000000001,0.648,0.3
0.05620659722222222,2.8557664450162625,0.04801369626522293,3.649903484898271,0.9583333333333334,41.791666666666664,5.310086289193053,0.018244784924077273,2855.7664450162624,4001,2,walk,boundary_move_outside_high_bsp,bsp,0.1,adaptive,8,0.015625,37,3,2,7,0.6666666666666666,0.05405405405405406,0.6666666666666666,2,1.0,40.766000000000005,63.7429,0,1,2,0,0.6480000000000001,0.648,0.3
0.003472222222222222,3.2504983314668965,0.04365265312241951,3.672281735080496,1.0,46.979166666666664,5.47376764135833,0.04018043090019729,3250.4983314668966,4001,3,walk,boundary_move_outside_high_bsp,bsp,0.1,adaptive,8,0.015625,38,4,3,5,0.75,0.07894736842105263,0.6666666666666666,3,1.0,40.289,48.62775,0,0,0,0,0.6480000000000001,0.648,0.3
0.0003255208333333333,4.596852771135696,0.04650848309288782,4.023916250018592,0.875,42.208333333333336,5.3343652829325405,0.04618296225955448,4596.852771135694,4002,0,walk,boundary_move_outside_high_bsp,bsp,0.1,adaptive,8,0.015625,37,6,3,6,0.5,0.08108108108108109,0.5,3,1.0,40.314499999999995,49.30449999999999,0,0,0,0,0.6480000000000001,0.648,0.3
0.14906684027777778,1.8075233689517198,0.06035578572583797,3.2033728790748115,1.0,38.791666666666664,5.171278739627909,0.0887110545519398,1807.5233689517202,4002,1,walk,boundary_move_outside_high_bsp,bsp,0.1,adaptive,8,0.015625,31,4,4,10,1.0,0.12903225806451613,1.0,4,1.0,40.56,51.50294999999999,0,0,0,0,0.6480000000000001,0.648,0.3
0.02834201388888889,3.3935544998116143,0.048203812893988486,3.9372782871040464,0.9791666666666666,45.458333333333336,5.435394399929259,0.0198617990050996,3393.5544998116134,4002,2,walk,boundary_move_outside_high_bsp,bsp,0.1,adaptive,8,0.015625,36,6,2,4,0.3333333333333333,0.05555555555555555,0.4,2,1.0,39.94,57.28914999999998,0,0,0,0,0.6480000000000001,0.648,0.3
0.00902054398148148,3.072807884619491,0.055811492167111926,3.5899681318945027,0.9791666666666666,36.875,5.107955096939267,0.04679094818563045,3072.8078846194912,4002,3,walk,boundary_move_outside_high_bsp,bsp,0.1,adaptive,8,0.015625,32,0,0,8,nan,0.0,nan,0,1.0,40.8305,48.73374999999999,0,0,0,0,0.6480000000000001,0.648,0.3
0.017795138888888888,3.774418020491828,0.04262028402719963,3.990812915688283,0.8541666666666666,38.166666666666664,5.218986568386883,0.024825145138310745,3774.4180204918266,4003,0,walk,boundary_move_outside_high_bsp,bsp,0.1,adaptive,8,0.015625,35,4,2,7,0.5,0.05714285714285714,0.5,2,1.0,40.265,48.416149999999995,0,0,0,0,0.6480000000000001,0.648,0.3
0.08333333333333333,2.6230277959479884,0.03839697694320552,3.780474909900701,0.9791666666666666,48.6875,5.569624502554871,0.04493635639012781,2623.0277959479886,4003,1,walk,boundary_move_outside_high_bsp,bsp,0.1,adaptive,8,0.015625,38,2,1,2,0.5,0.02631578947368421,0.5,1,1.0,40.224000000000004,54.57544999999999,0,0,0,0,0.6480000000000001,0.648,0.3
0.20870535714285712,1.813037285493583,0.06863762143468378,3.0156648627509988,1.0,32.083333333333336,4.9070723406155246,0.14006773570817335,1813.0372854935838,4003,2,walk,boundary_move_outside_high_bsp,bsp,0.1,adaptive,8,0.015625,33,3,3,10,1.0,0.09090909090909091,1.0,3,1.0,40.3495,55.60509999999999,0,0,0,0,0.6480000000000001,0.648,0.3
0.03726438492063492,3.007813740855165,0.03680630352798894,3.7272892563295756,0.9791666666666666,45.041666666666664,5.463360509482741,0.00045808139264597963,3007.813740855166,4003,3,walk,boundary_move_outside_high_bsp,bsp,0.1,adaptive,8,0.015625,36,5,2,8,0.4,0.05555555555555555,0.4,2,1.0,40.715,57.3788,0,0,0,0,0.6480000000000001,0.648,0.3
0.12042100694444445,2.97660151993198,0.049687676130102214,3.5697930345150524,1.0,41.458333333333336,5.269753524246968,0.07073333081434223,2976.6015199319795,4004,0,walk,boundary_move_outside_high_bsp,bsp,0.1,adaptive,8,0.015625,33,4,1,7,0.25,0.030303030303030304,0.25,1,1.0,40.519999999999996,55.55365,0,0,0,0,0.6480000000000001,0.648,0.3
0.1734375,1.8398410961607576,0.053095340353798294,3.2518343391720017,1.0,46.291666666666664,5.4091179823719,0.1203421596462017,1839.8410961607594,4004,1,walk,boundary_move_outside_high_bsp,bsp,0.1,adaptive,8,0.015625,34,2,1,2,0.5,0.029411764705882353,0.5,1,1.0,40.074,54.88449999999999,0,0,0,0,0.6480000000000001,0.648,0.3
0.1267361111111111,2.2192392102741203,0.05047145548520587,3.3926444113432015,1.0,43.416666666666664,5.344382617818488,0.07626465562590524,2219.239210274119,4004,2,walk,boundary_move_outside_high_bsp,bsp,0.1,adaptive,8,0.015625,38,2,1,4,0.5,0.02631578947368421,0.5,1,1.0,40.7405,52.97459999999999,0,0,0,0,0.6480000000000001,0.648,0.3
0.0008463541666666667,4.391237142931679,0.041638453829198424,3.950347820250071,0.875,44.541666666666664,5.442676403565561,0.04079209966253176,4391.237142931678,4004,3,walk,boundary_move_outside_high_bsp,bsp,0.1,adaptive,8,0.015625,36,5,2,5,0.4,0.05555555555555555,0.4,2,1.0,40.599999999999994,54.85109999999999,0,0,0,0,0.6480000000000001,0.648,0.3
0.005367476851851852,4.831841612645395,0.03563958750689264,4.2623573118604705,0.8958333333333334,49.958333333333336,5.648777544411086,0.03027211065504079,4831.841612645393,4005,0,walk,boundary_move_outside_high_bsp,bsp,0.1,adaptive,8,0.015625,36,2,2,4,1.0,0.05555555555555555,1.0,2,1.0,40.75,51.057649999999995,0,0,0,0,0.6480000000000001,0.648,0.3
0.028038194444444442,3.3551875904263615,0.07732941567004613,3.3495452122531475,0.9583333333333334,26.0,4.62911494947159,0.04929122122560169,3355.1875904263616,4005,1,walk,boundary_move_outside_high_bsp,bsp,0.1,adaptive,8,0.015625,34,5,3,16,0.6,0.08823529411764706,0.6,3,1.0,40.55,53.699849999999984,0,0,0,0,0.6480000000000001,0.648,0.3
0.063671875,2.2624347082628415,0.07508178239601794,3.189646166605547,1.0,28.145833333333332,4.696537593027855,0.030994697087958236,2262.434708262842,4005,2,walk,boundary_move_outside_high_bsp,bsp,0.1,adaptive,8,0.015625,37,4,3,11,0.75,0.08108108108108109,0.75,3,1.0,41.406,56.14845,0,3,5,0,0.6480000000000001,0.648,0.3
0.031141493055555552,2.765262392226653,0.06539789378026149,3.4552883898561326,1.0,32.645833333333336,4.9488573788567,0.034256400724705934,2765.2623922266525,4005,3,walk,boundary_move_outside_high_bsp,bsp,0.1,adaptive,8,0.015625,36,1,0,6,0.0,0.0,0.0,0,1.0,40.435,59.0571,0,2,4,0,0.6480000000000001,0.648,0.3
0.008029513888888888,3.4507036386164427,0.03683437617923844,4.005820145285702,0.9791666666666666,43.729166666666664,5.41801825376001,0.028804862290349554,3450.7036386164423,4006,0,walk,boundary_move_outside_high_bsp,bsp,0.1,adaptive,8,0.015625,39,4,2,7,0.5,0.05128205128205128,0.5,2,1.0,41.271,45.4953,0,0,0,0,0.6480000000000001,0.648,0.3
0.08333333333333333,3.423014525705028,0.06578875212566694,3.2402835398208647,1.0,32.3125,4.874314671899072,0.017544581207666388,3423.0145257050276,4006,1,walk,boundary_move_outside_high_bsp,bsp,0.1,adaptive,8,0.015625,33,3,1,10,0.3333333333333333,0.030303030303030304,0.3333333333333333,1,1.0,40.495,53.82779999999999,0,0,0,0,0.6480000000000001,0.648,0.3
0.0011935763888888888,5.210317658116888,0.060218534283464714,4.521369234605046,0.7083333333333334,39.895833333333336,5.226570070742989,0.059024957894575826,5210.3176581168855,4006,2,walk,boundary_move_outside_high_bsp,bsp,0.1,adaptive,8,0.015625,33,5,1,6,0.2,0.030303030303030304,0.25,1,1.0,40.56,53.62529999999999,0,0,0,0,0.6480000000000001,0.648,0.3
0.0008680555555555555,3.070666774253676,0.07517813021152298,3.3731738216770633,0.9791666666666666,27.020833333333332,4.687548077492439,0.07431007465596742,3070.666774253676,4006,3,walk,boundary_move_outside_high_bsp,bsp,0.1,adaptive,8,0.015625,33,3,2,13,0.6666666666666666,0.06060606060606061,0.6666666666666666,2,1.0,40.3995,47.66224999999999,0,3,3,0,0.6480000000000001,0.648,0.3
0.0041015625,3.450621633726237,0.04917528197288506,3.9158845106288056,0.9791666666666666,43.416666666666664,5.330942304201959,0.045073719472885056,3450.621633726237,4007,0,walk,boundary_move_outside_high_bsp,bsp,0.1,adaptive,8,0.015625,34,2,1,6,0.5,0.029411764705882353,0.5,1,1.0,41.216499999999996,46.2493,0,0,0,0,0.6480000000000001,0.648,0.3
0.12237413194444445,2.975930530158394,0.043599384676889646,3.7795973396590123,0.9375,43.541666666666664,5.404658633360504,0.0787747472675548,2975.930530158395,4007,1,walk,boundary_move_outside_high_bsp,bsp,0.1,adaptive,8,0.015625,39,7,4,7,0.5714285714285714,0.10256410256410256,1.0,4,1.0,40.650499999999994,58.99465,0,0,0,0,0.6480000000000001,0.648,0.3
0.022395833333333334,3.152480835284734,0.0546130650093892,3.549925676758481,1.0,39.875,5.2296410339606,0.03221723167605587,3152.4808352847335,4007,2,walk,boundary_move_outside_high_bsp,bsp,0.1,adaptive,8,0.015625,34,2,2,7,1.0,0.058823529411764705,1.0,2,1.0,40.314499999999995,47.371449999999996,0,0,0,0,0.6480000000000001,0.648,0.3
0.002213541666666667,4.215530747131699,0.037350178341811806,3.869391515203397,1.0,51.416666666666664,5.647632598980572,0.03513663667514514,4215.530747131699,4007,3,walk,boundary_move_outside_high_bsp,bsp,0.1,adaptive,8,0.015625,36,1,1,1,1.0,0.027777777777777776,1.0,1,1.0,40.83,53.4466,0,1,1,0,0.6480000000000001,0.648,0.3
0.0014973958333333332,2.9143109166244976,0.04962119162420905,3.4504901404295474,1.0,41.9375,5.347582821186425,0.048123795790875716,2914.3109166244976,4008,0,walk,boundary_move_outside_high_bsp,bsp,0.1,adaptive,8,0.015625,36,4,3,7,0.75,0.08333333333333333,0.75,3,1.0,40.9255,47.82215,0,0,0,0,0.6480000000000001,0.648,0.3
0.0,3.653191780450714,0.049165693157019984,3.9724815270071674,1.0,42.645833333333336,5.3508578303049825,0.049165693157019984,3653.191780450715,4008,1,walk,boundary_move_outside_high_bsp,bsp,0.1,adaptive,8,0.015625,39,2,1,3,0.5,0.02564102564102564,0.5,1,1.0,40.129000000000005,54.00024999999999,0,0,0,0,0.6480000000000001,0.648,0.3
0.0014105902777777778,3.3402728312185093,0.0395873984963776,3.9169751473401875,1.0,52.583333333333336,5.675408546481872,0.038176808218599825,3340.2728312185086,4008,2,walk,boundary_move_outside_high_bsp,bsp,0.1,adaptive,8,0.015625,41,3,0,0,0.0,0.0,0.0,0,nan,40.425,57.96324999999999,0,0,0,0,0.6480000000000001,0.648,0.3
0.0018229166666666665,5.556397669762805,0.039018825949888834,4.511348685209689,0.7916666666666666,49.291666666666664,5.586649741651357,0.037195909283222174,5556.397669762805,4008,3,walk,boundary_move_outside_high_bsp,bsp,0.1,adaptive,8,0.015625,36,4,4,6,1.0,0.1111111111111111,1.0,4,1.0,40.8005,61.25249999999999,0,0,0,0,0.6480000000000001,0.648,0.3
0.0003255208333333333,4.33828678906137,0.04704529852646106,4.135581426998161,1.0,46.25,5.472104510176556,0.04671977769312773,4338.286789061372,4009,0,walk,boundary_move_outside_high_bsp,bsp,0.1,adaptive,8,0.015625,37,2,1,3,0.5,0.02702702702702703,0.5,1,1.0,40.429500000000004,55.00464999999999,0,0,0,0,0.6480000000000001,0.648,0.3
0.02557146990740741,3.155772298824749,0.04564202343785531,3.6765842033308065,0.9791666666666666,47.083333333333336,5.476931933225484,0.020070553530447902,3155.7722988247483,4009,1,walk,boundary_move_outside_high_bsp,bsp,0.1,adaptive,8,0.015625,34,4,3,4,0.75,0.08823529411764706,0.75,3,1.0,41.161,47.1513,0,0,0,0,0.6480000000000001,0.648,0.3
0.05575086805555555,2.4369432300303786,0.05397527224887299,3.3254498639770937,0.9791666666666666,33.3125,4.970611962570029,0.0017755958066825635,2436.943230030378,4009,2,walk,boundary_move_outside_high_bsp,bsp,0.1,adaptive,8,0.015625,33,4,1,10,0.25,0.030303030303030304,0.25,1,1.0,40.931,48.89525,0,0,0,0,0.6480000000000001,0.648,0.3
0.0018229166666666665,4.553109771717924,0.04225852776864883,4.224256254602202,0.8125,45.041666666666664,5.486573891746023,0.04043561110198216,4553.109771717924,4009,3,walk,boundary_move_outside_high_bsp,bsp,0.1,adaptive,8,0.015625,38,5,3,6,0.6,0.07894736842105263,0.75,3,1.0,40.725,46.955149999999996,0,0,0,0,0.6480000000000001,0.648,0.3
0.008463541666666666,4.247818323374055,0.04139652705296368,4.304957875561984,0.8125,42.5625,5.378064747948084,0.03293298538629701,4247.818323374054,4010,0,walk,boundary_move_outside_high_bsp,bsp,0.1,adaptive,8,0.015625,42,2,2,4,1.0,0.047619047619047616,1.0,2,1.0,41.051,57.6279,0,1,2,0,0.6480000000000001,0.648,0.3
0.014214409722222222,2.6285418698813867,0.051271848336238525,3.453411185002736,1.0,39.145833333333336,5.229471315123053,0.03705743861401631,2628.5418698813864,4010,1,walk,boundary_move_outside_high_bsp,bsp,0.1,adaptive,8,0.015625,41,7,6,9,0.8571428571428571,0.14634146341463414,0.8333333333333334,6,1.0,39.909000000000006,46.4276,0,0,0,0,0.6480000000000001,0.648,0.3
0.0236328125,3.7204612600733333,0.04598214756540502,3.6488705915468915,1.0,43.375,5.3770429584753385,0.022349335065405023,3720.461260073334,4010,2,walk,boundary_move_outside_high_bsp,bsp,0.1,adaptive,8,0.015625,39,3,1,6,0.3333333333333333,0.02564102564102564,0.5,1,1.0,40.094,57.8461,0,0,0,0,0.6480000000000001,0.648,0.3
0.006510416666666667,3.3513808688529774,0.041942568078314646,3.6458709444718647,1.0,45.020833333333336,5.437084138404285,0.03543215141164798,3351.3808688529766,4010,3,walk,boundary_move_outside_high_bsp,bsp,0.1,adaptive,8,0.015625,33,3,2,5,0.6666666666666666,0.06060606060606061,0.6666666666666666,2,1.0,40.675,55.39015,0,0,0,0,0.6480000000000001,0.648,0.3
0.042187499999999996,3.638862742115007,0.04312033345466857,3.946534678968135,0.9583333333333334,45.854166666666664,5.466386317080869,0.0009328334546685746,3638.8627421150063,4011,0,walk,boundary_move_outside_high_bsp,bsp,0.1,adaptive,8,0.015625,35,6,3,7,0.5,0.08571428571428572,0.6,3,1.0,40.35,46.6399,0,0,0,0,0.6480000000000001,0.648,0.3
0.03888888888888889,3.25924138865332,0.037793663767262516,3.874591066627605,0.9375,49.541666666666664,5.586596005379364,0.0010952251216263715,3259.2413886533195,4011,1,walk,boundary_move_outside_high_bsp,bsp,0.1,adaptive,8,0.015625,38,2,1,4,0.5,0.02631578947368421,0.5,1,1.0,41.412,56.8848,0,0,0,0,0.6480000000000001,0.648,0.3
0.0005208333333333333,2.4989978784210645,0.06003660087808846,3.2860929444554507,0.9583333333333334,33.458333333333336,4.958543491629456,0.05951576754475513,2498.9978784210657,4011,2,walk,boundary_move_outside_high_bsp,bsp,0.1,adaptive,8,0.015625,34,6,5,13,0.8333333333333334,0.14705882352941177,1.0,5,1.0,40.8655,48.612399999999994,0,2,2,0,0.6480000000000001,0.648,0.3
0.023307291666666664,4.193034895250078,0.05103395674687635,3.491483463815665,0.9583333333333334,39.395833333333336,5.195426232093983,0.027726665080209694,4193.034895250078,4011,3,walk,boundary_move_outside_high_bsp,bsp,0.1,adaptive,8,0.015625,34,4,2,6,0.5,0.058823529411764705,0.5,2,1.0,40.465,57.578450000000004,0,1,1,0,0.6480000000000001,0.648,0.3
0.0435546875,2.366067563616327,0.05442948903738082,3.5005420971860595,1.0,39.9375,5.217649526562729,0.01087480153738081,2366.0675636163273,4012,0,walk,boundary_move_outside_high_bsp,bsp,0.1,adaptive,8,0.015625,33,2,2,7,1.0,0.06060606060606061,1.0,2,1.0,40.7705,45.84615,0,1,2,0,0.6480000000000001,0.648,0.3
0.0779079861111111,2.00823026405061,0.06044928304229241,3.2002581270203785,1.0,38.770833333333336,5.173791336623035,0.017458703068818693,2008.2302640506105,4012,1,walk,boundary_move_outside_high_bsp,bsp,0.1,adaptive,8,0.015625,35,3,2,5,0.6666666666666666,0.05714285714285714,0.6666666666666666,2,1.0,40.6,47.6398,0,0,0,0,0.6480000000000001,0.648,0.3
0.06792534722222222,3.1333007936758794,0.05671820937936015,3.5880295554391264,0.9791666666666666,38.25,5.1305540107932375,0.019916402836884558,3133.30079367588,4012,2,walk,boundary_move_outside_high_bsp,bsp,0.1,adaptive,8,0.015625,36,4,1,8,0.25,0.027777777777777776,0.25,1,1.0,41.186,65.37219999999999,0,1,2,0,0.6480000000000001,0.648,0.3
0.023111979166666668,2.775088478916361,0.04105287794252222,3.5796050103212136,1.0,43.645833333333336,5.416751682133994,0.017940898775855554,2775.0884789163606,4012,3,walk,boundary_move_outside_high_bsp,bsp,0.1,adaptive,8,0.015625,36,1,1,7,1.0,0.027777777777777776,1.0,1,1.0,40.811,48.91265,0,0,0,0,0.6480000000000001,0.648,0.3
0.004768105158730158,2.983038533005299,0.0575933244983698,3.59903342638888,0.9583333333333334,39.375,5.157663565655249,0.052825219339639636,2983.0385330052995,4013,0,walk,boundary_move_outside_high_bsp,bsp,0.1,adaptive,8,0.015625,39,5,2,6,0.4,0.05128205128205128,0.4,2,1.0,41.081,49.887299999999996,0,0,0,0,0.6480000000000001,0.648,0.3
0.06432291666666666,2.8402632393635003,0.07397832732522097,3.508758503206981,0.9583333333333334,37.104166666666664,5.031696302166079,0.03978535002869053,2840.263239363499,4013,1,walk,boundary_move_outside_high_bsp,bsp,0.1,adaptive,8,0.015625,30,2,1,5,0.5,0.03333333333333333,0.5,1,1.0,40.53,49.304500000000004,0,6,11,0,0.6480000000000001,0.648,0.3
0.0734375,1.953893655504854,0.049168736036589035,3.411597094990474,1.0,44.354166666666664,5.3936460206569175,0.02426876396341096,1953.8936555048547,4013,2,walk,boundary_move_outside_high_bsp,bsp,0.1,adaptive,8,0.015625,37,5,3,4,0.6,0.08108108108108109,0.6,3,1.0,40.7155,49.9568,0,0,0,0,0.6480000000000001,0.648,0.3
0.005425347222222221,3.0690550074593923,0.04855600653214188,3.797669626270363,1.0,41.145833333333336,5.302526671687273,0.04313065930991966,3069.0550074593916,4013,3,walk,boundary_move_outside_high_bsp,bsp,0.1,adaptive,8,0.015625,36,7,4,7,0.5714285714285714,0.1111111111111111,0.4,4,1.0,40.7555,48.6247,0,0,0,0,0.6480000000000001,0.648,0.3
0.02120535714285714,3.519921077578889,0.05268977371288122,3.5395614062185916,1.0,39.958333333333336,5.249665516574456,0.03148441657002408,3519.92107757889,4014,0,walk,boundary_move_outside_high_bsp,bsp,0.1,adaptive,8,0.015625,39,4,2,4,0.5,0.05128205128205128,0.5,2,1.0,40.971000000000004,54.65714999999999,0,0,0,0,0.6480000000000001,0.648,0.3
0.021354166666666664,4.742220478950526,0.04011024194640475,4.3464188257811855,0.875,50.833333333333336,5.642637308650137,0.018756075279738087,4742.220478950526,4014,1,walk,boundary_move_outside_high_bsp,bsp,0.1,adaptive,8,0.015625,37,3,2,2,0.6666666666666666,0.05405405405405406,0.6666666666666666,2,1.0,40.810500000000005,56.74865,0,0,0,0,0.6480000000000001,0.648,0.3
0.0008680555555555555,2.51486864317686,0.07344591811852441,3.0416300180246716,1.0,27.5,4.70869995686242,0.07257786256296886,2514.86864317686,4014,2,walk,boundary_move_outside_high_bsp,bsp,0.1,adaptive,8,0.015625,35,5,4,11,0.8,0.11428571428571428,0.8,4,1.0,40.1695,45.048649999999995,0,1,1,0,0.6480000000000001,0.648,0.3
0.02224392361111111,3.2039897939763766,0.0527577824618373,3.771852365546348,0.9166666666666666,39.083333333333336,5.220330009012311,0.030513858850726192,3203.9897939763773,4014,3,walk,boundary_move_outside_high_bsp,bsp,0.1,adaptive,8,0.015625,32,4,3,10,0.75,0.09375,0.75,3,1.0,40.83,49.226099999999995,0,0,0,0,0.6480000000000001,0.648,0.3
0.02378782242063492,3.4949366252238927,0.05210739815601239,3.8271711817779472,0.8958333333333334,42.583333333333336,5.319029208044253,0.028319575735377456,3494.9366252238924,4015,0,walk,boundary_move_outside_high_bsp,bsp,0.1,adaptive,8,0.015625,39,4,3,6,0.75,0.07692307692307693,0.75,3,1.0,40.9655,54.76339999999999,0,1,3,0,0.6480000000000001,0.648,0.3
0.06302083333333333,3.1554672913118,0.04088342155071559,3.711162330875401,1.0,48.958333333333336,5.542134343369086,0.03806470589090615,3155.4672913118006,4015,1,walk,boundary_move_outside_high_bsp,bsp,0.1,adaptive,8,0.015625,34,4,0,3,0.0,0.0,0.0,0,1.0,41.196,56.7278,0,1,3,0,0.6480000000000001,0.648,0.3
0.006076388888888888,2.9701651927464106,0.042418690230933524,3.606123012273892,1.0,44.729166666666664,5.4447066531664445,0.036342301342044636,2970.16519274641,4015,2,walk,boundary_move_outside_high_bsp,bsp,0.1,adaptive,8,0.015625,40,7,4,7,0.5714285714285714,0.1,0.5714285714285714,4,1.0,40.319500000000005,49.21469999999999,0,0,0,0,0.6480000000000001,0.648,0.3
0.08289930555555555,2.895715917051858,0.044358674136705196,3.4879066725350714,0.9791666666666666,38.041666666666664,5.207334190264936,0.038540631418850356,2895.715917051857,4015,3,walk,boundary_move_outside_high_bsp,bsp,0.1,adaptive,8,0.015625,37,4,0,3,0.0,0.0,0.0,0,1.0,40.329,53.4327,0,0,0,0,0.6480000000000001,0.648,0.3
0.005295138888888888,3.285741412484759,0.03822482172807463,3.837975402273296,0.9583333333333334,47.1875,5.541330624389737,0.03292968283918574,3285.741412484758,4016,0,walk,boundary_move_outside_high_bsp,bsp,0.1,adaptive,8,0.015625,39,5,3,5,0.6,0.07692307692307693,0.75,3,1.0,40.435500000000005,55.12299999999999,0,0,0,0,0.6480000000000001,0.648,0.3
0.06239149305555555,2.5101809832951507,0.045427522222134226,3.462316175524611,1.0,42.395833333333336,5.321187782806664,0.016963970833421327,2510.18098329515,4016,1,walk,boundary_move_outside_high_bsp,bsp,0.1,adaptive,8,0.015625,34,4,1,5,0.25,0.029411764705882353,0.3333333333333333,1,1.0,41.076,44.984,0,0,0,0,0.6480000000000001,0.648,0.3
0.0015552662037037037,4.452899130149432,0.048433616909791775,3.6717283737656,0.9791666666666666,43.479166666666664,5.399242987794236,0.04687835070608807,4452.8991301494325,4016,2,walk,boundary_move_outside_high_bsp,bsp,0.1,adaptive,8,0.015625,35,6,4,6,0.6666666666666666,0.11428571428571428,0.6666666666666666,4,1.0,40.4,57.5815,0,0,0,0,0.6480000000000001,0.648,0.3
0.03244357638888889,3.5365209680690755,0.03694173988769778,3.919839891286209,0.9375,46.041666666666664,5.481743082943775,0.004498163498808892,3536.520968069075,4016,3,walk,boundary_move_outside_high_bsp,bsp,0.1,adaptive,8,0.015625,43,5,3,6,0.6,0.06976744186046512,0.6,3,1.0,40.8205,59.943149999999996,0,0,0,0,0.6480000000000001,0.648,0.3
0.1052517361111111,2.134916917884583,0.05735691530431578,3.235120869692327,1.0,35.979166666666664,5.077849917346865,0.04789482080679532,2134.9169178845837,4017,0,walk,boundary_move_outside_high_bsp,bsp,0.1,adaptive,8,0.015625,32,1,0,8,0.0,0.0,0.0,0,1.0,41.271,57.074,0,0,0,0,0.6480000000000001,0.648,0.3
0.0020399305555555557,3.699131223176027,0.03344300775911859,4.105679754720194,0.9791666666666666,52.104166666666664,5.69232614331018,0.031403077203563036,3699.1312231760257,4017,1,walk,boundary_move_outside_high_bsp,bsp,0.1,adaptive,8,0.015625,34,3,1,3,0.3333333333333333,0.029411764705882353,0.3333333333333333,1,1.0,40.409499999999994,54.25554999999999,0,0,0,0,0.6480000000000001,0.648,0.3
0.10501302083333335,3.065928780027352,0.06423337832666878,3.637806685511251,0.9375,34.333333333333336,5.000896014217366,0.040779642506664555,3065.928780027352,4017,2,walk,boundary_move_outside_high_bsp,bsp,0.1,adaptive,8,0.015625,26,2,1,11,0.5,0.038461538461538464,0.5,1,1.0,40.8655,54.215749999999986,0,0,0,0,0.6480000000000001,0.648,0.3
0.021809895833333332,2.79987009128993,0.0485239244311521,3.521605361271225,1.0,38.354166666666664,5.134623211973599,0.026714028597818767,2799.87009128993,4017,3,walk,boundary_move_outside_high_bsp,bsp,0.1,adaptive,8,0.015625,31,0,0,7,nan,0.0,nan,0,1.0,40.855000000000004,57.75265,0,0,0,0,0.6480000000000001,0.648,0.3
0.0010127314814814814,3.5883201974341645,0.039012176398209635,3.9917447180613164,0.9791666666666666,47.145833333333336,5.5270995497290505,0.03799944491672815,3588.320197434165,4018,0,walk,boundary_move_outside_high_bsp,bsp,0.1,adaptive,8,0.015625,35,6,4,6,0.6666666666666666,0.11428571428571428,0.6666666666666666,4,1.0,40.6755,58.47429999999999,0,0,0,0,0.6480000000000001,0.648,0.3
0.08506944444444443,2.913272002244483,0.056187823000700576,3.429969364295246,0.9375,40.770833333333336,5.255250411665231,0.02888162144374386,2913.272002244483,4018,1,walk,boundary_move_outside_high_bsp,bsp,0.1,adaptive,8,0.015625,37,3,1,7,0.3333333333333333,0.02702702702702703,0.3333333333333333,1,1.0,40.519999999999996,54.71929999999999,0,0,0,0,0.6480000000000001,0.648,0.3
0.0107421875,3.049715251225166,0.04378693126206858,3.7020145904516024,0.9791666666666666,43.354166666666664,5.3716031058225475,0.03304474376206858,3049.715251225165,4018,2,walk,boundary_move_outside_high_bsp,bsp,0.1,adaptive,8,0.015625,39,2,0,2,0.0,0.0,0.0,0,1.0,40.044,55.80815,0,0,0,0,0.6480000000000001,0.648,0.3
0.08591579861111111,3.714517406437062,0.053024994377896574,3.8588220270822897,0.9791666666666666,37.75,5.193457802124288,0.032890804233214534,3714.517406437062,4018,3,walk,boundary_move_outside_high_bsp,bsp,0.1,adaptive,8,0.015625,37,4,2,7,0.5,0.05405405405405406,0.6666666666666666,2,1.0,40.7555,46.3056,0,0,0,0,0.6480000000000001,0.648,0.3
0.027452256944444444,2.958527015234893,0.04916505393251557,3.6858144947769893,1.0,42.125,5.2982180743555505,0.021712796988071128,2958.527015234893,4019,0,walk,boundary_move_outside_high_bsp,bsp,0.1,adaptive,8,0.015625,38,2,1,5,0.5,0.02631578947368421,0.5,1,1.0,40.67,54.39754999999998,0,0,0,0,0.6480000000000001,0.648,0.3
0.06770833333333333,3.8237447468834174,0.04987661760128916,3.546735088082,0.9166666666666666,39.5,5.180908217734658,0.017831715732044173,3823.744746883418,4019,1,walk,boundary_move_outside_high_bsp,bsp,0.1,adaptive,8,0.015625,34,3,1,4,0.3333333333333333,0.029411764705882353,0.3333333333333333,1,1.0,40.945,47.63459999999999,0,0,0,0,0.6480000000000001,0.648,0.3
0.0022569444444444447,3.3247851937996376,0.06767614961710976,3.459015157756662,0.9791666666666666,29.541666666666668,4.7939112039016605,0.06541920517266532,3324.7851937996384,4019,2,walk,boundary_move_outside_high_bsp,bsp,0.1,adaptive,8,0.015625,35,2,1,9,0.5,0.02857142857142857,0.5,1,1.0,40.900999999999996,49.1038,0,0,0,0,0.6480000000000001,0.648,0.3
0.0263671875,3.2492157427540427,0.04855788369387378,3.991221510032282,0.9583333333333334,44.208333333333336,5.374141599219321,0.022190696193873777,3249.2157427540437,4019,3,walk,boundary_move_outside_high_bsp,bsp,0.1,adaptive,8,0.015625,34,2,1,5,0.5,0.029411764705882353,0.5,1,1.0,40.66,57.31825,0,0,0,0,0.6480000000000001,0.648,0.3
0.004774305555555555,3.697894115614906,0.048024587310735244,4.0142660117955655,0.8333333333333334,41.5,5.288390569967049,0.04325028175517969,3697.8941156149062,4000,0,walk,boundary_move_outside_high_rbsp,rbsp,0.1,adaptive,8,0.015625,35,3,2,7,0.6666666666666666,0.05714285714285714,0.6666666666666666,2,1.0,342.14200000000005,363.79490000000004,0,0,0,9,0.6480000000000001,0.648,0.3
0.0435546875,4.8243786504510195,0.036947912438088364,4.053617557274726,0.9375,49.833333333333336,5.640325139843749,0.006606775061911638,4824.378650451019,4000,1,walk,boundary_move_outside_high_rbsp,rbsp,0.1,adaptive,8,0.015625,34,5,1,5,0.2,0.029411764705882353,0.25,1,1.0,339.723,361.64054999999996,0,0,0,9,0.6480000000000001,0.648,0.3
0.003472222222222222,5.487646053944339,0.03583718781874739,4.129682962698615,0.9583333333333334,51.791666666666664,5.673893224885554,0.032364965596525165,5487.646053944336,4000,2,walk,boundary_move_outside_high_rbsp,rbsp,0.1,adaptive,8,0.015625,39,4,1,2,0.25,0.02564102564102564,0.25,1,1.0,340.6245,358.4973,0,0,0,9,0.6480000000000001,0.648,0.3
0.0576171875,3.990066470826512,0.040912366275122694,3.60568030892458,0.9583333333333334,37.4375,5.2001965370725705,0.016704821224877306,3990.06647082651,4000,3,walk,boundary_move_outside_high_rbsp,rbsp,0.1,adaptive,8,0.015625,39,4,3,8,0.75,0.07692307692307693,0.75,3,1.0,340.9845,359.437,0,0,0,9,0.6480000000000001,0.648,0.3
0.000759548611111111,4.05713915465165,0.02784991775750564,3.823085554470287,1.0,50.270833333333336,5.668859732193993,0.027090369146394528,4057.1391546516484,4001,0,walk,boundary_move_outside_high_rbsp,rbsp,0.1,adaptive,8,0.015625,41,4,1,4,0.25,0.024390243902439025,0.25,1,1.0,342.00649999999996,369.15975,0,0,0,9,0.6480000000000001,0.648,0.3
0.001171875,3.8811895656449154,0.031743829834465206,3.8840815081645395,1.0,52.833333333333336,5.7450638455005425,0.030571954834465207,3881.1895656449155,4001,1,walk,boundary_move_outside_high_rbsp,rbsp,0.1,adaptive,8,0.015625,32,4,1,4,0.25,0.03125,0.25,1,1.0,341.336,362.8266,0,0,0,9,0.6480000000000001,0.648,0.3
0.04839409722222222,4.155932035479171,0.038110938861295275,3.8347085770260185,1.0,45.666666666666664,5.494616266657005,0.010283158360926942,4155.932035479171,4001,2,walk,boundary_move_outside_high_rbsp,rbsp,0.1,adaptive,8,0.015625,37,3,1,5,0.3333333333333333,0.02702702702702703,0.3333333333333333,1,1.0,339.8685,365.3053,0,0,0,9,0.6480000000000001,0.648,0.3
0.003472222222222222,3.3826756978366377,0.04718129625079592,3.606688818713448,1.0,46.104166666666664,5.420973457988239,0.043709074028573706,3382.675697836636,4001,3,walk,boundary_move_outside_high_rbsp,rbsp,0.1,adaptive,8,0.015625,38,4,3,6,0.75,0.07894736842105263,0.6666666666666666,3,1.0,344.05449999999996,387.23189999999994,0,0,0,9,0.6480000000000001,0.648,0.3
0.0003255208333333333,3.8938503497838615,0.03482724610279162,3.799555491341233,0.9583333333333334,45.666666666666664,5.504091066331051,0.03450172526945829,3893.8503497838615,4002,0,walk,boundary_move_outside_high_rbsp,rbsp,0.1,adaptive,8,0.015625,37,6,3,7,0.5,0.08108108108108109,0.5,3,1.0,341.20500000000004,388.28895,0,0,0,9,0.6480000000000001,0.648,0.3
0.044900173611111115,2.914870763022807,0.05517225954596006,3.466273103264378,0.9791666666666666,37.145833333333336,5.126365429321417,0.010272085934848954,2914.870763022807,4002,1,walk,boundary_move_outside_high_rbsp,rbsp,0.1,adaptive,8,0.015625,31,4,3,10,0.75,0.0967741935483871,1.0,3,1.0,343.2885,383.44949999999994,0,0,0,9,0.6480000000000001,0.648,0.3
0.007508680555555556,4.3315041016867735,0.036698126657841605,4.267604273584543,0.8125,48.895833333333336,5.611797819481205,0.029189446102286052,4331.504101686773,4002,2,walk,boundary_move_outside_high_rbsp,rbsp,0.1,adaptive,8,0.015625,36,6,1,4,0.16666666666666666,0.027777777777777776,0.2,1,1.0,341.92650000000003,361.2148,0,0,0,9,0.6480000000000001,0.648,0.3
0.07152054398148149,2.728535475356308,0.04627391547572807,3.5121610748707397,1.0,39.0625,5.236575073361658,0.025246628505753415,2728.5354753563083,4002,3,walk,boundary_move_outside_high_rbsp,rbsp,0.1,adaptive,8,0.015625,32,0,0,9,nan,0.0,nan,0,1.0,340.42449999999997,370.7705,0,0,0,9,0.6480000000000001,0.648,0.3
0.0646701388888889,2.1826271882780595,0.04272922927266539,3.540964982702814,0.9791666666666666,41.270833333333336,5.369406835886103,0.021940909616223508,2182.6271882780607,4003,0,walk,boundary_move_outside_high_rbsp,rbsp,0.1,adaptive,8,0.015625,35,4,1,6,0.25,0.02857142857142857,0.25,1,1.0,341.5605,360.73915,0,0,0,9,0.6480000000000001,0.648,0.3
0.018229166666666668,4.767335404473826,0.036527586984120786,4.702358192991732,0.6666666666666666,45.1875,5.472326654945737,0.018298420317454118,4767.335404473826,4003,1,walk,boundary_move_outside_high_rbsp,rbsp,0.1,adaptive,8,0.015625,38,2,1,5,0.5,0.02631578947368421,0.5,1,1.0,345.932,372.81715,0,0,0,9,0.6480000000000001,0.648,0.3
0.0003720238095238095,4.807281899144625,0.04409931049226243,3.622710641452849,1.0,38.229166666666664,5.259549713218462,0.04372728668273862,4807.281899144625,4003,2,walk,boundary_move_outside_high_rbsp,rbsp,0.1,adaptive,8,0.015625,33,3,3,9,1.0,0.09090909090909091,1.0,3,1.0,341.881,372.20625,0,0,0,9,0.6480000000000001,0.648,0.3
0.034660218253968256,2.9060526689381336,0.03407216424990563,3.6495039003316427,1.0,44.5625,5.474533229237651,0.0005880540040626251,2906.0526689381345,4003,3,walk,boundary_move_outside_high_rbsp,rbsp,0.1,adaptive,8,0.015625,36,5,2,9,0.4,0.05555555555555555,0.4,2,1.0,342.382,361.8346,0,0,0,9,0.6480000000000001,0.648,0.3
0.09958767361111111,3.221834194748936,0.044047552036506336,3.5938348749005438,1.0,45.145833333333336,5.4298364899120815,0.05554012157460478,3221.8341947489353,4004,0,walk,boundary_move_outside_high_rbsp,rbsp,0.1,adaptive,8,0.015625,33,4,1,7,0.25,0.030303030303030304,0.25,1,1.0,344.24,366.09119999999996,0,0,0,9,0.6480000000000001,0.648,0.3
0.13177083333333334,2.5279013309696308,0.04408339713288704,3.4666393827053743,1.0,47.541666666666664,5.535497110423239,0.08768743620044629,2527.9013309696315,4004,1,walk,boundary_move_outside_high_rbsp,rbsp,0.1,adaptive,8,0.015625,34,2,1,2,0.5,0.029411764705882353,0.5,1,1.0,343.534,362.9828,0,0,0,9,0.6480000000000001,0.648,0.3
0.10590277777777778,2.7267991181446622,0.035042369073186766,3.6433037393262846,1.0,50.5,5.684420408314501,0.070860408704591,2726.799118144662,4004,2,walk,boundary_move_outside_high_rbsp,rbsp,0.1,adaptive,8,0.015625,38,2,1,6,0.5,0.02631578947368421,0.5,1,1.0,343.2685,385.5771,0,0,0,9,0.6480000000000001,0.648,0.3
0.0216796875,3.5487023822589356,0.047398653350535475,3.8617975791576487,0.8958333333333334,42.520833333333336,5.361315807963064,0.025718965850535475,3548.702382258936,4004,3,walk,boundary_move_outside_high_rbsp,rbsp,0.1,adaptive,8,0.015625,36,5,0,3,0.0,0.0,0.0,0,1.0,344.135,363.87505,0,0,0,9,0.6480000000000001,0.648,0.3
0.005367476851851852,3.9018908781248673,0.0342546743423652,4.018796351576749,0.9791666666666666,53.208333333333336,5.741383313556377,0.028887197490513345,3901.890878124866,4005,0,walk,boundary_move_outside_high_rbsp,rbsp,0.1,adaptive,8,0.015625,36,2,1,4,0.5,0.027777777777777776,0.5,1,1.0,341.706,383.09805,0,0,0,9,0.6480000000000001,0.648,0.3
0.06640625,2.6444319126772533,0.04657923686459867,3.297947542256359,0.9375,32.020833333333336,4.9795397947312745,0.019827013135401323,2644.4319126772543,4005,1,walk,boundary_move_outside_high_rbsp,rbsp,0.1,adaptive,8,0.015625,34,5,2,12,0.4,0.058823529411764705,0.4,2,1.0,341.821,364.6738,0,0,0,9,0.6480000000000001,0.648,0.3
0.02200520833333333,2.3662707931648224,0.06430736450597402,3.0988933920256083,0.9791666666666666,32.729166666666664,4.88869868921308,0.04230215617264069,2366.270793164823,4005,2,walk,boundary_move_outside_high_rbsp,rbsp,0.1,adaptive,8,0.015625,37,4,1,10,0.25,0.02702702702702703,0.25,1,1.0,343.849,366.53099999999995,0,1,1,9,0.6480000000000001,0.648,0.3
0.07280815972222222,3.166044448808679,0.056056797440721756,3.752091540692101,1.0,39.4375,5.174522220197358,0.016751362281500464,3166.044448808679,4005,3,walk,boundary_move_outside_high_rbsp,rbsp,0.1,adaptive,8,0.015625,36,1,0,5,0.0,0.0,0.0,0,1.0,341.07050000000004,361.3532,0,0,0,9,0.6480000000000001,0.648,0.3
0.0028211805555555555,4.450308181378577,0.042068705242032246,4.305480281317638,0.875,42.666666666666664,5.384863662654474,0.039247524686476694,4450.308181378577,4006,0,walk,boundary_move_outside_high_rbsp,rbsp,0.1,adaptive,8,0.015625,39,4,1,4,0.25,0.02564102564102564,0.25,1,1.0,340.594,358.96815,0,0,0,9,0.6480000000000001,0.648,0.3
0.10416666666666667,3.2297478640387838,0.050248484478424955,3.3645636254142786,1.0,39.020833333333336,5.234646770565159,0.05391818218824171,3229.7478640387835,4006,1,walk,boundary_move_outside_high_rbsp,rbsp,0.1,adaptive,8,0.015625,33,3,1,6,0.3333333333333333,0.030303030303030304,0.3333333333333333,1,1.0,342.12649999999996,360.6225,0,0,0,9,0.6480000000000001,0.648,0.3
0.0011935763888888888,4.96615944710467,0.038772761802609475,4.41569559330387,0.75,46.770833333333336,5.551774180510368,0.03757918541372058,4966.159447104668,4006,2,walk,boundary_move_outside_high_rbsp,rbsp,0.1,adaptive,8,0.015625,33,5,0,3,0.0,0.0,0.0,0,1.0,340.229,358.6251,0,0,0,9,0.6480000000000001,0.648,0.3
0.02170138888888889,3.04024967311727,0.041753041815461495,3.60026275581597,0.9583333333333334,35.979166666666664,5.19254993054034,0.020051652926572603,3040.249673117271,4006,3,walk,boundary_move_outside_high_rbsp,rbsp,0.1,adaptive,8,0.015625,33,3,1,9,0.3333333333333333,0.030303030303030304,0.3333333333333333,1,1.0,339.84799999999996,370.943,0,0,0,9,0.6480000000000001,0.648,0.3
0.009309895833333333,3.5958849189747784,0.035974921326735715,3.8147448080915543,0.9583333333333334,46.083333333333336,5.534833123556626,0.026665025493402383,3595.884918974778,4007,0,walk,boundary_move_outside_high_rbsp,rbsp,0.1,adaptive,8,0.015625,34,2,1,7,0.5,0.029411764705882353,0.5,1,1.0,341.466,364.16855,0,0,0,9,0.6480000000000001,0.648,0.3
0.14320746527777778,1.7292456497026631,0.03998040255906634,3.4123895377900766,1.0,45.979166666666664,5.501661509797778,0.10322706271871145,1729.2456497026635,4007,1,walk,boundary_move_outside_high_rbsp,rbsp,0.1,adaptive,8,0.015625,39,7,4,6,0.5714285714285714,0.10256410256410256,1.0,4,1.0,342.65250000000003,360.46700000000004,0,0,0,9,0.6480000000000001,0.648,0.3
0.022395833333333334,3.179504127130088,0.044561990642225165,3.6143816268487243,1.0,39.375,5.287281971577231,0.022166157308891835,3179.5041271300875,4007,2,walk,boundary_move_outside_high_rbsp,rbsp,0.1,adaptive,8,0.015625,34,2,2,7,1.0,0.058823529411764705,1.0,2,1.0,341.81100000000004,369.7055,0,0,0,9,0.6480000000000001,0.648,0.3
0.002213541666666667,3.557168529597423,0.03316015747607734,3.9471428686302272,0.9791666666666666,52.375,5.696223832764907,0.030946615809410674,3557.1685295974225,4007,3,walk,boundary_move_outside_high_rbsp,rbsp,0.1,adaptive,8,0.015625,36,1,0,2,0.0,0.0,0.0,0,1.0,342.502,367.69604999999996,0,0,0,9,0.6480000000000001,0.648,0.3
0.022330729166666664,3.1553974664591102,0.040941949181937894,3.552258993548017,1.0,43.416666666666664,5.453449148059279,0.01861122001527123,3155.39746645911,4008,0,walk,boundary_move_outside_high_rbsp,rbsp,0.1,adaptive,8,0.015625,36,4,2,7,0.5,0.05555555555555555,0.5,2,1.0,342.978,362.8653,0,0,0,9,0.6480000000000001,0.648,0.3
0.0,4.374538686654357,0.03316428734499419,4.04952465509596,1.0,52.145833333333336,5.732462049032365,0.03316428734499419,4374.538686654357,4008,1,walk,boundary_move_outside_high_rbsp,rbsp,0.1,adaptive,8,0.015625,39,2,0,2,0.0,0.0,0.0,0,1.0,343.0235,363.99649999999997,0,0,0,9,0.6480000000000001,0.648,0.3
0.0014105902777777778,3.5350604788827646,0.034894252997008504,3.664231610612962,1.0,46.416666666666664,5.548380987299869,0.03348366271923073,3535.060478882766,4008,2,walk,boundary_move_outside_high_rbsp,rbsp,0.1,adaptive,8,0.015625,41,3,1,4,0.3333333333333333,0.024390243902439025,0.3333333333333333,1,1.0,344.355,363.2881,0,0,0,9,0.6480000000000001,0.648,0.3
0.0018229166666666665,3.9474894911094083,0.03645239493219002,3.826645186026797,0.9375,47.979166666666664,5.571650937895066,0.03462947826552335,3947.4894911094093,4008,3,walk,boundary_move_outside_high_rbsp,rbsp,0.1,adaptive,8,0.015625,36,4,3,6,0.75,0.08333333333333333,0.75,3,1.0,343.22299999999996,365.61015,0,0,0,9,0.6480000000000001,0.648,0.3
0.023763020833333332,3.460491928944657,0.03829775980680486,3.8883755123421913,0.9583333333333334,43.0,5.449694333035878,0.014534738973471526,3460.4919289446584,4009,0,walk,boundary_move_outside_high_rbsp,rbsp,0.1,adaptive,8,0.015625,37,2,0,6,0.0,0.0,0.0,0,1.0,343.25350000000003,360.6123,0,0,0,9,0.6480000000000001,0.648,0.3
0.004738136574074074,4.2167855374688665,0.042018746984793624,3.763536264375079,0.9583333333333334,43.916666666666664,5.428077005498685,0.03728061041071955,4216.785537468868,4009,1,walk,boundary_move_outside_high_rbsp,rbsp,0.1,adaptive,8,0.015625,34,4,4,9,1.0,0.11764705882352941,1.0,4,1.0,341.6815,360.9368,0,0,0,9,0.6480000000000001,0.648,0.3
0.04273003472222222,2.7963408672164363,0.04537969412141473,3.3718467271999972,1.0,34.6875,5.036037473367451,0.002649659399192511,2796.3408672164355,4009,2,walk,boundary_move_outside_high_rbsp,rbsp,0.1,adaptive,8,0.015625,33,4,1,10,0.25,0.030303030303030304,0.25,1,1.0,343.273,364.20895,0,0,0,9,0.6480000000000001,0.648,0.3
0.0018229166666666665,5.058382966177782,0.035184582758479986,4.372120466219349,0.9166666666666666,53.333333333333336,5.741437990003043,0.03336166609181332,5058.382966177783,4009,3,walk,boundary_move_outside_high_rbsp,rbsp,0.1,adaptive,8,0.015625,38,5,3,5,0.6,0.07894736842105263,0.75,3,1.0,338.7015,365.8997,0,0,0,9,0.6480000000000001,0.648,0.3
0.0006510416666666666,4.86873607955214,0.03281833658919218,4.437672048458881,0.8125,47.208333333333336,5.584430392245451,0.03216729492252551,4868.73607955214,4010,0,walk,boundary_move_outside_high_rbsp,rbsp,0.1,adaptive,8,0.015625,42,2,1,3,0.5,0.023809523809523808,0.5,1,1.0,342.61749999999995,360.86445000000003,0,0,0,9,0.6480000000000001,0.648,0.3
0.014214409722222222,3.5967235021546013,0.04973014320018875,3.727752365529398,1.0,39.354166666666664,5.243103590049059,0.03551573347796653,3596.7235021546026,4010,1,walk,boundary_move_outside_high_rbsp,rbsp,0.1,adaptive,8,0.015625,41,7,3,6,0.42857142857142855,0.07317073170731707,0.5,3,1.0,344.2595,364.7398,0,0,0,9,0.6480000000000001,0.648,0.3
0.0027994791666666667,3.394668090574824,0.03194393141783325,3.8179938848719464,1.0,50.270833333333336,5.665602880936754,0.029144452251166585,3394.668090574825,4010,2,walk,boundary_move_outside_high_rbsp,rbsp,0.1,adaptive,8,0.015625,39,3,1,4,0.3333333333333333,0.02564102564102564,0.5,1,1.0,342.1715,360.6468,0,0,0,9,0.6480000000000001,0.648,0.3
0.006510416666666667,4.1545080018373195,0.04038257863101693,3.9091367352390987,0.9583333333333334,45.458333333333336,5.50521949603164,0.03387216196435026,4154.508001837319,4010,3,walk,boundary_move_outside_high_rbsp,rbsp,0.1,adaptive,8,0.015625,33,3,1,9,0.3333333333333333,0.030303030303030304,0.3333333333333333,1,1.0,346.1125,365.10560000000004,0,0,0,9,0.6480000000000001,0.648,0.3
0.0005208333333333333,4.016964473042067,0.05055916580827663,3.8782697586068795,1.0,41.6875,5.275560941468777,0.0500383324749433,4016.9644730420655,4011,0,walk,boundary_move_outside_high_rbsp,rbsp,0.1,adaptive,8,0.015625,35,6,2,8,0.3333333333333333,0.05714285714285714,0.4,2,1.0,341.105,361.74474999999995,0,0,0,9,0.6480000000000001,0.648,0.3
0.018055555555555557,3.007094791892204,0.03953833706144499,3.5786719083480114,1.0,45.666666666666664,5.470727632777598,0.02148278150588943,3007.0947918922034,4011,1,walk,boundary_move_outside_high_rbsp,rbsp,0.1,adaptive,8,0.015625,38,2,0,6,0.0,0.0,0.0,0,1.0,341.51599999999996,363.28615,0,0,0,9,0.6480000000000001,0.648,0.3
0.021354166666666664,3.271472228707706,0.03989275214266723,3.670153912261751,1.0,40.5625,5.3418064276983594,0.018538585476000565,3271.4722287077043,4011,2,walk,boundary_move_outside_high_rbsp,rbsp,0.1,adaptive,8,0.015625,34,6,1,8,0.16666666666666666,0.029411764705882353,0.25,1,1.0,341.5505,361.86995,0,0,0,9,0.6480000000000001,0.648,0.3
0.06497395833333333,3.190616885814667,0.03353779221011543,3.6269393091577857,1.0,46.208333333333336,5.5642266941132625,0.0314361661232179,3190.616885814667,4011,3,walk,boundary_move_outside_high_rbsp,rbsp,0.1,adaptive,8,0.015625,34,4,2,8,0.5,0.058823529411764705,0.5,2,1.0,341.525,361.67185,0,0,0,9,0.6480000000000001,0.648,0.3
0.022721354166666666,2.4670869672615585,0.04722619088953683,3.6053486068236396,1.0,40.333333333333336,5.2844007030070035,0.024504836722870158,2467.0869672615586,4012,0,walk,boundary_move_outside_high_rbsp,rbsp,0.1,adaptive,8,0.015625,33,2,1,7,0.5,0.030303030303030304,0.5,1,1.0,340.70950000000005,366.7829,0,0,0,9,0.6480000000000001,0.648,0.3
0.01540798611111111,3.03893356114739,0.04075140456528357,3.536240056766626,1.0,43.104166666666664,5.437077912382352,0.025343418454172456,3038.9335611473894,4012,1,walk,boundary_move_outside_high_rbsp,rbsp,0.1,adaptive,8,0.015625,35,3,2,8,0.6666666666666666,0.05714285714285714,0.6666666666666666,2,1.0,342.37699999999995,357.88815,0,0,0,9,0.6480000000000001,0.648,0.3
0.08875868055555554,2.646379209025446,0.04481518749400753,3.5362334770233637,1.0,42.0625,5.345975611330252,0.04394349306154802,2646.379209025446,4012,2,walk,boundary_move_outside_high_rbsp,rbsp,0.1,adaptive,8,0.015625,36,4,1,6,0.25,0.027777777777777776,0.25,1,1.0,342.97749999999996,360.49064999999996,0,0,0,9,0.6480000000000001,0.648,0.3
0.06477864583333333,2.755437441909748,0.03758800205608342,3.71799189582387,1.0,45.895833333333336,5.534368898968474,0.027190643777249918,2755.437441909748,4012,3,walk,boundary_move_outside_high_rbsp,rbsp,0.1,adaptive,8,0.015625,36,1,0,8,0.0,0.0,0.0,0,1.0,342.5075,362.5806,0,0,0,9,0.6480000000000001,0.648,0.3
0.004768105158730158,5.510047021910794,0.04027561040549203,4.541342696780885,0.75,45.625,5.5048243432880675,0.035507505246761877,5510.047021910793,4013,0,walk,boundary_move_outside_high_rbsp,rbsp,0.1,adaptive,8,0.015625,39,5,2,4,0.4,0.05128205128205128,0.4,2,1.0,343.228,359.05989999999997,0,0,0,9,0.6480000000000001,0.648,0.3
0.04348958333333333,3.5427117760601408,0.04302605403417659,3.6523482074445703,1.0,40.958333333333336,5.367447857226321,0.00046352929915673596,3542.7117760601413,4013,1,walk,boundary_move_outside_high_rbsp,rbsp,0.1,adaptive,8,0.015625,30,2,0,8,0.0,0.0,0.0,0,1.0,343.293,358.9328,0,0,0,9,0.6480000000000001,0.648,0.3
0.010937500000000001,4.746723261034844,0.03221308604098853,3.7022226548204102,1.0,52.145833333333336,5.678004734628679,0.02127558604098852,4746.723261034843,4013,2,walk,boundary_move_outside_high_rbsp,rbsp,0.1,adaptive,8,0.015625,37,5,1,3,0.2,0.02702702702702703,0.2,1,1.0,342.65200000000004,364.06739999999996,0,0,0,9,0.6480000000000001,0.648,0.3
0.005425347222222221,3.9193573903437398,0.04138652518705519,3.856510594797659,1.0,47.541666666666664,5.537929468399166,0.035961177964832974,3919.3573903437386,4013,3,walk,boundary_move_outside_high_rbsp,rbsp,0.1,adaptive,8,0.015625,36,7,1,4,0.14285714285714285,0.027777777777777776,0.2,1,1.0,342.998,365.5558,0,0,0,9,0.6480000000000001,0.648,0.3
0.0003720238095238095,4.005394815681609,0.0393969770420009,3.704775571687398,1.0,43.458333333333336,5.44865817501127,0.039024953232477094,4005.394815681612,4014,0,walk,boundary_move_outside_high_rbsp,rbsp,0.1,adaptive,8,0.015625,39,4,2,7,0.5,0.05128205128205128,0.5,2,1.0,344.706,374.42085,0,0,0,9,0.6480000000000001,0.648,0.3
0.021354166666666664,3.26961043060396,0.03790310861151113,3.920649073184395,1.0,47.645833333333336,5.538591820577412,0.016548941944844468,3269.6104306039597,4014,1,walk,boundary_move_outside_high_rbsp,rbsp,0.1,adaptive,8,0.015625,37,3,2,5,0.6666666666666666,0.05405405405405406,0.6666666666666666,2,1.0,341.2905,359.80395,0,0,0,9,0.6480000000000001,0.648,0.3
0.0008680555555555555,2.6661448145521285,0.05785129765699779,3.3904635217040133,1.0,34.854166666666664,5.042489757253644,0.05698324210144224,2666.1448145521285,4014,2,walk,boundary_move_outside_high_rbsp,rbsp,0.1,adaptive,8,0.015625,35,5,3,8,0.6,0.08571428571428572,0.6,3,1.0,342.34749999999997,356.63199999999995,0,0,0,9,0.6480000000000001,0.648,0.3
0.02224392361111111,3.3154050801041546,0.04301872245699039,3.7725239389769,0.9791666666666666,40.0625,5.327293607774542,0.02077479884587928,3315.4050801041535,4014,3,walk,boundary_move_outside_high_rbsp,rbsp,0.1,adaptive,8,0.015625,32,4,1,10,0.25,0.03125,0.25,1,1.0,342.002,365.93595,0,0,0,9,0.6480000000000001,0.648,0.3
0.002954489087301587,4.94527917838582,0.039625119536260536,4.010389672111615,1.0,47.9375,5.584300118596926,0.03667063044895895,4945.279178385819,4015,0,walk,boundary_move_outside_high_rbsp,rbsp,0.1,adaptive,8,0.015625,39,4,1,6,0.25,0.02564102564102564,0.25,1,1.0,341.77599999999995,361.23575,0,0,0,9,0.6480000000000001,0.648,0.3
0.042187499999999996,3.965347411135655,0.03597872374787824,3.8388120794786373,0.9791666666666666,46.125,5.488957020584425,0.006208776252121753,3965.3474111356554,4015,1,walk,boundary_move_outside_high_rbsp,rbsp,0.1,adaptive,8,0.015625,34,4,0,5,0.0,0.0,0.0,0,1.0,340.09400000000005,357.74715000000003,0,0,0,9,0.6480000000000001,0.648,0.3
0.006076388888888888,3.358915549105791,0.028070423310380673,3.8978200658400364,1.0,55.145833333333336,5.835684479760295,0.02199403442149178,3358.915549105792,4015,2,walk,boundary_move_outside_high_rbsp,rbsp,0.1,adaptive,8,0.015625,40,7,1,3,0.14285714285714285,0.025,0.14285714285714285,1,1.0,344.029,370.761,0,0,0,9,0.6480000000000001,0.648,0.3
0.08463541666666667,3.0712950630086446,0.04188429791915926,3.596399684472066,0.9791666666666666,43.708333333333336,5.424064869589362,0.042751118747507415,3071.295063008644,4015,3,walk,boundary_move_outside_high_rbsp,rbsp,0.1,adaptive,8,0.015625,37,4,0,3,0.0,0.0,0.0,0,1.0,341.3405,363.587,0,0,0,9,0.6480000000000001,0.648,0.3
0.005295138888888888,4.109894251290272,0.03952691911404499,3.9323433710402416,0.875,43.3125,5.429307532596893,0.0342317802251561,4109.89425129027,4016,0,walk,boundary_move_outside_high_rbsp,rbsp,0.1,adaptive,8,0.015625,39,5,2,5,0.4,0.05128205128205128,0.5,2,1.0,343.80899999999997,366.2515,0,0,0,9,0.6480000000000001,0.648,0.3
0.11187065972222221,1.7088389255281147,0.06421227566202162,3.025377080972056,1.0,33.0625,4.936691398325374,0.04765838406020059,1708.8389255281156,4016,1,walk,boundary_move_outside_high_rbsp,rbsp,0.1,adaptive,8,0.015625,34,4,0,8,0.0,0.0,0.0,0,1.0,344.54049999999995,367.40975000000003,0,0,0,9,0.6480000000000001,0.648,0.3
0.0015552662037037037,4.219117065069426,0.049134065260264724,3.736865691690395,0.9791666666666666,40.145833333333336,5.288960924476708,0.04757879905656102,4219.117065069424,4016,2,walk,boundary_move_outside_high_rbsp,rbsp,0.1,adaptive,8,0.015625,35,6,2,9,0.3333333333333333,0.05714285714285714,0.3333333333333333,2,1.0,343.24850000000004,359.4628,0,0,0,9,0.6480000000000001,0.648,0.3
0.04479476686507936,3.008519059979663,0.03230634106677411,3.699558326066892,1.0,48.375,5.576813687300246,0.012488425798305253,3008.519059979663,4016,3,walk,boundary_move_outside_high_rbsp,rbsp,0.1,adaptive,8,0.015625,43,5,2,3,0.4,0.046511627906976744,0.4,2,1.0,344.0545,365.73015,0,0,0,9,0.6480000000000001,0.648,0.3
0.18858506944444442,2.2605465553970716,0.050531888789221165,3.236285395801083,1.0,35.9375,5.179295581768095,0.13805318065522323,2260.5465553970716,4017,0,walk,boundary_move_outside_high_rbsp,rbsp,0.1,adaptive,8,0.015625,32,1,0,10,0.0,0.0,0.0,0,1.0,341.4205,358.6781,0,0,0,9,0.6480000000000001,0.648,0.3
0.0020399305555555557,4.921293657940212,0.030352877843490066,4.095271405923003,0.9166666666666666,52.791666666666664,5.731711026139575,0.02831294728793451,4921.293657940213,4017,1,walk,boundary_move_outside_high_rbsp,rbsp,0.1,adaptive,8,0.015625,34,3,1,4,0.3333333333333333,0.029411764705882353,0.3333333333333333,1,1.0,346.658,372.1516,0,0,0,9,0.6480000000000001,0.648,0.3
0.0216796875,3.0865339725521728,0.041236818528580674,3.8577018544716353,0.9791666666666666,42.708333333333336,5.3905662996907004,0.019557131028580674,3086.533972552172,4017,2,walk,boundary_move_outside_high_rbsp,rbsp,0.1,adaptive,8,0.015625,26,2,0,8,0.0,0.0,0.0,0,1.0,339.85749999999996,363.03825,0,0,0,9,0.6480000000000001,0.648,0.3
0.07389322916666667,3.352635050417536,0.042506228636944886,3.7297746683302635,0.9791666666666666,44.395833333333336,5.445547598635275,0.031387000529721786,3352.635050417537,4017,3,walk,boundary_move_outside_high_rbsp,rbsp,0.1,adaptive,8,0.015625,31,0,0,8,nan,0.0,nan,0,1.0,341.2155,397.84995000000004,0,0,0,9,0.6480000000000001,0.648,0.3
0.06351273148148148,3.73736673454492,0.032594031147843414,4.107038185439073,0.9791666666666666,54.145833333333336,5.772785330036991,0.03091870033363807,3737.3667345449207,4018,0,walk,boundary_move_outside_high_rbsp,rbsp,0.1,adaptive,8,0.015625,35,6,2,4,0.3333333333333333,0.05714285714285714,0.3333333333333333,2,1.0,341.08,363.68545,0,0,0,9,0.6480000000000001,0.648,0.3
0.1267361111111111,3.2887441139182325,0.03552800720150392,3.7995558509488876,1.0,44.4375,5.487600412092861,0.0912081039096072,3288.744113918232,4018,1,walk,boundary_move_outside_high_rbsp,rbsp,0.1,adaptive,8,0.015625,37,3,0,7,0.0,0.0,0.0,0,1.0,344.82550000000003,367.23699999999997,0,0,0,9,0.6480000000000001,0.648,0.3
0.005533854166666667,3.4740527459729655,0.04624052455937027,3.670402516052977,1.0,41.395833333333336,5.312719985683236,0.0407066703927036,3474.052745972968,4018,2,walk,boundary_move_outside_high_rbsp,rbsp,0.1,adaptive,8,0.015625,39,2,0,6,0.0,0.0,0.0,0,1.0,340.93449999999996,363.9823,0,0,0,9,0.6480000000000001,0.648,0.3
0.0025824652777777777,3.3268128849223904,0.042689611751251556,3.7411826931737675,0.9791666666666666,44.708333333333336,5.4343768722827965,0.04010714647347378,3326.812884922391,4018,3,walk,boundary_move_outside_high_rbsp,rbsp,0.1,adaptive,8,0.015625,37,4,1,6,0.25,0.02702702702702703,0.3333333333333333,1,1.0,340.2785,362.38125,0,0,0,9,0.6480000000000001,0.648,0.3
0.04828559027777777,2.3836507761144374,0.053512298877463144,3.422457449217074,1.0,36.270833333333336,5.102634818796677,0.005226708599685372,2383.650776114438,4019,0,walk,boundary_move_outside_high_rbsp,rbsp,0.1,adaptive,8,0.015625,38,2,1,7,0.5,0.02631578947368421,0.5,1,1.0,343.774,369.1986,0,0,0,9,0.6480000000000001,0.648,0.3
0.052083333333333336,3.0757161209065997,0.03517941156191356,3.7392572465272385,1.0,44.708333333333336,5.485147441369432,0.016903921771419778,3075.7161209065994,4019,1,walk,boundary_move_outside_high_rbsp,rbsp,0.1,adaptive,8,0.015625,34,3,2,7,0.6666666666666666,0.058823529411764705,0.6666666666666666,2,1.0,339.95849999999996,362.9136,0,0,0,9,0.6480000000000001,0.648,0.3
0.02309027777777778,2.9576706822512233,0.04661336239162101,3.4930709474347217,1.0,38.458333333333336,5.260367618910997,0.023523084613843236,2957.670682251224,4019,2,walk,boundary_move_outside_high_rbsp,rbsp,0.1,adaptive,8,0.015625,35,2,1,8,0.5,0.02857142857142857,0.5,1,1.0,341.826,365.10364999999996,0,0,0,9,0.6480000000000001,0.648,0.3
0.008138020833333334,4.576033616819566,0.035337937344759394,4.422580775482349,0.8333333333333334,49.208333333333336,5.642642501252372,0.027199916511426062,4576.033616819565,4019,3,walk,boundary_move_outside_high_rbsp,rbsp,0.1,adaptive,8,0.015625,34,2,1,9,0.5,0.029411764705882353,0.5,1,1.0,341.551,369.01405,0,0,0,9,0.6480000000000001,0.648,0.3
