hit,error_cells,peak,logloss,covered95,credible95,entropy,ece,error_m,seed,user,scenario,condition,method,param,attack,side,prior_hit,legitimate,opportunities,complete,reports,utility,raw_completion,coverage,reward,latency_slots,gate_us_p50,gate_us_p95,cap_violations,alpha_true,alpha_model,move_model
0.27226109529833437,1.3839618228068684,0.16565508566083115,2.5127635756611384,0.9791666666666666,22.645833333333332,4.042185056382038,0.130744531337828,1383.9618228068691,2000,0,walk,informed_alpha_model_0.3_none,none,1,adaptive,8,0.015625,34,2,2,8,1.0,0.058823529411764705,1.0,2,1.0,2.25,5.6897999999999955,0,0.6480000000000001,0.3,0.3
0.16774354360299357,1.8085080881369928,0.19601368380502024,2.8620778771117146,1.0,27.6875,4.157076034625365,0.11116584704727495,1808.5080881369934,2000,1,walk,informed_alpha_model_0.3_none,none,1,adaptive,8,0.015625,37,2,2,6,1.0,0.05405405405405406,1.0,2,1.0,2.25,3.0119499999999997,0,0.6480000000000001,0.3,0.3
0.14635416666666667,2.668139749506084,0.1744452762278191,2.8516992350588377,0.9791666666666666,21.604166666666668,4.04282873634771,0.12572457618166516,2668.1397495060833,2000,2,walk,informed_alpha_model_0.3_none,none,1,adaptive,8,0.015625,36,2,2,5,1.0,0.05555555555555555,1.0,2,1.0,2.25,2.5521999999999996,0,0.6480000000000001,0.3,0.3
0.001171875,2.505169678882522,0.0831615933851337,3.993096655995869,0.9375,37.9375,5.0028895979908965,0.08198971838513369,2505.1696788825225,2000,3,walk,informed_alpha_model_0.3_none,none,1,adaptive,8,0.015625,33,1,1,3,1.0,0.030303030303030304,1.0,1,1.0,2.1875,2.4709499999999998,0,0.6480000000000001,0.3,0.3
0.7294973544973544,0.5004185948048215,0.25914028542523565,1.9489543871153152,1.0,17.8125,3.571973682227745,0.49014873573878553,500.41859480482145,2001,0,walk,informed_alpha_model_0.3_none,none,1,adaptive,8,0.015625,37,2,2,5,1.0,0.05405405405405406,1.0,2,1.0,2.166,2.4705999999999997,0,0.6480000000000001,0.3,0.3
0.17275545634920633,1.1438735397411701,0.18534604012516978,2.4321098367972707,1.0,21.479166666666668,3.9896212822661634,0.1001416599552612,1143.8735397411697,2001,1,walk,informed_alpha_model_0.3_none,none,1,adaptive,8,0.015625,36,6,6,9,1.0,0.16666666666666666,1.0,6,1.0,2.208,2.4443,0,0.6480000000000001,0.3,0.3
0.125,2.0191384663118814,0.20342188326702818,2.5622196697414656,1.0,23.25,3.957372059731199,0.09069603794396802,2019.1384663118818,2001,2,walk,informed_alpha_model_0.3_none,none,1,adaptive,8,0.015625,37,4,4,7,1.0,0.10810810810810811,1.0,4,1.0,2.208,2.459,0,0.6480000000000001,0.3,0.3
0.18987304351565185,1.5900248810141795,0.20397514307223938,2.5431212766117732,0.9583333333333334,17.25,3.636040150152098,0.06672470619254624,1590.0248810141802,2001,3,walk,informed_alpha_model_0.3_none,none,1,adaptive,8,0.015625,32,3,3,9,1.0,0.09375,1.0,3,1.0,2.291,3.1999999999999993,0,0.6480000000000001,0.3,0.3
0.2708333333333333,1.877213201333188,0.23632640037999805,2.6867841228774245,0.9375,23.625,3.8850188444545566,0.05742359962000201,1877.2132013331882,2002,0,walk,informed_alpha_model_0.3_none,none,1,adaptive,8,0.015625,39,3,3,7,1.0,0.07692307692307693,1.0,3,1.0,2.292,3.0,0,0.6480000000000001,0.3,0.3
0.042317708333333336,1.534187822552572,0.19710321341678874,2.514363887691911,0.9583333333333334,17.458333333333332,3.6455576586539746,0.15478550508345543,1534.1878225525725,2002,1,walk,informed_alpha_model_0.3_none,none,1,adaptive,8,0.015625,38,5,5,9,1.0,0.13157894736842105,1.0,5,1.0,2.354,3.1226,0,0.6480000000000001,0.3,0.3
0.2508680555555556,1.3213156385403722,0.25462893702746076,2.436028490623993,0.8958333333333334,12.979166666666666,3.290822268400517,0.1449660764268095,1321.3156385403724,2002,2,walk,informed_alpha_model_0.3_none,none,1,adaptive,8,0.015625,33,3,3,11,1.0,0.09090909090909091,1.0,3,1.0,2.25,2.56865,0,0.6480000000000001,0.3,0.3
0.14713128306878306,2.2777736253418617,0.11000755585766664,3.212795850079472,0.9791666666666666,31.354166666666668,4.64213650296379,0.06121366908311974,2277.773625341862,2002,3,walk,informed_alpha_model_0.3_none,none,1,adaptive,8,0.015625,39,6,6,8,1.0,0.15384615384615385,1.0,6,1.0,2.209,2.94395,0,0.6480000000000001,0.3,0.3
0.1218584656084656,1.4159537559692408,0.2572808611669538,2.637983689129037,0.9583333333333334,16.8125,3.5005682040515733,0.16042239555848822,1415.9537559692415,2003,0,walk,informed_alpha_model_0.3_none,none,1,adaptive,8,0.015625,35,6,6,11,1.0,0.17142857142857143,1.0,6,1.0,2.333,2.77555,0,0.6480000000000001,0.3,0.3
0.3911458333333333,1.1330208496870948,0.27699955697553874,2.2157370027702283,1.0,15.9375,3.393844958185032,0.11414627635779462,1133.0208496870953,2003,1,walk,informed_alpha_model_0.3_none,none,1,adaptive,8,0.015625,35,4,4,10,1.0,0.11428571428571428,1.0,4,1.0,2.2295,2.7896,0,0.6480000000000001,0.3,0.3
0.20959105465684413,2.089518626684775,0.15559929281751972,2.8735373401982716,0.9791666666666666,30.666666666666668,4.438292875497114,0.05399176183932442,2089.5186266847763,2003,2,walk,informed_alpha_model_0.3_none,none,1,adaptive,8,0.015625,33,4,4,6,1.0,0.12121212121212122,1.0,4,1.0,2.291,2.8568,0,0.6480000000000001,0.3,0.3
0.006076388888888889,2.2371712353708317,0.21245519010859085,3.0178239136622413,0.9791666666666666,15.375,3.5387086599397937,0.20637880121970195,2237.1712353708303,2003,3,walk,informed_alpha_model_0.3_none,none,1,adaptive,8,0.015625,40,5,5,8,1.0,0.125,1.0,5,1.0,2.2085,2.6079,0,0.6480000000000001,0.3,0.3
0.12716224747474747,1.6393948391403563,0.1212405336575713,2.726206745305378,1.0,29.083333333333332,4.510416263643166,0.08321712338345953,1639.394839140358,2004,0,walk,informed_alpha_model_0.3_none,none,1,adaptive,8,0.015625,38,6,6,6,1.0,0.15789473684210525,1.0,6,1.0,2.1875,2.48565,0,0.6480000000000001,0.3,0.3
0.06897941468253968,1.6442211027258689,0.13721058913385356,2.9382839599763675,1.0,27.1875,4.444050358519461,0.06823117445131387,1644.2211027258707,2004,1,walk,informed_alpha_model_0.3_none,none,1,adaptive,8,0.015625,35,4,4,8,1.0,0.11428571428571428,1.0,4,1.0,2.209,2.6085499999999997,0,0.6480000000000001,0.3,0.3
0.020833333333333332,2.5990667218573087,0.17461013967965147,3.427139018146049,0.9375,21.3125,4.03179528257303,0.15377680634631816,2599.0667218573085,2004,2,walk,informed_alpha_model_0.3_none,none,1,adaptive,8,0.015625,37,4,4,7,1.0,0.10810810810810811,1.0,4,1.0,2.167,2.5,0,0.6480000000000001,0.3,0.3
0.14865319865319865,1.6269519682383817,0.24891827950478337,2.563353915140329,1.0,19.5,3.692841323324263,0.15330478446319587,1626.9519682383818,2004,3,walk,informed_alpha_model_0.3_none,none,1,adaptive,8,0.015625,35,4,4,7,1.0,0.11428571428571428,1.0,4,1.0,2.25,2.5,0,0.6480000000000001,0.3,0.3
0.08366402116402116,1.9253377541836896,0.11716345176133502,3.0253341918482146,1.0,33.125,4.707071566664468,0.0616929152651697,1925.3377541836899,2005,0,walk,informed_alpha_model_0.3_none,none,1,adaptive,8,0.015625,34,0,0,4,nan,0.0,nan,0,1.0,2.209,2.6369499999999997,0,0.6480000000000001,0.3,0.3
0.0036292989417989418,2.187122061163916,0.11488894196901374,3.0470566617783477,1.0,21.4375,4.258961761263983,0.11125964302721482,2187.1220611639164,2005,1,walk,informed_alpha_model_0.3_none,none,1,adaptive,8,0.015625,37,4,4,7,1.0,0.10810810810810811,1.0,4,1.0,2.2085,2.56655,0,0.6480000000000001,0.3,0.3
0.37568379517532063,2.0328847576075066,0.29192740752600194,1.9648097125898767,1.0,20.791666666666668,3.3598333535614855,0.1369863829529395,2032.8847576075068,2005,2,walk,informed_alpha_model_0.3_none,none,1,adaptive,8,0.015625,42,5,5,7,1.0,0.11904761904761904,1.0,5,1.0,2.208,2.4853,0,0.6480000000000001,0.3,0.3
0.14651712850865392,1.9899970488756613,0.12218934557895263,2.811793641185121,1.0,28.416666666666668,4.528766286124362,0.10157206336038511,1989.9970488756624,2005,3,walk,informed_alpha_model_0.3_none,none,1,adaptive,8,0.015625,38,1,1,4,1.0,0.02631578947368421,1.0,1,1.0,2.25,2.58125,0,0.6480000000000001,0.3,0.3
0.20904280904280906,2.0131899868029812,0.2024329948067842,2.759645665678741,0.9583333333333334,29.3125,4.090123269491332,0.13123494336068522,2013.1899868029823,2006,0,walk,informed_alpha_model_0.3_none,none,1,adaptive,8,0.015625,33,7,7,13,1.0,0.21212121212121213,1.0,7,1.0,2.208,2.45865,0,0.6480000000000001,0.3,0.3
0.10533854166666667,2.904090415609783,0.10380661106349665,3.6687054607084018,0.8958333333333334,30.520833333333332,4.681463806950403,0.13725780639087584,2904.0904156097827,2006,1,walk,informed_alpha_model_0.3_none,none,1,adaptive,8,0.015625,40,5,5,6,1.0,0.125,1.0,5,1.0,2.291,2.83125,0,0.6480000000000001,0.3,0.3
0.18385416666666665,1.411706336283773,0.110145318558179,3.0102498809231104,0.9583333333333334,31.375,4.649614534994951,0.11837913461462696,1411.7063362837732,2006,2,walk,informed_alpha_model_0.3_none,none,1,adaptive,8,0.015625,35,4,4,5,1.0,0.11428571428571428,1.0,4,1.0,2.2705,2.584,0,0.6480000000000001,0.3,0.3
0.0011004618419872658,3.300742999661999,0.07145788999257187,3.7084765360802607,1.0,40.3125,5.152450806449541,0.07035742815058461,3300.742999661999,2006,3,walk,informed_alpha_model_0.3_none,none,1,adaptive,8,0.015625,35,4,4,5,1.0,0.11428571428571428,1.0,4,1.0,2.25,2.5,0,0.6480000000000001,0.3,0.3
0.125,2.3169832472214074,0.12012205278951012,3.1623028524611385,0.9583333333333334,24.458333333333332,4.366032721678631,0.07937247473409519,2316.983247221409,2007,0,walk,informed_alpha_model_0.3_none,none,1,adaptive,8,0.015625,33,2,2,5,1.0,0.06060606060606061,1.0,2,1.0,2.208,2.4709499999999998,0,0.6480000000000001,0.3,0.3
0.0020776721014492752,1.9503311915521147,0.09096216642385103,3.420880468001793,0.9583333333333334,31.354166666666668,4.776186761826755,0.08888449432240175,1950.3311915521151,2007,1,walk,informed_alpha_model_0.3_none,none,1,adaptive,8,0.015625,36,5,5,5,1.0,0.1388888888888889,1.0,5,1.0,2.25,2.4978999999999996,0,0.6480000000000001,0.3,0.3
0.06328125,1.7877273212546694,0.17984236560974368,3.0205722769978194,0.9166666666666666,24.229166666666668,4.036179126250244,0.13668617896237825,1787.7273212546725,2007,2,walk,informed_alpha_model_0.3_none,none,1,adaptive,8,0.015625,36,2,2,7,1.0,0.05555555555555555,1.0,2,1.0,2.25,2.5,0,0.6480000000000001,0.3,0.3
0.2118410244922342,1.656675819143447,0.10713434127586492,2.825502699349651,1.0,29.833333333333332,4.645023789381891,0.10470668321636928,1656.6758191434474,2007,3,walk,informed_alpha_model_0.3_none,none,1,adaptive,8,0.015625,36,2,2,4,1.0,0.05555555555555555,1.0,2,1.0,2.209,2.458,0,0.6480000000000001,0.3,0.3
0.28716104497354494,1.4564113854888543,0.21975570113918752,2.690974095967912,0.875,19.125,3.7420871797332995,0.15296372119270726,1456.4113854888546,2008,0,walk,informed_alpha_model_0.3_none,none,1,adaptive,8,0.015625,37,3,3,7,1.0,0.08108108108108109,1.0,3,1.0,2.2085,2.7773,0,0.6480000000000001,0.3,0.3
0.0005208333333333333,3.221582460380498,0.09053548498165621,3.264267174473382,0.9791666666666666,35.9375,4.8973403926928,0.09001465164832288,3221.5824603804995,2008,1,walk,informed_alpha_model_0.3_none,none,1,adaptive,8,0.015625,42,4,4,5,1.0,0.09523809523809523,1.0,4,1.0,2.25,2.5416499999999997,0,0.6480000000000001,0.3,0.3
0.16666666666666666,2.054651054763166,0.33859287073942507,2.786462182670283,0.8958333333333334,15.583333333333334,3.0122369822816926,0.1863269276368629,2054.6510547631656,2008,2,walk,informed_alpha_model_0.3_none,none,1,adaptive,8,0.015625,38,4,4,8,1.0,0.10526315789473684,1.0,4,1.0,2.291,2.5126,0,0.6480000000000001,0.3,0.3
0.5082465277777778,1.1303083261502334,0.1032754528260696,3.2186338202448432,0.9166666666666666,39.916666666666664,4.954269923848341,0.41430973301064494,1130.3083261502336,2008,3,walk,informed_alpha_model_0.3_none,none,1,adaptive,8,0.015625,39,1,1,2,1.0,0.02564102564102564,1.0,1,1.0,2.25,2.44365,0,0.6480000000000001,0.3,0.3
0.1046875,2.3981547664441085,0.11498689155176572,3.075518550989074,1.0,27.8125,4.444192874582785,0.05780503784158608,2398.154766444109,2009,0,walk,informed_alpha_model_0.3_none,none,1,adaptive,8,0.015625,38,2,2,7,1.0,0.05263157894736842,1.0,2,1.0,2.209,2.5,0,0.6480000000000001,0.3,0.3
0.2717427248677249,1.4419166112008053,0.05912837509312833,3.2876245204534147,1.0,46.541666666666664,5.431653420414366,0.21261434977459656,1441.9166112008054,2009,1,walk,informed_alpha_model_0.3_none,none,1,adaptive,8,0.015625,42,2,2,3,1.0,0.047619047619047616,1.0,2,1.0,2.25,2.375,0,0.6480000000000001,0.3,0.3
0.3550181878306879,1.5743377615444183,0.14148100546021208,2.6154659977668095,1.0,28.8125,4.371882876975867,0.2655070733907852,1574.3377615444188,2009,2,walk,informed_alpha_model_0.3_none,none,1,adaptive,8,0.015625,36,2,2,6,1.0,0.05555555555555555,1.0,2,1.0,2.2705,2.6523,0,0.6480000000000001,0.3,0.3
0.0019123626381044184,2.4399020235195468,0.07429817380110566,3.684491677182052,0.8541666666666666,35.0625,4.967061295279674,0.07238581116300125,2439.902023519547,2009,3,walk,informed_alpha_model_0.3_none,none,1,adaptive,8,0.015625,38,3,3,6,1.0,0.07894736842105263,1.0,3,1.0,2.208,2.4853,0,0.6480000000000001,0.3,0.3
0.043094428631667715,2.1276806408625535,0.05562631768169576,3.3629566550458523,1.0,39.166666666666664,5.192330028967391,0.018660951084044614,2127.680640862555,2000,0,walk,informed_alpha_model_0.3_random,random,0.5,adaptive,8,0.015625,34,2,2,4,1.0,0.058823529411764705,1.0,2,1.0,2.209,2.94155,0,0.6480000000000001,0.3,0.3
0.10524354360299355,2.3483378458946427,0.10891444132876192,3.4029660835415503,1.0,41.25,5.00635813228624,0.08473423695605649,2348.337845894643,2000,1,walk,informed_alpha_model_0.3_random,random,0.5,adaptive,8,0.015625,37,2,1,1,0.5,0.02702702702702703,0.5,1,1.0,2.125,2.4443,0,0.6480000000000001,0.3,0.3
0.0005208333333333333,2.8977181836276906,0.1609627424658357,3.1508052712862624,0.875,21.208333333333332,4.028539361577593,0.16044190913250236,2897.718183627691,2000,2,walk,informed_alpha_model_0.3_random,random,0.5,adaptive,8,0.015625,36,2,2,6,1.0,0.05555555555555555,1.0,2,1.0,2.208,2.44365,0,0.6480000000000001,0.3,0.3
0.001171875,3.4438352552101565,0.024961385752209284,4.180161832870612,1.0,58.5625,5.924556222352666,0.023789510752209284,3443.8352552101574,2000,3,walk,informed_alpha_model_0.3_random,random,0.5,adaptive,8,0.015625,33,1,0,0,0.0,0.0,0.0,0,nan,2.167,2.44395,0,0.6480000000000001,0.3,0.3
0.37533068783068785,0.9629198034789347,0.18221279611697797,2.3326928285108792,1.0,25.104166666666668,4.166438468315891,0.2470851718197593,962.9198034789347,2001,0,walk,informed_alpha_model_0.3_random,random,0.5,adaptive,8,0.015625,37,2,2,3,1.0,0.05405405405405406,1.0,2,1.0,2.167,2.4023,0,0.6480000000000001,0.3,0.3
0.00043402777777777775,3.4600969650792273,0.10180959785457715,3.6238914762525005,0.9583333333333334,35.9375,4.793039428048469,0.10137557007679936,3460.0969650792267,2001,1,walk,informed_alpha_model_0.3_random,random,0.5,adaptive,8,0.015625,36,6,2,5,0.3333333333333333,0.05555555555555555,0.6666666666666666,2,1.0,2.208,2.4023,0,0.6480000000000001,0.3,0.3
0.041666666666666664,3.52283565202034,0.050113729693700405,3.382337367840625,1.0,38.229166666666664,5.2089391988465135,0.008447063027033741,3522.8356520203397,2001,2,walk,informed_alpha_model_0.3_random,random,0.5,adaptive,8,0.015625,37,4,1,3,0.25,0.02702702702702703,1.0,1,1.0,2.2295,3.2164499999999996,0,0.6480000000000001,0.3,0.3
0.024193218954248367,3.493246645724856,0.029805587950029733,4.62406369343029,0.6458333333333334,55.8125,5.861601141256919,0.005612368995781367,3493.2466457248543,2001,3,walk,informed_alpha_model_0.3_random,random,0.5,adaptive,8,0.015625,32,3,1,1,0.3333333333333333,0.03125,0.3333333333333333,1,1.0,2.25,2.9419,0,0.6480000000000001,0.3,0.3
0.0,5.078788146697224,0.040392133818054975,3.944656632185637,0.9375,51.3125,5.61302303510969,0.040392133818054975,5078.788146697222,2002,0,walk,informed_alpha_model_0.3_random,random,0.5,adaptive,8,0.015625,39,3,1,2,0.3333333333333333,0.02564102564102564,0.5,1,1.0,2.1875,2.5545999999999998,0,0.6480000000000001,0.3,0.3
0.021484375,2.3094628230442567,0.0987867641319153,3.158591323594226,0.9791666666666666,30.895833333333332,4.760114030342756,0.08949130327051881,2309.462823044257,2002,1,walk,informed_alpha_model_0.3_random,random,0.5,adaptive,8,0.015625,38,5,1,4,0.2,0.02631578947368421,0.25,1,1.0,2.25,2.6919,0,0.6480000000000001,0.3,0.3
0.1467013888888889,2.9476990203189897,0.13818251670950252,3.540613621025432,0.875,31.854166666666668,4.641803881271042,0.1799408122271202,2947.699020318992,2002,2,walk,informed_alpha_model_0.3_random,random,0.5,adaptive,8,0.015625,33,3,2,4,0.6666666666666666,0.06060606060606061,0.5,2,1.0,2.167,2.4829,0,0.6480000000000001,0.3,0.3
0.0012979497354497355,3.4686881876584827,0.06363958829668724,3.7194257430436255,0.9791666666666666,46.041666666666664,5.339055120814667,0.06234163856123751,3468.6881876584807,2002,3,walk,informed_alpha_model_0.3_random,random,0.5,adaptive,8,0.015625,39,6,3,3,0.5,0.07692307692307693,0.5,3,1.0,2.209,2.48565,0,0.6480000000000001,0.3,0.3
0.0419973544973545,3.734936795963803,0.09922258426226753,4.09718195272749,0.7708333333333334,43.6875,5.137466397562601,0.06972522976491302,3734.936795963802,2003,0,walk,informed_alpha_model_0.3_random,random,0.5,adaptive,8,0.015625,35,6,3,5,0.5,0.08571428571428572,0.5,3,1.0,2.3335,2.61065,0,0.6480000000000001,0.3,0.3
0.22447916666666667,1.1107069369398976,0.1957392779018656,2.7480228171760053,1.0,24.083333333333332,4.11689395439193,0.10074657629915977,1110.706936939898,2003,1,walk,informed_alpha_model_0.3_random,random,0.5,adaptive,8,0.015625,35,4,2,4,0.5,0.05714285714285714,0.6666666666666666,2,1.0,2.333,2.95865,0,0.6480000000000001,0.3,0.3
0.10542438799017746,2.0453504561012985,0.11422723104072809,3.1537380740920065,0.9791666666666666,37.979166666666664,4.895779410114816,0.043564445995758684,2045.3504561012999,2003,2,walk,informed_alpha_model_0.3_random,random,0.5,adaptive,8,0.015625,33,4,3,4,0.75,0.09090909090909091,1.0,3,1.0,2.333,3.0500999999999996,0,0.6480000000000001,0.3,0.3
0.04774305555555556,2.2708913170020772,0.14966317422915076,3.2533024123932086,0.9791666666666666,19.583333333333332,4.002752187540132,0.1019201186735952,2270.8913170020774,2003,3,walk,informed_alpha_model_0.3_random,random,0.5,adaptive,8,0.015625,40,5,3,5,0.6,0.075,0.75,3,1.0,2.292,2.708,0,0.6480000000000001,0.3,0.3
0.02299558080808081,2.140112794626662,0.07282909229520182,3.3949942432079054,1.0,31.75,4.879595648641772,0.049833511487121,2140.112794626662,2004,0,walk,informed_alpha_model_0.3_random,random,0.5,adaptive,8,0.015625,38,6,3,4,0.5,0.07894736842105263,0.75,3,1.0,2.25,2.6523,0,0.6480000000000001,0.3,0.3
0.14583333333333334,4.363119336190161,0.04834389843656697,4.226588662155435,0.8333333333333334,42.4375,5.341519861543007,0.09748943489676636,4363.119336190158,2004,1,walk,informed_alpha_model_0.3_random,random,0.5,adaptive,8,0.015625,35,4,2,3,0.5,0.05714285714285714,0.5,2,1.0,2.333,2.6795999999999998,0,0.6480000000000001,0.3,0.3
0.020833333333333332,2.8625440724735793,0.06730712656350664,3.1942270938345456,0.9791666666666666,35.125,4.991935265511523,0.04647379323017331,2862.5440724735804,2004,2,walk,informed_alpha_model_0.3_random,random,0.5,adaptive,8,0.015625,37,4,1,2,0.25,0.02702702702702703,0.5,1,1.0,2.354,2.625,0,0.6480000000000001,0.3,0.3
0.12533068783068782,2.8370399464044413,0.19553720153332196,3.069421134467851,1.0,32.854166666666664,4.342062799600662,0.13246288089454014,2837.0399464044426,2004,3,walk,informed_alpha_model_0.3_random,random,0.5,adaptive,8,0.015625,35,4,3,4,0.75,0.08571428571428572,0.75,3,1.0,2.3955,3.0545999999999998,0,0.6480000000000001,0.3,0.3
0.0009259259259259259,3.6177957438260093,0.04415081152536144,4.57532736881937,0.6458333333333334,40.354166666666664,5.350574043734418,0.04322488559943552,3617.795743826013,2005,0,walk,informed_alpha_model_0.3_random,random,0.5,adaptive,8,0.015625,34,0,0,1,nan,0.0,nan,0,1.0,2.2915,2.52665,0,0.6480000000000001,0.3,0.3
0.0435598544973545,1.8390330707066112,0.06518956853947315,3.523006299118468,1.0,40.333333333333336,5.165161423006157,0.024842122561152247,1839.0330707066112,2005,1,walk,informed_alpha_model_0.3_random,random,0.5,adaptive,8,0.015625,37,4,2,3,0.5,0.05405405405405406,0.6666666666666666,2,1.0,2.333,3.1187499999999995,0,0.6480000000000001,0.3,0.3
0.37568379517532063,2.076032003688037,0.22397062404793885,2.173320888389629,1.0,23.625,3.711878239983267,0.20994550256335018,2076.032003688038,2005,2,walk,informed_alpha_model_0.3_random,random,0.5,adaptive,8,0.015625,42,5,3,5,0.6,0.07142857142857142,0.6666666666666666,3,1.0,2.2705,2.6232499999999996,0,0.6480000000000001,0.3,0.3
0.0006837951753205989,3.8185892755200235,0.027872566841397713,4.020576049901016,1.0,58.333333333333336,5.908995352619424,0.027188771666077114,3818.58927552002,2005,3,walk,informed_alpha_model_0.3_random,random,0.5,adaptive,8,0.015625,38,1,0,0,0.0,0.0,0.0,0,nan,2.334,2.8579,0,0.6480000000000001,0.3,0.3
0.12570947570947572,2.8594783764084606,0.15516957024796948,3.2445971643191562,0.9791666666666666,37.75,4.6027946922434415,0.09573026966745735,2859.4783764084605,2006,0,walk,informed_alpha_model_0.3_random,random,0.5,adaptive,8,0.015625,33,7,4,7,0.5714285714285714,0.12121212121212122,0.5,4,1.0,2.333,2.5959499999999998,0,0.6480000000000001,0.3,0.3
0.041666666666666664,3.0093928420904184,0.07344935235519698,3.9334326188116258,0.9166666666666666,41.333333333333336,5.094268044223193,0.05291550928875802,3009.392842090417,2006,1,walk,informed_alpha_model_0.3_random,random,0.5,adaptive,8,0.015625,40,5,1,2,0.2,0.025,0.25,1,1.0,2.2915,3.4437499999999988,0,0.6480000000000001,0.3,0.3
0.03802083333333333,3.106424730983605,0.03444126054623202,3.953667316607444,0.9166666666666666,51.729166666666664,5.681612417355275,0.003579572787101313,3106.424730983606,2006,2,walk,informed_alpha_model_0.3_random,random,0.5,adaptive,8,0.015625,35,4,2,2,0.5,0.05714285714285714,0.6666666666666666,2,1.0,2.3125,2.542,0,0.6480000000000001,0.3,0.3
0.0011004618419872658,3.391198975673438,0.05749567574829711,3.534829374724272,1.0,40.145833333333336,5.217293954783597,0.05639521390630984,3391.198975673439,2006,3,walk,informed_alpha_model_0.3_random,random,0.5,adaptive,8,0.015625,35,4,3,4,0.75,0.08571428571428572,1.0,3,1.0,2.292,2.5,0,0.6480000000000001,0.3,0.3
0.10416666666666667,3.1382953183695075,0.05671317265394779,3.507498851142524,0.9791666666666666,38.729166666666664,5.191421435523727,0.0560808270205854,3138.2953183695095,2007,0,walk,informed_alpha_model_0.3_random,random,0.5,adaptive,8,0.015625,33,2,1,3,0.5,0.030303030303030304,0.5,1,1.0,2.333,2.7353,0,0.6480000000000001,0.3,0.3
0.0020776721014492752,1.955224880683373,0.08804479456016946,3.079849626649107,1.0,30.375,4.688998308428577,0.08596712245872018,1955.2248806833743,2007,1,walk,informed_alpha_model_0.3_random,random,0.5,adaptive,8,0.015625,36,5,2,3,0.4,0.05555555555555555,0.4,2,1.0,2.333,2.73565,0,0.6480000000000001,0.3,0.3
0.0007812499999999999,2.9604954397624277,0.026468089169336222,3.936854478305157,0.9791666666666666,57.541666666666664,5.8988314996314415,0.025686839169336218,2960.495439762428,2007,2,walk,informed_alpha_model_0.3_random,random,0.5,adaptive,8,0.015625,36,2,0,0,0.0,0.0,0.0,0,nan,2.25,2.625,0,0.6480000000000001,0.3,0.3
0.02434102449223417,2.123559801284274,0.05311875440911006,3.577141305945656,0.9583333333333334,34.8125,5.10856117235335,0.028777729916875893,2123.5598012842756,2007,3,walk,informed_alpha_model_0.3_random,random,0.5,adaptive,8,0.015625,36,2,2,4,1.0,0.05555555555555555,1.0,2,1.0,2.333,2.87085,0,0.6480000000000001,0.3,0.3
0.06320271164021164,3.2704797081786605,0.11653068474518363,3.5622805649156866,0.9166666666666666,28.770833333333332,4.607563240925321,0.06039541877735724,3270.4797081786605,2008,0,walk,informed_alpha_model_0.3_random,random,0.5,adaptive,8,0.015625,37,3,1,3,0.3333333333333333,0.02702702702702703,0.5,1,1.0,2.292,2.6369499999999997,0,0.6480000000000001,0.3,0.3
0.0005208333333333333,4.049993396496976,0.05300196512123839,3.5179447182798307,1.0,38.395833333333336,5.231080536656706,0.05248113178790506,4049.9933964969755,2008,1,walk,informed_alpha_model_0.3_random,random,0.5,adaptive,8,0.015625,42,4,1,2,0.25,0.023809523809523808,0.3333333333333333,1,1.0,2.334,2.61065,0,0.6480000000000001,0.3,0.3
0.020833333333333332,2.472427725467223,0.14617408653229474,2.93758655552239,1.0,29.0625,4.431912153304668,0.1253407531989614,2472.427725467223,2008,2,walk,informed_alpha_model_0.3_random,random,0.5,adaptive,8,0.015625,38,4,2,2,0.5,0.05263157894736842,0.5,2,1.0,2.375,2.61065,0,0.6480000000000001,0.3,0.3
0.2747395833333333,1.8973001766233553,0.053087187751884014,3.43373331792739,1.0,38.229166666666664,5.247028647077484,0.22165239558144934,1897.3001766233547,2008,3,walk,informed_alpha_model_0.3_random,random,0.5,adaptive,8,0.015625,39,1,0,1,0.0,0.0,0.0,0,1.0,2.25,2.6477999999999997,0,0.6480000000000001,0.3,0.3
0.08385416666666667,2.8776064621231896,0.03170716909306262,3.7911688268981756,1.0,57.125,5.860355288334385,0.052146997573604054,2877.6064621231894,2009,0,walk,informed_alpha_model_0.3_random,random,0.5,adaptive,8,0.015625,38,2,1,1,0.5,0.02631578947368421,0.5,1,1.0,2.291,2.5273,0,0.6480000000000001,0.3,0.3
0.0009093915343915343,2.185327859494753,0.026707573881266156,3.8216657614298186,1.0,58.770833333333336,5.929866594647439,0.02579818234687462,2185.327859494754,2009,1,walk,informed_alpha_model_0.3_random,random,0.5,adaptive,8,0.015625,42,2,0,0,0.0,0.0,0.0,0,nan,2.333,3.0647999999999995,0,0.6480000000000001,0.3,0.3
0.04251818783068784,2.7763366754129812,0.043090807104467,3.7864448833322952,1.0,49.25,5.581935247270942,0.0005726192737791624,2776.3366754129797,2009,2,walk,informed_alpha_model_0.3_random,random,0.5,adaptive,8,0.015625,36,2,2,3,1.0,0.05555555555555555,1.0,2,1.0,2.375,2.958,0,0.6480000000000001,0.3,0.3
0.0011939718335067173,2.8579638448840097,0.05874603798332071,3.782749999372695,0.9791666666666666,38.0,5.160526862114378,0.057552066149814,2857.963844884009,2009,3,walk,informed_alpha_model_0.3_random,random,0.5,adaptive,8,0.015625,38,3,1,2,0.3333333333333333,0.02631578947368421,0.3333333333333333,1,1.0,2.291,2.5959499999999998,0,0.6480000000000001,0.3,0.3
0.11383825231481481,1.7543287908363336,0.1192328056545112,2.8076438092123936,1.0,29.916666666666668,4.568363882831967,0.056047399622506204,1754.3287908363334,2000,0,walk,informed_alpha_model_0.3_bsp,bsp,0.1,adaptive,8,0.015625,34,2,0,4,0.0,0.0,0.0,0,1.0,18.5,21.6419,0,0.6480000000000001,0.3,0.3
0.06608072916666667,2.4867051307292356,0.06636316881578905,3.311792747319142,1.0,35.458333333333336,4.948448494256126,0.03388887400952465,2486.7051307292354,2000,1,walk,informed_alpha_model_0.3_bsp,bsp,0.1,adaptive,8,0.015625,37,2,1,7,0.5,0.02702702702702703,0.5,1,1.0,18.250500000000002,22.362699999999997,0,0.6480000000000001,0.3,0.3
0.0005208333333333333,2.931367331325042,0.10899863049901566,3.2288987748321074,1.0,28.729166666666668,4.55166315966454,0.10847779716568239,2931.3673313250397,2000,2,walk,informed_alpha_model_0.3_bsp,bsp,0.1,adaptive,8,0.015625,36,2,1,4,0.5,0.027777777777777776,0.5,1,1.0,18.375500000000002,23.080799999999996,0,0.6480000000000001,0.3,0.3
0.04283854166666667,2.505283324978462,0.08150195138194088,3.551098100568056,0.875,35.854166666666664,5.0020800806931005,0.0535933540228355,2505.283324978461,2000,3,walk,informed_alpha_model_0.3_bsp,bsp,0.1,adaptive,8,0.015625,33,1,1,5,1.0,0.030303030303030304,1.0,1,1.0,18.0,18.95625,0,0.6480000000000001,0.3,0.3
0.2294921875,4.20932915833991,0.064273580749824,3.7116667750264405,0.9791666666666666,49.125,5.456017729166515,0.165218606750176,4209.3291583399105,2001,0,walk,informed_alpha_model_0.3_bsp,bsp,0.1,adaptive,8,0.015625,37,2,0,1,0.0,0.0,0.0,0,1.0,18.0205,19.608449999999998,0,0.6480000000000001,0.3,0.3
0.23525545634920633,1.1443889517136634,0.10350513907922704,2.564290694136267,1.0,24.4375,4.436921383571552,0.2626842519957578,1144.3889517136633,2001,1,walk,informed_alpha_model_0.3_bsp,bsp,0.1,adaptive,8,0.015625,36,6,5,7,0.8333333333333334,0.1388888888888889,1.0,5,1.0,18.0415,19.8373,0,0.6480000000000001,0.3,0.3
0.0,2.9279981744493604,0.09171205582162317,3.4699102408824873,1.0,29.604166666666668,4.708799044379161,0.09171205582162316,2927.9981744493602,2001,2,walk,informed_alpha_model_0.3_bsp,bsp,0.1,adaptive,8,0.015625,37,4,3,8,0.75,0.08108108108108109,1.0,3,1.0,17.958,19.185299999999998,0,0.6480000000000001,0.3,0.3
0.15418836805555555,1.7526480993144142,0.08525499755913353,2.7942253814022977,1.0,24.979166666666668,4.504931218385176,0.09465041809924146,1752.6480993144144,2001,3,walk,informed_alpha_model_0.3_bsp,bsp,0.1,adaptive,8,0.015625,32,3,0,8,0.0,0.0,0.0,0,1.0,17.9375,19.608349999999998,0,0.6480000000000001,0.3,0.3
0.1539861551139273,1.974824654681891,0.08327632760089591,3.185459589514231,1.0,34.729166666666664,4.912322764542968,0.07070982751303136,1974.8246546818925,2002,0,walk,informed_alpha_model_0.3_bsp,bsp,0.1,adaptive,8,0.015625,39,3,0,4,0.0,0.0,0.0,0,1.0,17.875,19.29595,0,0.6480000000000001,0.3,0.3
0.208984375,1.7449139011711992,0.10405770387335082,2.963345733663386,1.0,38.145833333333336,4.88857125024628,0.15701218787755464,1744.9139011712002,2002,1,walk,informed_alpha_model_0.3_bsp,bsp,0.1,adaptive,8,0.015625,38,5,3,5,0.6,0.07894736842105263,0.5,3,1.0,17.8955,18.6748,0,0.6480000000000001,0.3,0.3
0.29253472222222227,1.2628073506054005,0.1203564212856041,2.539119505608701,0.9583333333333334,23.291666666666668,4.3366769636756235,0.21134650860734813,1262.8073506054009,2002,2,walk,informed_alpha_model_0.3_bsp,bsp,0.1,adaptive,8,0.015625,33,3,2,6,0.6666666666666666,0.06060606060606061,1.0,2,1.0,17.979,18.98355,0,0.6480000000000001,0.3,0.3
0.06634114583333334,1.8284502824861113,0.06187445108940579,3.342336154857968,1.0,44.020833333333336,5.3494469400325215,0.013302605759339716,1828.4502824861127,2002,3,walk,informed_alpha_model_0.3_bsp,bsp,0.1,adaptive,8,0.015625,39,6,3,4,0.5,0.07692307692307693,0.75,3,1.0,17.959,18.6877,0,0.6480000000000001,0.3,0.3
0.08889480744949496,2.369758290853263,0.08066588775420121,3.4813860813640907,1.0,37.6875,5.001950398405852,0.08231927391017901,2369.758290853263,2003,0,walk,informed_alpha_model_0.3_bsp,bsp,0.1,adaptive,8,0.015625,35,6,3,5,0.5,0.08571428571428572,0.5,3,1.0,17.916,18.7318,0,0.6480000000000001,0.3,0.3
0.5578124999999999,0.719609040382703,0.1279551710066015,2.252102678239304,1.0,26.625,4.425525025668774,0.42985732899339846,719.609040382703,2003,1,walk,informed_alpha_model_0.3_bsp,bsp,0.1,adaptive,8,0.015625,35,4,3,5,0.75,0.08571428571428572,0.6666666666666666,3,1.0,17.9795,19.36875,0,0.6480000000000001,0.3,0.3
0.002907986111111111,2.531185499149151,0.08563668603792578,3.4465478688625844,0.9166666666666666,34.645833333333336,4.848838628296092,0.08272869992681463,2531.1854991491537,2003,2,walk,informed_alpha_model_0.3_bsp,bsp,0.1,adaptive,8,0.015625,33,4,3,10,0.75,0.09090909090909091,1.0,3,1.0,17.875,18.7896,0,0.6480000000000001,0.3,0.3
0.05859375,1.815528473149784,0.07620947869496209,3.0912697057914738,1.0,29.1875,4.732820334878018,0.01761572869496207,1815.5284731497852,2003,3,walk,informed_alpha_model_0.3_bsp,bsp,0.1,adaptive,8,0.015625,40,5,3,8,0.6,0.075,0.5,3,1.0,17.875,18.60615,0,0.6480000000000001,0.3,0.3
0.0033420138888888887,2.0848406572440665,0.1004514885472137,3.7146409676393852,0.8958333333333334,31.270833333333332,4.732869854752867,0.09710947465832483,2084.840657244066,2004,0,walk,informed_alpha_model_0.3_bsp,bsp,0.1,adaptive,8,0.015625,38,6,5,7,0.8333333333333334,0.13157894736842105,1.0,5,1.0,17.938000000000002,18.944300000000002,0,0.6480000000000001,0.3,0.3
0.08875868055555554,2.020817921207417,0.0745110078639223,3.004356426286775,1.0,30.1875,4.804866123655917,0.014247672691633252,2020.8179212074176,2004,1,walk,informed_alpha_model_0.3_bsp,bsp,0.1,adaptive,8,0.015625,35,4,3,9,0.75,0.08571428571428572,0.75,3,1.0,17.833,18.635199999999998,0,0.6480000000000001,0.3,0.3
0.0,3.6804981672894805,0.0888515999407402,3.534479670712635,0.9791666666666666,27.583333333333332,4.6181632503424614,0.08885159994074017,3680.498167289483,2004,2,walk,informed_alpha_model_0.3_bsp,bsp,0.1,adaptive,8,0.015625,37,4,2,8,0.5,0.05405405405405406,1.0,2,1.0,17.833,18.6898,0,0.6480000000000001,0.3,0.3
0.14772135416666668,1.519170840167396,0.07033485212552829,3.1488357038200214,1.0,33.458333333333336,4.914941229086364,0.07738650204113838,1519.170840167397,2004,3,walk,informed_alpha_model_0.3_bsp,bsp,0.1,adaptive,8,0.015625,35,4,2,8,0.5,0.05714285714285714,0.5,2,1.0,18.0415,21.526849999999996,0,0.6480000000000001,0.3,0.3
0.16751302083333333,1.8186397505257768,0.0706663436283242,3.5472758577064543,0.9791666666666666,40.479166666666664,5.11978916785716,0.09684667720500913,1818.6397505257762,2005,0,walk,informed_alpha_model_0.3_bsp,bsp,0.1,adaptive,8,0.015625,34,0,0,3,nan,0.0,nan,0,1.0,17.875,18.73145,0,0.6480000000000001,0.3,0.3
0.003624131944444444,3.3554162915627317,0.08259807949059222,3.48372201410125,0.9166666666666666,22.8125,4.439489971029986,0.07897394754614778,3355.416291562731,2005,1,walk,informed_alpha_model_0.3_bsp,bsp,0.1,adaptive,8,0.015625,37,4,2,9,0.5,0.05405405405405406,0.6666666666666666,2,1.0,17.8955,18.4149,0,0.6480000000000001,0.3,0.3
0.06380208333333333,4.485538796035889,0.09461836547331283,3.174606964012497,1.0,37.854166666666664,4.906025546806704,0.030816282139979514,4485.538796035889,2005,2,walk,informed_alpha_model_0.3_bsp,bsp,0.1,adaptive,8,0.015625,42,5,1,2,0.2,0.023809523809523808,0.3333333333333333,1,1.0,17.834,18.80855,0,0.6480000000000001,0.3,0.3
0.0006510416666666666,2.69096179676756,0.08205246629693329,3.1589242558650823,1.0,37.479166666666664,4.920238789082391,0.0814014246302666,2690.96179676756,2005,3,walk,informed_alpha_model_0.3_bsp,bsp,0.1,adaptive,8,0.015625,38,1,0,3,0.0,0.0,0.0,0,1.0,17.875,18.49725,0,0.6480000000000001,0.3,0.3
0.0014973958333333332,2.839627654361186,0.06690860835178614,3.4346062322045774,0.9583333333333334,33.4375,4.895568729233072,0.06541121251845282,2839.627654361186,2006,0,walk,informed_alpha_model_0.3_bsp,bsp,0.1,adaptive,8,0.015625,33,7,3,13,0.42857142857142855,0.09090909090909091,0.75,3,1.0,17.7915,18.6604,0,0.6480000000000001,0.3,0.3
0.16783854166666667,2.0261138963544787,0.05652822821374861,3.477760654647702,0.9583333333333334,39.083333333333336,5.188362357554605,0.115517758881592,2026.1138963544788,2006,1,walk,informed_alpha_model_0.3_bsp,bsp,0.1,adaptive,8,0.015625,40,5,4,6,0.8,0.1,1.0,4,1.0,18.021,20.848349999999996,0,0.6480000000000001,0.3,0.3
0.03802083333333333,1.7487967506066682,0.07046463234250704,3.0415283860183417,1.0,27.9375,4.708061267642502,0.0324437990091737,1748.796750606668,2006,2,walk,informed_alpha_model_0.3_bsp,bsp,0.1,adaptive,8,0.015625,35,4,1,6,0.25,0.02857142857142857,0.3333333333333333,1,1.0,17.9165,18.5522,0,0.6480000000000001,0.3,0.3
0.003472222222222222,4.57215662938793,0.0959675977786053,4.436195883659613,0.7083333333333334,30.479166666666668,4.688383395368104,0.09249537555638306,4572.156629387928,2006,3,walk,informed_alpha_model_0.3_bsp,bsp,0.1,adaptive,8,0.015625,35,4,2,8,0.5,0.05714285714285714,0.6666666666666666,2,1.0,17.9165,18.78925,0,0.6480000000000001,0.3,0.3
0.0625,2.40984446007402,0.08401715172364395,3.2240367693700587,0.9583333333333334,26.25,4.616603086662393,0.021517151723643952,2409.8444600740218,2007,0,walk,informed_alpha_model_0.3_bsp,bsp,0.1,adaptive,8,0.015625,33,2,1,8,0.5,0.030303030303030304,0.5,1,1.0,17.791,18.4023,0,0.6480000000000001,0.3,0.3
0.10750868055555556,1.9950477260553932,0.10444676354069916,3.2880077644600667,0.9583333333333334,30.416666666666668,4.629878054817026,0.03597231956063258,1995.0477260553946,2007,1,walk,informed_alpha_model_0.3_bsp,bsp,0.1,adaptive,8,0.015625,36,5,4,6,0.8,0.1111111111111111,0.8,4,1.0,17.792,18.577099999999998,0,0.6480000000000001,0.3,0.3
0.0013020833333333333,3.168638352717245,0.0739433286342599,3.5111488119151555,1.0,30.145833333333332,4.752045689888268,0.07264124530092657,3168.638352717247,2007,2,walk,informed_alpha_model_0.3_bsp,bsp,0.1,adaptive,8,0.015625,36,2,2,10,1.0,0.05555555555555555,1.0,2,1.0,17.729,18.67445,0,0.6480000000000001,0.3,0.3
0.14932002314814816,1.4717178234972739,0.10477487511969791,2.6318223255787014,1.0,25.75,4.4650638843985835,0.06577926427040043,1471.7178234972744,2007,3,walk,informed_alpha_model_0.3_bsp,bsp,0.1,adaptive,8,0.015625,36,2,1,4,0.5,0.027777777777777776,1.0,1,1.0,19.604,32.979499999999994,0,0.6480000000000001,0.3,0.3
0.06315104166666667,3.602551926181682,0.05947315590931832,3.6923737216882926,0.9166666666666666,48.770833333333336,5.465391889499906,0.10047802683997535,3602.5519261816826,2008,0,walk,informed_alpha_model_0.3_bsp,bsp,0.1,adaptive,8,0.015625,37,3,0,2,0.0,0.0,0.0,0,1.0,18.042,19.28925,0,0.6480000000000001,0.3,0.3
0.0005208333333333333,2.8237597044005747,0.06480049390014891,3.341717371309434,1.0,35.375,4.998934791914864,0.06427966056681557,2823.7597044005774,2008,1,walk,informed_alpha_model_0.3_bsp,bsp,0.1,adaptive,8,0.015625,42,4,3,6,0.75,0.07142857142857142,1.0,3,1.0,17.9375,18.81895,0,0.6480000000000001,0.3,0.3
0.0625,3.3452692062323623,0.09591307968655023,3.427513255043486,0.9166666666666666,34.6875,4.7872606832295865,0.07738358141897751,3345.2692062323617,2008,2,walk,informed_alpha_model_0.3_bsp,bsp,0.1,adaptive,8,0.015625,38,4,0,1,0.0,0.0,0.0,0,1.0,17.9375,18.9146,0,0.6480000000000001,0.3,0.3
0.1540798611111111,4.49030557711805,0.08405560552182621,3.330119917219001,0.7708333333333334,29.958333333333332,4.634127356311122,0.146242269759324,4490.305577118047,2008,3,walk,informed_alpha_model_0.3_bsp,bsp,0.1,adaptive,8,0.015625,39,1,1,2,1.0,0.02564102564102564,1.0,1,1.0,17.834,18.443649999999998,0,0.6480000000000001,0.3,0.3
0.16718750000000002,1.9334027176621484,0.07541001347732858,3.0423764428091045,1.0,36.9375,5.024578361395622,0.09177748652267141,1933.4027176621487,2009,0,walk,informed_alpha_model_0.3_bsp,bsp,0.1,adaptive,8,0.015625,38,2,2,3,1.0,0.05263157894736842,1.0,2,1.0,17.979,18.827399999999997,0,0.6480000000000001,0.3,0.3
0.0008463541666666667,2.8412315961423036,0.0528718859228639,3.7573553658766765,1.0,40.208333333333336,5.235305215535777,0.05202553175619723,2841.231596142304,2009,1,walk,informed_alpha_model_0.3_bsp,bsp,0.1,adaptive,8,0.015625,42,2,1,4,0.5,0.023809523809523808,0.5,1,1.0,18.021,19.1829,0,0.6480000000000001,0.3,0.3
0.12584635416666667,2.0150217681284874,0.06065459662008404,3.612549864262529,0.9166666666666666,44.6875,5.351224174977705,0.06519175754658264,2015.0217681284894,2009,2,walk,informed_alpha_model_0.3_bsp,bsp,0.1,adaptive,8,0.015625,36,2,2,4,1.0,0.05555555555555555,1.0,2,1.0,17.874499999999998,19.35625,0,0.6480000000000001,0.3,0.3
0.06384858630952381,2.114457634967248,0.06141682282033852,3.475387115716387,0.9375,41.125,5.231377182397076,0.02062403927375375,2114.45763496725,2009,3,walk,informed_alpha_model_0.3_bsp,bsp,0.1,adaptive,8,0.015625,38,3,3,5,1.0,0.07894736842105263,1.0,3,1.0,17.917,18.55395,0,0.6480000000000001,0.3,0.3
0.27226109529833437,1.3839618228068684,0.16565508566083115,2.5127635756611384,0.9791666666666666,22.645833333333332,4.042185056382038,0.130744531337828,1383.9618228068691,2000,0,walk,informed_alpha_model_0.9_none,none,1,adaptive,8,0.015625,34,2,2,8,1.0,0.058823529411764705,1.0,2,1.0,2.375,3.0101999999999998,0,0.6480000000000001,0.9,0.3
0.16774354360299357,1.8085080881369928,0.19601368380502024,2.8620778771117146,1.0,27.6875,4.157076034625365,0.11116584704727495,1808.5080881369934,2000,1,walk,informed_alpha_model_0.9_none,none,1,adaptive,8,0.015625,37,2,2,6,1.0,0.05405405405405406,1.0,2,1.0,2.333,2.55395,0,0.6480000000000001,0.9,0.3
0.14635416666666667,2.668139749506084,0.1744452762278191,2.8516992350588377,0.9791666666666666,21.604166666666668,4.04282873634771,0.12572457618166516,2668.1397495060833,2000,2,walk,informed_alpha_model_0.9_none,none,1,adaptive,8,0.015625,36,2,2,5,1.0,0.05555555555555555,1.0,2,1.0,2.2915,2.625,0,0.6480000000000001,0.9,0.3
0.001171875,2.505169678882522,0.0831615933851337,3.993096655995869,0.9375,37.9375,5.0028895979908965,0.08198971838513369,2505.1696788825225,2000,3,walk,informed_alpha_model_0.9_none,none,1,adaptive,8,0.015625,33,1,1,3,1.0,0.030303030303030304,1.0,1,1.0,2.2705,2.45865,0,0.6480000000000001,0.9,0.3
0.7294973544973544,0.5004185948048215,0.25914028542523565,1.9489543871153152,1.0,17.8125,3.571973682227745,0.49014873573878553,500.41859480482145,2001,0,walk,informed_alpha_model_0.9_none,none,1,adaptive,8,0.015625,37,2,2,5,1.0,0.05405405405405406,1.0,2,1.0,2.375,4.3999,0,0.6480000000000001,0.9,0.3
0.17275545634920633,1.1438735397411701,0.18534604012516978,2.4321098367972707,1.0,21.479166666666668,3.9896212822661634,0.1001416599552612,1143.8735397411697,2001,1,walk,informed_alpha_model_0.9_none,none,1,adaptive,8,0.015625,36,6,6,9,1.0,0.16666666666666666,1.0,6,1.0,2.3955,2.8438499999999998,0,0.6480000000000001,0.9,0.3
0.125,2.0191384663118814,0.20342188326702818,2.5622196697414656,1.0,23.25,3.957372059731199,0.09069603794396802,2019.1384663118818,2001,2,walk,informed_alpha_model_0.9_none,none,1,adaptive,8,0.015625,37,4,4,7,1.0,0.10810810810810811,1.0,4,1.0,2.375,2.7773,0,0.6480000000000001,0.9,0.3
0.18987304351565185,1.5900248810141795,0.20397514307223938,2.5431212766117732,0.9583333333333334,17.25,3.636040150152098,0.06672470619254624,1590.0248810141802,2001,3,walk,informed_alpha_model_0.9_none,none,1,adaptive,8,0.015625,32,3,3,9,1.0,0.09375,1.0,3,1.0,2.375,3.4250999999999996,0,0.6480000000000001,0.9,0.3
0.2708333333333333,1.877213201333188,0.23632640037999805,2.6867841228774245,0.9375,23.625,3.8850188444545566,0.05742359962000201,1877.2132013331882,2002,0,walk,informed_alpha_model_0.9_none,none,1,adaptive,8,0.015625,39,3,3,7,1.0,0.07692307692307693,1.0,3,1.0,2.333,2.69155,0,0.6480000000000001,0.9,0.3
0.042317708333333336,1.534187822552572,0.19710321341678874,2.514363887691911,0.9583333333333334,17.458333333333332,3.6455576586539746,0.15478550508345543,1534.1878225525725,2002,1,walk,informed_alpha_model_0.9_none,none,1,adaptive,8,0.015625,38,5,5,9,1.0,0.13157894736842105,1.0,5,1.0,2.292,2.5955999999999997,0,0.6480000000000001,0.9,0.3
0.2508680555555556,1.3213156385403722,0.25462893702746076,2.436028490623993,0.8958333333333334,12.979166666666666,3.290822268400517,0.1449660764268095,1321.3156385403724,2002,2,walk,informed_alpha_model_0.9_none,none,1,adaptive,8,0.015625,33,3,3,11,1.0,0.09090909090909091,1.0,3,1.0,2.3335,2.5,0,0.6480000000000001,0.9,0.3
0.14713128306878306,2.2777736253418617,0.11000755585766664,3.212795850079472,0.9791666666666666,31.354166666666668,4.64213650296379,0.06121366908311974,2277.773625341862,2002,3,walk,informed_alpha_model_0.9_none,none,1,adaptive,8,0.015625,39,6,6,8,1.0,0.15384615384615385,1.0,6,1.0,2.375,2.8732499999999996,0,0.6480000000000001,0.9,0.3
0.1218584656084656,1.4159537559692408,0.2572808611669538,2.637983689129037,0.9583333333333334,16.8125,3.5005682040515733,0.16042239555848822,1415.9537559692415,2003,0,walk,informed_alpha_model_0.9_none,none,1,adaptive,8,0.015625,35,6,6,11,1.0,0.17142857142857143,1.0,6,1.0,2.3335,2.6228999999999996,0,0.6480000000000001,0.9,0.3
0.3911458333333333,1.1330208496870948,0.27699955697553874,2.2157370027702283,1.0,15.9375,3.393844958185032,0.11414627635779462,1133.0208496870953,2003,1,walk,informed_alpha_model_0.9_none,none,1,adaptive,8,0.015625,35,4,4,10,1.0,0.11428571428571428,1.0,4,1.0,2.292,2.5683000000000002,0,0.6480000000000001,0.9,0.3
0.20959105465684413,2.089518626684775,0.15559929281751972,2.8735373401982716,0.9791666666666666,30.666666666666668,4.438292875497114,0.05399176183932442,2089.5186266847763,2003,2,walk,informed_alpha_model_0.9_none,none,1,adaptive,8,0.015625,33,4,4,6,1.0,0.12121212121212122,1.0,4,1.0,2.375,3.0227999999999997,0,0.6480000000000001,0.9,0.3
0.006076388888888889,2.2371712353708317,0.21245519010859085,3.0178239136622413,0.9791666666666666,15.375,3.5387086599397937,0.20637880121970195,2237.1712353708303,2003,3,walk,informed_alpha_model_0.9_none,none,1,adaptive,8,0.015625,40,5,5,8,1.0,0.125,1.0,5,1.0,2.25,2.7044999999999995,0,0.6480000000000001,0.9,0.3
0.12716224747474747,1.6393948391403563,0.1212405336575713,2.726206745305378,1.0,29.083333333333332,4.510416263643166,0.08321712338345953,1639.394839140358,2004,0,walk,informed_alpha_model_0.9_none,none,1,adaptive,8,0.015625,38,6,6,6,1.0,0.15789473684210525,1.0,6,1.0,2.292,2.5959499999999998,0,0.6480000000000001,0.9,0.3
0.06897941468253968,1.6442211027258689,0.13721058913385356,2.9382839599763675,1.0,27.1875,4.444050358519461,0.06823117445131387,1644.2211027258707,2004,1,walk,informed_alpha_model_0.9_none,none,1,adaptive,8,0.015625,35,4,4,8,1.0,0.11428571428571428,1.0,4,1.0,2.375,2.89955,0,0.6480000000000001,0.9,0.3
0.020833333333333332,2.5990667218573087,0.17461013967965147,3.427139018146049,0.9375,21.3125,4.03179528257303,0.15377680634631816,2599.0667218573085,2004,2,walk,informed_alpha_model_0.9_none,none,1,adaptive,8,0.015625,37,4,4,7,1.0,0.10810810810810811,1.0,4,1.0,2.333,2.56865,0,0.6480000000000001,0.9,0.3
0.14865319865319865,1.6269519682383817,0.24891827950478337,2.563353915140329,1.0,19.5,3.692841323324263,0.15330478446319587,1626.9519682383818,2004,3,walk,informed_alpha_model_0.9_none,none,1,adaptive,8,0.015625,35,4,4,7,1.0,0.11428571428571428,1.0,4,1.0,2.25,2.53925,0,0.6480000000000001,0.9,0.3
0.08366402116402116,1.9253377541836896,0.11716345176133502,3.0253341918482146,1.0,33.125,4.707071566664468,0.0616929152651697,1925.3377541836899,2005,0,walk,informed_alpha_model_0.9_none,none,1,adaptive,8,0.015625,34,0,0,4,nan,0.0,nan,0,1.0,2.292,2.8021999999999996,0,0.6480000000000001,0.9,0.3
0.0036292989417989418,2.187122061163916,0.11488894196901374,3.0470566617783477,1.0,21.4375,4.258961761263983,0.11125964302721482,2187.1220611639164,2005,1,walk,informed_alpha_model_0.9_none,none,1,adaptive,8,0.015625,37,4,4,7,1.0,0.10810810810810811,1.0,4,1.0,2.3125,2.5273,0,0.6480000000000001,0.9,0.3
0.37568379517532063,2.0328847576075066,0.29192740752600194,1.9648097125898767,1.0,20.791666666666668,3.3598333535614855,0.1369863829529395,2032.8847576075068,2005,2,walk,informed_alpha_model_0.9_none,none,1,adaptive,8,0.015625,42,5,5,7,1.0,0.11904761904761904,1.0,5,1.0,2.291,2.6103,0,0.6480000000000001,0.9,0.3
0.14651712850865392,1.9899970488756613,0.12218934557895263,2.811793641185121,1.0,28.416666666666668,4.528766286124362,0.10157206336038511,1989.9970488756624,2005,3,walk,informed_alpha_model_0.9_none,none,1,adaptive,8,0.015625,38,1,1,4,1.0,0.02631578947368421,1.0,1,1.0,2.292,2.5129499999999996,0,0.6480000000000001,0.9,0.3
0.20904280904280906,2.0131899868029812,0.2024329948067842,2.759645665678741,0.9583333333333334,29.3125,4.090123269491332,0.13123494336068522,2013.1899868029823,2006,0,walk,informed_alpha_model_0.9_none,none,1,adaptive,8,0.015625,33,7,7,13,1.0,0.21212121212121213,1.0,7,1.0,2.292,2.5273,0,0.6480000000000001,0.9,0.3
0.10533854166666667,2.904090415609783,0.10380661106349665,3.6687054607084018,0.8958333333333334,30.520833333333332,4.681463806950403,0.13725780639087584,2904.0904156097827,2006,1,walk,informed_alpha_model_0.9_none,none,1,adaptive,8,0.015625,40,5,5,6,1.0,0.125,1.0,5,1.0,2.2705,2.58125,0,0.6480000000000001,0.9,0.3
0.18385416666666665,1.411706336283773,0.110145318558179,3.0102498809231104,0.9583333333333334,31.375,4.649614534994951,0.11837913461462696,1411.7063362837732,2006,2,walk,informed_alpha_model_0.9_none,none,1,adaptive,8,0.015625,35,4,4,5,1.0,0.11428571428571428,1.0,4,1.0,2.292,2.70625,0,0.6480000000000001,0.9,0.3
0.0011004618419872658,3.300742999661999,0.07145788999257187,3.7084765360802607,1.0,40.3125,5.152450806449541,0.07035742815058461,3300.742999661999,2006,3,walk,informed_alpha_model_0.9_none,none,1,adaptive,8,0.015625,35,4,4,5,1.0,0.11428571428571428,1.0,4,1.0,2.333,2.5693,0,0.6480000000000001,0.9,0.3
0.125,2.3169832472214074,0.12012205278951012,3.1623028524611385,0.9583333333333334,24.458333333333332,4.366032721678631,0.07937247473409519,2316.983247221409,2007,0,walk,informed_alpha_model_0.9_none,none,1,adaptive,8,0.015625,33,2,2,5,1.0,0.06060606060606061,1.0,2,1.0,2.292,2.5126,0,0.6480000000000001,0.9,0.3
0.0020776721014492752,1.9503311915521147,0.09096216642385103,3.420880468001793,0.9583333333333334,31.354166666666668,4.776186761826755,0.08888449432240175,1950.3311915521151,2007,1,walk,informed_alpha_model_0.9_none,none,1,adaptive,8,0.015625,36,5,5,5,1.0,0.1388888888888889,1.0,5,1.0,2.292,2.5,0,0.6480000000000001,0.9,0.3
0.06328125,1.7877273212546694,0.17984236560974368,3.0205722769978194,0.9166666666666666,24.229166666666668,4.036179126250244,0.13668617896237825,1787.7273212546725,2007,2,walk,informed_alpha_model_0.9_none,none,1,adaptive,8,0.015625,36,2,2,7,1.0,0.05555555555555555,1.0,2,1.0,2.292,2.5122999999999998,0,0.6480000000000001,0.9,0.3
0.2118410244922342,1.656675819143447,0.10713434127586492,2.825502699349651,1.0,29.833333333333332,4.645023789381891,0.10470668321636928,1656.6758191434474,2007,3,walk,informed_alpha_model_0.9_none,none,1,adaptive,8,0.015625,36,2,2,4,1.0,0.05555555555555555,1.0,2,1.0,2.25,2.6103,0,0.6480000000000001,0.9,0.3
0.28716104497354494,1.4564113854888543,0.21975570113918752,2.690974095967912,0.875,19.125,3.7420871797332995,0.15296372119270726,1456.4113854888546,2008,0,walk,informed_alpha_model_0.9_none,none,1,adaptive,8,0.015625,37,3,3,7,1.0,0.08108108108108109,1.0,3,1.0,2.292,2.9433000000000002,0,0.6480000000000001,0.9,0.3
0.0005208333333333333,3.221582460380498,0.09053548498165621,3.264267174473382,0.9791666666666666,35.9375,4.8973403926928,0.09001465164832288,3221.5824603804995,2008,1,walk,informed_alpha_model_0.9_none,none,1,adaptive,8,0.015625,42,4,4,5,1.0,0.09523809523809523,1.0,4,1.0,2.375,3.0357499999999993,0,0.6480000000000001,0.9,0.3
0.16666666666666666,2.054651054763166,0.33859287073942507,2.786462182670283,0.8958333333333334,15.583333333333334,3.0122369822816926,0.1863269276368629,2054.6510547631656,2008,2,walk,informed_alpha_model_0.9_none,none,1,adaptive,8,0.015625,38,4,4,8,1.0,0.10526315789473684,1.0,4,1.0,2.334,2.625,0,0.6480000000000001,0.9,0.3
0.5082465277777778,1.1303083261502334,0.1032754528260696,3.2186338202448432,0.9166666666666666,39.916666666666664,4.954269923848341,0.41430973301064494,1130.3083261502336,2008,3,walk,informed_alpha_model_0.9_none,none,1,adaptive,8,0.015625,39,1,1,2,1.0,0.02564102564102564,1.0,1,1.0,2.3125,2.583,0,0.6480000000000001,0.9,0.3
0.1046875,2.3981547664441085,0.11498689155176572,3.075518550989074,1.0,27.8125,4.444192874582785,0.05780503784158608,2398.154766444109,2009,0,walk,informed_alpha_model_0.9_none,none,1,adaptive,8,0.015625,38,2,2,7,1.0,0.05263157894736842,1.0,2,1.0,2.292,2.7205999999999997,0,0.6480000000000001,0.9,0.3
0.2717427248677249,1.4419166112008053,0.05912837509312833,3.2876245204534147,1.0,46.541666666666664,5.431653420414366,0.21261434977459656,1441.9166112008054,2009,1,walk,informed_alpha_model_0.9_none,none,1,adaptive,8,0.015625,42,2,2,3,1.0,0.047619047619047616,1.0,2,1.0,2.25,2.5119499999999997,0,0.6480000000000001,0.9,0.3
0.3550181878306879,1.5743377615444183,0.14148100546021208,2.6154659977668095,1.0,28.8125,4.371882876975867,0.2655070733907852,1574.3377615444188,2009,2,walk,informed_alpha_model_0.9_none,none,1,adaptive,8,0.015625,36,2,2,6,1.0,0.05555555555555555,1.0,2,1.0,2.3335,2.9955,0,0.6480000000000001,0.9,0.3
0.0019123626381044184,2.4399020235195468,0.07429817380110566,3.684491677182052,0.8541666666666666,35.0625,4.967061295279674,0.07238581116300125,2439.902023519547,2009,3,walk,informed_alpha_model_0.9_none,none,1,adaptive,8,0.015625,38,3,3,6,1.0,0.07894736842105263,1.0,3,1.0,2.292,2.70625,0,0.6480000000000001,0.9,0.3
0.043094428631667715,2.1276806408625535,0.05562631768169576,3.3629566550458523,1.0,39.166666666666664,5.192330028967391,0.018660951084044614,2127.680640862555,2000,0,walk,informed_alpha_model_0.9_random,random,0.5,adaptive,8,0.015625,34,2,2,4,1.0,0.058823529411764705,1.0,2,1.0,2.334,3.0210499999999993,0,0.6480000000000001,0.9,0.3
0.10524354360299355,2.3483378458946427,0.10891444132876192,3.4029660835415503,1.0,41.25,5.00635813228624,0.08473423695605649,2348.337845894643,2000,1,walk,informed_alpha_model_0.9_random,random,0.5,adaptive,8,0.015625,37,2,1,1,0.5,0.02702702702702703,0.5,1,1.0,2.2915,2.70625,0,0.6480000000000001,0.9,0.3
0.0005208333333333333,2.8977181836276906,0.1609627424658357,3.1508052712862624,0.875,21.208333333333332,4.028539361577593,0.16044190913250236,2897.718183627691,2000,2,walk,informed_alpha_model_0.9_random,random,0.5,adaptive,8,0.015625,36,2,2,6,1.0,0.05555555555555555,1.0,2,1.0,2.291,2.458,0,0.6480000000000001,0.9,0.3
0.001171875,3.4438352552101565,0.024961385752209284,4.180161832870612,1.0,58.5625,5.924556222352666,0.023789510752209284,3443.8352552101574,2000,3,walk,informed_alpha_model_0.9_random,random,0.5,adaptive,8,0.015625,33,1,0,0,0.0,0.0,0.0,0,nan,2.25,2.5683000000000002,0,0.6480000000000001,0.9,0.3
0.37533068783068785,0.9629198034789347,0.18221279611697797,2.3326928285108792,1.0,25.104166666666668,4.166438468315891,0.2470851718197593,962.9198034789347,2001,0,walk,informed_alpha_model_0.9_random,random,0.5,adaptive,8,0.015625,37,2,2,3,1.0,0.05405405405405406,1.0,2,1.0,2.2915,2.542,0,0.6480000000000001,0.9,0.3
0.00043402777777777775,3.4600969650792273,0.10180959785457715,3.6238914762525005,0.9583333333333334,35.9375,4.793039428048469,0.10137557007679936,3460.0969650792267,2001,1,walk,informed_alpha_model_0.9_random,random,0.5,adaptive,8,0.015625,36,6,2,5,0.3333333333333333,0.05555555555555555,0.6666666666666666,2,1.0,2.333,2.6919,0,0.6480000000000001,0.9,0.3
0.041666666666666664,3.52283565202034,0.050113729693700405,3.382337367840625,1.0,38.229166666666664,5.2089391988465135,0.008447063027033741,3522.8356520203397,2001,2,walk,informed_alpha_model_0.9_random,random,0.5,adaptive,8,0.015625,37,4,1,3,0.25,0.02702702702702703,1.0,1,1.0,2.292,2.5126,0,0.6480000000000001,0.9,0.3
0.024193218954248367,3.493246645724856,0.029805587950029733,4.62406369343029,0.6458333333333334,55.8125,5.861601141256919,0.005612368995781367,3493.2466457248543,2001,3,walk,informed_alpha_model_0.9_random,random,0.5,adaptive,8,0.015625,32,3,1,1,0.3333333333333333,0.03125,0.3333333333333333,1,1.0,2.375,2.9107499999999993,0,0.6480000000000001,0.9,0.3
0.0,5.078788146697224,0.040392133818054975,3.944656632185637,0.9375,51.3125,5.61302303510969,0.040392133818054975,5078.788146697222,2002,0,walk,informed_alpha_model_0.9_random,random,0.5,adaptive,8,0.015625,39,3,1,2,0.3333333333333333,0.02564102564102564,0.5,1,1.0,2.3125,2.65055,0,0.6480000000000001,0.9,0.3
0.021484375,2.3094628230442567,0.0987867641319153,3.158591323594226,0.9791666666666666,30.895833333333332,4.760114030342756,0.08949130327051881,2309.462823044257,2002,1,walk,informed_alpha_model_0.9_random,random,0.5,adaptive,8,0.015625,38,5,1,4,0.2,0.02631578947368421,0.25,1,1.0,2.25,2.56655,0,0.6480000000000001,0.9,0.3
0.1467013888888889,2.9476990203189897,0.13818251670950252,3.540613621025432,0.875,31.854166666666668,4.641803881271042,0.1799408122271202,2947.699020318992,2002,2,walk,informed_alpha_model_0.9_random,random,0.5,adaptive,8,0.015625,33,3,2,4,0.6666666666666666,0.06060606060606061,0.5,2,1.0,2.292,2.48565,0,0.6480000000000001,0.9,0.3
0.0012979497354497355,3.4686881876584827,0.06363958829668724,3.7194257430436255,0.9791666666666666,46.041666666666664,5.339055120814667,0.06234163856123751,3468.6881876584807,2002,3,walk,informed_alpha_model_0.9_random,random,0.5,adaptive,8,0.015625,39,6,3,3,0.5,0.07692307692307693,0.5,3,1.0,2.292,2.75,0,0.6480000000000001,0.9,0.3
0.0419973544973545,3.734936795963803,0.09922258426226753,4.09718195272749,0.7708333333333334,43.6875,5.137466397562601,0.06972522976491302,3734.936795963802,2003,0,walk,informed_alpha_model_0.9_random,random,0.5,adaptive,8,0.015625,35,6,3,5,0.5,0.08571428571428572,0.5,3,1.0,2.2915,2.5545999999999998,0,0.6480000000000001,0.9,0.3
0.22447916666666667,1.1107069369398976,0.1957392779018656,2.7480228171760053,1.0,24.083333333333332,4.11689395439193,0.10074657629915977,1110.706936939898,2003,1,walk,informed_alpha_model_0.9_random,random,0.5,adaptive,8,0.015625,35,4,2,4,0.5,0.05714285714285714,0.6666666666666666,2,1.0,2.3955,3.4982499999999996,0,0.6480000000000001,0.9,0.3
0.10542438799017746,2.0453504561012985,0.11422723104072809,3.1537380740920065,0.9791666666666666,37.979166666666664,4.895779410114816,0.043564445995758684,2045.3504561012999,2003,2,walk,informed_alpha_model_0.9_random,random,0.5,adaptive,8,0.015625,33,4,3,4,0.75,0.09090909090909091,1.0,3,1.0,2.375,2.8284999999999996,0,0.6480000000000001,0.9,0.3
0.04774305555555556,2.2708913170020772,0.14966317422915076,3.2533024123932086,0.9791666666666666,19.583333333333332,4.002752187540132,0.1019201186735952,2270.8913170020774,2003,3,walk,informed_alpha_model_0.9_random,random,0.5,adaptive,8,0.015625,40,5,3,5,0.6,0.075,0.75,3,1.0,2.291,2.7482499999999996,0,0.6480000000000001,0.9,0.3
0.02299558080808081,2.140112794626662,0.07282909229520182,3.3949942432079054,1.0,31.75,4.879595648641772,0.049833511487121,2140.112794626662,2004,0,walk,informed_alpha_model_0.9_random,random,0.5,adaptive,8,0.015625,38,6,3,4,0.5,0.07894736842105263,0.75,3,1.0,2.375,2.75,0,0.6480000000000001,0.9,0.3
0.14583333333333334,4.363119336190161,0.04834389843656697,4.226588662155435,0.8333333333333334,42.4375,5.341519861543007,0.09748943489676636,4363.119336190158,2004,1,walk,informed_alpha_model_0.9_random,random,0.5,adaptive,8,0.015625,35,4,2,3,0.5,0.05714285714285714,0.5,2,1.0,2.333,2.7874999999999996,0,0.6480000000000001,0.9,0.3
0.020833333333333332,2.8625440724735793,0.06730712656350664,3.1942270938345456,0.9791666666666666,35.125,4.991935265511523,0.04647379323017331,2862.5440724735804,2004,2,walk,informed_alpha_model_0.9_random,random,0.5,adaptive,8,0.015625,37,4,1,2,0.25,0.02702702702702703,0.5,1,1.0,2.292,2.5122999999999998,0,0.6480000000000001,0.9,0.3
0.12533068783068782,2.8370399464044413,0.19553720153332196,3.069421134467851,1.0,32.854166666666664,4.342062799600662,0.13246288089454014,2837.0399464044426,2004,3,walk,informed_alpha_model_0.9_random,random,0.5,adaptive,8,0.015625,35,4,3,4,0.75,0.08571428571428572,0.75,3,1.0,2.375,2.83125,0,0.6480000000000001,0.9,0.3
0.0009259259259259259,3.6177957438260093,0.04415081152536144,4.57532736881937,0.6458333333333334,40.354166666666664,5.350574043734418,0.04322488559943552,3617.795743826013,2005,0,walk,informed_alpha_model_0.9_random,random,0.5,adaptive,8,0.015625,34,0,0,1,nan,0.0,nan,0,1.0,2.292,2.5955999999999997,0,0.6480000000000001,0.9,0.3
0.0435598544973545,1.8390330707066112,0.06518956853947315,3.523006299118468,1.0,40.333333333333336,5.165161423006157,0.024842122561152247,1839.0330707066112,2005,1,walk,informed_alpha_model_0.9_random,random,0.5,adaptive,8,0.015625,37,4,2,3,0.5,0.05405405405405406,0.6666666666666666,2,1.0,2.25,2.667,0,0.6480000000000001,0.9,0.3
0.37568379517532063,2.076032003688037,0.22397062404793885,2.173320888389629,1.0,23.625,3.711878239983267,0.20994550256335018,2076.032003688038,2005,2,walk,informed_alpha_model_0.9_random,random,0.5,adaptive,8,0.015625,42,5,3,5,0.6,0.07142857142857142,0.6666666666666666,3,1.0,2.291,2.5955999999999997,0,0.6480000000000001,0.9,0.3
0.0006837951753205989,3.8185892755200235,0.027872566841397713,4.020576049901016,1.0,58.333333333333336,5.908995352619424,0.027188771666077114,3818.58927552002,2005,3,walk,informed_alpha_model_0.9_random,random,0.5,adaptive,8,0.015625,38,1,0,0,0.0,0.0,0.0,0,nan,2.2915,2.66425,0,0.6480000000000001,0.9,0.3
0.12570947570947572,2.8594783764084606,0.15516957024796948,3.2445971643191562,0.9791666666666666,37.75,4.6027946922434415,0.09573026966745735,2859.4783764084605,2006,0,walk,informed_alpha_model_0.9_random,random,0.5,adaptive,8,0.015625,33,7,4,7,0.5714285714285714,0.12121212121212122,0.5,4,1.0,2.25,2.56895,0,0.6480000000000001,0.9,0.3
0.041666666666666664,3.0093928420904184,0.07344935235519698,3.9334326188116258,0.9166666666666666,41.333333333333336,5.094268044223193,0.05291550928875802,3009.392842090417,2006,1,walk,informed_alpha_model_0.9_random,random,0.5,adaptive,8,0.015625,40,5,1,2,0.2,0.025,0.25,1,1.0,2.333,2.6649,0,0.6480000000000001,0.9,0.3
0.03802083333333333,3.106424730983605,0.03444126054623202,3.953667316607444,0.9166666666666666,51.729166666666664,5.681612417355275,0.003579572787101313,3106.424730983606,2006,2,walk,informed_alpha_model_0.9_random,random,0.5,adaptive,8,0.015625,35,4,2,2,0.5,0.05714285714285714,0.6666666666666666,2,1.0,2.292,2.58365,0,0.6480000000000001,0.9,0.3
0.0011004618419872658,3.391198975673438,0.05749567574829711,3.534829374724272,1.0,40.145833333333336,5.217293954783597,0.05639521390630984,3391.198975673439,2006,3,walk,informed_alpha_model_0.9_random,random,0.5,adaptive,8,0.015625,35,4,3,4,0.75,0.08571428571428572,1.0,3,1.0,2.292,2.6376,0,0.6480000000000001,0.9,0.3
0.10416666666666667,3.1382953183695075,0.05671317265394779,3.507498851142524,0.9791666666666666,38.729166666666664,5.191421435523727,0.0560808270205854,3138.2953183695095,2007,0,walk,informed_alpha_model_0.9_random,random,0.5,adaptive,8,0.015625,33,2,1,3,0.5,0.030303030303030304,0.5,1,1.0,2.333,2.6498999999999997,0,0.6480000000000001,0.9,0.3
0.0020776721014492752,1.955224880683373,0.08804479456016946,3.079849626649107,1.0,30.375,4.688998308428577,0.08596712245872018,1955.2248806833743,2007,1,walk,informed_alpha_model_0.9_random,random,0.5,adaptive,8,0.015625,36,5,2,3,0.4,0.05555555555555555,0.4,2,1.0,2.291,2.542,0,0.6480000000000001,0.9,0.3
0.0007812499999999999,2.9604954397624277,0.026468089169336222,3.936854478305157,0.9791666666666666,57.541666666666664,5.8988314996314415,0.025686839169336218,2960.495439762428,2007,2,walk,informed_alpha_model_0.9_random,random,0.5,adaptive,8,0.015625,36,2,0,0,0.0,0.0,0.0,0,nan,2.333,2.5273,0,0.6480000000000001,0.9,0.3
0.02434102449223417,2.123559801284274,0.05311875440911006,3.577141305945656,0.9583333333333334,34.8125,5.10856117235335,0.028777729916875893,2123.5598012842756,2007,3,walk,informed_alpha_model_0.9_random,random,0.5,adaptive,8,0.015625,36,2,2,4,1.0,0.05555555555555555,1.0,2,1.0,2.292,2.6523,0,0.6480000000000001,0.9,0.3
0.06320271164021164,3.2704797081786605,0.11653068474518363,3.5622805649156866,0.9166666666666666,28.770833333333332,4.607563240925321,0.06039541877735724,3270.4797081786605,2008,0,walk,informed_alpha_model_0.9_random,random,0.5,adaptive,8,0.015625,37,3,1,3,0.3333333333333333,0.02702702702702703,0.5,1,1.0,2.333,2.625,0,0.6480000000000001,0.9,0.3
0.0005208333333333333,4.049993396496976,0.05300196512123839,3.5179447182798307,1.0,38.395833333333336,5.231080536656706,0.05248113178790506,4049.9933964969755,2008,1,walk,informed_alpha_model_0.9_random,random,0.5,adaptive,8,0.015625,42,4,1,2,0.25,0.023809523809523808,0.3333333333333333,1,1.0,2.25,2.6666499999999997,0,0.6480000000000001,0.9,0.3
0.020833333333333332,2.472427725467223,0.14617408653229474,2.93758655552239,1.0,29.0625,4.431912153304668,0.1253407531989614,2472.427725467223,2008,2,walk,informed_alpha_model_0.9_random,random,0.5,adaptive,8,0.015625,38,4,2,2,0.5,0.05263157894736842,0.5,2,1.0,2.333,2.61065,0,0.6480000000000001,0.9,0.3
0.2747395833333333,1.8973001766233553,0.053087187751884014,3.43373331792739,1.0,38.229166666666664,5.247028647077484,0.22165239558144934,1897.3001766233547,2008,3,walk,informed_alpha_model_0.9_random,random,0.5,adaptive,8,0.015625,39,1,0,1,0.0,0.0,0.0,0,1.0,2.2705,2.5416499999999997,0,0.6480000000000001,0.9,0.3
0.08385416666666667,2.8776064621231896,0.03170716909306262,3.7911688268981756,1.0,57.125,5.860355288334385,0.052146997573604054,2877.6064621231894,2009,0,walk,informed_alpha_model_0.9_random,random,0.5,adaptive,8,0.015625,38,2,1,1,0.5,0.02631578947368421,0.5,1,1.0,2.3125,2.65055,0,0.6480000000000001,0.9,0.3
0.0009093915343915343,2.185327859494753,0.026707573881266156,3.8216657614298186,1.0,58.770833333333336,5.929866594647439,0.02579818234687462,2185.327859494754,2009,1,walk,informed_alpha_model_0.9_random,random,0.5,adaptive,8,0.015625,42,2,0,0,0.0,0.0,0.0,0,nan,2.25,2.6351999999999998,0,0.6480000000000001,0.9,0.3
0.04251818783068784,2.7763366754129812,0.043090807104467,3.7864448833322952,1.0,49.25,5.581935247270942,0.0005726192737791624,2776.3366754129797,2009,2,walk,informed_alpha_model_0.9_random,random,0.5,adaptive,8,0.015625,36,2,2,3,1.0,0.05555555555555555,1.0,2,1.0,2.334,2.5129499999999996,0,0.6480000000000001,0.9,0.3
0.0011939718335067173,2.8579638448840097,0.05874603798332071,3.782749999372695,0.9791666666666666,38.0,5.160526862114378,0.057552066149814,2857.963844884009,2009,3,walk,informed_alpha_model_0.9_random,random,0.5,adaptive,8,0.015625,38,3,1,2,0.3333333333333333,0.02631578947368421,0.3333333333333333,1,1.0,2.375,2.70625,0,0.6480000000000001,0.9,0.3
0.009671585648148148,2.3799651797389596,0.076936635954433,3.3599407419994307,0.8958333333333334,25.354166666666668,4.538621112223304,0.06726505030628484,2379.96517973896,2000,0,walk,informed_alpha_model_0.9_bsp,bsp,0.1,adaptive,8,0.015625,34,2,0,8,0.0,0.0,0.0,0,1.0,18.6045,20.764899999999997,0,0.6480000000000001,0.9,0.3
0.0244140625,2.5402335530792097,0.048534569217963876,3.787922651881359,0.8958333333333334,39.5625,5.222156436744944,0.02412050671796388,2540.2335530792084,2000,1,walk,informed_alpha_model_0.9_bsp,bsp,0.1,adaptive,8,0.015625,37,2,0,4,0.0,0.0,0.0,0,1.0,18.479,19.31415,0,0.6480000000000001,0.9,0.3
0.0005208333333333333,2.852930759951573,0.07652079984401189,3.267771060594312,1.0,28.541666666666668,4.747494396474505,0.07599996651067857,2852.9307599515723,2000,2,walk,informed_alpha_model_0.9_bsp,bsp,0.1,adaptive,8,0.015625,36,2,2,7,1.0,0.05555555555555555,1.0,2,1.0,18.5415,19.1919,0,0.6480000000000001,0.9,0.3
0.063671875,3.107287189085947,0.04702259722536137,3.7285003069171783,0.9166666666666666,39.6875,5.269555420129653,0.01664927777463863,3107.2871890859474,2000,3,walk,informed_alpha_model_0.9_bsp,bsp,0.1,adaptive,8,0.015625,33,1,1,6,1.0,0.030303030303030304,1.0,1,1.0,18.6045,20.3523,0,0.6480000000000001,0.9,0.3
0.0003255208333333333,2.4141891445058823,0.04326301364696067,3.619788373745264,0.9791666666666666,49.0625,5.4913204068878185,0.04293749281362733,2414.1891445058836,2001,0,walk,informed_alpha_model_0.9_bsp,bsp,0.1,adaptive,8,0.015625,37,2,0,4,0.0,0.0,0.0,0,1.0,18.6875,19.585849999999997,0,0.6480000000000001,0.9,0.3
0.276922123015873,0.9761047741827267,0.08091361125951134,2.641227740078874,1.0,24.145833333333332,4.527235044082787,0.19600851175636166,976.1047741827266,2001,1,walk,informed_alpha_model_0.9_bsp,bsp,0.1,adaptive,8,0.015625,36,6,6,12,1.0,0.16666666666666666,1.0,6,1.0,18.5,19.4955,0,0.6480000000000001,0.9,0.3
0.0,4.620596058855479,0.07756781468331826,3.087260993747505,1.0,23.354166666666668,4.500385031942828,0.07756781468331826,4620.596058855479,2001,2,walk,informed_alpha_model_0.9_bsp,bsp,0.1,adaptive,8,0.015625,37,4,3,9,0.75,0.08108108108108109,1.0,3,1.0,18.521,19.375,0,0.6480000000000001,0.9,0.3
0.15418836805555555,1.7241171972734932,0.09452575127952034,2.8723329007893335,1.0,25.708333333333332,4.499794892660609,0.06484961866289546,1724.1171972734935,2001,3,walk,informed_alpha_model_0.9_bsp,bsp,0.1,adaptive,8,0.015625,32,3,0,6,0.0,0.0,0.0,0,1.0,18.458,20.041449999999998,0,0.6480000000000001,0.9,0.3
0.13315282178059396,1.978444804221046,0.05966433334874427,3.1276712074925257,1.0,32.520833333333336,4.963477417082889,0.07841874397362648,1978.444804221046,2002,0,walk,informed_alpha_model_0.9_bsp,bsp,0.1,adaptive,8,0.015625,39,3,0,6,0.0,0.0,0.0,0,1.0,18.4585,19.569300000000002,0,0.6480000000000001,0.9,0.3
0.0006510416666666666,3.129897694776238,0.04000636502335649,3.7741003756117206,1.0,54.8125,5.667496824902923,0.03935532335668983,3129.897694776237,2002,1,walk,informed_alpha_model_0.9_bsp,bsp,0.1,adaptive,8,0.015625,38,5,2,2,0.4,0.05263157894736842,0.5,2,1.0,18.375,19.41075,0,0.6480000000000001,0.9,0.3
0.06336805555555557,2.672607779596459,0.10327065918696433,3.13571786778173,0.9583333333333334,19.5625,4.236299637893516,0.07193656299732076,2672.6077795964607,2002,2,walk,informed_alpha_model_0.9_bsp,bsp,0.1,adaptive,8,0.015625,33,3,2,12,0.6666666666666666,0.06060606060606061,1.0,2,1.0,18.3545,18.8999,0,0.6480000000000001,0.9,0.3
0.0455078125,1.751304293228397,0.0477702814961184,3.515694198717407,1.0,43.104166666666664,5.385322497355052,0.0022624689961183997,1751.3042932283988,2002,3,walk,informed_alpha_model_0.9_bsp,bsp,0.1,adaptive,8,0.015625,39,6,2,4,0.3333333333333333,0.05128205128205128,0.5,2,1.0,18.4585,19.375,0,0.6480000000000001,0.9,0.3
0.005561474116161616,4.181849720634069,0.07241098452671978,4.6856624544810925,0.6666666666666666,30.5625,4.7666959731778045,0.06684951041055816,4181.849720634068,2003,0,walk,informed_alpha_model_0.9_bsp,bsp,0.1,adaptive,8,0.015625,35,6,3,12,0.5,0.08571428571428572,0.5,3,1.0,18.458,20.1023,0,0.6480000000000001,0.9,0.3
0.016145833333333335,3.0292271225013443,0.08160414745505949,2.8535681800663952,1.0,23.520833333333332,4.489970981251461,0.06545831412172616,3029.2271225013424,2003,1,walk,informed_alpha_model_0.9_bsp,bsp,0.1,adaptive,8,0.015625,35,4,2,9,0.5,0.05714285714285714,0.6666666666666666,2,1.0,18.6045,20.327099999999998,0,0.6480000000000001,0.9,0.3
0.04717881944444444,3.2650509873940656,0.042344060150853575,3.5165780828749114,0.9166666666666666,47.395833333333336,5.456736460799186,0.004834759293590868,3265.0509873940664,2003,2,walk,informed_alpha_model_0.9_bsp,bsp,0.1,adaptive,8,0.015625,33,4,2,4,0.5,0.06060606060606061,0.6666666666666666,2,1.0,18.416,19.34145,0,0.6480000000000001,0.9,0.3
0.016927083333333332,2.121327814958422,0.06647578814815681,3.0466829510821483,1.0,28.3125,4.754955172454224,0.049548704814823485,2121.327814958421,2003,3,walk,informed_alpha_model_0.9_bsp,bsp,0.1,adaptive,8,0.015625,40,5,3,7,0.6,0.075,0.5,3,1.0,18.4375,19.079500000000003,0,0.6480000000000001,0.9,0.3
0.0033420138888888887,3.788248804061997,0.05827226467936916,3.856882666524424,1.0,36.020833333333336,5.06930379557645,0.05493025079048027,3788.248804061994,2004,0,walk,informed_alpha_model_0.9_bsp,bsp,0.1,adaptive,8,0.015625,38,6,4,7,0.6666666666666666,0.10526315789473684,0.75,4,1.0,18.436999999999998,19.2329,0,0.6480000000000001,0.9,0.3
0.04709201388888889,2.9182385458375855,0.07207965153498568,3.488574563965287,0.9375,26.4375,4.6871907688317345,0.024987637646096805,2918.238545837585,2004,1,walk,informed_alpha_model_0.9_bsp,bsp,0.1,adaptive,8,0.015625,35,4,3,11,0.75,0.08571428571428572,0.75,3,1.0,18.2915,19.27315,0,0.6480000000000001,0.9,0.3
0.0,5.11936772411275,0.06486129991905794,3.380878240150532,0.9791666666666666,30.3125,4.848369951047617,0.06486129991905794,5119.36772411275,2004,2,walk,informed_alpha_model_0.9_bsp,bsp,0.1,adaptive,8,0.015625,37,4,2,5,0.5,0.05405405405405406,1.0,2,1.0,18.292,18.8705,0,0.6480000000000001,0.9,0.3
0.06438802083333334,1.9930979992177147,0.06143349065785831,3.437069718502632,1.0,37.583333333333336,5.087317756363009,0.002954530175475025,1993.097999217717,2004,3,walk,informed_alpha_model_0.9_bsp,bsp,0.1,adaptive,8,0.015625,35,4,2,7,0.5,0.05714285714285714,0.5,2,1.0,18.5,20.0193,0,0.6480000000000001,0.9,0.3
0.0008463541666666667,3.341365752611926,0.0578997443738977,3.880726894123306,0.8125,32.604166666666664,4.951973324528467,0.05705339020723104,3341.365752611928,2005,0,walk,informed_alpha_model_0.9_bsp,bsp,0.1,adaptive,8,0.015625,34,0,0,5,nan,0.0,nan,0,1.0,18.3335,18.79165,0,0.6480000000000001,0.9,0.3
0.003624131944444444,2.0210053822869813,0.06913912926897468,3.043156294920717,1.0,30.020833333333332,4.843915189589919,0.06551499732453024,2021.0053822869825,2005,1,walk,informed_alpha_model_0.9_bsp,bsp,0.1,adaptive,8,0.015625,37,4,1,5,0.25,0.02702702702702703,0.3333333333333333,1,1.0,18.2705,18.625,0,0.6480000000000001,0.9,0.3
0.14713541666666666,4.530094919166827,0.05402178829316581,3.668801087044739,1.0,44.208333333333336,5.3602261688769595,0.09311362837350086,4530.094919166829,2005,2,walk,informed_alpha_model_0.9_bsp,bsp,0.1,adaptive,8,0.015625,42,5,0,2,0.0,0.0,0.0,0,1.0,18.4165,19.143649999999997,0,0.6480000000000001,0.9,0.3
0.2923177083333333,2.0282376376848275,0.07003109706200956,2.984745369670172,1.0,34.25,4.950184206376439,0.22228661127132376,2028.2376376848272,2005,3,walk,informed_alpha_model_0.9_bsp,bsp,0.1,adaptive,8,0.015625,38,1,0,3,0.0,0.0,0.0,0,1.0,18.375,19.17445,0,0.6480000000000001,0.9,0.3
0.043164062499999996,3.3824406843573507,0.058953493581888644,3.55111459557081,0.9791666666666666,36.0,5.069636066662843,0.03866734510632851,3382.4406843573493,2006,0,walk,informed_alpha_model_0.9_bsp,bsp,0.1,adaptive,8,0.015625,33,7,2,8,0.2857142857142857,0.06060606060606061,0.5,2,1.0,18.3125,19.024549999999998,0,0.6480000000000001,0.9,0.3
0.001171875,3.303394063653449,0.045971181225330095,3.7685987524941784,1.0,43.1875,5.375751195469706,0.0447993062253301,3303.394063653448,2006,1,walk,informed_alpha_model_0.9_bsp,bsp,0.1,adaptive,8,0.015625,40,5,3,6,0.6,0.075,0.75,3,1.0,18.5415,20.3421,0,0.6480000000000001,0.9,0.3
0.017187499999999998,1.860386149976389,0.0757361174014327,3.083053655366138,1.0,35.1875,4.9804618753860685,0.05854861740143272,1860.386149976389,2006,2,walk,informed_alpha_model_0.9_bsp,bsp,0.1,adaptive,8,0.015625,35,4,1,3,0.25,0.02857142857142857,0.3333333333333333,1,1.0,18.375,19.1499,0,0.6480000000000001,0.9,0.3
0.003472222222222222,3.5526326965692365,0.07519534188390636,3.7782113673639537,0.7916666666666666,28.020833333333332,4.62870315382596,0.07172311966168414,3552.632696569235,2006,3,walk,informed_alpha_model_0.9_bsp,bsp,0.1,adaptive,8,0.015625,35,4,2,8,0.5,0.05714285714285714,0.6666666666666666,2,1.0,18.3335,19.02105,0,0.6480000000000001,0.9,0.3
0.0,5.2284359702977445,0.06330027826689716,3.8281886099912903,0.9583333333333334,31.645833333333332,4.938677251666055,0.06330027826689716,5228.435970297741,2007,0,walk,informed_alpha_model_0.9_bsp,bsp,0.1,adaptive,8,0.015625,33,2,1,4,0.5,0.030303030303030304,0.5,1,1.0,18.291,18.95385,0,0.6480000000000001,0.9,0.3
0.0033420138888888887,2.323290647114581,0.07376144498966676,2.9897221618298198,1.0,33.208333333333336,4.874888029917405,0.07041943110077788,2323.290647114583,2007,1,walk,informed_alpha_model_0.9_bsp,bsp,0.1,adaptive,8,0.015625,36,5,2,6,0.4,0.05555555555555555,0.4,2,1.0,18.2085,19.123250000000002,0,0.6480000000000001,0.9,0.3
0.0013020833333333333,3.2068505767787427,0.0597312621873742,3.663257234536049,1.0,37.291666666666664,5.137983869169188,0.05842917885404086,3206.8505767787424,2007,2,walk,informed_alpha_model_0.9_bsp,bsp,0.1,adaptive,8,0.015625,36,2,2,4,1.0,0.05555555555555555,1.0,2,1.0,18.417,19.12115,0,0.6480000000000001,0.9,0.3
0.19098668981481481,1.5658869992510567,0.06351787423372217,3.029492302858007,1.0,29.25,4.849273336458962,0.12746881558109266,1565.886999251057,2007,3,walk,informed_alpha_model_0.9_bsp,bsp,0.1,adaptive,8,0.015625,36,2,2,4,1.0,0.05555555555555555,1.0,2,1.0,18.459,19.3148,0,0.6480000000000001,0.9,0.3
0.005859375,3.6429042125040443,0.06495684643298556,3.980553207097303,0.8333333333333334,33.1875,4.935274476869018,0.05909747143298557,3642.9042125040432,2008,0,walk,informed_alpha_model_0.9_bsp,bsp,0.1,adaptive,8,0.015625,37,3,0,6,0.0,0.0,0.0,0,1.0,18.3125,19.3558,0,0.6480000000000001,0.9,0.3
0.20885416666666667,2.90151076785018,0.06012423354475341,3.1305010256619785,1.0,31.875,4.935703438740421,0.14872993312191327,2901.5107678501795,2008,1,walk,informed_alpha_model_0.9_bsp,bsp,0.1,adaptive,8,0.015625,42,4,2,5,0.5,0.047619047619047616,0.6666666666666666,2,1.0,18.292,19.19155,0,0.6480000000000001,0.9,0.3
0.10416666666666667,3.6867848981879123,0.048607369303895503,3.8770717153174736,0.8541666666666666,44.875,5.305252806697863,0.05555929736277116,3686.7848981879124,2008,2,walk,informed_alpha_model_0.9_bsp,bsp,0.1,adaptive,8,0.015625,38,4,0,3,0.0,0.0,0.0,0,1.0,18.3335,19.08125,0,0.6480000000000001,0.9,0.3
0.07421875,3.2603031142079533,0.06494001833963148,3.0862316933400966,1.0,31.791666666666668,4.826953383305583,0.009278731660368522,3260.303114207951,2008,3,walk,informed_alpha_model_0.9_bsp,bsp,0.1,adaptive,8,0.015625,39,1,0,3,0.0,0.0,0.0,0,1.0,18.25,18.7899,0,0.6480000000000001,0.9,0.3
0.1046875,2.05978768906595,0.07506637552319184,3.0937298655832204,1.0,30.75,4.818227644580975,0.029621124476808165,2059.7876890659504,2009,0,walk,informed_alpha_model_0.9_bsp,bsp,0.1,adaptive,8,0.015625,38,2,2,7,1.0,0.05263157894736842,1.0,2,1.0,18.291,19.117,0,0.6480000000000001,0.9,0.3
0.0841796875,1.8874503284847057,0.03696748226987306,3.553751982450754,1.0,50.125,5.641639666858814,0.04721220523012695,1887.450328484706,2009,1,walk,informed_alpha_model_0.9_bsp,bsp,0.1,adaptive,8,0.015625,42,2,2,3,1.0,0.047619047619047616,1.0,2,1.0,18.333,19.6829,0,0.6480000000000001,0.9,0.3
0.0216796875,3.2854597388233038,0.06781222017687526,3.340948415761007,0.9583333333333334,32.520833333333336,4.887109338436856,0.04613253267687525,3285.4597388233046,2009,2,walk,informed_alpha_model_0.9_bsp,bsp,0.1,adaptive,8,0.015625,36,2,1,5,0.5,0.027777777777777776,1.0,1,1.0,18.375,19.58935,0,0.6480000000000001,0.9,0.3
0.0013485863095238093,3.313591847833217,0.05419194365161489,3.6804700022655403,0.9166666666666666,38.083333333333336,5.171499811643114,0.052843357342091085,3313.591847833215,2009,3,walk,informed_alpha_model_0.9_bsp,bsp,0.1,adaptive,8,0.015625,38,3,2,8,0.6666666666666666,0.05263157894736842,0.6666666666666666,2,1.0,18.2085,19.17895,0,0.6480000000000001,0.9,0.3
0.27226109529833437,1.3839618228068684,0.16565508566083115,2.5127635756611384,0.9791666666666666,22.645833333333332,4.042185056382038,0.130744531337828,1383.9618228068691,2000,0,walk,informed_move_model_0.05_none,none,1,adaptive,8,0.015625,34,2,2,8,1.0,0.058823529411764705,1.0,2,1.0,2.5205,3.1897999999999995,0,0.6480000000000001,0.6480000000000001,0.05
0.16774354360299357,1.8085080881369928,0.19601368380502024,2.8620778771117146,1.0,27.6875,4.157076034625365,0.11116584704727495,1808.5080881369934,2000,1,walk,informed_move_model_0.05_none,none,1,adaptive,8,0.015625,37,2,2,6,1.0,0.05405405405405406,1.0,2,1.0,2.417,2.7329,0,0.6480000000000001,0.6480000000000001,0.05
0.14635416666666667,2.668139749506084,0.1744452762278191,2.8516992350588377,0.9791666666666666,21.604166666666668,4.04282873634771,0.12572457618166516,2668.1397495060833,2000,2,walk,informed_move_model_0.05_none,none,1,adaptive,8,0.015625,36,2,2,5,1.0,0.05555555555555555,1.0,2,1.0,2.458,2.6523,0,0.6480000000000001,0.6480000000000001,0.05
0.001171875,2.505169678882522,0.0831615933851337,3.993096655995869,0.9375,37.9375,5.0028895979908965,0.08198971838513369,2505.1696788825225,2000,3,walk,informed_move_model_0.05_none,none,1,adaptive,8,0.015625,33,1,1,3,1.0,0.030303030303030304,1.0,1,1.0,2.416,2.67895,0,0.6480000000000001,0.6480000000000001,0.05
0.7294973544973544,0.5004185948048215,0.25914028542523565,1.9489543871153152,1.0,17.8125,3.571973682227745,0.49014873573878553,500.41859480482145,2001,0,walk,informed_move_model_0.05_none,none,1,adaptive,8,0.015625,37,2,2,5,1.0,0.05405405405405406,1.0,2,1.0,2.375,2.708,0,0.6480000000000001,0.6480000000000001,0.05
0.17275545634920633,1.1438735397411701,0.18534604012516978,2.4321098367972707,1.0,21.479166666666668,3.9896212822661634,0.1001416599552612,1143.8735397411697,2001,1,walk,informed_move_model_0.05_none,none,1,adaptive,8,0.015625,36,6,6,9,1.0,0.16666666666666666,1.0,6,1.0,2.375,2.8267499999999997,0,0.6480000000000001,0.6480000000000001,0.05
0.125,2.0191384663118814,0.20342188326702818,2.5622196697414656,1.0,23.25,3.957372059731199,0.09069603794396802,2019.1384663118818,2001,2,walk,informed_move_model_0.05_none,none,1,adaptive,8,0.015625,37,4,4,7,1.0,0.10810810810810811,1.0,4,1.0,2.4375,2.61065,0,0.6480000000000001,0.6480000000000001,0.05
0.18987304351565185,1.5900248810141795,0.20397514307223938,2.5431212766117732,0.9583333333333334,17.25,3.636040150152098,0.06672470619254624,1590.0248810141802,2001,3,walk,informed_move_model_0.05_none,none,1,adaptive,8,0.015625,32,3,3,9,1.0,0.09375,1.0,3,1.0,2.417,3.0602999999999994,0,0.6480000000000001,0.6480000000000001,0.05
0.2708333333333333,1.877213201333188,0.23632640037999805,2.6867841228774245,0.9375,23.625,3.8850188444545566,0.05742359962000201,1877.2132013331882,2002,0,walk,informed_move_model_0.05_none,none,1,adaptive,8,0.015625,39,3,3,7,1.0,0.07692307692307693,1.0,3,1.0,2.458,2.7874999999999996,0,0.6480000000000001,0.6480000000000001,0.05
0.042317708333333336,1.534187822552572,0.19710321341678874,2.514363887691911,0.9583333333333334,17.458333333333332,3.6455576586539746,0.15478550508345543,1534.1878225525725,2002,1,walk,informed_move_model_0.05_none,none,1,adaptive,8,0.015625,38,5,5,9,1.0,0.13157894736842105,1.0,5,1.0,2.4375,2.8579,0,0.6480000000000001,0.6480000000000001,0.05
0.2508680555555556,1.3213156385403722,0.25462893702746076,2.436028490623993,0.8958333333333334,12.979166666666666,3.290822268400517,0.1449660764268095,1321.3156385403724,2002,2,walk,informed_move_model_0.05_none,none,1,adaptive,8,0.015625,33,3,3,11,1.0,0.09090909090909091,1.0,3,1.0,2.3955,2.6379499999999996,0,0.6480000000000001,0.6480000000000001,0.05
0.14713128306878306,2.2777736253418617,0.11000755585766664,3.212795850079472,0.9791666666666666,31.354166666666668,4.64213650296379,0.06121366908311974,2277.773625341862,2002,3,walk,informed_move_model_0.05_none,none,1,adaptive,8,0.015625,39,6,6,8,1.0,0.15384615384615385,1.0,6,1.0,2.375,2.7626,0,0.6480000000000001,0.6480000000000001,0.05
0.1218584656084656,1.4159537559692408,0.2572808611669538,2.637983689129037,0.9583333333333334,16.8125,3.5005682040515733,0.16042239555848822,1415.9537559692415,2003,0,walk,informed_move_model_0.05_none,none,1,adaptive,8,0.015625,35,6,6,11,1.0,0.17142857142857143,1.0,6,1.0,2.416,2.7353,0,0.6480000000000001,0.6480000000000001,0.05
0.3911458333333333,1.1330208496870948,0.27699955697553874,2.2157370027702283,1.0,15.9375,3.393844958185032,0.11414627635779462,1133.0208496870953,2003,1,walk,informed_move_model_0.05_none,none,1,adaptive,8,0.015625,35,4,4,10,1.0,0.11428571428571428,1.0,4,1.0,2.416,2.7205999999999997,0,0.6480000000000001,0.6480000000000001,0.05
0.20959105465684413,2.089518626684775,0.15559929281751972,2.8735373401982716,0.9791666666666666,30.666666666666668,4.438292875497114,0.05399176183932442,2089.5186266847763,2003,2,walk,informed_move_model_0.05_none,none,1,adaptive,8,0.015625,33,4,4,6,1.0,0.12121212121212122,1.0,4,1.0,2.417,3.214349999999999,0,0.6480000000000001,0.6480000000000001,0.05
0.006076388888888889,2.2371712353708317,0.21245519010859085,3.0178239136622413,0.9791666666666666,15.375,3.5387086599397937,0.20637880121970195,2237.1712353708303,2003,3,walk,informed_move_model_0.05_none,none,1,adaptive,8,0.015625,40,5,5,8,1.0,0.125,1.0,5,1.0,2.417,2.8459499999999998,0,0.6480000000000001,0.6480000000000001,0.05
0.12716224747474747,1.6393948391403563,0.1212405336575713,2.726206745305378,1.0,29.083333333333332,4.510416263643166,0.08321712338345953,1639.394839140358,2004,0,walk,informed_move_model_0.05_none,none,1,adaptive,8,0.015625,38,6,6,6,1.0,0.15789473684210525,1.0,6,1.0,2.375,2.6103,0,0.6480000000000001,0.6480000000000001,0.05
0.06897941468253968,1.6442211027258689,0.13721058913385356,2.9382839599763675,1.0,27.1875,4.444050358519461,0.06823117445131387,1644.2211027258707,2004,1,walk,informed_move_model_0.05_none,none,1,adaptive,8,0.015625,35,4,4,8,1.0,0.11428571428571428,1.0,4,1.0,2.292,2.5545999999999998,0,0.6480000000000001,0.6480000000000001,0.05
0.020833333333333332,2.5990667218573087,0.17461013967965147,3.427139018146049,0.9375,21.3125,4.03179528257303,0.15377680634631816,2599.0667218573085,2004,2,walk,informed_move_model_0.05_none,none,1,adaptive,8,0.015625,37,4,4,7,1.0,0.10810810810810811,1.0,4,1.0,2.333,2.5693,0,0.6480000000000001,0.6480000000000001,0.05
0.14865319865319865,1.6269519682383817,0.24891827950478337,2.563353915140329,1.0,19.5,3.692841323324263,0.15330478446319587,1626.9519682383818,2004,3,walk,informed_move_model_0.05_none,none,1,adaptive,8,0.015625,35,4,4,7,1.0,0.11428571428571428,1.0,4,1.0,2.458,2.625,0,0.6480000000000001,0.6480000000000001,0.05
0.08366402116402116,1.9253377541836896,0.11716345176133502,3.0253341918482146,1.0,33.125,4.707071566664468,0.0616929152651697,1925.3377541836899,2005,0,walk,informed_move_model_0.05_none,none,1,adaptive,8,0.015625,34,0,0,4,nan,0.0,nan,0,1.0,2.4585,2.7748999999999997,0,0.6480000000000001,0.6480000000000001,0.05
0.0036292989417989418,2.187122061163916,0.11488894196901374,3.0470566617783477,1.0,21.4375,4.258961761263983,0.11125964302721482,2187.1220611639164,2005,1,walk,informed_move_model_0.05_none,none,1,adaptive,8,0.015625,37,4,4,7,1.0,0.10810810810810811,1.0,4,1.0,2.417,2.625,0,0.6480000000000001,0.6480000000000001,0.05
0.37568379517532063,2.0328847576075066,0.29192740752600194,1.9648097125898767,1.0,20.791666666666668,3.3598333535614855,0.1369863829529395,2032.8847576075068,2005,2,walk,informed_move_model_0.05_none,none,1,adaptive,8,0.015625,42,5,5,7,1.0,0.11904761904761904,1.0,5,1.0,2.4165,2.7748999999999997,0,0.6480000000000001,0.6480000000000001,0.05
0.14651712850865392,1.9899970488756613,0.12218934557895263,2.811793641185121,1.0,28.416666666666668,4.528766286124362,0.10157206336038511,1989.9970488756624,2005,3,walk,informed_move_model_0.05_none,none,1,adaptive,8,0.015625,38,1,1,4,1.0,0.02631578947368421,1.0,1,1.0,2.417,2.67895,0,0.6480000000000001,0.6480000000000001,0.05
0.20904280904280906,2.0131899868029812,0.2024329948067842,2.759645665678741,0.9583333333333334,29.3125,4.090123269491332,0.13123494336068522,2013.1899868029823,2006,0,walk,informed_move_model_0.05_none,none,1,adaptive,8,0.015625,33,7,7,13,1.0,0.21212121212121213,1.0,7,1.0,2.375,2.7994499999999993,0,0.6480000000000001,0.6480000000000001,0.05
0.10533854166666667,2.904090415609783,0.10380661106349665,3.6687054607084018,0.8958333333333334,30.520833333333332,4.681463806950403,0.13725780639087584,2904.0904156097827,2006,1,walk,informed_move_model_0.05_none,none,1,adaptive,8,0.015625,40,5,5,6,1.0,0.125,1.0,5,1.0,2.458,5.1352,0,0.6480000000000001,0.6480000000000001,0.05
0.18385416666666665,1.411706336283773,0.110145318558179,3.0102498809231104,0.9583333333333334,31.375,4.649614534994951,0.11837913461462696,1411.7063362837732,2006,2,walk,informed_move_model_0.05_none,none,1,adaptive,8,0.015625,35,4,4,5,1.0,0.11428571428571428,1.0,4,1.0,2.5205,3.893949999999999,0,0.6480000000000001,0.6480000000000001,0.05
0.0011004618419872658,3.300742999661999,0.07145788999257187,3.7084765360802607,1.0,40.3125,5.152450806449541,0.07035742815058461,3300.742999661999,2006,3,walk,informed_move_model_0.05_none,none,1,adaptive,8,0.015625,35,4,4,5,1.0,0.11428571428571428,1.0,4,1.0,2.334,2.708,0,0.6480000000000001,0.6480000000000001,0.05
0.125,2.3169832472214074,0.12012205278951012,3.1623028524611385,0.9583333333333334,24.458333333333332,4.366032721678631,0.07937247473409519,2316.983247221409,2007,0,walk,informed_move_model_0.05_none,none,1,adaptive,8,0.015625,33,2,2,5,1.0,0.06060606060606061,1.0,2,1.0,2.292,2.56865,0,0.6480000000000001,0.6480000000000001,0.05
0.0020776721014492752,1.9503311915521147,0.09096216642385103,3.420880468001793,0.9583333333333334,31.354166666666668,4.776186761826755,0.08888449432240175,1950.3311915521151,2007,1,walk,informed_move_model_0.05_none,none,1,adaptive,8,0.015625,36,5,5,5,1.0,0.1388888888888889,1.0,5,1.0,2.292,2.5416499999999997,0,0.6480000000000001,0.6480000000000001,0.05
0.06328125,1.7877273212546694,0.17984236560974368,3.0205722769978194,0.9166666666666666,24.229166666666668,4.036179126250244,0.13668617896237825,1787.7273212546725,2007,2,walk,informed_move_model_0.05_none,none,1,adaptive,8,0.015625,36,2,2,7,1.0,0.05555555555555555,1.0,2,1.0,2.292,2.58125,0,0.6480000000000001,0.6480000000000001,0.05
0.2118410244922342,1.656675819143447,0.10713434127586492,2.825502699349651,1.0,29.833333333333332,4.645023789381891,0.10470668321636928,1656.6758191434474,2007,3,walk,informed_move_model_0.05_none,none,1,adaptive,8,0.015625,36,2,2,4,1.0,0.05555555555555555,1.0,2,1.0,2.25,2.52665,0,0.6480000000000001,0.6480000000000001,0.05
0.28716104497354494,1.4564113854888543,0.21975570113918752,2.690974095967912,0.875,19.125,3.7420871797332995,0.15296372119270726,1456.4113854888546,2008,0,walk,informed_move_model_0.05_none,none,1,adaptive,8,0.015625,37,3,3,7,1.0,0.08108108108108109,1.0,3,1.0,2.333,2.7038499999999996,0,0.6480000000000001,0.6480000000000001,0.05
0.0005208333333333333,3.221582460380498,0.09053548498165621,3.264267174473382,0.9791666666666666,35.9375,4.8973403926928,0.09001465164832288,3221.5824603804995,2008,1,walk,informed_move_model_0.05_none,none,1,adaptive,8,0.015625,42,4,4,5,1.0,0.09523809523809523,1.0,4,1.0,2.292,2.6771999999999996,0,0.6480000000000001,0.6480000000000001,0.05
0.16666666666666666,2.054651054763166,0.33859287073942507,2.786462182670283,0.8958333333333334,15.583333333333334,3.0122369822816926,0.1863269276368629,2054.6510547631656,2008,2,walk,informed_move_model_0.05_none,none,1,adaptive,8,0.015625,38,4,4,8,1.0,0.10526315789473684,1.0,4,1.0,2.333,2.8732499999999996,0,0.6480000000000001,0.6480000000000001,0.05
0.5082465277777778,1.1303083261502334,0.1032754528260696,3.2186338202448432,0.9166666666666666,39.916666666666664,4.954269923848341,0.41430973301064494,1130.3083261502336,2008,3,walk,informed_move_model_0.05_none,none,1,adaptive,8,0.015625,39,1,1,2,1.0,0.02564102564102564,1.0,1,1.0,2.333,2.7601999999999998,0,0.6480000000000001,0.6480000000000001,0.05
0.1046875,2.3981547664441085,0.11498689155176572,3.075518550989074,1.0,27.8125,4.444192874582785,0.05780503784158608,2398.154766444109,2009,0,walk,informed_move_model_0.05_none,none,1,adaptive,8,0.015625,38,2,2,7,1.0,0.05263157894736842,1.0,2,1.0,2.334,3.0119499999999997,0,0.6480000000000001,0.6480000000000001,0.05
0.2717427248677249,1.4419166112008053,0.05912837509312833,3.2876245204534147,1.0,46.541666666666664,5.431653420414366,0.21261434977459656,1441.9166112008054,2009,1,walk,informed_move_model_0.05_none,none,1,adaptive,8,0.015625,42,2,2,3,1.0,0.047619047619047616,1.0,2,1.0,2.4165,3.1103,0,0.6480000000000001,0.6480000000000001,0.05
0.3550181878306879,1.5743377615444183,0.14148100546021208,2.6154659977668095,1.0,28.8125,4.371882876975867,0.2655070733907852,1574.3377615444188,2009,2,walk,informed_move_model_0.05_none,none,1,adaptive,8,0.015625,36,2,2,6,1.0,0.05555555555555555,1.0,2,1.0,2.3545,2.9982499999999996,0,0.6480000000000001,0.6480000000000001,0.05
0.0019123626381044184,2.4399020235195468,0.07429817380110566,3.684491677182052,0.8541666666666666,35.0625,4.967061295279674,0.07238581116300125,2439.902023519547,2009,3,walk,informed_move_model_0.05_none,none,1,adaptive,8,0.015625,38,3,3,6,1.0,0.07894736842105263,1.0,3,1.0,2.334,3.0959499999999998,0,0.6480000000000001,0.6480000000000001,0.05
0.043094428631667715,2.1276806408625535,0.05562631768169576,3.3629566550458523,1.0,39.166666666666664,5.192330028967391,0.018660951084044614,2127.680640862555,2000,0,walk,informed_move_model_0.05_random,random,0.5,adaptive,8,0.015625,34,2,2,4,1.0,0.058823529411764705,1.0,2,1.0,2.458,3.3435499999999996,0,0.6480000000000001,0.6480000000000001,0.05
0.10524354360299355,2.3483378458946427,0.10891444132876192,3.4029660835415503,1.0,41.25,5.00635813228624,0.08473423695605649,2348.337845894643,2000,1,walk,informed_move_model_0.05_random,random,0.5,adaptive,8,0.015625,37,2,1,1,0.5,0.02702702702702703,0.5,1,1.0,2.5,3.3732499999999996,0,0.6480000000000001,0.6480000000000001,0.05
0.0005208333333333333,2.8977181836276906,0.1609627424658357,3.1508052712862624,0.875,21.208333333333332,4.028539361577593,0.16044190913250236,2897.718183627691,2000,2,walk,informed_move_model_0.05_random,random,0.5,adaptive,8,0.015625,36,2,2,6,1.0,0.05555555555555555,1.0,2,1.0,2.292,2.708,0,0.6480000000000001,0.6480000000000001,0.05
0.001171875,3.4438352552101565,0.024961385752209284,4.180161832870612,1.0,58.5625,5.924556222352666,0.023789510752209284,3443.8352552101574,2000,3,walk,informed_move_model_0.05_random,random,0.5,adaptive,8,0.015625,33,1,0,0,0.0,0.0,0.0,0,nan,2.2705,2.5416499999999997,0,0.6480000000000001,0.6480000000000001,0.05
0.37533068783068785,0.9629198034789347,0.18221279611697797,2.3326928285108792,1.0,25.104166666666668,4.166438468315891,0.2470851718197593,962.9198034789347,2001,0,walk,informed_move_model_0.05_random,random,0.5,adaptive,8,0.015625,37,2,2,3,1.0,0.05405405405405406,1.0,2,1.0,2.291,2.542,0,0.6480000000000001,0.6480000000000001,0.05
0.00043402777777777775,3.4600969650792273,0.10180959785457715,3.6238914762525005,0.9583333333333334,35.9375,4.793039428048469,0.10137557007679936,3460.0969650792267,2001,1,walk,informed_move_model_0.05_random,random,0.5,adaptive,8,0.015625,36,6,2,5,0.3333333333333333,0.05555555555555555,0.6666666666666666,2,1.0,2.292,2.56865,0,0.6480000000000001,0.6480000000000001,0.05
0.041666666666666664,3.52283565202034,0.050113729693700405,3.382337367840625,1.0,38.229166666666664,5.2089391988465135,0.008447063027033741,3522.8356520203397,2001,2,walk,informed_move_model_0.05_random,random,0.5,adaptive,8,0.015625,37,4,1,3,0.25,0.02702702702702703,1.0,1,1.0,2.25,2.53925,0,0.6480000000000001,0.6480000000000001,0.05
0.024193218954248367,3.493246645724856,0.029805587950029733,4.62406369343029,0.6458333333333334,55.8125,5.861601141256919,0.005612368995781367,3493.2466457248543,2001,3,walk,informed_move_model_0.05_random,random,0.5,adaptive,8,0.015625,32,3,1,1,0.3333333333333333,0.03125,0.3333333333333333,1,1.0,2.333,2.7472499999999997,0,0.6480000000000001,0.6480000000000001,0.05
0.0,5.078788146697224,0.040392133818054975,3.944656632185637,0.9375,51.3125,5.61302303510969,0.040392133818054975,5078.788146697222,2002,0,walk,informed_move_model_0.05_random,random,0.5,adaptive,8,0.015625,39,3,1,2,0.3333333333333333,0.02564102564102564,0.5,1,1.0,2.292,2.6523,0,0.6480000000000001,0.6480000000000001,0.05
0.021484375,2.3094628230442567,0.0987867641319153,3.158591323594226,0.9791666666666666,30.895833333333332,4.760114030342756,0.08949130327051881,2309.462823044257,2002,1,walk,informed_move_model_0.05_random,random,0.5,adaptive,8,0.015625,38,5,1,4,0.2,0.02631578947368421,0.25,1,1.0,2.25,2.56865,0,0.6480000000000001,0.6480000000000001,0.05
0.1467013888888889,2.9476990203189897,0.13818251670950252,3.540613621025432,0.875,31.854166666666668,4.641803881271042,0.1799408122271202,2947.699020318992,2002,2,walk,informed_move_model_0.05_random,random,0.5,adaptive,8,0.015625,33,3,2,4,0.6666666666666666,0.06060606060606061,0.5,2,1.0,2.2705,2.5396,0,0.6480000000000001,0.6480000000000001,0.05
0.0012979497354497355,3.4686881876584827,0.06363958829668724,3.7194257430436255,0.9791666666666666,46.041666666666664,5.339055120814667,0.06234163856123751,3468.6881876584807,2002,3,walk,informed_move_model_0.05_random,random,0.5,adaptive,8,0.015625,39,6,3,3,0.5,0.07692307692307693,0.5,3,1.0,2.208,2.52665,0,0.6480000000000001,0.6480000000000001,0.05
0.0419973544973545,3.734936795963803,0.09922258426226753,4.09718195272749,0.7708333333333334,43.6875,5.137466397562601,0.06972522976491302,3734.936795963802,2003,0,walk,informed_move_model_0.05_random,random,0.5,adaptive,8,0.015625,35,6,3,5,0.5,0.08571428571428572,0.5,3,1.0,2.3125,2.8455999999999997,0,0.6480000000000001,0.6480000000000001,0.05
0.22447916666666667,1.1107069369398976,0.1957392779018656,2.7480228171760053,1.0,24.083333333333332,4.11689395439193,0.10074657629915977,1110.706936939898,2003,1,walk,informed_move_model_0.05_random,random,0.5,adaptive,8,0.015625,35,4,2,4,0.5,0.05714285714285714,0.6666666666666666,2,1.0,2.375,2.8045999999999998,0,0.6480000000000001,0.6480000000000001,0.05
0.10542438799017746,2.0453504561012985,0.11422723104072809,3.1537380740920065,0.9791666666666666,37.979166666666664,4.895779410114816,0.043564445995758684,2045.3504561012999,2003,2,walk,informed_move_model_0.05_random,random,0.5,adaptive,8,0.015625,33,4,3,4,0.75,0.09090909090909091,1.0,3,1.0,2.333,2.69365,0,0.6480000000000001,0.6480000000000001,0.05
0.04774305555555556,2.2708913170020772,0.14966317422915076,3.2533024123932086,0.9791666666666666,19.583333333333332,4.002752187540132,0.1019201186735952,2270.8913170020774,2003,3,walk,informed_move_model_0.05_random,random,0.5,adaptive,8,0.015625,40,5,3,5,0.6,0.075,0.75,3,1.0,2.292,2.7318,0,0.6480000000000001,0.6480000000000001,0.05
0.02299558080808081,2.140112794626662,0.07282909229520182,3.3949942432079054,1.0,31.75,4.879595648641772,0.049833511487121,2140.112794626662,2004,0,walk,informed_move_model_0.05_random,random,0.5,adaptive,8,0.015625,38,6,3,4,0.5,0.07894736842105263,0.75,3,1.0,2.292,2.583,0,0.6480000000000001,0.6480000000000001,0.05
0.14583333333333334,4.363119336190161,0.04834389843656697,4.226588662155435,0.8333333333333334,42.4375,5.341519861543007,0.09748943489676636,4363.119336190158,2004,1,walk,informed_move_model_0.05_random,random,0.5,adaptive,8,0.015625,35,4,2,3,0.5,0.05714285714285714,0.5,2,1.0,2.25,2.56865,0,0.6480000000000001,0.6480000000000001,0.05
0.020833333333333332,2.8625440724735793,0.06730712656350664,3.1942270938345456,0.9791666666666666,35.125,4.991935265511523,0.04647379323017331,2862.5440724735804,2004,2,walk,informed_move_model_0.05_random,random,0.5,adaptive,8,0.015625,37,4,1,2,0.25,0.02702702702702703,0.5,1,1.0,2.3125,2.44365,0,0.6480000000000001,0.6480000000000001,0.05
0.12533068783068782,2.8370399464044413,0.19553720153332196,3.069421134467851,1.0,32.854166666666664,4.342062799600662,0.13246288089454014,2837.0399464044426,2004,3,walk,informed_move_model_0.05_random,random,0.5,adaptive,8,0.015625,35,4,3,4,0.75,0.08571428571428572,0.75,3,1.0,2.292,2.625,0,0.6480000000000001,0.6480000000000001,0.05
0.0009259259259259259,3.6177957438260093,0.04415081152536144,4.57532736881937,0.6458333333333334,40.354166666666664,5.350574043734418,0.04322488559943552,3617.795743826013,2005,0,walk,informed_move_model_0.05_random,random,0.5,adaptive,8,0.015625,34,0,0,1,nan,0.0,nan,0,1.0,2.333,2.6523,0,0.6480000000000001,0.6480000000000001,0.05
0.0435598544973545,1.8390330707066112,0.06518956853947315,3.523006299118468,1.0,40.333333333333336,5.165161423006157,0.024842122561152247,1839.0330707066112,2005,1,walk,informed_move_model_0.05_random,random,0.5,adaptive,8,0.015625,37,4,2,3,0.5,0.05405405405405406,0.6666666666666666,2,1.0,2.292,2.48565,0,0.6480000000000001,0.6480000000000001,0.05
0.37568379517532063,2.076032003688037,0.22397062404793885,2.173320888389629,1.0,23.625,3.711878239983267,0.20994550256335018,2076.032003688038,2005,2,walk,informed_move_model_0.05_random,random,0.5,adaptive,8,0.015625,42,5,3,5,0.6,0.07142857142857142,0.6666666666666666,3,1.0,2.291,2.48565,0,0.6480000000000001,0.6480000000000001,0.05
0.0006837951753205989,3.8185892755200235,0.027872566841397713,4.020576049901016,1.0,58.333333333333336,5.908995352619424,0.027188771666077114,3818.58927552002,2005,3,walk,informed_move_model_0.05_random,random,0.5,adaptive,8,0.015625,38,1,0,0,0.0,0.0,0.0,0,nan,2.2705,2.625,0,0.6480000000000001,0.6480000000000001,0.05
0.12570947570947572,2.8594783764084606,0.15516957024796948,3.2445971643191562,0.9791666666666666,37.75,4.6027946922434415,0.09573026966745735,2859.4783764084605,2006,0,walk,informed_move_model_0.05_random,random,0.5,adaptive,8,0.015625,33,7,4,7,0.5714285714285714,0.12121212121212122,0.5,4,1.0,2.292,2.542,0,0.6480000000000001,0.6480000000000001,0.05
0.041666666666666664,3.0093928420904184,0.07344935235519698,3.9334326188116258,0.9166666666666666,41.333333333333336,5.094268044223193,0.05291550928875802,3009.392842090417,2006,1,walk,informed_move_model_0.05_random,random,0.5,adaptive,8,0.015625,40,5,1,2,0.2,0.025,0.25,1,1.0,2.292,2.58365,0,0.6480000000000001,0.6480000000000001,0.05
0.03802083333333333,3.106424730983605,0.03444126054623202,3.953667316607444,0.9166666666666666,51.729166666666664,5.681612417355275,0.003579572787101313,3106.424730983606,2006,2,walk,informed_move_model_0.05_random,random,0.5,adaptive,8,0.015625,35,4,2,2,0.5,0.05714285714285714,0.6666666666666666,2,1.0,2.25,2.56865,0,0.6480000000000001,0.6480000000000001,0.05
0.0011004618419872658,3.391198975673438,0.05749567574829711,3.534829374724272,1.0,40.145833333333336,5.217293954783597,0.05639521390630984,3391.198975673439,2006,3,walk,informed_move_model_0.05_random,random,0.5,adaptive,8,0.015625,35,4,3,4,0.75,0.08571428571428572,1.0,3,1.0,2.2915,2.5129499999999996,0,0.6480000000000001,0.6480000000000001,0.05
0.10416666666666667,3.1382953183695075,0.05671317265394779,3.507498851142524,0.9791666666666666,38.729166666666664,5.191421435523727,0.0560808270205854,3138.2953183695095,2007,0,walk,informed_move_model_0.05_random,random,0.5,adaptive,8,0.015625,33,2,1,3,0.5,0.030303030303030304,0.5,1,1.0,2.25,2.4982499999999996,0,0.6480000000000001,0.6480000000000001,0.05
0.0020776721014492752,1.955224880683373,0.08804479456016946,3.079849626649107,1.0,30.375,4.688998308428577,0.08596712245872018,1955.2248806833743,2007,1,walk,informed_move_model_0.05_random,random,0.5,adaptive,8,0.015625,36,5,2,3,0.4,0.05555555555555555,0.4,2,1.0,2.25,2.458,0,0.6480000000000001,0.6480000000000001,0.05
0.0007812499999999999,2.9604954397624277,0.026468089169336222,3.936854478305157,0.9791666666666666,57.541666666666664,5.8988314996314415,0.025686839169336218,2960.495439762428,2007,2,walk,informed_move_model_0.05_random,random,0.5,adaptive,8,0.015625,36,2,0,0,0.0,0.0,0.0,0,nan,2.25,2.583,0,0.6480000000000001,0.6480000000000001,0.05
0.02434102449223417,2.123559801284274,0.05311875440911006,3.577141305945656,0.9583333333333334,34.8125,5.10856117235335,0.028777729916875893,2123.5598012842756,2007,3,walk,informed_move_model_0.05_random,random,0.5,adaptive,8,0.015625,36,2,2,4,1.0,0.05555555555555555,1.0,2,1.0,2.292,2.7482499999999996,0,0.6480000000000001,0.6480000000000001,0.05
0.06320271164021164,3.2704797081786605,0.11653068474518363,3.5622805649156866,0.9166666666666666,28.770833333333332,4.607563240925321,0.06039541877735724,3270.4797081786605,2008,0,walk,informed_move_model_0.05_random,random,0.5,adaptive,8,0.015625,37,3,1,3,0.3333333333333333,0.02702702702702703,0.5,1,1.0,2.25,2.5669,0,0.6480000000000001,0.6480000000000001,0.05
0.0005208333333333333,4.049993396496976,0.05300196512123839,3.5179447182798307,1.0,38.395833333333336,5.231080536656706,0.05248113178790506,4049.9933964969755,2008,1,walk,informed_move_model_0.05_random,random,0.5,adaptive,8,0.015625,42,4,1,2,0.25,0.023809523809523808,0.3333333333333333,1,1.0,2.25,2.5,0,0.6480000000000001,0.6480000000000001,0.05
0.020833333333333332,2.472427725467223,0.14617408653229474,2.93758655552239,1.0,29.0625,4.431912153304668,0.1253407531989614,2472.427725467223,2008,2,walk,informed_move_model_0.05_random,random,0.5,adaptive,8,0.015625,38,4,2,2,0.5,0.05263157894736842,0.5,2,1.0,2.292,2.5,0,0.6480000000000001,0.6480000000000001,0.05
0.2747395833333333,1.8973001766233553,0.053087187751884014,3.43373331792739,1.0,38.229166666666664,5.247028647077484,0.22165239558144934,1897.3001766233547,2008,3,walk,informed_move_model_0.05_random,random,0.5,adaptive,8,0.015625,39,1,0,1,0.0,0.0,0.0,0,1.0,2.25,2.45865,0,0.6480000000000001,0.6480000000000001,0.05
0.08385416666666667,2.8776064621231896,0.03170716909306262,3.7911688268981756,1.0,57.125,5.860355288334385,0.052146997573604054,2877.6064621231894,2009,0,walk,informed_move_model_0.05_random,random,0.5,adaptive,8,0.015625,38,2,1,1,0.5,0.02631578947368421,0.5,1,1.0,2.292,2.5693,0,0.6480000000000001,0.6480000000000001,0.05
0.0009093915343915343,2.185327859494753,0.026707573881266156,3.8216657614298186,1.0,58.770833333333336,5.929866594647439,0.02579818234687462,2185.327859494754,2009,1,walk,informed_move_model_0.05_random,random,0.5,adaptive,8,0.015625,42,2,0,0,0.0,0.0,0.0,0,nan,2.2705,2.5273,0,0.6480000000000001,0.6480000000000001,0.05
0.04251818783068784,2.7763366754129812,0.043090807104467,3.7864448833322952,1.0,49.25,5.581935247270942,0.0005726192737791624,2776.3366754129797,2009,2,walk,informed_move_model_0.05_random,random,0.5,adaptive,8,0.015625,36,2,2,3,1.0,0.05555555555555555,1.0,2,1.0,2.2915,2.6085499999999997,0,0.6480000000000001,0.6480000000000001,0.05
0.0011939718335067173,2.8579638448840097,0.05874603798332071,3.782749999372695,0.9791666666666666,38.0,5.160526862114378,0.057552066149814,2857.963844884009,2009,3,walk,informed_move_model_0.05_random,random,0.5,adaptive,8,0.015625,38,3,1,2,0.3333333333333333,0.02631578947368421,0.3333333333333333,1,1.0,2.25,2.5669,0,0.6480000000000001,0.6480000000000001,0.05
0.009671585648148148,2.3574534976520964,0.0729860671793462,3.183135635897047,1.0,32.833333333333336,4.933774446203478,0.06331448153119806,2357.453497652096,2000,0,walk,informed_move_model_0.05_bsp,bsp,0.1,adaptive,8,0.015625,34,2,0,9,0.0,0.0,0.0,0,1.0,18.292,21.108449999999998,0,0.6480000000000001,0.6480000000000001,0.05
0.0035807291666666665,2.9198085868616155,0.060278061410607896,3.4774592985613446,1.0,39.208333333333336,5.154543629558521,0.056697332243941224,2919.808586861615,2000,1,walk,informed_move_model_0.05_bsp,bsp,0.1,adaptive,8,0.015625,37,2,0,6,0.0,0.0,0.0,0,1.0,18.0625,19.077399999999997,0,0.6480000000000001,0.6480000000000001,0.05
0.042187499999999996,3.298272218403079,0.060548312815199117,3.384381700480491,1.0,28.875,4.8494982425618,0.018360812815199117,3298.2722184030767,2000,2,walk,informed_move_model_0.05_bsp,bsp,0.1,adaptive,8,0.015625,36,2,1,8,0.5,0.027777777777777776,0.5,1,1.0,18.0415,18.720950000000002,0,0.6480000000000001,0.6480000000000001,0.05
0.001171875,3.6278838904115083,0.054080899416144766,3.733148286995226,0.875,39.625,5.263479409772914,0.05290902441614476,3627.8838904115078,2000,3,walk,informed_move_model_0.05_bsp,bsp,0.1,adaptive,8,0.015625,33,1,1,5,1.0,0.030303030303030304,1.0,1,1.0,17.9585,18.4296,0,0.6480000000000001,0.6480000000000001,0.05
0.0003255208333333333,4.8310968132270276,0.039991299991694394,4.224343735085166,0.9791666666666666,52.833333333333336,5.679189080709559,0.03966577915836106,4831.096813227025,2001,0,walk,informed_move_model_0.05_bsp,bsp,0.1,adaptive,8,0.015625,37,2,0,0,0.0,0.0,0.0,0,nan,17.917,18.3603,0,0.6480000000000001,0.6480000000000001,0.05
0.04775545634920635,1.4723934078311995,0.07660830031213735,2.819489976223123,1.0,24.9375,4.5793227394503315,0.028852843962931012,1472.3934078311995,2001,1,walk,informed_move_model_0.05_bsp,bsp,0.1,adaptive,8,0.015625,36,6,5,12,0.8333333333333334,0.1388888888888889,1.0,5,1.0,17.8545,18.67335,0,0.6480000000000001,0.6480000000000001,0.05
0.0,4.637672311199251,0.07864619806594199,3.773250832472024,1.0,28.333333333333332,4.751951273630062,0.07864619806594199,4637.6723111992505,2001,2,walk,informed_move_model_0.05_bsp,bsp,0.1,adaptive,8,0.015625,37,4,3,10,0.75,0.08108108108108109,1.0,3,1.0,18.0,18.510849999999998,0,0.6480000000000001,0.6480000000000001,0.05
0.05002170138888889,2.1649979818603344,0.08961538287973998,2.8797343915274873,1.0,21.958333333333332,4.350907908362433,0.03959368149085112,2164.9979818603347,2001,3,walk,informed_move_model_0.05_bsp,bsp,0.1,adaptive,8,0.015625,32,3,0,10,0.0,0.0,0.0,0,1.0,18.104,19.73925,0,0.6480000000000001,0.6480000000000001,0.05
0.04981948844726062,2.6117436716724662,0.05551406261423436,3.4063361753378634,1.0,39.4375,5.206043429368446,0.005694574166973739,2611.7436716724665,2002,0,walk,informed_move_model_0.05_bsp,bsp,0.1,adaptive,8,0.015625,39,3,0,3,0.0,0.0,0.0,0,1.0,18.0205,18.84145,0,0.6480000000000001,0.6480000000000001,0.05
0.0006510416666666666,2.7376951354612995,0.06830034796098498,3.642215040768509,1.0,39.166666666666664,5.027761941213403,0.06764930629431831,2737.695135461298,2002,1,walk,informed_move_model_0.05_bsp,bsp,0.1,adaptive,8,0.015625,38,5,2,6,0.4,0.05263157894736842,0.5,2,1.0,18.0205,18.9374,0,0.6480000000000001,0.6480000000000001,0.05
0.3758680555555556,1.1083445680559612,0.08646178887962408,2.7523120190498696,0.9583333333333334,28.291666666666668,4.6695687255643215,0.28940626667593156,1108.3445680559614,2002,2,walk,informed_move_model_0.05_bsp,bsp,0.1,adaptive,8,0.015625,33,3,2,7,0.6666666666666666,0.06060606060606061,1.0,2,1.0,17.875,18.5273,0,0.6480000000000001,0.6480000000000001,0.05
0.024674479166666666,1.9340798606780982,0.05406273604912857,3.391225464615735,1.0,45.125,5.413414462551555,0.029388256882461907,1934.0798606780984,2002,3,walk,informed_move_model_0.05_bsp,bsp,0.1,adaptive,8,0.015625,39,6,2,4,0.3333333333333333,0.05128205128205128,0.5,2,1.0,17.9165,18.93915,0,0.6480000000000001,0.6480000000000001,0.05
0.08889480744949496,2.3691819526458633,0.07258923365386043,3.4806643436972906,1.0,38.666666666666664,5.067107062425825,0.0634433976535425,2369.1819526458626,2003,0,walk,informed_move_model_0.05_bsp,bsp,0.1,adaptive,8,0.015625,35,6,3,4,0.5,0.08571428571428572,0.5,3,1.0,17.958,18.8748,0,0.6480000000000001,0.6480000000000001,0.05
0.016145833333333335,3.0292271225013443,0.07548824333208172,3.3518120025788605,1.0,30.875,4.8839779213706995,0.059342409998748395,3029.2271225013424,2003,1,walk,informed_move_model_0.05_bsp,bsp,0.1,adaptive,8,0.015625,35,4,2,9,0.5,0.05714285714285714,0.6666666666666666,2,1.0,18.0205,20.2522,0,0.6480000000000001,0.6480000000000001,0.05
0.002907986111111111,3.7431331113879085,0.04108858018783077,4.737675189144334,0.6458333333333334,48.0625,5.5647058629007065,0.038180594076719664,3743.133111387908,2003,2,walk,informed_move_model_0.05_bsp,bsp,0.1,adaptive,8,0.015625,33,4,1,5,0.25,0.030303030303030304,0.3333333333333333,1,1.0,18.0,18.78925,0,0.6480000000000001,0.6480000000000001,0.05
0.016927083333333332,2.3688143337120517,0.06824046376853783,3.050219529805617,1.0,25.229166666666668,4.582824580038008,0.051313380435204496,2368.814333712051,2003,3,walk,informed_move_model_0.05_bsp,bsp,0.1,adaptive,8,0.015625,40,5,3,9,0.6,0.075,0.5,3,1.0,17.8335,18.73925,0,0.6480000000000001,0.6480000000000001,0.05
0.0033420138888888887,1.994040669640991,0.06752214489785283,3.2293033432967686,1.0,37.0,5.094656081363797,0.06418013100896393,1994.040669640989,2004,0,walk,informed_move_model_0.05_bsp,bsp,0.1,adaptive,8,0.015625,38,6,5,6,0.8333333333333334,0.13157894736842105,1.0,5,1.0,18.021,18.78575,0,0.6480000000000001,0.6480000000000001,0.05
0.04709201388888889,2.941320850640896,0.07474207716802052,3.3987513743916105,1.0,27.395833333333332,4.679106973092819,0.027650063279131647,2941.320850640898,2004,1,walk,informed_move_model_0.05_bsp,bsp,0.1,adaptive,8,0.015625,35,4,3,11,0.75,0.08571428571428572,0.75,3,1.0,17.875,18.6748,0,0.6480000000000001,0.6480000000000001,0.05
0.0625,4.3036282570001765,0.05772307271533381,3.7192914516425852,0.8541666666666666,29.9375,4.862004267102341,0.004776927284666184,4303.628257000177,2004,2,walk,informed_move_model_0.05_bsp,bsp,0.1,adaptive,8,0.015625,37,4,2,8,0.5,0.05405405405405406,1.0,2,1.0,17.833,18.872600000000002,0,0.6480000000000001,0.6480000000000001,0.05
0.06438802083333334,1.6184194239694838,0.0654827312428166,3.159944053726672,1.0,34.083333333333336,4.928434294763226,0.02538339636374158,1618.4194239694843,2004,3,walk,informed_move_model_0.05_bsp,bsp,0.1,adaptive,8,0.015625,35,4,2,8,0.5,0.05714285714285714,0.5,2,1.0,17.958,18.7626,0,0.6480000000000001,0.6480000000000001,0.05
0.0008463541666666667,3.095476823375682,0.05088603215222499,3.4603735329492475,0.9583333333333334,36.229166666666664,5.136435798828377,0.05003967798555833,3095.476823375682,2005,0,walk,informed_move_model_0.05_bsp,bsp,0.1,adaptive,8,0.015625,34,0,0,5,nan,0.0,nan,0,1.0,17.917,18.4419,0,0.6480000000000001,0.6480000000000001,0.05
0.003624131944444444,3.2012142691102063,0.06483505191870644,3.5648036362783024,0.8958333333333334,24.416666666666668,4.603374025099241,0.061210919974262,3201.214269110204,2005,1,walk,informed_move_model_0.05_bsp,bsp,0.1,adaptive,8,0.015625,37,4,2,8,0.5,0.05405405405405406,0.6666666666666666,2,1.0,17.8955,18.568649999999998,0,0.6480000000000001,0.6480000000000001,0.05
0.0013020833333333333,6.502571719023268,0.056212222503236146,3.7587861232301307,1.0,53.104166666666664,5.607921160554301,0.05491013916990281,6502.571719023268,2005,2,walk,informed_move_model_0.05_bsp,bsp,0.1,adaptive,8,0.015625,42,5,0,0,0.0,0.0,0.0,0,nan,17.958,18.74375,0,0.6480000000000001,0.6480000000000001,0.05
0.021484375,2.8617372346294925,0.06050225134890399,3.5615568939964,0.9583333333333334,34.416666666666664,5.021264141206856,0.03901787634890399,2861.737234629493,2005,3,walk,informed_move_model_0.05_bsp,bsp,0.1,adaptive,8,0.015625,38,1,0,5,0.0,0.0,0.0,0,1.0,17.9375,18.704500000000003,0,0.6480000000000001,0.6480000000000001,0.05
0.0014973958333333332,3.6010911617885983,0.050680054429467325,3.9806311294275116,1.0,48.770833333333336,5.533863528901795,0.04918265859613399,3601.091161788598,2006,0,walk,informed_move_model_0.05_bsp,bsp,0.1,adaptive,8,0.015625,33,7,3,6,0.42857142857142855,0.09090909090909091,0.75,3,1.0,17.8545,18.4296,0,0.6480000000000001,0.6480000000000001,0.05
0.10533854166666667,4.662291613120282,0.051709513081869884,4.0992259590901865,0.8333333333333334,44.958333333333336,5.391636921700594,0.05785897503454563,4662.291613120283,2006,1,walk,informed_move_model_0.05_bsp,bsp,0.1,adaptive,8,0.015625,40,5,4,4,0.8,0.1,1.0,4,1.0,18.1455,19.36075,0,0.6480000000000001,0.6480000000000001,0.05
0.017187499999999998,1.7426719512290372,0.06964267348569785,3.0165900967380423,1.0,26.520833333333332,4.645637470005626,0.052455173485697844,1742.6719512290372,2006,2,walk,informed_move_model_0.05_bsp,bsp,0.1,adaptive,8,0.015625,35,4,1,6,0.25,0.02857142857142857,0.3333333333333333,1,1.0,17.958,18.497600000000002,0,0.6480000000000001,0.6480000000000001,0.05
0.003472222222222222,5.1876514924047035,0.06615339817683283,4.654690011111264,0.625,34.291666666666664,4.931884789604603,0.0626811759546106,5187.651492404703,2006,3,walk,informed_move_model_0.05_bsp,bsp,0.1,adaptive,8,0.015625,35,4,1,4,0.25,0.02857142857142857,0.3333333333333333,1,1.0,17.875,19.30615,0,0.6480000000000001,0.6480000000000001,0.05
0.0,5.500620617990933,0.0716369884567477,4.375235760319058,0.875,36.229166666666664,5.045857032428503,0.0716369884567477,5500.62061799093,2007,0,walk,informed_move_model_0.05_bsp,bsp,0.1,adaptive,8,0.015625,33,2,1,6,0.5,0.030303030303030304,0.5,1,1.0,17.8955,18.45625,0,0.6480000000000001,0.6480000000000001,0.05
0.12834201388888888,2.0905495455467933,0.06819647667479557,2.981107409933495,1.0,30.0,4.787776856740381,0.06014553721409332,2090.5495455467953,2007,1,walk,informed_move_model_0.05_bsp,bsp,0.1,adaptive,8,0.015625,36,5,2,5,0.4,0.05555555555555555,0.4,2,1.0,17.875,18.77105,0,0.6480000000000001,0.6480000000000001,0.05
0.0013020833333333333,5.6029002177965195,0.07268809228776839,4.459729657552063,0.7291666666666666,28.729166666666668,4.665453865569977,0.07138600895443507,5602.900217796512,2007,2,walk,informed_move_model_0.05_bsp,bsp,0.1,adaptive,8,0.015625,36,2,2,9,1.0,0.05555555555555555,1.0,2,1.0,17.792,19.096049999999998,0,0.6480000000000001,0.6480000000000001,0.05
0.0034866898148148144,2.4871941466027025,0.06443081553762041,3.4645654356077364,0.9375,28.604166666666668,4.822819317421522,0.06094412572280559,2487.1941466027024,2007,3,walk,informed_move_model_0.05_bsp,bsp,0.1,adaptive,8,0.015625,36,2,1,8,0.5,0.027777777777777776,1.0,1,1.0,18.125,19.459,0,0.6480000000000001,0.6480000000000001,0.05
0.005859375,3.296775338992122,0.04998147290768174,3.811882346895688,0.9583333333333334,40.270833333333336,5.2803294561470695,0.04412209790768174,3296.775338992122,2008,0,walk,informed_move_model_0.05_bsp,bsp,0.1,adaptive,8,0.015625,37,3,0,4,0.0,0.0,0.0,0,1.0,17.9795,18.829500000000003,0,0.6480000000000001,0.6480000000000001,0.05
0.0005208333333333333,5.083747634923768,0.05339335316382066,3.9725363328553933,1.0,39.729166666666664,5.275866944004448,0.05287251983048733,5083.747634923767,2008,1,walk,informed_move_model_0.05_bsp,bsp,0.1,adaptive,8,0.015625,42,4,0,3,0.0,0.0,0.0,0,1.0,17.9375,18.635849999999998,0,0.6480000000000001,0.6480000000000001,0.05
0.0,5.3335332143842065,0.0480024951076666,4.397360295328068,0.7291666666666666,42.0625,5.3301105191559595,0.0480024951076666,5333.533214384205,2008,2,walk,informed_move_model_0.05_bsp,bsp,0.1,adaptive,8,0.015625,38,4,0,4,0.0,0.0,0.0,0,1.0,17.8955,18.8646,0,0.6480000000000001,0.6480000000000001,0.05
0.09244791666666667,3.2376975675910913,0.05906588256756629,3.0214616060191957,1.0,31.854166666666668,4.8577576710015045,0.03338203409910037,3237.697567591092,2008,3,walk,informed_move_model_0.05_bsp,bsp,0.1,adaptive,8,0.015625,39,1,0,0,0.0,0.0,0.0,0,nan,17.8955,18.595950000000002,0,0.6480000000000001,0.6480000000000001,0.05
0.12552083333333333,2.025790005255104,0.0581138446990247,3.295975266365881,1.0,36.479166666666664,5.097977769829099,0.07159911902273998,2025.7900052551047,2009,0,walk,informed_move_model_0.05_bsp,bsp,0.1,adaptive,8,0.015625,38,2,2,7,1.0,0.05263157894736842,1.0,2,1.0,17.875,18.583,0,0.6480000000000001,0.6480000000000001,0.05
0.0008463541666666667,2.4554984553005608,0.0319335838423185,3.7499953301796585,1.0,50.979166666666664,5.715448037125417,0.031087229675651838,2455.49845530056,2009,1,walk,informed_move_model_0.05_bsp,bsp,0.1,adaptive,8,0.015625,42,2,2,3,1.0,0.047619047619047616,1.0,2,1.0,18.021,19.2308,0,0.6480000000000001,0.6480000000000001,0.05
0.06334635416666666,2.1260320631157423,0.058590198957738225,3.1342680979477993,1.0,41.916666666666664,5.257251142022192,0.004756155208928442,2126.032063115743,2009,2,walk,informed_move_model_0.05_bsp,bsp,0.1,adaptive,8,0.015625,36,2,2,10,1.0,0.05555555555555555,1.0,2,1.0,17.875,19.068649999999998,0,0.6480000000000001,0.6480000000000001,0.05
0.019577752976190476,3.206688832124115,0.04651820825341834,3.57886419382659,0.9583333333333334,35.583333333333336,5.079311498488651,0.026940455277227864,3206.6888321241163,2009,3,walk,informed_move_model_0.05_bsp,bsp,0.1,adaptive,8,0.015625,38,3,3,7,1.0,0.07894736842105263,1.0,3,1.0,17.875,18.85855,0,0.6480000000000001,0.6480000000000001,0.05
0.27226109529833437,1.3839618228068684,0.16565508566083115,2.5127635756611384,0.9791666666666666,22.645833333333332,4.042185056382038,0.130744531337828,1383.9618228068691,2000,0,walk,informed_move_model_0.8_none,none,1,adaptive,8,0.015625,34,2,2,8,1.0,0.058823529411764705,1.0,2,1.0,2.333,3.1226,0,0.6480000000000001,0.6480000000000001,0.8
0.16774354360299357,1.8085080881369928,0.19601368380502024,2.8620778771117146,1.0,27.6875,4.157076034625365,0.11116584704727495,1808.5080881369934,2000,1,walk,informed_move_model_0.8_none,none,1,adaptive,8,0.015625,37,2,2,6,1.0,0.05405405405405406,1.0,2,1.0,2.333,2.65055,0,0.6480000000000001,0.6480000000000001,0.8
0.14635416666666667,2.668139749506084,0.1744452762278191,2.8516992350588377,0.9791666666666666,21.604166666666668,4.04282873634771,0.12572457618166516,2668.1397495060833,2000,2,walk,informed_move_model_0.8_none,none,1,adaptive,8,0.015625,36,2,2,5,1.0,0.05555555555555555,1.0,2,1.0,2.291,2.5273,0,0.6480000000000001,0.6480000000000001,0.8
0.001171875,2.505169678882522,0.0831615933851337,3.993096655995869,0.9375,37.9375,5.0028895979908965,0.08198971838513369,2505.1696788825225,2000,3,walk,informed_move_model_0.8_none,none,1,adaptive,8,0.015625,33,1,1,3,1.0,0.030303030303030304,1.0,1,1.0,2.333,2.5,0,0.6480000000000001,0.6480000000000001,0.8
0.7294973544973544,0.5004185948048215,0.25914028542523565,1.9489543871153152,1.0,17.8125,3.571973682227745,0.49014873573878553,500.41859480482145,2001,0,walk,informed_move_model_0.8_none,none,1,adaptive,8,0.015625,37,2,2,5,1.0,0.05405405405405406,1.0,2,1.0,2.4795,3.5914499999999996,0,0.6480000000000001,0.6480000000000001,0.8
0.17275545634920633,1.1438735397411701,0.18534604012516978,2.4321098367972707,1.0,21.479166666666668,3.9896212822661634,0.1001416599552612,1143.8735397411697,2001,1,walk,informed_move_model_0.8_none,none,1,adaptive,8,0.015625,36,6,6,9,1.0,0.16666666666666666,1.0,6,1.0,2.416,2.9972499999999997,0,0.6480000000000001,0.6480000000000001,0.8
0.125,2.0191384663118814,0.20342188326702818,2.5622196697414656,1.0,23.25,3.957372059731199,0.09069603794396802,2019.1384663118818,2001,2,walk,informed_move_model_0.8_none,none,1,adaptive,8,0.015625,37,4,4,7,1.0,0.10810810810810811,1.0,4,1.0,2.334,2.70865,0,0.6480000000000001,0.6480000000000001,0.8
0.18987304351565185,1.5900248810141795,0.20397514307223938,2.5431212766117732,0.9583333333333334,17.25,3.636040150152098,0.06672470619254624,1590.0248810141802,2001,3,walk,informed_move_model_0.8_none,none,1,adaptive,8,0.015625,32,3,3,9,1.0,0.09375,1.0,3,1.0,2.375,3.0920999999999994,0,0.6480000000000001,0.6480000000000001,0.8
0.2708333333333333,1.877213201333188,0.23632640037999805,2.6867841228774245,0.9375,23.625,3.8850188444545566,0.05742359962000201,1877.2132013331882,2002,0,walk,informed_move_model_0.8_none,none,1,adaptive,8,0.015625,39,3,3,7,1.0,0.07692307692307693,1.0,3,1.0,2.333,2.667,0,0.6480000000000001,0.6480000000000001,0.8
0.042317708333333336,1.534187822552572,0.19710321341678874,2.514363887691911,0.9583333333333334,17.458333333333332,3.6455576586539746,0.15478550508345543,1534.1878225525725,2002,1,walk,informed_move_model_0.8_none,none,1,adaptive,8,0.015625,38,5,5,9,1.0,0.13157894736842105,1.0,5,1.0,2.333,2.8876,0,0.6480000000000001,0.6480000000000001,0.8
0.2508680555555556,1.3213156385403722,0.25462893702746076,2.436028490623993,0.8958333333333334,12.979166666666666,3.290822268400517,0.1449660764268095,1321.3156385403724,2002,2,walk,informed_move_model_0.8_none,none,1,adaptive,8,0.015625,33,3,3,11,1.0,0.09090909090909091,1.0,3,1.0,2.334,2.6085499999999997,0,0.6480000000000001,0.6480000000000001,0.8
0.14713128306878306,2.2777736253418617,0.11000755585766664,3.212795850079472,0.9791666666666666,31.354166666666668,4.64213650296379,0.06121366908311974,2277.773625341862,2002,3,walk,informed_move_model_0.8_none,none,1,adaptive,8,0.015625,39,6,6,8,1.0,0.15384615384615385,1.0,6,1.0,2.333,2.6369499999999997,0,0.6480000000000001,0.6480000000000001,0.8
0.1218584656084656,1.4159537559692408,0.2572808611669538,2.637983689129037,0.9583333333333334,16.8125,3.5005682040515733,0.16042239555848822,1415.9537559692415,2003,0,walk,informed_move_model_0.8_none,none,1,adaptive,8,0.015625,35,6,6,11,1.0,0.17142857142857143,1.0,6,1.0,2.333,2.6933000000000002,0,0.6480000000000001,0.6480000000000001,0.8
0.3911458333333333,1.1330208496870948,0.27699955697553874,2.2157370027702283,1.0,15.9375,3.393844958185032,0.11414627635779462,1133.0208496870953,2003,1,walk,informed_move_model_0.8_none,none,1,adaptive,8,0.015625,35,4,4,10,1.0,0.11428571428571428,1.0,4,1.0,2.333,2.5955999999999997,0,0.6480000000000001,0.6480000000000001,0.8
0.20959105465684413,2.089518626684775,0.15559929281751972,2.8735373401982716,0.9791666666666666,30.666666666666668,4.438292875497114,0.05399176183932442,2089.5186266847763,2003,2,walk,informed_move_model_0.8_none,none,1,adaptive,8,0.015625,33,4,4,6,1.0,0.12121212121212122,1.0,4,1.0,2.333,3.1187499999999995,0,0.6480000000000001,0.6480000000000001,0.8
0.006076388888888889,2.2371712353708317,0.21245519010859085,3.0178239136622413,0.9791666666666666,15.375,3.5387086599397937,0.20637880121970195,2237.1712353708303,2003,3,walk,informed_move_model_0.8_none,none,1,adaptive,8,0.015625,40,5,5,8,1.0,0.125,1.0,5,1.0,2.3125,2.70625,0,0.6480000000000001,0.6480000000000001,0.8
0.12716224747474747,1.6393948391403563,0.1212405336575713,2.726206745305378,1.0,29.083333333333332,4.510416263643166,0.08321712338345953,1639.394839140358,2004,0,walk,informed_move_model_0.8_none,none,1,adaptive,8,0.015625,38,6,6,6,1.0,0.15789473684210525,1.0,6,1.0,2.333,2.5396,0,0.6480000000000001,0.6480000000000001,0.8
0.06897941468253968,1.6442211027258689,0.13721058913385356,2.9382839599763675,1.0,27.1875,4.444050358519461,0.06823117445131387,1644.2211027258707,2004,1,walk,informed_move_model_0.8_none,none,1,adaptive,8,0.015625,35,4,4,8,1.0,0.11428571428571428,1.0,4,1.0,2.292,2.55395,0,0.6480000000000001,0.6480000000000001,0.8
0.020833333333333332,2.5990667218573087,0.17461013967965147,3.427139018146049,0.9375,21.3125,4.03179528257303,0.15377680634631816,2599.0667218573085,2004,2,walk,informed_move_model_0.8_none,none,1,adaptive,8,0.015625,37,4,4,7,1.0,0.10810810810810811,1.0,4,1.0,2.291,2.6103,0,0.6480000000000001,0.6480000000000001,0.8
0.14865319865319865,1.6269519682383817,0.24891827950478337,2.563353915140329,1.0,19.5,3.692841323324263,0.15330478446319587,1626.9519682383818,2004,3,walk,informed_move_model_0.8_none,none,1,adaptive,8,0.015625,35,4,4,7,1.0,0.11428571428571428,1.0,4,1.0,2.291,2.52665,0,0.6480000000000001,0.6480000000000001,0.8
0.08366402116402116,1.9253377541836896,0.11716345176133502,3.0253341918482146,1.0,33.125,4.707071566664468,0.0616929152651697,1925.3377541836899,2005,0,walk,informed_move_model_0.8_none,none,1,adaptive,8,0.015625,34,0,0,4,nan,0.0,nan,0,1.0,2.292,2.64815,0,0.6480000000000001,0.6480000000000001,0.8
0.0036292989417989418,2.187122061163916,0.11488894196901374,3.0470566617783477,1.0,21.4375,4.258961761263983,0.11125964302721482,2187.1220611639164,2005,1,walk,informed_move_model_0.8_none,none,1,adaptive,8,0.015625,37,4,4,7,1.0,0.10810810810810811,1.0,4,1.0,2.333,2.5,0,0.6480000000000001,0.6480000000000001,0.8
0.37568379517532063,2.0328847576075066,0.29192740752600194,1.9648097125898767,1.0,20.791666666666668,3.3598333535614855,0.1369863829529395,2032.8847576075068,2005,2,walk,informed_move_model_0.8_none,none,1,adaptive,8,0.015625,42,5,5,7,1.0,0.11904761904761904,1.0,5,1.0,2.333,2.583,0,0.6480000000000001,0.6480000000000001,0.8
0.14651712850865392,1.9899970488756613,0.12218934557895263,2.811793641185121,1.0,28.416666666666668,4.528766286124362,0.10157206336038511,1989.9970488756624,2005,3,walk,informed_move_model_0.8_none,none,1,adaptive,8,0.015625,38,1,1,4,1.0,0.02631578947368421,1.0,1,1.0,2.2915,2.58125,0,0.6480000000000001,0.6480000000000001,0.8
0.20904280904280906,2.0131899868029812,0.2024329948067842,2.759645665678741,0.9583333333333334,29.3125,4.090123269491332,0.13123494336068522,2013.1899868029823,2006,0,walk,informed_move_model_0.8_none,none,1,adaptive,8,0.015625,33,7,7,13,1.0,0.21212121212121213,1.0,7,1.0,2.291,2.625,0,0.6480000000000001,0.6480000000000001,0.8
0.10533854166666667,2.904090415609783,0.10380661106349665,3.6687054607084018,0.8958333333333334,30.520833333333332,4.681463806950403,0.13725780639087584,2904.0904156097827,2006,1,walk,informed_move_model_0.8_none,none,1,adaptive,8,0.015625,40,5,5,6,1.0,0.125,1.0,5,1.0,2.25,2.4705999999999997,0,0.6480000000000001,0.6480000000000001,0.8
0.18385416666666665,1.411706336283773,0.110145318558179,3.0102498809231104,0.9583333333333334,31.375,4.649614534994951,0.11837913461462696,1411.7063362837732,2006,2,walk,informed_move_model_0.8_none,none,1,adaptive,8,0.015625,35,4,4,5,1.0,0.11428571428571428,1.0,4,1.0,2.292,2.6232499999999996,0,0.6480000000000001,0.6480000000000001,0.8
0.0011004618419872658,3.300742999661999,0.07145788999257187,3.7084765360802607,1.0,40.3125,5.152450806449541,0.07035742815058461,3300.742999661999,2006,3,walk,informed_move_model_0.8_none,none,1,adaptive,8,0.015625,35,4,4,5,1.0,0.11428571428571428,1.0,4,1.0,2.292,2.58125,0,0.6480000000000001,0.6480000000000001,0.8
0.125,2.3169832472214074,0.12012205278951012,3.1623028524611385,0.9583333333333334,24.458333333333332,4.366032721678631,0.07937247473409519,2316.983247221409,2007,0,walk,informed_move_model_0.8_none,none,1,adaptive,8,0.015625,33,2,2,5,1.0,0.06060606060606061,1.0,2,1.0,2.292,2.5,0,0.6480000000000001,0.6480000000000001,0.8
0.0020776721014492752,1.9503311915521147,0.09096216642385103,3.420880468001793,0.9583333333333334,31.354166666666668,4.776186761826755,0.08888449432240175,1950.3311915521151,2007,1,walk,informed_move_model_0.8_none,none,1,adaptive,8,0.015625,36,5,5,5,1.0,0.1388888888888889,1.0,5,1.0,2.25,2.5,0,0.6480000000000001,0.6480000000000001,0.8
0.06328125,1.7877273212546694,0.17984236560974368,3.0205722769978194,0.9166666666666666,24.229166666666668,4.036179126250244,0.13668617896237825,1787.7273212546725,2007,2,walk,informed_move_model_0.8_none,none,1,adaptive,8,0.015625,36,2,2,7,1.0,0.05555555555555555,1.0,2,1.0,2.25,2.5942,0,0.6480000000000001,0.6480000000000001,0.8
0.2118410244922342,1.656675819143447,0.10713434127586492,2.825502699349651,1.0,29.833333333333332,4.645023789381891,0.10470668321636928,1656.6758191434474,2007,3,walk,informed_move_model_0.8_none,none,1,adaptive,8,0.015625,36,2,2,4,1.0,0.05555555555555555,1.0,2,1.0,2.2915,2.5273,0,0.6480000000000001,0.6480000000000001,0.8
0.28716104497354494,1.4564113854888543,0.21975570113918752,2.690974095967912,0.875,19.125,3.7420871797332995,0.15296372119270726,1456.4113854888546,2008,0,walk,informed_move_model_0.8_none,none,1,adaptive,8,0.015625,37,3,3,7,1.0,0.08108108108108109,1.0,3,1.0,2.333,2.77315,0,0.6480000000000001,0.6480000000000001,0.8
0.0005208333333333333,3.221582460380498,0.09053548498165621,3.264267174473382,0.9791666666666666,35.9375,4.8973403926928,0.09001465164832288,3221.5824603804995,2008,1,walk,informed_move_model_0.8_none,none,1,adaptive,8,0.015625,42,4,4,5,1.0,0.09523809523809523,1.0,4,1.0,2.25,2.65165,0,0.6480000000000001,0.6480000000000001,0.8
0.16666666666666666,2.054651054763166,0.33859287073942507,2.786462182670283,0.8958333333333334,15.583333333333334,3.0122369822816926,0.1863269276368629,2054.6510547631656,2008,2,walk,informed_move_model_0.8_none,none,1,adaptive,8,0.015625,38,4,4,8,1.0,0.10526315789473684,1.0,4,1.0,2.292,2.4853,0,0.6480000000000001,0.6480000000000001,0.8
0.5082465277777778,1.1303083261502334,0.1032754528260696,3.2186338202448432,0.9166666666666666,39.916666666666664,4.954269923848341,0.41430973301064494,1130.3083261502336,2008,3,walk,informed_move_model_0.8_none,none,1,adaptive,8,0.015625,39,1,1,2,1.0,0.02564102564102564,1.0,1,1.0,2.291,2.458,0,0.6480000000000001,0.6480000000000001,0.8
0.1046875,2.3981547664441085,0.11498689155176572,3.075518550989074,1.0,27.8125,4.444192874582785,0.05780503784158608,2398.154766444109,2009,0,walk,informed_move_model_0.8_none,none,1,adaptive,8,0.015625,38,2,2,7,1.0,0.05263157894736842,1.0,2,1.0,2.25,2.53925,0,0.6480000000000001,0.6480000000000001,0.8
0.2717427248677249,1.4419166112008053,0.05912837509312833,3.2876245204534147,1.0,46.541666666666664,5.431653420414366,0.21261434977459656,1441.9166112008054,2009,1,walk,informed_move_model_0.8_none,none,1,adaptive,8,0.015625,42,2,2,3,1.0,0.047619047619047616,1.0,2,1.0,2.291,2.4166499999999997,0,0.6480000000000001,0.6480000000000001,0.8
0.3550181878306879,1.5743377615444183,0.14148100546021208,2.6154659977668095,1.0,28.8125,4.371882876975867,0.2655070733907852,1574.3377615444188,2009,2,walk,informed_move_model_0.8_none,none,1,adaptive,8,0.015625,36,2,2,6,1.0,0.05555555555555555,1.0,2,1.0,2.375,2.9829,0,0.6480000000000001,0.6480000000000001,0.8
0.0019123626381044184,2.4399020235195468,0.07429817380110566,3.684491677182052,0.8541666666666666,35.0625,4.967061295279674,0.07238581116300125,2439.902023519547,2009,3,walk,informed_move_model_0.8_none,none,1,adaptive,8,0.015625,38,3,3,6,1.0,0.07894736842105263,1.0,3,1.0,2.292,2.7601999999999998,0,0.6480000000000001,0.6480000000000001,0.8
0.043094428631667715,2.1276806408625535,0.05562631768169576,3.3629566550458523,1.0,39.166666666666664,5.192330028967391,0.018660951084044614,2127.680640862555,2000,0,walk,informed_move_model_0.8_random,random,0.5,adaptive,8,0.015625,34,2,2,4,1.0,0.058823529411764705,1.0,2,1.0,2.3955,3.06655,0,0.6480000000000001,0.6480000000000001,0.8
0.10524354360299355,2.3483378458946427,0.10891444132876192,3.4029660835415503,1.0,41.25,5.00635813228624,0.08473423695605649,2348.337845894643,2000,1,walk,informed_move_model_0.8_random,random,0.5,adaptive,8,0.015625,37,2,1,1,0.5,0.02702702702702703,0.5,1,1.0,2.333,2.584,0,0.6480000000000001,0.6480000000000001,0.8
0.0005208333333333333,2.8977181836276906,0.1609627424658357,3.1508052712862624,0.875,21.208333333333332,4.028539361577593,0.16044190913250236,2897.718183627691,2000,2,walk,informed_move_model_0.8_random,random,0.5,adaptive,8,0.015625,36,2,2,6,1.0,0.05555555555555555,1.0,2,1.0,2.417,3.7601999999999998,0,0.6480000000000001,0.6480000000000001,0.8
0.001171875,3.4438352552101565,0.024961385752209284,4.180161832870612,1.0,58.5625,5.924556222352666,0.023789510752209284,3443.8352552101574,2000,3,walk,informed_move_model_0.8_random,random,0.5,adaptive,8,0.015625,33,1,0,0,0.0,0.0,0.0,0,nan,2.333,2.69365,0,0.6480000000000001,0.6480000000000001,0.8
0.37533068783068785,0.9629198034789347,0.18221279611697797,2.3326928285108792,1.0,25.104166666666668,4.166438468315891,0.2470851718197593,962.9198034789347,2001,0,walk,informed_move_model_0.8_random,random,0.5,adaptive,8,0.015625,37,2,2,3,1.0,0.05405405405405406,1.0,2,1.0,2.292,3.0126,0,0.6480000000000001,0.6480000000000001,0.8
0.00043402777777777775,3.4600969650792273,0.10180959785457715,3.6238914762525005,0.9583333333333334,35.9375,4.793039428048469,0.10137557007679936,3460.0969650792267,2001,1,walk,informed_move_model_0.8_random,random,0.5,adaptive,8,0.015625,36,6,2,5,0.3333333333333333,0.05555555555555555,0.6666666666666666,2,1.0,2.292,2.8726,0,0.6480000000000001,0.6480000000000001,0.8
0.041666666666666664,3.52283565202034,0.050113729693700405,3.382337367840625,1.0,38.229166666666664,5.2089391988465135,0.008447063027033741,3522.8356520203397,2001,2,walk,informed_move_model_0.8_random,random,0.5,adaptive,8,0.015625,37,4,1,3,0.25,0.02702702702702703,1.0,1,1.0,2.292,2.56865,0,0.6480000000000001,0.6480000000000001,0.8
0.024193218954248367,3.493246645724856,0.029805587950029733,4.62406369343029,0.6458333333333334,55.8125,5.861601141256919,0.005612368995781367,3493.2466457248543,2001,3,walk,informed_move_model_0.8_random,random,0.5,adaptive,8,0.015625,32,3,1,1,0.3333333333333333,0.03125,0.3333333333333333,1,1.0,2.334,2.8728999999999996,0,0.6480000000000001,0.6480000000000001,0.8
0.0,5.078788146697224,0.040392133818054975,3.944656632185637,0.9375,51.3125,5.61302303510969,0.040392133818054975,5078.788146697222,2002,0,walk,informed_move_model_0.8_random,random,0.5,adaptive,8,0.015625,39,3,1,2,0.3333333333333333,0.02564102564102564,0.5,1,1.0,2.2705,2.5959499999999998,0,0.6480000000000001,0.6480000000000001,0.8
0.021484375,2.3094628230442567,0.0987867641319153,3.158591323594226,0.9791666666666666,30.895833333333332,4.760114030342756,0.08949130327051881,2309.462823044257,2002,1,walk,informed_move_model_0.8_random,random,0.5,adaptive,8,0.015625,38,5,1,4,0.2,0.02631578947368421,0.25,1,1.0,2.25,2.6103,0,0.6480000000000001,0.6480000000000001,0.8
0.1467013888888889,2.9476990203189897,0.13818251670950252,3.540613621025432,0.875,31.854166666666668,4.641803881271042,0.1799408122271202,2947.699020318992,2002,2,walk,informed_move_model_0.8_random,random,0.5,adaptive,8,0.015625,33,3,2,4,0.6666666666666666,0.06060606060606061,0.5,2,1.0,2.291,2.48565,0,0.6480000000000001,0.6480000000000001,0.8
0.0012979497354497355,3.4686881876584827,0.06363958829668724,3.7194257430436255,0.9791666666666666,46.041666666666664,5.339055120814667,0.06234163856123751,3468.6881876584807,2002,3,walk,informed_move_model_0.8_random,random,0.5,adaptive,8,0.015625,39,6,3,3,0.5,0.07692307692307693,0.5,3,1.0,2.292,2.5273,0,0.6480000000000001,0.6480000000000001,0.8
0.0419973544973545,3.734936795963803,0.09922258426226753,4.09718195272749,0.7708333333333334,43.6875,5.137466397562601,0.06972522976491302,3734.936795963802,2003,0,walk,informed_move_model_0.8_random,random,0.5,adaptive,8,0.015625,35,6,3,5,0.5,0.08571428571428572,0.5,3,1.0,2.292,2.55395,0,0.6480000000000001,0.6480000000000001,0.8
0.22447916666666667,1.1107069369398976,0.1957392779018656,2.7480228171760053,1.0,24.083333333333332,4.11689395439193,0.10074657629915977,1110.706936939898,2003,1,walk,informed_move_model_0.8_random,random,0.5,adaptive,8,0.015625,35,4,2,4,0.5,0.05714285714285714,0.6666666666666666,2,1.0,2.292,2.7608499999999996,0,0.6480000000000001,0.6480000000000001,0.8
0.10542438799017746,2.0453504561012985,0.11422723104072809,3.1537380740920065,0.9791666666666666,37.979166666666664,4.895779410114816,0.043564445995758684,2045.3504561012999,2003,2,walk,informed_move_model_0.8_random,random,0.5,adaptive,8,0.015625,33,4,3,4,0.75,0.09090909090909091,1.0,3,1.0,2.292,2.5,0,0.6480000000000001,0.6480000000000001,0.8
0.04774305555555556,2.2708913170020772,0.14966317422915076,3.2533024123932086,0.9791666666666666,19.583333333333332,4.002752187540132,0.1019201186735952,2270.8913170020774,2003,3,walk,informed_move_model_0.8_random,random,0.5,adaptive,8,0.015625,40,5,3,5,0.6,0.075,0.75,3,1.0,2.2705,2.66525,0,0.6480000000000001,0.6480000000000001,0.8
0.02299558080808081,2.140112794626662,0.07282909229520182,3.3949942432079054,1.0,31.75,4.879595648641772,0.049833511487121,2140.112794626662,2004,0,walk,informed_move_model_0.8_random,random,0.5,adaptive,8,0.015625,38,6,3,4,0.5,0.07894736842105263,0.75,3,1.0,2.291,2.58125,0,0.6480000000000001,0.6480000000000001,0.8
0.14583333333333334,4.363119336190161,0.04834389843656697,4.226588662155435,0.8333333333333334,42.4375,5.341519861543007,0.09748943489676636,4363.119336190158,2004,1,walk,informed_move_model_0.8_random,random,0.5,adaptive,8,0.015625,35,4,2,3,0.5,0.05714285714285714,0.5,2,1.0,2.2705,2.5669,0,0.6480000000000001,0.6480000000000001,0.8
0.020833333333333332,2.8625440724735793,0.06730712656350664,3.1942270938345456,0.9791666666666666,35.125,4.991935265511523,0.04647379323017331,2862.5440724735804,2004,2,walk,informed_move_model_0.8_random,random,0.5,adaptive,8,0.015625,37,4,1,2,0.25,0.02702702702702703,0.5,1,1.0,2.292,2.52665,0,0.6480000000000001,0.6480000000000001,0.8
0.12533068783068782,2.8370399464044413,0.19553720153332196,3.069421134467851,1.0,32.854166666666664,4.342062799600662,0.13246288089454014,2837.0399464044426,2004,3,walk,informed_move_model_0.8_random,random,0.5,adaptive,8,0.015625,35,4,3,4,0.75,0.08571428571428572,0.75,3,1.0,2.291,2.708,0,0.6480000000000001,0.6480000000000001,0.8
0.0009259259259259259,3.6177957438260093,0.04415081152536144,4.57532736881937,0.6458333333333334,40.354166666666664,5.350574043734418,0.04322488559943552,3617.795743826013,2005,0,walk,informed_move_model_0.8_random,random,0.5,adaptive,8,0.015625,34,0,0,1,nan,0.0,nan,0,1.0,2.291,2.5273,0,0.6480000000000001,0.6480000000000001,0.8
0.0435598544973545,1.8390330707066112,0.06518956853947315,3.523006299118468,1.0,40.333333333333336,5.165161423006157,0.024842122561152247,1839.0330707066112,2005,1,walk,informed_move_model_0.8_random,random,0.5,adaptive,8,0.015625,37,4,2,3,0.5,0.05405405405405406,0.6666666666666666,2,1.0,2.375,3.0374999999999996,0,0.6480000000000001,0.6480000000000001,0.8
0.37568379517532063,2.076032003688037,0.22397062404793885,2.173320888389629,1.0,23.625,3.711878239983267,0.20994550256335018,2076.032003688038,2005,2,walk,informed_move_model_0.8_random,random,0.5,adaptive,8,0.015625,42,5,3,5,0.6,0.07142857142857142,0.6666666666666666,3,1.0,2.3125,2.7874999999999996,0,0.6480000000000001,0.6480000000000001,0.8
0.0006837951753205989,3.8185892755200235,0.027872566841397713,4.020576049901016,1.0,58.333333333333336,5.908995352619424,0.027188771666077114,3818.58927552002,2005,3,walk,informed_move_model_0.8_random,random,0.5,adaptive,8,0.015625,38,1,0,0,0.0,0.0,0.0,0,nan,2.25,2.6624999999999996,0,0.6480000000000001,0.6480000000000001,0.8
0.12570947570947572,2.8594783764084606,0.15516957024796948,3.2445971643191562,0.9791666666666666,37.75,4.6027946922434415,0.09573026966745735,2859.4783764084605,2006,0,walk,informed_move_model_0.8_random,random,0.5,adaptive,8,0.015625,33,7,4,7,0.5714285714285714,0.12121212121212122,0.5,4,1.0,2.3125,2.5273,0,0.6480000000000001,0.6480000000000001,0.8
0.041666666666666664,3.0093928420904184,0.07344935235519698,3.9334326188116258,0.9166666666666666,41.333333333333336,5.094268044223193,0.05291550928875802,3009.392842090417,2006,1,walk,informed_move_model_0.8_random,random,0.5,adaptive,8,0.015625,40,5,1,2,0.2,0.025,0.25,1,1.0,2.291,2.6523,0,0.6480000000000001,0.6480000000000001,0.8
0.03802083333333333,3.106424730983605,0.03444126054623202,3.953667316607444,0.9166666666666666,51.729166666666664,5.681612417355275,0.003579572787101313,3106.424730983606,2006,2,walk,informed_move_model_0.8_random,random,0.5,adaptive,8,0.015625,35,4,2,2,0.5,0.05714285714285714,0.6666666666666666,2,1.0,2.333,2.5129499999999996,0,0.6480000000000001,0.6480000000000001,0.8
0.0011004618419872658,3.391198975673438,0.05749567574829711,3.534829374724272,1.0,40.145833333333336,5.217293954783597,0.05639521390630984,3391.198975673439,2006,3,walk,informed_move_model_0.8_random,random,0.5,adaptive,8,0.015625,35,4,3,4,0.75,0.08571428571428572,1.0,3,1.0,2.292,2.5273,0,0.6480000000000001,0.6480000000000001,0.8
0.10416666666666667,3.1382953183695075,0.05671317265394779,3.507498851142524,0.9791666666666666,38.729166666666664,5.191421435523727,0.0560808270205854,3138.2953183695095,2007,0,walk,informed_move_model_0.8_random,random,0.5,adaptive,8,0.015625,33,2,1,3,0.5,0.030303030303030304,0.5,1,1.0,2.333,2.4853,0,0.6480000000000001,0.6480000000000001,0.8
0.0020776721014492752,1.955224880683373,0.08804479456016946,3.079849626649107,1.0,30.375,4.688998308428577,0.08596712245872018,1955.2248806833743,2007,1,walk,informed_move_model_0.8_random,random,0.5,adaptive,8,0.015625,36,5,2,3,0.4,0.05555555555555555,0.4,2,1.0,2.25,2.5959499999999998,0,0.6480000000000001,0.6480000000000001,0.8
0.0007812499999999999,2.9604954397624277,0.026468089169336222,3.936854478305157,0.9791666666666666,57.541666666666664,5.8988314996314415,0.025686839169336218,2960.495439762428,2007,2,walk,informed_move_model_0.8_random,random,0.5,adaptive,8,0.015625,36,2,0,0,0.0,0.0,0.0,0,nan,2.292,2.5,0,0.6480000000000001,0.6480000000000001,0.8
0.02434102449223417,2.123559801284274,0.05311875440911006,3.577141305945656,0.9583333333333334,34.8125,5.10856117235335,0.028777729916875893,2123.5598012842756,2007,3,walk,informed_move_model_0.8_random,random,0.5,adaptive,8,0.015625,36,2,2,4,1.0,0.05555555555555555,1.0,2,1.0,2.292,2.6523,0,0.6480000000000001,0.6480000000000001,0.8
0.06320271164021164,3.2704797081786605,0.11653068474518363,3.5622805649156866,0.9166666666666666,28.770833333333332,4.607563240925321,0.06039541877735724,3270.4797081786605,2008,0,walk,informed_move_model_0.8_random,random,0.5,adaptive,8,0.015625,37,3,1,3,0.3333333333333333,0.02702702702702703,0.5,1,1.0,2.333,2.66425,0,0.6480000000000001,0.6480000000000001,0.8
0.0005208333333333333,4.049993396496976,0.05300196512123839,3.5179447182798307,1.0,38.395833333333336,5.231080536656706,0.05248113178790506,4049.9933964969755,2008,1,walk,informed_move_model_0.8_random,random,0.5,adaptive,8,0.015625,42,4,1,2,0.25,0.023809523809523808,0.3333333333333333,1,1.0,2.25,2.5,0,0.6480000000000001,0.6480000000000001,0.8
0.020833333333333332,2.472427725467223,0.14617408653229474,2.93758655552239,1.0,29.0625,4.431912153304668,0.1253407531989614,2472.427725467223,2008,2,walk,informed_move_model_0.8_random,random,0.5,adaptive,8,0.015625,38,4,2,2,0.5,0.05263157894736842,0.5,2,1.0,2.2915,2.5,0,0.6480000000000001,0.6480000000000001,0.8
0.2747395833333333,1.8973001766233553,0.053087187751884014,3.43373331792739,1.0,38.229166666666664,5.247028647077484,0.22165239558144934,1897.3001766233547,2008,3,walk,informed_move_model_0.8_random,random,0.5,adaptive,8,0.015625,39,1,0,1,0.0,0.0,0.0,0,1.0,2.291,2.6376,0,0.6480000000000001,0.6480000000000001,0.8
0.08385416666666667,2.8776064621231896,0.03170716909306262,3.7911688268981756,1.0,57.125,5.860355288334385,0.052146997573604054,2877.6064621231894,2009,0,walk,informed_move_model_0.8_random,random,0.5,adaptive,8,0.015625,38,2,1,1,0.5,0.02631578947368421,0.5,1,1.0,2.375,2.65165,0,0.6480000000000001,0.6480000000000001,0.8
0.0009093915343915343,2.185327859494753,0.026707573881266156,3.8216657614298186,1.0,58.770833333333336,5.929866594647439,0.02579818234687462,2185.327859494754,2009,1,walk,informed_move_model_0.8_random,random,0.5,adaptive,8,0.015625,42,2,0,0,0.0,0.0,0.0,0,nan,2.333,2.70625,0,0.6480000000000001,0.6480000000000001,0.8
0.04251818783068784,2.7763366754129812,0.043090807104467,3.7864448833322952,1.0,49.25,5.581935247270942,0.0005726192737791624,2776.3366754129797,2009,2,walk,informed_move_model_0.8_random,random,0.5,adaptive,8,0.015625,36,2,2,3,1.0,0.05555555555555555,1.0,2,1.0,2.375,3.830699999999999,0,0.6480000000000001,0.6480000000000001,0.8
0.0011939718335067173,2.8579638448840097,0.05874603798332071,3.782749999372695,0.9791666666666666,38.0,5.160526862114378,0.057552066149814,2857.963844884009,2009,3,walk,informed_move_model_0.8_random,random,0.5,adaptive,8,0.015625,38,3,1,2,0.3333333333333333,0.02631578947368421,0.3333333333333333,1,1.0,2.375,2.78925,0,0.6480000000000001,0.6480000000000001,0.8
0.009671585648148148,1.9531132108488019,0.10340916397504714,2.895960562056995,1.0,27.25,4.519793311109072,0.09373757832689901,1953.113210848803,2000,0,walk,informed_move_model_0.8_bsp,bsp,0.1,adaptive,8,0.015625,34,2,1,8,0.5,0.029411764705882353,0.5,1,1.0,17.8955,20.327199999999998,0,0.6480000000000001,0.6480000000000001,0.8
0.0035807291666666665,2.940504988744543,0.07009980489822869,3.648974087840308,1.0,34.166666666666664,4.859307490157163,0.066519075731562,2940.5049887445416,2000,1,walk,informed_move_model_0.8_bsp,bsp,0.1,adaptive,8,0.015625,37,2,1,6,0.5,0.02702702702702703,0.5,1,1.0,17.896,20.858649999999997,0,0.6480000000000001,0.6480000000000001,0.8
0.0005208333333333333,3.1055479475071337,0.08809046560737287,3.178690571288435,1.0,25.75,4.539070272414258,0.08756963227403954,3105.547947507132,2000,2,walk,informed_move_model_0.8_bsp,bsp,0.1,adaptive,8,0.015625,36,2,1,4,0.5,0.027777777777777776,0.5,1,1.0,18.0835,20.041449999999998,0,0.6480000000000001,0.6480000000000001,0.8
0.12617187500000002,2.2344702663530613,0.08406707247268606,3.468077305431576,0.8958333333333334,36.270833333333336,4.997898302674293,0.09462952811097315,2234.4702663530616,2000,3,walk,informed_move_model_0.8_bsp,bsp,0.1,adaptive,8,0.015625,33,1,1,5,1.0,0.030303030303030304,1.0,1,1.0,17.7705,18.9398,0,0.6480000000000001,0.6480000000000001,0.8
0.06282552083333333,4.208418048468579,0.05517137965795072,3.858606782609997,0.9791666666666666,46.479166666666664,5.406669801697997,0.0201982660889606,4208.418048468579,2001,0,walk,informed_move_model_0.8_bsp,bsp,0.1,adaptive,8,0.015625,37,2,0,3,0.0,0.0,0.0,0,1.0,17.75,18.15165,0,0.6480000000000001,0.6480000000000001,0.8
0.13108878968253967,1.260485639596745,0.10290689584341668,2.7378663306442355,1.0,27.458333333333332,4.614782026360729,0.0884760928750199,1260.4856395967452,2001,1,walk,informed_move_model_0.8_bsp,bsp,0.1,adaptive,8,0.015625,36,6,5,6,0.8333333333333334,0.1388888888888889,1.0,5,1.0,17.7085,18.48565,0,0.6480000000000001,0.6480000000000001,0.8
0.4166666666666667,1.130252423043097,0.09501640403937368,2.591676329452567,1.0,25.666666666666668,4.56283695733672,0.321650262627293,1130.252423043097,2001,2,walk,informed_move_model_0.8_bsp,bsp,0.1,adaptive,8,0.015625,37,4,3,7,0.75,0.08108108108108109,1.0,3,1.0,17.6665,18.30395,0,0.6480000000000001,0.6480000000000001,0.8
0.013563368055555554,3.2507203544864502,0.10445227138232534,3.547393040294269,0.8958333333333334,22.520833333333332,4.328962585503442,0.0908889033267698,3250.720354486451,2001,3,walk,informed_move_model_0.8_bsp,bsp,0.1,adaptive,8,0.015625,32,3,0,3,0.0,0.0,0.0,0,1.0,17.792,19.40385,0,0.6480000000000001,0.6480000000000001,0.8
0.09148615511392728,2.819100456056029,0.09184026379026328,3.1045984136970275,1.0,31.729166666666668,4.74910750316215,0.040480173914975076,2819.100456056027,2002,0,walk,informed_move_model_0.8_bsp,bsp,0.1,adaptive,8,0.015625,39,3,1,5,0.3333333333333333,0.02564102564102564,0.5,1,1.0,17.833,19.445499999999996,0,0.6480000000000001,0.6480000000000001,0.8
0.0006510416666666666,2.7376951354612995,0.08571309847625252,3.4223338865892927,1.0,40.333333333333336,4.950160528688609,0.08506205680958585,2737.695135461298,2002,1,walk,informed_move_model_0.8_bsp,bsp,0.1,adaptive,8,0.015625,38,5,2,6,0.4,0.05263157894736842,0.5,2,1.0,17.625,18.55855,0,0.6480000000000001,0.6480000000000001,0.8
0.02170138888888889,2.9037898291677067,0.10861529352333243,3.637907540961297,0.8958333333333334,22.291666666666668,4.328353697780117,0.08691390463444354,2903.7898291677084,2002,2,walk,informed_move_model_0.8_bsp,bsp,0.1,adaptive,8,0.015625,33,3,1,9,0.3333333333333333,0.030303030303030304,0.5,1,1.0,17.6455,18.35855,0,0.6480000000000001,0.6480000000000001,0.8
0.08717447916666667,2.1079277222775614,0.08099629940736912,3.427846491500146,0.9583333333333334,34.770833333333336,4.923976361047339,0.044192321560997706,2107.927722277561,2002,3,walk,informed_move_model_0.8_bsp,bsp,0.1,adaptive,8,0.015625,39,6,3,6,0.5,0.07692307692307693,0.75,3,1.0,17.666,18.810299999999998,0,0.6480000000000001,0.6480000000000001,0.8
0.02639480744949495,2.1559327358199045,0.11084150379843055,3.1833450335751814,0.9791666666666666,26.104166666666668,4.4165415665432795,0.09005495315409488,2155.9327358199052,2003,0,walk,informed_move_model_0.8_bsp,bsp,0.1,adaptive,8,0.015625,35,6,3,14,0.5,0.08571428571428572,0.5,3,1.0,17.75,18.53925,0,0.6480000000000001,0.6480000000000001,0.8
0.3494791666666666,1.0728885680751645,0.11977912839127347,2.5033859615051273,1.0,25.125,4.439918763972815,0.2297000382753932,1072.8885680751644,2003,1,walk,informed_move_model_0.8_bsp,bsp,0.1,adaptive,8,0.015625,35,4,3,7,0.75,0.08571428571428572,0.6666666666666666,3,1.0,17.667,18.86875,0,0.6480000000000001,0.6480000000000001,0.8
0.002907986111111111,3.0668758776308693,0.05974635691009452,3.748336570807007,0.9166666666666666,44.416666666666664,5.313899700320056,0.056838370798983406,3066.87587763087,2003,2,walk,informed_move_model_0.8_bsp,bsp,0.1,adaptive,8,0.015625,33,4,2,3,0.5,0.06060606060606061,0.6666666666666666,2,1.0,17.7705,18.702099999999998,0,0.6480000000000001,0.6480000000000001,0.8
0.016927083333333332,2.5864019087279826,0.09485761563524049,3.5460554118959267,0.9166666666666666,24.541666666666668,4.4387889939593475,0.07793053230190716,2586.401908727982,2003,3,walk,informed_move_model_0.8_bsp,bsp,0.1,adaptive,8,0.015625,40,5,3,8,0.6,0.075,0.5,3,1.0,17.625,18.711949999999998,0,0.6480000000000001,0.6480000000000001,0.8
0.0033420138888888887,1.989555602043005,0.08217929778096332,3.2077505935451587,1.0,32.125,4.826198409618219,0.07883728389207444,1989.5556020430056,2004,0,walk,informed_move_model_0.8_bsp,bsp,0.1,adaptive,8,0.015625,38,6,5,6,0.8333333333333334,0.13157894736842105,1.0,5,1.0,17.667,18.82895,0,0.6480000000000001,0.6480000000000001,0.8
0.15125868055555555,2.0123711180797508,0.09248119720184085,2.9267477948067655,1.0,26.354166666666668,4.576225023032449,0.12612873314340411,2012.3711180797516,2004,1,walk,informed_move_model_0.8_bsp,bsp,0.1,adaptive,8,0.015625,35,4,2,8,0.5,0.05714285714285714,0.5,2,1.0,17.6665,18.6229,0,0.6480000000000001,0.6480000000000001,0.8
0.08333333333333333,2.3902972273357164,0.09028550346811808,3.122000054314794,0.9791666666666666,27.5625,4.632793381718543,0.053737782874354934,2390.297227335715,2004,2,walk,informed_move_model_0.8_bsp,bsp,0.1,adaptive,8,0.015625,37,4,3,4,0.75,0.08108108108108109,1.0,3,1.0,17.708,18.27315,0,0.6480000000000001,0.6480000000000001,0.8
0.0435546875,2.020683744711814,0.08793586035667832,3.3720813631299538,1.0,34.895833333333336,4.8835731340268795,0.04938503061700555,2020.6837447118135,2004,3,walk,informed_move_model_0.8_bsp,bsp,0.1,adaptive,8,0.015625,35,4,3,7,0.75,0.08571428571428572,0.75,3,1.0,17.6665,18.44155,0,0.6480000000000001,0.6480000000000001,0.8
0.0008463541666666667,2.3556755867361563,0.08805519865580295,3.874654735855707,0.9375,36.854166666666664,4.965779877530548,0.0872088444891363,2355.6755867361576,2005,0,walk,informed_move_model_0.8_bsp,bsp,0.1,adaptive,8,0.015625,34,0,0,3,nan,0.0,nan,0,1.0,17.854,18.5,0,0.6480000000000001,0.6480000000000001,0.8
0.045290798611111106,2.1771773453527214,0.10065403117054372,2.933629392094397,0.9791666666666666,23.020833333333332,4.358225345002093,0.05536323255943263,2177.1773453527226,2005,1,walk,informed_move_model_0.8_bsp,bsp,0.1,adaptive,8,0.015625,37,4,2,9,0.5,0.05405405405405406,0.6666666666666666,2,1.0,17.6455,18.1205,0,0.6480000000000001,0.6480000000000001,0.8
0.0013020833333333333,6.377571719023268,0.09749939759473546,3.5966562212173083,1.0,44.395833333333336,5.128603584465576,0.0961973142614021,6377.571719023268,2005,2,walk,informed_move_model_0.8_bsp,bsp,0.1,adaptive,8,0.015625,42,5,0,1,0.0,0.0,0.0,0,1.0,17.6875,18.45625,0,0.6480000000000001,0.6480000000000001,0.8
0.2923177083333333,2.056125631038402,0.08450218577949035,2.826025898097203,1.0,31.0625,4.761940736498936,0.20781552255384297,2056.1256310384024,2005,3,walk,informed_move_model_0.8_bsp,bsp,0.1,adaptive,8,0.015625,38,1,0,2,0.0,0.0,0.0,0,1.0,17.604,18.334,0,0.6480000000000001,0.6480000000000001,0.8
0.043164062499999996,2.8301300017939486,0.056004264526205445,3.743149817672876,0.9583333333333334,45.270833333333336,5.419668093424803,0.013012149853622161,2830.130001793947,2006,0,walk,informed_move_model_0.8_bsp,bsp,0.1,adaptive,8,0.015625,33,7,4,6,0.5714285714285714,0.12121212121212122,1.0,4,1.0,17.667,18.23565,0,0.6480000000000001,0.6480000000000001,0.8
0.10533854166666667,2.336774602163822,0.06015954898814772,3.6702065998545517,0.9166666666666666,37.854166666666664,5.0978286546828055,0.06285532125309523,2336.774602163821,2006,1,walk,informed_move_model_0.8_bsp,bsp,0.1,adaptive,8,0.015625,40,5,4,8,0.8,0.1,1.0,4,1.0,17.6875,18.74135,0,0.6480000000000001,0.6480000000000001,0.8
0.017187499999999998,1.9534187175884739,0.1019583059162971,2.948367168828072,1.0,27.8125,4.5462492792288804,0.08477080591629714,1953.4187175884745,2006,2,walk,informed_move_model_0.8_bsp,bsp,0.1,adaptive,8,0.015625,35,4,1,2,0.25,0.02857142857142857,0.3333333333333333,1,1.0,17.708,18.4125,0,0.6480000000000001,0.6480000000000001,0.8
0.0881076388888889,2.6313545444427286,0.09290168918539667,3.1559290816052976,1.0,30.541666666666668,4.6809710505614905,0.05372894737770493,2631.354544442728,2006,3,walk,informed_move_model_0.8_bsp,bsp,0.1,adaptive,8,0.015625,35,4,3,6,0.75,0.08571428571428572,0.6666666666666666,3,1.0,17.625,18.742,0,0.6480000000000001,0.6480000000000001,0.8
0.0,1.8747189496553007,0.1078855809714223,3.113735620067652,0.9791666666666666,25.458333333333332,4.492258340727241,0.1078855809714223,1874.718949655302,2007,0,walk,informed_move_model_0.8_bsp,bsp,0.1,adaptive,8,0.015625,33,2,1,5,0.5,0.030303030303030304,0.5,1,1.0,17.6045,17.95625,0,0.6480000000000001,0.6480000000000001,0.8
0.024175347222222223,2.260790647114581,0.10754739565946851,3.057825858641158,1.0,28.458333333333332,4.550876286063362,0.08337204843724629,2260.790647114583,2007,1,walk,informed_move_model_0.8_bsp,bsp,0.1,adaptive,8,0.015625,36,5,2,4,0.4,0.05555555555555555,0.4,2,1.0,17.5835,18.579150000000002,0,0.6480000000000001,0.6480000000000001,0.8
0.0013020833333333333,2.849022708056218,0.08228282693858004,3.2995763123157764,1.0,28.895833333333332,4.635956831089313,0.08098074360524671,2849.0227080562186,2007,2,walk,informed_move_model_0.8_bsp,bsp,0.1,adaptive,8,0.015625,36,2,2,8,1.0,0.05555555555555555,1.0,2,1.0,17.708,20.09725,0,0.6480000000000001,0.6480000000000001,0.8
0.17015335648148147,1.488702859028673,0.10640953855582141,2.5206405936839062,1.0,27.0625,4.5171634315032625,0.06374381792566003,1488.7028590286748,2007,3,walk,informed_move_model_0.8_bsp,bsp,0.1,adaptive,8,0.015625,36,2,1,3,0.5,0.027777777777777776,1.0,1,1.0,17.583,18.635199999999998,0,0.6480000000000001,0.6480000000000001,0.8
0.0006510416666666666,3.4370146704561804,0.055257069047673114,3.8703703307058173,0.9375,47.645833333333336,5.437593420780086,0.05460602738100645,3437.01467045618,2008,0,walk,informed_move_model_0.8_bsp,bsp,0.1,adaptive,8,0.015625,37,3,0,2,0.0,0.0,0.0,0,1.0,17.75,18.4829,0,0.6480000000000001,0.6480000000000001,0.8
0.0005208333333333333,4.243095727316246,0.09000877451902288,3.8807174090373855,1.0,33.041666666666664,4.845722953105333,0.08948794118568955,4243.095727316246,2008,1,walk,informed_move_model_0.8_bsp,bsp,0.1,adaptive,8,0.015625,42,4,2,4,0.5,0.047619047619047616,0.6666666666666666,2,1.0,17.583,18.29945,0,0.6480000000000001,0.6480000000000001,0.8
0.22916666666666666,2.857427375711554,0.08474064535499054,3.2424367317866043,0.9166666666666666,37.916666666666664,5.001460004170883,0.17817964117768828,2857.4273757115534,2008,2,walk,informed_move_model_0.8_bsp,bsp,0.1,adaptive,8,0.015625,38,4,1,3,0.25,0.02631578947368421,0.25,1,1.0,17.604,18.17895,0,0.6480000000000001,0.6480000000000001,0.8
0.4874131944444444,1.463428114207952,0.11495860917025724,2.950519794275588,0.9791666666666666,36.083333333333336,4.712549656415529,0.3724545852741872,1463.428114207952,2008,3,walk,informed_move_model_0.8_bsp,bsp,0.1,adaptive,8,0.015625,39,1,0,1,0.0,0.0,0.0,0,1.0,17.5625,18.1103,0,0.6480000000000001,0.6480000000000001,0.8
0.0005208333333333333,4.073413366514832,0.07499663668373278,4.378249405350506,0.7083333333333334,34.375,4.935366487423438,0.07447580335039945,4073.413366514831,2009,0,walk,informed_move_model_0.8_bsp,bsp,0.1,adaptive,8,0.015625,38,2,2,6,1.0,0.05263157894736842,1.0,2,1.0,17.7085,18.3579,0,0.6480000000000001,0.6480000000000001,0.8
0.0008463541666666667,2.5808612759331835,0.06882523115154097,3.553380359449631,1.0,37.770833333333336,5.047325990511791,0.0679788769848743,2580.861275933182,2009,1,walk,informed_move_model_0.8_bsp,bsp,0.1,adaptive,8,0.015625,42,2,2,5,1.0,0.047619047619047616,1.0,2,1.0,17.7295,19.4794,0,0.6480000000000001,0.6480000000000001,0.8
0.10501302083333335,2.254025573628033,0.07381362163866241,3.6445977849970066,0.8958333333333334,37.145833333333336,5.0702709910603625,0.03684229170823435,2254.0255736280333,2009,2,walk,informed_move_model_0.8_bsp,bsp,0.1,adaptive,8,0.015625,36,2,2,7,1.0,0.05555555555555555,1.0,2,1.0,17.667,18.979049999999997,0,0.6480000000000001,0.6480000000000001,0.8
0.06384858630952381,2.114457634967248,0.06141682282033852,3.475387115716387,0.9375,41.125,5.231377182397076,0.02062403927375375,2114.45763496725,2009,3,walk,informed_move_model_0.8_bsp,bsp,0.1,adaptive,8,0.015625,38,3,3,5,1.0,0.07894736842105263,1.0,3,1.0,17.667,18.43915,0,0.6480000000000001,0.6480000000000001,0.8
