hit,error_cells,peak,logloss,covered95,credible95,entropy,ece,error_m,seed,user,scenario,condition,method,param,attack,side,prior_hit,legitimate,opportunities,complete,reports,utility,weighted_utility,weighted_opportunities,weighted_complete,small_opportunities,small_complete,medium_opportunities,medium_complete,large_opportunities,large_complete,raw_completion,coverage,reward,gate_us_p50,gate_us_p95,cap_violations,attacker_local_cap_violations,attacker_effective_cap_violations,attacker_absolute_cap_violations,positive_cap,robust_model_count,alpha_true,alpha_model,move_model
0.022034143518518526,3.8188605231775505,0.022267786753170715,3.9287835499511385,1.0,51.3125,5.657663141600004,0.00023364323465218753,3818.860523177551,2000,0,walk,reset_every_1_none,none,1,adaptive,8,0.015625,34,2,2,12,1.0,1.0,0.041666666666666664,0.041666666666666664,0,0,0,0,2,2,0.058823529411764705,1.0,2,5.8335,8.462449999999999,0,0,0,0,,0,0.6480000000000001,0.6480000000000001,0.3
0.04011450066137563,3.419520528015766,0.03863338778211425,3.9578966744035373,1.0,57.270833333333336,5.792560986619601,0.0014811128792614273,3419.5205280157666,2000,1,walk,reset_every_1_none,none,1,adaptive,8,0.015625,37,2,2,2,1.0,1.0,1.03125,1.03125,1,1,0,0,1,1,0.05405405405405406,1.0,2,5.428,8.027649999999998,0,0,0,0,,0,0.6480000000000001,0.6480000000000001,0.3
0.02268725198412699,4.247687792221725,0.01943524405585434,3.9732615147236436,1.0,57.8125,5.8749193562893085,0.0032520079282726496,4247.687792221724,2000,2,walk,reset_every_1_none,none,1,adaptive,8,0.015625,36,2,2,2,1.0,1.0,0.08333333333333333,0.08333333333333333,0,0,2,2,0,0,0.05555555555555555,1.0,2,5.1274999999999995,6.0885,0,0,0,0,,0,0.6480000000000001,0.6480000000000001,0.3
0.019494047619047623,3.27696207952645,0.018036972499628046,4.0474366517662315,0.9791666666666666,58.895833333333336,5.923918709069613,0.0014570751194195781,3276.9620795264505,2000,3,walk,reset_every_1_none,none,1,adaptive,8,0.015625,33,1,1,1,1.0,1.0,0.025,0.025,0,0,0,0,1,1,0.030303030303030304,1.0,1,4.973,5.648,0,0,0,0,,0,0.6480000000000001,0.6480000000000001,0.3
0.061214451058201,3.970727627556267,0.059424282805532025,3.8621946064016783,1.0,56.770833333333336,5.686364037708105,0.0017901682526690308,3970.727627556267,2001,0,walk,reset_every_1_none,none,1,adaptive,8,0.015625,37,2,2,2,1.0,1.0,2.0,2.0,2,2,0,0,0,0,0.05405405405405406,1.0,2,5.0125,6.662,0,0,0,0,,0,0.6480000000000001,0.6480000000000001,0.3
0.020757895171957676,4.010233637750894,0.020023639311654774,4.017539910522042,0.9791666666666666,56.729166666666664,5.845755372685145,0.0007342558603029015,4010.233637750894,2001,1,walk,reset_every_1_none,none,1,adaptive,8,0.015625,36,6,6,6,1.0,1.0,0.1730654761904762,0.1730654761904762,0,0,1,1,5,5,0.16666666666666666,1.0,6,4.9725,5.914499999999999,0,0,0,0,,0,0.6480000000000001,0.6480000000000001,0.3
0.028444320436507922,4.090181445441965,0.025452271301857395,3.9059013432308607,1.0,53.854166666666664,5.704607791599266,0.002992049134650535,4090.181445441965,2001,2,walk,reset_every_1_none,none,1,adaptive,8,0.015625,37,4,4,9,1.0,1.0,0.31145833333333334,0.31145833333333334,1,1,0,0,3,3,0.10810810810810811,1.0,4,5.0075,6.45865,0,0,0,0,,0,0.6480000000000001,0.6480000000000001,0.3
0.028038194444444442,4.369163371546992,0.03221881181235476,3.9713047286656296,1.0,49.8125,5.511753075444793,0.0041806173679103135,4369.163371546992,2001,3,walk,reset_every_1_none,none,1,adaptive,8,0.015625,32,3,3,12,1.0,1.0,0.5208333333333333,0.5208333333333333,2,2,0,0,1,1,0.09375,1.0,3,4.9625,6.284,0,0,0,0,,0,0.6480000000000001,0.6480000000000001,0.3
0.04168526785714283,3.7866880108145646,0.041119090983662655,3.933469983738915,0.9583333333333334,54.6875,5.682669813035031,0.000566176873480218,3786.688010814565,2002,0,walk,reset_every_1_none,none,1,adaptive,8,0.015625,39,3,3,5,1.0,1.0,1.125,1.125,1,1,2,2,0,0,0.07692307692307693,1.0,3,5.072,6.297149999999999,0,0,0,0,,0,0.6480000000000001,0.6480000000000001,0.3
0.02912223048941796,3.6593967992461693,0.028370938037171875,3.9265351413818546,1.0,56.104166666666664,5.735909529258234,0.0007512924522461278,3659.3967992461694,2002,1,walk,reset_every_1_none,none,1,adaptive,8,0.015625,38,5,5,5,1.0,1.0,0.5959821428571429,0.5959821428571429,2,2,1,1,2,2,0.13157894736842105,1.0,5,5.0225,6.132,0,0,0,0,,0,0.6480000000000001,0.6480000000000001,0.3
0.04014550264550263,3.825667831094209,0.03897646180067698,3.9596576438548574,0.9791666666666666,57.270833333333336,5.77653825591995,0.0011690408448256733,3825.6678310942084,2002,2,walk,reset_every_1_none,none,1,adaptive,8,0.015625,33,3,3,3,1.0,1.0,1.0803571428571428,1.0803571428571428,1,1,1,1,1,1,0.09090909090909091,1.0,3,5.133,6.00115,0,0,0,0,,0,0.6480000000000001,0.6480000000000001,0.3
0.02532758763227513,3.030032050424396,0.02519595552233397,3.9419929103960953,1.0,54.875,5.735358822605792,0.00013163210994116686,3030.0320504243955,2002,3,walk,reset_every_1_none,none,1,adaptive,8,0.015625,39,6,6,6,1.0,1.0,0.4513888888888889,0.4513888888888889,1,1,2,2,3,3,0.15384615384615385,1.0,6,5.068,8.289799999999998,0,0,0,0,,0,0.6480000000000001,0.6480000000000001,0.3
0.06455853174603172,3.506337781904719,0.06386725000503052,3.841777207069985,0.9583333333333334,55.229166666666664,5.5919383214483736,0.0006912817410012229,3506.3377819047196,2003,0,walk,reset_every_1_none,none,1,adaptive,8,0.015625,35,6,6,6,1.0,1.0,2.306547619047619,2.306547619047619,3,3,0,0,3,3,0.17142857142857143,1.0,6,5.067,6.1505,0,0,0,0,,0,0.6480000000000001,0.6480000000000001,0.3
0.0393962880291005,3.9162819319420983,0.03892581467266958,3.9708654291990277,1.0,57.0,5.781402586803236,0.00047047335643095783,3916.2819319420983,2003,1,walk,reset_every_1_none,none,1,adaptive,8,0.015625,35,4,4,4,1.0,1.0,1.0751488095238095,1.0751488095238095,1,1,1,1,2,2,0.11428571428571428,1.0,4,5.068,6.0285,0,0,0,0,,0,0.6480000000000001,0.6480000000000001,0.3
0.04085234788359784,3.4842570474232217,0.039195349376649376,3.9253788714842184,0.9791666666666666,56.916666666666664,5.767494397556735,0.0016569985069485131,3484.2570474232202,2003,2,walk,reset_every_1_none,none,1,adaptive,8,0.015625,33,4,4,4,1.0,1.0,1.0982142857142856,1.0982142857142856,1,1,1,1,2,2,0.12121212121212122,1.0,4,5.157500000000001,5.9805,0,0,0,0,,0,0.6480000000000001,0.6480000000000001,0.3
0.02940331514550262,3.313081977212748,0.028605690062632205,3.9181518386921805,1.0,55.708333333333336,5.72149682264343,0.0007976250828704451,3313.0819772127493,2003,3,walk,reset_every_1_none,none,1,adaptive,8,0.015625,40,5,5,5,1.0,1.0,0.609375,0.609375,2,2,1,1,2,2,0.125,1.0,5,5.167,6.442499999999999,0,0,0,0,,0,0.6480000000000001,0.6480000000000001,0.3
0.023751653439153437,3.8691976491929125,0.023154257610891085,3.9833584687030323,1.0,56.166666666666664,5.801540411980238,0.0005973958282623667,3869.197649192912,2004,0,walk,reset_every_1_none,none,1,adaptive,8,0.015625,38,6,6,6,1.0,1.0,0.3761904761904762,0.3761904761904762,1,1,0,0,5,5,0.15789473684210525,1.0,6,5.237,6.023149999999999,0,0,0,0,,0,0.6480000000000001,0.6480000000000001,0.3
0.025608672288359783,3.7852574981277503,0.023400114862004634,3.994763524736367,1.0,56.958333333333336,5.821621683451389,0.0022085574263551663,3785.2574981277485,2004,1,walk,reset_every_1_none,none,1,adaptive,8,0.015625,35,4,4,4,1.0,1.0,0.3246527777777778,0.3246527777777778,1,1,0,0,3,3,0.11428571428571428,1.0,4,5.1875,6.1765,0,0,0,0,,0,0.6480000000000001,0.6480000000000001,0.3
0.021806795634920634,4.1859932339557835,0.022171611988352838,3.9841137442648633,0.875,53.041666666666664,5.703780869649633,0.0003648163534322041,4185.993233955782,2004,2,walk,reset_every_1_none,none,1,adaptive,8,0.015625,37,4,4,8,1.0,1.0,0.19791666666666666,0.19791666666666666,0,0,3,3,1,1,0.10810810810810811,1.0,4,5.2125,6.111,0,0,0,0,,0,0.6480000000000001,0.6480000000000001,0.3
0.04000909391534389,3.8492129765349348,0.03883854484081279,3.95259239047227,0.9583333333333334,57.125,5.779416963296815,0.0011705490745311312,3849.2129765349364,2004,3,walk,reset_every_1_none,none,1,adaptive,8,0.015625,35,4,4,4,1.0,1.0,1.0773809523809526,1.0773809523809526,1,1,1,1,2,2,0.11428571428571428,1.0,4,5.072,7.489499999999999,0,0,0,0,,0,0.6480000000000001,0.6480000000000001,0.3
0.018439980158730163,3.506125059607408,0.020954867006921618,4.076322284743097,1.0,54.791666666666664,5.769861317633297,0.0025148868481914555,3506.125059607408,2005,0,walk,reset_every_1_none,none,1,adaptive,8,0.015625,34,0,0,6,nan,nan,0.0,0.0,0,0,0,0,0,0,0.0,nan,0,5.128,5.763850000000001,0,0,0,0,,0,0.6480000000000001,0.6480000000000001,0.3
0.020481977513227514,3.4210208295949847,0.01954046330473197,4.01101637225145,0.9583333333333334,56.666666666666664,5.838039232674684,0.0009415142084955447,3421.0208295949856,2005,1,walk,reset_every_1_none,none,1,adaptive,8,0.015625,37,4,4,4,1.0,1.0,0.14583333333333331,0.14583333333333331,0,0,2,2,2,2,0.10810810810810811,1.0,4,5.047499999999999,6.1499999999999995,0,0,0,0,,0,0.6480000000000001,0.6480000000000001,0.3
0.03338810350529099,4.6217856656236815,0.029760228446330552,3.888001735821003,0.7083333333333334,54.916666666666664,5.6759734867549225,0.0036278750589604663,4621.785665623684,2005,2,walk,reset_every_1_none,none,1,adaptive,8,0.015625,42,5,5,5,1.0,1.0,0.5803571428571428,0.5803571428571428,3,3,1,1,1,1,0.11904761904761904,1.0,5,5.0325,5.9479999999999995,0,0,0,0,,0,0.6480000000000001,0.6480000000000001,0.3
0.019719328703703704,4.199017525979338,0.02085960050063926,4.02615006391633,0.9791666666666666,54.354166666666664,5.758224131700458,0.0011402717969355575,4199.017525979338,2005,3,walk,reset_every_1_none,none,1,adaptive,8,0.015625,38,1,1,7,1.0,1.0,0.041666666666666664,0.041666666666666664,0,0,1,1,0,0,0.02631578947368421,1.0,1,5.1325,7.052799999999999,0,0,0,0,,0,0.6480000000000001,0.6480000000000001,0.3
0.037471064814814804,3.562344288455035,0.03598534586213809,3.7981664970111786,1.0,50.208333333333336,5.493322505418647,0.0014857189526767238,3562.3442884550345,2006,0,walk,reset_every_1_none,none,1,adaptive,8,0.015625,33,7,7,13,1.0,1.0,0.8315476190476191,0.8315476190476191,3,3,0,0,4,4,0.21212121212121213,1.0,7,5.1129999999999995,6.1185,0,0,0,0,,0,0.6480000000000001,0.6480000000000001,0.3
0.023444733796296302,4.015598946262508,0.022504352046977913,4.012864977307975,0.9375,57.229166666666664,5.839622881931018,0.0009403817493183914,4015.59894626251,2006,1,walk,reset_every_1_none,none,1,adaptive,8,0.015625,40,5,5,5,1.0,1.0,0.33348214285714284,0.33348214285714284,1,1,0,0,4,4,0.125,1.0,5,5.093,6.2364999999999995,0,0,0,0,,0,0.6480000000000001,0.6480000000000001,0.3
0.02220568783068783,4.134022524634779,0.019422305766130393,4.008812815821514,0.8958333333333334,57.458333333333336,5.866548899445469,0.0027833820645574367,4134.022524634777,2006,2,walk,reset_every_1_none,none,1,adaptive,8,0.015625,35,4,4,4,1.0,1.0,0.13988095238095238,0.13988095238095238,0,0,2,2,2,2,0.11428571428571428,1.0,4,5.073,6.528,0,0,0,0,,0,0.6480000000000001,0.6480000000000001,0.3
0.018901909722222218,4.059918401320101,0.02129979556849604,4.051845574803031,0.9791666666666666,52.645833333333336,5.705794149102768,0.002397885846273822,4059.9184013200997,2006,3,walk,reset_every_1_none,none,1,adaptive,8,0.015625,35,4,4,11,1.0,1.0,0.10813492063492063,0.10813492063492063,0,0,1,1,3,3,0.11428571428571428,1.0,4,4.9575,5.965,0,0,0,0,,0,0.6480000000000001,0.6480000000000001,0.3
0.022551876653439162,3.9585110406429447,0.026173337394347976,4.055902856240561,0.9583333333333334,53.041666666666664,5.6668036817411505,0.0036214607409088204,3958.511040642946,2007,0,walk,reset_every_1_none,none,1,adaptive,8,0.015625,33,2,2,9,1.0,1.0,0.265625,0.265625,1,1,0,0,1,1,0.06060606060606061,1.0,2,4.963,6.0661499999999995,0,0,0,0,,0,0.6480000000000001,0.6480000000000001,0.3
0.020763062169312185,3.9324396462936257,0.019542947510009546,4.021765889780279,0.8958333333333334,56.666666666666664,5.8466963689789795,0.001220114659302637,3932.4396462936256,2007,1,walk,reset_every_1_none,none,1,adaptive,8,0.015625,36,5,5,5,1.0,1.0,0.16785714285714284,0.16785714285714284,0,0,2,2,3,3,0.1388888888888889,1.0,5,5.193,6.7426499999999985,0,0,0,0,,0,0.6480000000000001,0.6480000000000001,0.3
0.019735863095238098,3.8094803934341996,0.021184275905462013,4.03569519812801,0.9583333333333334,53.020833333333336,5.716539792407699,0.0014484128102239164,3809.4803934342,2007,2,walk,reset_every_1_none,none,1,adaptive,8,0.015625,36,2,2,10,1.0,1.0,0.04285714285714286,0.04285714285714286,0,0,0,0,2,2,0.05555555555555555,1.0,2,4.952,5.9636499999999995,0,0,0,0,,0,0.6480000000000001,0.6480000000000001,0.3
0.018762400793650807,4.335833526738184,0.018600026350398147,4.056372440382291,1.0,57.791666666666664,5.885883550615408,0.00016237444325265896,4335.8335267381835,2007,3,walk,reset_every_1_none,none,1,adaptive,8,0.015625,36,2,2,3,1.0,1.0,0.05952380952380952,0.05952380952380952,0,0,1,1,1,1,0.05555555555555555,1.0,2,5.1125,6.1286499999999995,0,0,0,0,,0,0.6480000000000001,0.6480000000000001,0.3
0.0486111111111111,3.324430127992309,0.04788690358424149,3.868845182722508,0.9791666666666666,55.625,5.654315394877358,0.0007242075268696126,3324.4301279923093,2008,0,walk,reset_every_1_none,none,1,adaptive,8,0.015625,37,3,3,3,1.0,1.0,1.5,1.5,3,3,0,0,0,0,0.08108108108108109,1.0,3,5.243,7.833599999999996,0,0,0,0,,0,0.6480000000000001,0.6480000000000001,0.3
0.018946345899470907,4.204001915920292,0.021257090291763755,4.066252531522821,0.9583333333333334,54.4375,5.758978144311372,0.0023107443922928453,4204.001915920292,2008,1,walk,reset_every_1_none,none,1,adaptive,8,0.015625,42,4,4,7,1.0,1.0,0.18055555555555558,0.18055555555555558,0,0,2,2,2,2,0.09523809523809523,1.0,4,5.138,6.70515,0,0,0,0,,0,0.6480000000000001,0.6480000000000001,0.3
0.04647817460317457,4.202537693948938,0.04754179457604879,3.870665495712102,0.9791666666666666,51.708333333333336,5.525780161273418,0.0010636199728741812,4202.537693948939,2008,2,walk,reset_every_1_none,none,1,adaptive,8,0.015625,38,4,4,9,1.0,1.0,1.4027777777777777,1.4027777777777777,3,3,0,0,1,1,0.10526315789473684,1.0,4,4.9975000000000005,6.20265,0,0,0,0,,0,0.6480000000000001,0.6480000000000001,0.3
0.021285962301587306,4.542742104815457,0.018778970328696697,4.0878692184968894,0.9583333333333334,59.291666666666664,5.9347542224011995,0.0025069919728906106,4542.7421048154565,2008,3,walk,reset_every_1_none,none,1,adaptive,8,0.015625,39,1,1,1,1.0,1.0,0.017857142857142856,0.017857142857142856,0,0,0,0,1,1,0.02564102564102564,1.0,1,5.198,6.235999999999999,0,0,0,0,,0,0.6480000000000001,0.6480000000000001,0.3
0.01936280588624339,3.917745829905256,0.021318085952651625,4.046105914449343,1.0,53.916666666666664,5.745824754706672,0.0019552800664082346,3917.7458299052564,2009,0,walk,reset_every_1_none,none,1,adaptive,8,0.015625,38,2,2,9,1.0,1.0,0.033482142857142856,0.033482142857142856,0,0,0,0,2,2,0.05263157894736842,1.0,2,5.052,6.851999999999999,0,0,0,0,,0,0.6480000000000001,0.6480000000000001,0.3
0.017809606481481485,3.5589092151933364,0.01820063894589156,4.099045865589557,0.9375,57.416666666666664,5.884922102242274,0.0003910324644100747,3558.909215193338,2009,1,walk,reset_every_1_none,none,1,adaptive,8,0.015625,42,2,2,4,1.0,1.0,0.04285714285714286,0.04285714285714286,0,0,0,0,2,2,0.047619047619047616,1.0,2,4.992,5.694500000000001,0,0,0,0,,0,0.6480000000000001,0.6480000000000001,0.3
0.01828703703703704,3.87797586610219,0.0175235804004602,4.0950185933108525,0.9583333333333334,59.125,5.93640736727249,0.0007634566365768378,3877.9758661021892,2009,2,walk,reset_every_1_none,none,1,adaptive,8,0.015625,36,2,2,2,1.0,1.0,0.03869047619047619,0.03869047619047619,0,0,0,0,2,2,0.05555555555555555,1.0,2,4.9719999999999995,6.269499999999999,0,0,0,0,,0,0.6480000000000001,0.6480000000000001,0.3
0.019584986772486778,4.026966191900706,0.021806162500438788,4.030641192308271,0.9375,52.895833333333336,5.710433635983965,0.00222117572795201,4026.9661919007067,2009,3,walk,reset_every_1_none,none,1,adaptive,8,0.015625,38,3,3,10,1.0,1.0,0.08452380952380953,0.08452380952380953,0,0,1,1,2,2,0.07894736842105263,1.0,3,5.0175,5.774,0,0,0,0,,0,0.6480000000000001,0.6480000000000001,0.3
0.016825810185185187,4.112040692397941,0.01872755341481055,4.0871162191244235,0.9791666666666666,56.708333333333336,5.856275760054562,0.0019017432296253647,4112.04069239794,2000,0,walk,reset_every_1_random,random,0.5,adaptive,8,0.015625,34,2,2,6,1.0,1.0,0.041666666666666664,0.041666666666666664,0,0,0,0,2,2,0.058823529411764705,1.0,2,5.1175,6.6690000000000005,0,0,0,0,,0,0.6480000000000001,0.6480000000000001,0.3
0.03946345899470897,3.4702715406601037,0.03713992729524948,4.027972416829768,1.0,59.166666666666664,5.8635670460656675,0.002323531699459517,3470.2715406601037,2000,1,walk,reset_every_1_random,random,0.5,adaptive,8,0.015625,37,2,1,1,0.5,0.9696969696969697,1.03125,1.0,1,1,0,0,1,0,0.02702702702702703,0.5,1,5.238,6.592149999999999,0,0,0,0,,0,0.6480000000000001,0.6480000000000001,0.3
0.02268725198412699,4.247687792221725,0.01782663541422105,4.051908567195435,1.0,58.916666666666664,5.929893459966581,0.00486061656990594,4247.687792221724,2000,2,walk,reset_every_1_random,random,0.5,adaptive,8,0.015625,36,2,2,2,1.0,1.0,0.08333333333333333,0.08333333333333333,0,0,2,2,0,0,0.05555555555555555,1.0,2,5.0325,6.0889999999999995,0,0,0,0,,0,0.6480000000000001,0.6480000000000001,0.3
0.01897321428571429,3.2747087344230486,0.01666512123541068,4.112905466727866,0.9791666666666666,60.416666666666664,5.988589285432552,0.0023080930503036126,3274.708734423049,2000,3,walk,reset_every_1_random,random,0.5,adaptive,8,0.015625,33,1,0,0,0.0,0.0,0.025,0.0,0,0,0,0,1,0,0.0,0.0,0,5.023,6.063,0,0,0,0,,0,0.6480000000000001,0.6480000000000001,0.3
0.061214451058201,3.970727627556267,0.0577567810515788,3.9279216903214564,1.0,57.916666666666664,5.739218435512431,0.0034576700066222565,3970.727627556267,2001,0,walk,reset_every_1_random,random,0.5,adaptive,8,0.015625,37,2,2,2,1.0,1.0,2.0,2.0,2,2,0,0,0,0,0.05405405405405406,1.0,2,5.037,6.332299999999999,0,0,0,0,,0,0.6480000000000001,0.6480000000000001,0.3
0.018432746362433867,4.119507328186736,0.017263568774931345,4.113691993189673,0.9791666666666666,59.645833333333336,5.964873054223251,0.0011691775875025238,4119.507328186736,2001,1,walk,reset_every_1_random,random,0.5,adaptive,8,0.015625,36,6,2,2,0.3333333333333333,0.2648323301805675,0.1730654761904762,0.04583333333333334,0,0,1,0,5,2,0.05555555555555555,0.6666666666666666,2,5.323,6.782,0,0,0,0,,0,0.6480000000000001,0.6480000000000001,0.3
0.02097904265873016,4.279083593242514,0.018299917193705054,4.077197931860476,0.9791666666666666,57.8125,5.894125220760729,0.002679125465025106,4279.0835932425125,2001,2,walk,reset_every_1_random,random,0.5,adaptive,8,0.015625,37,4,1,4,0.25,0.06688963210702341,0.31145833333333334,0.020833333333333332,1,0,0,0,3,1,0.02702702702702703,1.0,1,5.448,7.723799999999997,0,0,0,0,,0,0.6480000000000001,0.6480000000000001,0.3
0.012413194444444444,4.774707719561827,0.01841545165346776,4.175379776092216,0.9583333333333334,57.708333333333336,5.891491639677693,0.006002257209023314,4774.707719561827,2001,3,walk,reset_every_1_random,random,0.5,adaptive,8,0.015625,32,3,1,4,0.3333333333333333,0.04,0.5208333333333333,0.020833333333333332,2,0,0,0,1,1,0.03125,0.3333333333333333,1,5.2575,7.1425,0,0,0,0,,0,0.6480000000000001,0.6480000000000001,0.3
0.01868179563492064,3.9669611084544463,0.01803389413843196,4.1053592588546906,0.9375,58.708333333333336,5.919287705714314,0.0006479014964886806,3966.9611084544467,2002,0,walk,reset_every_1_random,random,0.5,adaptive,8,0.015625,39,3,1,2,0.3333333333333333,0.05555555555555555,1.125,0.0625,1,0,2,1,0,0,0.02564102564102564,0.5,1,5.253,6.01715,0,0,0,0,,0,0.6480000000000001,0.6480000000000001,0.3
0.017403480489417995,3.85544584717821,0.016540921631483876,4.136625419772195,0.9583333333333334,60.270833333333336,5.986395765316169,0.000862558857934119,3855.445847178211,2002,1,walk,reset_every_1_random,random,0.5,adaptive,8,0.015625,38,5,1,1,0.2,0.029962546816479398,0.5959821428571429,0.017857142857142856,2,0,1,0,2,1,0.02631578947368421,0.25,1,5.167,6.343149999999999,0,0,0,0,,0,0.6480000000000001,0.6480000000000001,0.3
0.03919064153439152,3.8665514908515015,0.037503202923354795,4.018086488155558,0.9583333333333334,58.291666666666664,5.832274928794573,0.0016874386110367415,3866.5514908515015,2002,2,walk,reset_every_1_random,random,0.5,adaptive,8,0.015625,33,3,2,3,0.6666666666666666,0.9421487603305785,1.0803571428571428,1.0178571428571428,1,1,1,0,1,1,0.06060606060606061,0.5,2,5.0925,5.70135,0,0,0,0,,0,0.6480000000000001,0.6480000000000001,0.3
0.02301277281746032,3.112851891092467,0.022831553836402004,4.036291911248672,0.9791666666666666,57.8125,5.846816627065217,0.00018121898105831943,3112.8518910924668,2002,3,walk,reset_every_1_random,random,0.5,adaptive,8,0.015625,39,6,3,3,0.5,0.7538461538461538,0.4513888888888889,0.3402777777777778,1,1,2,1,3,1,0.07692307692307693,0.5,3,5.168,6.656499999999999,0,0,0,0,,0,0.6480000000000001,0.6480000000000001,0.3
0.03814484126984127,3.616474616353122,0.03733960730122317,4.042005305488559,0.9166666666666666,58.770833333333336,5.851875236186557,0.0008052339686181095,3616.474616353122,2003,0,walk,reset_every_1_random,random,0.5,adaptive,8,0.015625,35,6,3,3,0.5,0.45032258064516134,2.306547619047619,1.0386904761904763,3,1,0,0,3,2,0.08571428571428572,0.5,3,5.218,6.9384999999999994,0,0,0,0,,0,0.6480000000000001,0.6480000000000001,0.3
0.03902426421957669,3.8883162196146395,0.03774664787635396,4.012726598520328,1.0,58.333333333333336,5.834644811224854,0.0012776163432227535,3888.31621961464,2003,1,walk,reset_every_1_random,random,0.5,adaptive,8,0.015625,35,4,2,2,0.5,0.9688581314878894,1.0751488095238095,1.0416666666666667,1,1,1,1,2,0,0.05714285714285714,0.6666666666666666,2,5.107,5.97,0,0,0,0,,0,0.6480000000000001,0.6480000000000001,0.3
0.03955026455026451,3.532132206129861,0.0371279469925577,4.020305836282223,0.9791666666666666,58.875,5.856356011725289,0.0024223175577068553,3532.1322061298597,2003,2,walk,reset_every_1_random,random,0.5,adaptive,8,0.015625,33,4,3,3,0.75,0.943089430894309,1.0982142857142856,1.0357142857142856,1,1,1,0,2,2,0.09090909090909091,1.0,3,5.1875,6.019,0,0,0,0,,0,0.6480000000000001,0.6480000000000001,0.3
0.024194981812169305,3.390730838680382,0.022617688119615634,4.0258869343451105,0.9791666666666666,57.791666666666664,5.845522988969646,0.001577293692553684,3390.7308386803834,2003,3,walk,reset_every_1_random,random,0.5,adaptive,8,0.015625,40,5,3,3,0.6,0.5641025641025641,0.609375,0.34375,2,1,1,1,2,1,0.075,0.75,3,5.088,6.047499999999999,0,0,0,0,,0,0.6480000000000001,0.6480000000000001,0.3
0.01765046296296298,3.9985238884607406,0.017317087828173174,4.101458832327355,0.9791666666666666,58.854166666666664,5.9404224289012815,0.0003333751347898035,3998.5238884607406,2004,0,walk,reset_every_1_random,random,0.5,adaptive,8,0.015625,38,6,3,3,0.5,0.22151898734177214,0.3761904761904762,0.08333333333333333,1,0,0,0,5,3,0.07894736842105263,0.75,3,5.0275,5.7205,0,0,0,0,,0,0.6480000000000001,0.6480000000000001,0.3
0.019749297288359797,3.896703407853238,0.016899626445880077,4.118800072815167,0.9791666666666666,59.833333333333336,5.97214680480091,0.0028496708424797213,3896.7034078532374,2004,1,walk,reset_every_1_random,random,0.5,adaptive,8,0.015625,35,4,2,2,0.5,0.1336898395721925,0.3246527777777778,0.043402777777777776,1,0,0,0,3,2,0.05714285714285714,0.5,2,5.117,6.063,0,0,0,0,,0,0.6480000000000001,0.6480000000000001,0.3
0.015426587301587307,4.484816578942751,0.01764382660182488,4.151445482440576,0.8333333333333334,58.75,5.930247836032254,0.0022172393002375737,4484.81657894275,2004,2,walk,reset_every_1_random,random,0.5,adaptive,8,0.015625,37,4,1,2,0.25,0.21052631578947367,0.19791666666666666,0.041666666666666664,0,0,3,1,1,0,0.02702702702702703,0.5,1,5.2275,5.96715,0,0,0,0,,0,0.6480000000000001,0.6480000000000001,0.3
0.03963707010582008,3.8216316870137224,0.037746181125235236,4.004523643687876,0.9583333333333334,58.291666666666664,5.831036268580107,0.001890888980584875,3821.631687013724,2004,3,walk,reset_every_1_random,random,0.5,adaptive,8,0.015625,35,4,3,3,0.75,0.9834254143646407,1.0773809523809526,1.0595238095238095,1,1,1,1,2,1,0.08571428571428572,0.75,3,5.0925,5.7475,0,0,0,0,,0,0.6480000000000001,0.6480000000000001,0.3
0.017571924603174607,3.5566434457532883,0.019250187003159166,4.067572094208132,1.0,56.5625,5.8429482031427815,0.0016782623999845592,3556.6434457532882,2005,0,walk,reset_every_1_random,random,0.5,adaptive,8,0.015625,34,0,0,5,nan,nan,0.0,0.0,0,0,0,0,0,0,0.0,nan,0,5.017,5.60385,0,0,0,0,,0,0.6480000000000001,0.6480000000000001,0.3
0.01896288029100529,3.460313925809206,0.01754507029202294,4.093467224926889,0.9583333333333334,59.0625,5.937905281704912,0.0014178099989823497,3460.313925809207,2005,1,walk,reset_every_1_random,random,0.5,adaptive,8,0.015625,37,4,2,2,0.5,0.5,0.14583333333333331,0.07291666666666666,0,0,2,1,2,1,0.05405405405405406,0.6666666666666666,2,5.022,6.446,0,0,0,0,,0,0.6480000000000001,0.6480000000000001,0.3
0.030411913029100526,4.728457391342433,0.025293859490425726,3.9896636730751975,0.7708333333333334,57.270833333333336,5.800729467557928,0.0051180535386748036,4728.457391342435,2005,2,walk,reset_every_1_random,random,0.5,adaptive,8,0.015625,42,5,3,3,0.6,0.7538461538461539,0.5803571428571428,0.4375,3,2,1,1,1,0,0.07142857142857142,0.6666666666666666,3,5.132,6.1899999999999995,0,0,0,0,,0,0.6480000000000001,0.6480000000000001,0.3
0.014510995370370372,4.433265283278895,0.01702918701314238,4.168670594820118,0.9166666666666666,59.6875,5.96142824019093,0.00251819164277201,4433.265283278896,2005,3,walk,reset_every_1_random,random,0.5,adaptive,8,0.015625,38,1,0,1,0.0,0.0,0.041666666666666664,0.0,0,0,1,0,0,0,0.0,0.0,0,5.0425,8.120599999999996,0,0,0,0,,0,0.6480000000000001,0.6480000000000001,0.3
0.03455687830687829,3.7836571736576032,0.033928238412816995,3.884601025581866,1.0,53.270833333333336,5.607402340559141,0.0006286398940613044,3783.657173657602,2006,0,walk,reset_every_1_random,random,0.5,adaptive,8,0.015625,33,7,4,8,0.5714285714285714,0.9319971367215462,0.8315476190476191,0.775,3,3,0,0,4,1,0.12121212121212122,0.5,4,5.067,6.047499999999999,0,0,0,0,,0,0.6480000000000001,0.6480000000000001,0.3
0.02203104332010583,4.041613702336306,0.021482145113914993,4.076261270388618,0.9166666666666666,59.291666666666664,5.907222600482059,0.0005488982061908366,4041.613702336308,2006,1,walk,reset_every_1_random,random,0.5,adaptive,8,0.015625,40,5,1,1,0.2,0.749665327978581,0.33348214285714284,0.25,1,1,0,0,4,0,0.025,0.25,1,5.007,5.80465,0,0,0,0,,0,0.6480000000000001,0.6480000000000001,0.3
0.020965608465608465,4.149741525418606,0.017723918524310742,4.088319794075605,0.8958333333333334,59.333333333333336,5.9440461368195985,0.003241689941297724,4149.741525418604,2006,2,walk,reset_every_1_random,random,0.5,adaptive,8,0.015625,35,4,2,2,0.5,0.5744680851063829,0.13988095238095238,0.08035714285714285,0,0,2,1,2,1,0.05714285714285714,0.6666666666666666,2,5.077999999999999,5.887499999999999,0,0,0,0,,0,0.6480000000000001,0.6480000000000001,0.3
0.017165798611111113,4.151790008630757,0.019793164961661343,4.050081001272188,0.9791666666666666,54.8125,5.786956430852412,0.0026273663505502315,4151.790008630755,2006,3,walk,reset_every_1_random,random,0.5,adaptive,8,0.015625,35,4,3,9,0.75,0.6146788990825689,0.10813492063492063,0.06646825396825397,0,0,1,0,3,3,0.08571428571428572,1.0,3,5.073,5.999499999999999,0,0,0,0,,0,0.6480000000000001,0.6480000000000001,0.3
0.013003265542328044,4.199724686905141,0.017695319294571053,4.181861419612624,0.9791666666666666,58.875,5.930937562498797,0.00469205375224301,4199.724686905142,2007,0,walk,reset_every_1_random,random,0.5,adaptive,8,0.015625,33,2,1,3,0.5,0.058823529411764705,0.265625,0.015625,1,0,0,0,1,1,0.030303030303030304,0.5,1,5.1475,5.710999999999999,0,0,0,0,,0,0.6480000000000001,0.6480000000000001,0.3
0.01943617724867726,4.0263682313863045,0.018333061059802938,4.080511173476279,0.8958333333333334,58.625,5.91777517596836,0.0011031161888743202,4026.368231386304,2007,1,walk,reset_every_1_random,random,0.5,adaptive,8,0.015625,36,5,2,2,0.4,0.6205673758865248,0.16785714285714284,0.10416666666666666,0,0,2,2,3,0,0.05555555555555555,0.4,2,5.093,5.79715,0,0,0,0,,0,0.6480000000000001,0.6480000000000001,0.3
0.013634672619047624,4.116816272666991,0.01762621439590328,4.169757942397679,0.9583333333333334,58.916666666666664,5.931800901169449,0.003991541776855657,4116.816272666992,2007,2,walk,reset_every_1_random,random,0.5,adaptive,8,0.015625,36,2,0,2,0.0,0.0,0.04285714285714286,0.0,0,0,0,0,2,0,0.0,0.0,0,5.067,6.7995,0,0,0,0,,0,0.6480000000000001,0.6480000000000001,0.3
0.01841517857142858,4.330905561288998,0.017052853756937065,4.101562625371493,1.0,59.520833333333336,5.957040125532951,0.001362324814491514,4330.905561288998,2007,3,walk,reset_every_1_random,random,0.5,adaptive,8,0.015625,36,2,2,2,1.0,1.0,0.05952380952380952,0.05952380952380952,0,0,1,1,1,1,0.05555555555555555,1.0,2,5.112500000000001,6.343649999999999,0,0,0,0,,0,0.6480000000000001,0.6480000000000001,0.3
0.038194444444444434,3.461474622769473,0.03699519580890417,4.044871243467212,0.9375,59.104166666666664,5.865260629302825,0.0011992486355402916,3461.4746227694736,2008,0,walk,reset_every_1_random,random,0.5,adaptive,8,0.015625,37,3,1,1,0.3333333333333333,0.6666666666666666,1.5,1.0,3,1,0,0,0,0,0.02702702702702703,0.5,1,5.0825,6.1615,0,0,0,0,,0,0.6480000000000001,0.6480000000000001,0.3
0.014548197751322753,4.447154286404776,0.017255408984902524,4.158599640052457,0.9583333333333334,59.125,5.944865202915717,0.00270721123357977,4447.154286404777,2008,1,walk,reset_every_1_random,random,0.5,adaptive,8,0.015625,42,4,1,2,0.25,0.15384615384615383,0.18055555555555558,0.027777777777777776,0,0,2,0,2,1,0.023809523809523808,0.3333333333333333,1,5.0675,5.773,0,0,0,0,,0,0.6480000000000001,0.6480000000000001,0.3
0.03554067460317457,4.574208532986049,0.038196964598403764,4.056888214099222,0.9375,57.0625,5.789920239157968,0.0026562899952291574,4574.208532986049,2008,2,walk,reset_every_1_random,random,0.5,adaptive,8,0.015625,38,4,2,4,0.5,0.7326732673267327,1.4027777777777777,1.0277777777777777,3,1,0,0,1,1,0.05263157894736842,0.5,2,5.047499999999999,6.1514999999999995,0,0,0,0,,0,0.6480000000000001,0.6480000000000001,0.3
0.020913938492063494,4.515160815294244,0.016940013336743193,4.123692944406831,0.9583333333333334,60.4375,5.989581497885798,0.0039739251553203014,4515.1608152942445,2008,3,walk,reset_every_1_random,random,0.5,adaptive,8,0.015625,39,1,0,0,0.0,0.0,0.017857142857142856,0.0,0,0,0,0,1,0,0.0,0.0,0,5.2775,6.9876499999999995,0,0,0,0,,0,0.6480000000000001,0.6480000000000001,0.3
0.01725467096560847,4.0151704961890715,0.01930663761757073,4.073287965738931,1.0,56.541666666666664,5.84368380752305,0.0020519666519622573,4015.170496189072,2009,0,walk,reset_every_1_random,random,0.5,adaptive,8,0.015625,38,2,1,6,0.5,0.4666666666666667,0.033482142857142856,0.015625,0,0,0,0,2,1,0.02631578947368421,0.5,1,5.112,5.835,0,0,0,0,,0,0.6480000000000001,0.6480000000000001,0.3
0.015180638227513232,3.7192896206511503,0.01648364898657845,4.164978599970455,0.9791666666666666,60.458333333333336,5.9911818246024255,0.0013030107590652207,3719.289620651152,2009,1,walk,reset_every_1_random,random,0.5,adaptive,8,0.015625,42,2,0,0,0.0,0.0,0.04285714285714286,0.0,0,0,0,0,2,0,0.0,0.0,0,5.0024999999999995,5.89065,0,0,0,0,,0,0.6480000000000001,0.6480000000000001,0.3
0.01828703703703704,3.87797586610219,0.01654612755246392,4.120077816004334,0.9583333333333334,60.0,5.978268094608393,0.001740909484573119,3877.9758661021892,2009,2,walk,reset_every_1_random,random,0.5,adaptive,8,0.015625,36,2,2,2,1.0,1.0,0.03869047619047619,0.03869047619047619,0,0,0,0,2,2,0.05555555555555555,1.0,2,5.1080000000000005,6.4465,0,0,0,0,,0,0.6480000000000001,0.6480000000000001,0.3
0.014351851851851852,4.236750368686237,0.018323932259543936,4.141038180512259,0.8958333333333334,58.145833333333336,5.9020728539399165,0.003972080407692084,4236.750368686237,2009,3,walk,reset_every_1_random,random,0.5,adaptive,8,0.015625,38,3,1,3,0.3333333333333333,0.4929577464788732,0.08452380952380953,0.041666666666666664,0,0,1,1,2,0,0.02631578947368421,0.3333333333333333,1,4.9775,6.286,0,0,0,0,,0,0.6480000000000001,0.6480000000000001,0.3
0.021657986111111114,3.8191375277258612,0.022030140427575656,3.943659118591531,1.0,51.895833333333336,5.666678749967346,0.0003721543164645393,3819.1375277258608,2000,0,walk,reset_every_1_bsp,bsp,0.1,adaptive,8,0.015625,34,2,2,12,1.0,1.0,0.041666666666666664,0.041666666666666664,0,0,0,0,2,2,0.058823529411764705,1.0,2,30.494999999999997,39.37034999999999,0,0,0,0,,0,0.6480000000000001,0.6480000000000001,0.3
0.01922743055555556,3.50400904621946,0.017886717916930823,4.0594527912297105,1.0,59.125,5.926566771062291,0.0013407126386247373,3504.009046219459,2000,1,walk,reset_every_1_bsp,bsp,0.1,adaptive,8,0.015625,37,2,1,1,0.5,0.030303030303030304,1.03125,0.03125,1,0,0,0,1,1,0.02702702702702703,0.5,1,31.156,43.723,0,0,0,0,,0,0.6480000000000001,0.6480000000000001,0.3
0.02239583333333334,4.2424355083187,0.019250439424864766,3.984866698421462,1.0,58.208333333333336,5.881984063293138,0.0031453939084685766,4242.435508318701,2000,2,walk,reset_every_1_bsp,bsp,0.1,adaptive,8,0.015625,36,2,2,2,1.0,1.0,0.08333333333333333,0.08333333333333333,0,0,2,2,0,0,0.05555555555555555,1.0,2,30.47,44.736,0,0,0,0,,0,0.6480000000000001,0.6480000000000001,0.3
0.019184027777777782,3.272130913930899,0.017839638841785983,4.059865996588564,0.9791666666666666,59.3125,5.9315162966168025,0.0013443889359917999,3272.1309139309,2000,3,walk,reset_every_1_bsp,bsp,0.1,adaptive,8,0.015625,33,1,1,1,1.0,1.0,0.025,0.025,0,0,0,0,1,1,0.030303030303030304,1.0,1,30.805999999999997,34.4008,0,0,0,0,,0,0.6480000000000001,0.6480000000000001,0.3
0.019819568452380955,4.153449385219176,0.01816847128532341,4.0505450934033504,1.0,59.875,5.945518023058792,0.0016510971670575456,4153.4493852191745,2001,0,walk,reset_every_1_bsp,bsp,0.1,adaptive,8,0.015625,37,2,0,0,0.0,0.0,2.0,0.0,2,0,0,0,0,0,0.0,0.0,0,31.096,35.692449999999994,0,0,0,0,,0,0.6480000000000001,0.6480000000000001,0.3
0.02081473214285715,4.010838638915858,0.01984053162836751,4.00723090791674,1.0,57.1875,5.85267580644967,0.0009742005144896421,4010.838638915857,2001,1,walk,reset_every_1_bsp,bsp,0.1,adaptive,8,0.015625,36,6,6,6,1.0,1.0,0.1730654761904762,0.1730654761904762,0,0,1,1,5,5,0.16666666666666666,1.0,6,30.2545,35.20224999999999,0,0,0,0,,0,0.6480000000000001,0.6480000000000001,0.3
0.02317708333333333,4.150445579389603,0.020325942670902458,3.978939312773617,1.0,55.645833333333336,5.797226611469957,0.0028511406624308713,4150.445579389603,2001,2,walk,reset_every_1_bsp,bsp,0.1,adaptive,8,0.015625,37,4,3,8,0.75,0.19732441471571907,0.31145833333333334,0.06145833333333334,1,0,0,0,3,3,0.08108108108108109,1.0,3,30.564999999999998,33.8285,0,0,0,0,,0,0.6480000000000001,0.6480000000000001,0.3
0.017968750000000002,4.513937221102593,0.022260879712961312,4.098884990130925,1.0,52.666666666666664,5.685741555232675,0.004292129712961311,4513.937221102596,2001,3,walk,reset_every_1_bsp,bsp,0.1,adaptive,8,0.015625,32,3,1,10,0.3333333333333333,0.04,0.5208333333333333,0.020833333333333332,2,0,0,0,1,1,0.03125,0.3333333333333333,1,30.7105,38.2933,0,0,0,0,,0,0.6480000000000001,0.6480000000000001,0.3
0.021419270833333334,3.881218289237463,0.02031038000776756,3.9954034630234356,1.0,56.75,5.819027878197921,0.0011088908255657722,3881.218289237464,2002,0,walk,reset_every_1_bsp,bsp,0.1,adaptive,8,0.015625,39,3,2,4,0.6666666666666666,0.1111111111111111,1.125,0.125,1,0,2,2,0,0,0.05128205128205128,1.0,2,30.945500000000003,35.3388,0,0,0,0,,0,0.6480000000000001,0.6480000000000001,0.3
0.01901351686507937,3.809778905846579,0.01838715846794071,4.055787614509295,1.0,58.979166666666664,5.910956894336164,0.0006263583971386604,3809.7789058465787,2002,1,walk,reset_every_1_bsp,bsp,0.1,adaptive,8,0.015625,38,5,3,3,0.6,0.16104868913857676,0.5959821428571429,0.09598214285714285,2,0,1,1,2,2,0.07894736842105263,0.5,3,30.52,34.5213,0,0,0,0,,0,0.6480000000000001,0.6480000000000001,0.3
0.019686259920634927,3.920845119825575,0.018278396487783156,4.036540514288532,1.0,58.895833333333336,5.908875789221777,0.0014078634328517706,3920.845119825573,2002,2,walk,reset_every_1_bsp,bsp,0.1,adaptive,8,0.015625,33,3,2,2,0.6666666666666666,0.0743801652892562,1.0803571428571428,0.08035714285714285,1,0,1,1,1,1,0.06060606060606061,1.0,2,30.369999999999997,34.806749999999994,0,0,0,0,,0,0.6480000000000001,0.6480000000000001,0.3
0.020059317129629634,3.0837233241273956,0.02007053442294861,4.014893168536013,1.0,56.708333333333336,5.827826493440507,1.1217293318978768e-05,3083.7233241273957,2002,3,walk,reset_every_1_bsp,bsp,0.1,adaptive,8,0.015625,39,6,5,5,0.8333333333333334,0.4461538461538462,0.4513888888888889,0.2013888888888889,1,0,2,2,3,3,0.1282051282051282,1.0,5,29.999499999999998,34.82275,0,0,0,0,,0,0.6480000000000001,0.6480000000000001,0.3
0.0183655753968254,3.7227408722710678,0.01778146767942738,4.084619574175745,0.9583333333333334,59.333333333333336,5.932474738768881,0.0005841077173980186,3722.7408722710666,2003,0,walk,reset_every_1_bsp,bsp,0.1,adaptive,8,0.015625,35,6,3,3,0.5,0.024516129032258062,2.306547619047619,0.05654761904761904,3,0,0,0,3,3,0.08571428571428572,0.5,3,30.36,42.28915,0,0,0,0,,0,0.6480000000000001,0.6480000000000001,0.3
0.018536086309523813,3.9914709284657626,0.018194885329648115,4.071499194256,1.0,58.8125,5.914902014348541,0.0003412009798756989,3991.4709284657597,2003,1,walk,reset_every_1_bsp,bsp,0.1,adaptive,8,0.015625,35,4,3,3,0.75,0.0698961937716263,1.0751488095238095,0.07514880952380952,1,0,1,1,2,2,0.08571428571428572,0.6666666666666666,3,31.086,43.487449999999995,0,0,0,0,,0,0.6480000000000001,0.6480000000000001,0.3
0.02003658234126985,3.5580814939530825,0.018492321789965255,4.024276751857922,0.9166666666666666,58.604166666666664,5.8999506599926015,0.0015442605513045933,3558.0814939530806,2003,2,walk,reset_every_1_bsp,bsp,0.1,adaptive,8,0.015625,33,4,3,3,0.75,0.08943089430894309,1.0982142857142856,0.0982142857142857,1,0,1,1,2,2,0.09090909090909091,1.0,3,30.66,34.35145,0,0,0,0,,0,0.6480000000000001,0.6480000000000001,0.3
0.019335937500000004,3.4458154658826463,0.018648601210150013,4.0457055777521385,1.0,58.479166666666664,5.89549119868727,0.0006873362898499902,3445.8154658826484,2003,3,walk,reset_every_1_bsp,bsp,0.1,adaptive,8,0.015625,40,5,3,3,0.6,0.1794871794871795,0.609375,0.109375,2,0,1,1,2,2,0.075,0.5,3,30.634999999999998,45.45645,0,0,0,0,,0,0.6480000000000001,0.6480000000000001,0.3
0.01847098214285715,3.9581426810633857,0.018018729563829973,4.057008586735894,1.0,57.979166666666664,5.894560611207617,0.00045225257902717597,3958.142681063384,2004,0,walk,reset_every_1_bsp,bsp,0.1,adaptive,8,0.015625,38,6,5,5,0.8333333333333334,0.33544303797468356,0.3761904761904762,0.1261904761904762,1,0,0,0,5,5,0.13157894736842105,1.0,5,30.645,33.351,0,0,0,0,,0,0.6480000000000001,0.6480000000000001,0.3
0.02028356481481482,3.8253329569218004,0.018238014213631387,4.069998554846993,1.0,58.895833333333336,5.915536846880211,0.0020455506011834317,3825.3329569218004,2004,1,walk,reset_every_1_bsp,bsp,0.1,adaptive,8,0.015625,35,4,3,3,0.75,0.2299465240641711,0.3246527777777778,0.07465277777777778,1,0,0,0,3,3,0.08571428571428572,0.75,3,30.825000000000003,34.7943,0,0,0,0,,0,0.6480000000000001,0.6480000000000001,0.3
0.022113715277777776,4.1842764068517875,0.021925555662784337,3.956072401007914,0.9166666666666666,53.666666666666664,5.713204733170335,0.00018815961499343836,4184.276406851785,2004,2,walk,reset_every_1_bsp,bsp,0.1,adaptive,8,0.015625,37,4,4,8,1.0,1.0,0.19791666666666666,0.19791666666666666,0,0,3,3,1,1,0.10810810810810811,1.0,4,30.615000000000002,43.056599999999996,0,0,0,0,,0,0.6480000000000001,0.6480000000000001,0.3
0.019218129960317465,3.9329145372384957,0.018150468360157886,4.050591808489889,0.9583333333333334,58.75,5.911359993038624,0.0010676616001595793,3932.9145372384955,2004,3,walk,reset_every_1_bsp,bsp,0.1,adaptive,8,0.015625,35,4,3,3,0.75,0.0718232044198895,1.0773809523809526,0.07738095238095238,1,0,1,1,2,2,0.08571428571428572,0.75,3,30.986,34.264649999999996,0,0,0,0,,0,0.6480000000000001,0.6480000000000001,0.3
0.018077256944444443,3.5204396012258914,0.020726420097432748,4.0905857048933845,1.0,55.354166666666664,5.778475546643951,0.0026491631529883034,3520.4396012258935,2005,0,walk,reset_every_1_bsp,bsp,0.1,adaptive,8,0.015625,34,0,0,6,nan,nan,0.0,0.0,0,0,0,0,0,0,0.0,nan,0,30.5,34.5708,0,0,0,0,,0,0.6480000000000001,0.6480000000000001,0.3
0.020275297619047623,3.425351563273806,0.019408500368347875,4.019351171006693,0.875,56.875,5.843153038315002,0.0008667972506997482,3425.351563273807,2005,1,walk,reset_every_1_bsp,bsp,0.1,adaptive,8,0.015625,37,4,4,4,1.0,1.0,0.14583333333333331,0.14583333333333331,0,0,2,2,2,2,0.10810810810810811,1.0,4,30.6205,43.7225,0,0,0,0,,0,0.6480000000000001,0.6480000000000001,0.3
0.02365761408730159,4.79474839979181,0.02013568744135141,4.0440019539250285,0.5416666666666666,58.770833333333336,5.891375454760779,0.0035219266459501817,4794.7483997918125,2005,2,walk,reset_every_1_bsp,bsp,0.1,adaptive,8,0.015625,42,5,2,2,0.4,0.13846153846153847,0.5803571428571428,0.08035714285714285,3,0,1,1,1,1,0.047619047619047616,0.3333333333333333,2,30.435000000000002,36.087399999999995,0,0,0,0,,0,0.6480000000000001,0.6480000000000001,0.3
0.01929253472222222,4.217360544169996,0.02058902586025825,4.043135130690354,0.9791666666666666,55.0,5.768558679603213,0.0012964911380360308,4217.360544170001,2005,3,walk,reset_every_1_bsp,bsp,0.1,adaptive,8,0.015625,38,1,1,7,1.0,1.0,0.041666666666666664,0.041666666666666664,0,0,1,1,0,0,0.02631578947368421,1.0,1,30.52,40.43034999999999,0,0,0,0,,0,0.6480000000000001,0.6480000000000001,0.3
0.022575644841269848,3.7682154062789315,0.021179951656707333,3.981325224157936,1.0,54.145833333333336,5.74934502685375,0.0013956931845625121,3768.2154062789305,2006,0,walk,reset_every_1_bsp,bsp,0.1,adaptive,8,0.015625,33,7,4,10,0.5714285714285714,0.09806728704366499,0.8315476190476191,0.08154761904761905,3,0,0,0,4,4,0.12121212121212122,1.0,4,30.4695,44.233650000000004,0,0,0,0,,0,0.6480000000000001,0.6480000000000001,0.3
0.0181671626984127,4.074988592562241,0.01737136419453037,4.086326972119545,0.75,59.020833333333336,5.932504704175055,0.0007957985038823298,4074.98859256224,2006,1,walk,reset_every_1_bsp,bsp,0.1,adaptive,8,0.015625,40,5,4,4,0.8,0.25033467202141907,0.33348214285714284,0.08348214285714287,1,0,0,0,4,4,0.1,1.0,4,30.655,37.10459999999999,0,0,0,0,,0,0.6480000000000001,0.6480000000000001,0.3
0.021837797619047625,4.16240802161055,0.019189200090870013,4.023439221211717,0.6041666666666666,58.020833333333336,5.875442830550791,0.0026485975281776105,4162.408021610548,2006,2,walk,reset_every_1_bsp,bsp,0.1,adaptive,8,0.015625,35,4,4,4,1.0,1.0,0.13988095238095238,0.13988095238095238,0,0,2,2,2,2,0.11428571428571428,1.0,4,30.871000000000002,45.62575,0,0,0,0,,0,0.6480000000000001,0.6480000000000001,0.3
0.01852885251322751,4.054898080293568,0.02106336028248935,4.06668399282764,0.9791666666666666,53.208333333333336,5.714819581394763,0.00253450776926184,4054.8980802935675,2006,3,walk,reset_every_1_bsp,bsp,0.1,adaptive,8,0.015625,35,4,4,11,1.0,1.0,0.10813492063492063,0.10813492063492063,0,0,1,1,3,3,0.11428571428571428,1.0,4,31.106,44.2925,0,0,0,0,,0,0.6480000000000001,0.6480000000000001,0.3
0.017361111111111112,4.026081186696629,0.02109530980766385,4.125919604090933,0.9583333333333334,54.666666666666664,5.7575932775103515,0.003734198696552738,4026.081186696629,2007,0,walk,reset_every_1_bsp,bsp,0.1,adaptive,8,0.015625,33,2,1,8,0.5,0.058823529411764705,0.265625,0.015625,1,0,0,0,1,1,0.030303030303030304,0.5,1,30.991,40.19814999999999,0,0,0,0,,0,0.6480000000000001,0.6480000000000001,0.3
0.020706225198412705,3.936067838485482,0.0192864807287465,4.01612643111639,0.8333333333333334,57.333333333333336,5.856511787931718,0.0014197444696662069,3936.0678384854814,2007,1,walk,reset_every_1_bsp,bsp,0.1,adaptive,8,0.015625,36,5,5,5,1.0,1.0,0.16785714285714284,0.16785714285714284,0,0,2,2,3,3,0.1388888888888889,1.0,5,30.79,35.619949999999996,0,0,0,0,,0,0.6480000000000001,0.6480000000000001,0.3
0.02007688492063492,3.803818749556095,0.020969872570432795,4.005692696350715,1.0,53.479166666666664,5.72479193776027,0.0008929876497978754,3803.8187495560946,2007,2,walk,reset_every_1_bsp,bsp,0.1,adaptive,8,0.015625,36,2,2,10,1.0,1.0,0.04285714285714286,0.04285714285714286,0,0,0,0,2,2,0.05555555555555555,1.0,2,30.675,45.68374999999999,0,0,0,0,,0,0.6480000000000001,0.6480000000000001,0.3
0.018362475198412703,4.33738311271791,0.018346521387204297,4.072284182781607,1.0,58.395833333333336,5.895563540712783,1.5953811208407425e-05,4337.383112717907,2007,3,walk,reset_every_1_bsp,bsp,0.1,adaptive,8,0.015625,36,2,2,3,1.0,1.0,0.05952380952380952,0.05952380952380952,0,0,1,1,1,1,0.05555555555555555,1.0,2,30.9955,36.906,0,0,0,0,,0,0.6480000000000001,0.6480000000000001,0.3
0.01786024305555556,3.535044354591612,0.01731256760834642,4.089808363074688,0.9791666666666666,60.0625,5.957340126706915,0.0005476754472091399,3535.0443545916137,2008,0,walk,reset_every_1_bsp,bsp,0.1,adaptive,8,0.015625,37,3,0,0,0.0,0.0,1.5,0.0,3,0,0,0,0,0,0.0,0.0,0,31.011,43.834649999999996,0,0,0,0,,0,0.6480000000000001,0.6480000000000001,0.3
0.019147858796296297,4.217143661020539,0.020955284284299092,4.041680324640185,1.0,55.208333333333336,5.77048735851024,0.001807425488002797,4217.143661020534,2008,1,walk,reset_every_1_bsp,bsp,0.1,adaptive,8,0.015625,42,4,4,7,1.0,1.0,0.18055555555555558,0.18055555555555558,0,0,2,2,2,2,0.09523809523809523,1.0,4,30.6055,33.805299999999995,0,0,0,0,,0,0.6480000000000001,0.6480000000000001,0.3
0.018504050925925924,4.422300417383659,0.019678519695619692,4.070610189301679,0.9791666666666666,55.666666666666664,5.80407958096727,0.0011744687696937674,4422.300417383658,2008,2,walk,reset_every_1_bsp,bsp,0.1,adaptive,8,0.015625,38,4,1,6,0.25,0.019801980198019802,1.4027777777777777,0.027777777777777776,3,0,0,0,1,1,0.02631578947368421,0.25,1,31.1505,37.7953,0,0,0,0,,0,0.6480000000000001,0.6480000000000001,0.3
0.021205357142857147,4.553909441318077,0.018507974064860055,4.083114960986415,0.9791666666666666,59.979166666666664,5.945085822175976,0.0026973830779970904,4553.909441318077,2008,3,walk,reset_every_1_bsp,bsp,0.1,adaptive,8,0.015625,39,1,1,1,1.0,1.0,0.017857142857142856,0.017857142857142856,0,0,0,0,1,1,0.02564102564102564,1.0,1,31.2765,42.46014999999999,0,0,0,0,,0,0.6480000000000001,0.6480000000000001,0.3
0.019013516865079367,3.9169598133170975,0.02109618014921853,4.060059131320537,1.0,54.458333333333336,5.754334006176628,0.002082663284139162,3916.9598133170966,2009,0,walk,reset_every_1_bsp,bsp,0.1,adaptive,8,0.015625,38,2,2,9,1.0,1.0,0.033482142857142856,0.033482142857142856,0,0,0,0,2,2,0.05263157894736842,1.0,2,31.4865,44.33365,0,0,0,0,,0,0.6480000000000001,0.6480000000000001,0.3
0.01775483630952381,3.5451658788675484,0.017945015411539766,4.0933798845203295,0.9583333333333334,58.0,5.894743417450972,0.00019017910201595684,3545.165878867547,2009,1,walk,reset_every_1_bsp,bsp,0.1,adaptive,8,0.015625,42,2,2,4,1.0,1.0,0.04285714285714286,0.04285714285714286,0,0,0,0,2,2,0.047619047619047616,1.0,2,31.5465,39.0383,0,0,0,0,,0,0.6480000000000001,0.6480000000000001,0.3
0.01862289186507937,3.8624747558099473,0.017305847454684668,4.065228104167966,0.9375,59.583333333333336,5.9447910138117335,0.0013170444103947007,3862.474755809945,2009,2,walk,reset_every_1_bsp,bsp,0.1,adaptive,8,0.015625,36,2,2,2,1.0,1.0,0.03869047619047619,0.03869047619047619,0,0,0,0,2,2,0.05555555555555555,1.0,2,32.1475,45.8686,0,0,0,0,,0,0.6480000000000001,0.6480000000000001,0.3
0.0195343501984127,4.035845747116959,0.02155477610840287,4.0246254872017975,0.9583333333333334,53.520833333333336,5.719972300970017,0.002020425909990175,4035.845747116959,2009,3,walk,reset_every_1_bsp,bsp,0.1,adaptive,8,0.015625,38,3,3,10,1.0,1.0,0.08452380952380953,0.08452380952380953,0,0,1,1,2,2,0.07894736842105263,1.0,3,32.113,38.29415,0,0,0,0,,0,0.6480000000000001,0.6480000000000001,0.3
0.042389674924550313,3.324853980118304,0.028416049406423536,3.6914925642473073,1.0,46.9375,5.51658428754011,0.013973625518126776,3324.8539801183033,2000,0,walk,reset_every_4_none,none,1,adaptive,8,0.015625,34,2,2,7,1.0,1.0,0.041666666666666664,0.041666666666666664,0,0,0,0,2,2,0.058823529411764705,1.0,2,4.993,6.4251499999999995,0,0,0,0,,0,0.6480000000000001,0.6480000000000001,0.3
0.06131415772123078,2.853636768695017,0.049246804961822155,3.645519021563357,0.9583333333333334,49.020833333333336,5.466836294125841,0.012067352759408618,2853.6367686950175,2000,1,walk,reset_every_4_none,none,1,adaptive,8,0.015625,37,2,2,7,1.0,1.0,1.03125,1.03125,1,1,0,0,1,1,0.05405405405405406,1.0,2,4.922499999999999,6.2055,0,0,0,0,,0,0.6480000000000001,0.6480000000000001,0.3
0.04162749149693096,3.986373479592442,0.02957987360058267,3.8160474170370846,0.9791666666666666,51.416666666666664,5.601521335657608,0.01204761789634829,3986.3734795924443,2000,2,walk,reset_every_4_none,none,1,adaptive,8,0.015625,36,2,2,6,1.0,1.0,0.08333333333333333,0.08333333333333333,0,0,2,2,0,0,0.05555555555555555,1.0,2,4.837,5.8069999999999995,0,0,0,0,,0,0.6480000000000001,0.6480000000000001,0.3
0.01753001605487327,3.1981291779082213,0.02534310982293277,3.833628605364657,0.9583333333333334,52.833333333333336,5.710156686689715,0.007813093768059498,3198.129177908222,2000,3,walk,reset_every_4_none,none,1,adaptive,8,0.015625,33,1,1,4,1.0,1.0,0.025,0.025,0,0,0,0,1,1,0.030303030303030304,1.0,1,4.8575,5.888999999999999,0,0,0,0,,0,0.6480000000000001,0.6480000000000001,0.3
0.12555888011770364,3.2910527461491648,0.116343532966037,3.4525844231778344,1.0,47.6875,5.169756206399815,0.016003026946922676,3291.052746149165,2001,0,walk,reset_every_4_none,none,1,adaptive,8,0.015625,37,2,2,5,1.0,1.0,2.0,2.0,2,2,0,0,0,0,0.05405405405405406,1.0,2,4.8919999999999995,7.394949999999998,0,0,0,0,,0,0.6480000000000001,0.6480000000000001,0.3
0.03993157161099665,3.7010815018328582,0.03076295621022791,3.6792700754281764,0.9791666666666666,48.395833333333336,5.53760595581948,0.009168615400768743,3701.0815018328576,2001,1,walk,reset_every_4_none,none,1,adaptive,8,0.015625,36,6,6,8,1.0,1.0,0.1730654761904762,0.1730654761904762,0,0,1,1,5,5,0.16666666666666666,1.0,6,4.9475,5.731,0,0,0,0,,0,0.6480000000000001,0.6480000000000001,0.3
0.04470491617714012,3.7214280577402126,0.045924533712149974,3.6480773619651043,1.0,44.9375,5.287625190611191,0.024338107118343166,3721.4280577402114,2001,2,walk,reset_every_4_none,none,1,adaptive,8,0.015625,37,4,4,8,1.0,1.0,0.31145833333333334,0.31145833333333334,1,1,0,0,3,3,0.10810810810810811,1.0,4,4.942,6.008149999999999,0,0,0,0,,0,0.6480000000000001,0.6480000000000001,0.3
0.022342273388755076,4.117250756733324,0.05309908573853348,3.868631875293062,1.0,48.25,5.38871585939231,0.03075681234977845,4117.250756733324,2001,3,walk,reset_every_4_none,none,1,adaptive,8,0.015625,32,3,3,7,1.0,1.0,0.5208333333333333,0.5208333333333333,2,2,0,0,1,1,0.09375,1.0,3,4.8375,6.12165,0,0,0,0,,0,0.6480000000000001,0.6480000000000001,0.3
0.0426739493145743,3.5979175983631353,0.049946144347775584,3.8070145472102417,0.9791666666666666,48.895833333333336,5.451306975348138,0.007272195033201271,3597.9175983631358,2002,0,walk,reset_every_4_none,none,1,adaptive,8,0.015625,39,3,3,7,1.0,1.0,1.125,1.125,1,1,2,2,0,0,0.07692307692307693,1.0,3,4.902,6.293299999999999,0,0,0,0,,0,0.6480000000000001,0.6480000000000001,0.3
0.04026972708187398,2.981082101790005,0.05498923186914914,3.4643386854487694,1.0,43.1875,5.16311000732166,0.014719504787275142,2981.0821017900057,2002,1,walk,reset_every_4_none,none,1,adaptive,8,0.015625,38,5,5,8,1.0,1.0,0.5959821428571429,0.5959821428571429,2,2,1,1,2,2,0.13157894736842105,1.0,5,4.872,5.958499999999999,0,0,0,0,,0,0.6480000000000001,0.6480000000000001,0.3
0.05281894627287525,3.429701954340953,0.07501930976195666,3.696020160292223,0.9791666666666666,50.604166666666664,5.422742896764869,0.04784464437922325,3429.7019543409538,2002,2,walk,reset_every_4_none,none,1,adaptive,8,0.015625,33,3,3,4,1.0,1.0,1.0803571428571428,1.0803571428571428,1,1,1,1,1,1,0.09090909090909091,1.0,3,4.887,5.7105,0,0,0,0,,0,0.6480000000000001,0.6480000000000001,0.3
0.021905492869179487,2.9656340217049255,0.0427227068106348,3.783066291160894,0.9583333333333334,47.291666666666664,5.427122838316624,0.027498874182304473,2965.634021704925,2002,3,walk,reset_every_4_none,none,1,adaptive,8,0.015625,39,6,6,7,1.0,1.0,0.4513888888888889,0.4513888888888889,1,1,2,2,3,3,0.15384615384615385,1.0,6,4.8625,6.433649999999999,0,0,0,0,,0,0.6480000000000001,0.6480000000000001,0.3
0.12568439943286,2.7177023760211014,0.12595216113780366,3.2713843150739526,0.9791666666666666,43.041666666666664,4.933778875879038,0.03736439975338968,2717.702376021102,2003,0,walk,reset_every_4_none,none,1,adaptive,8,0.015625,35,6,6,8,1.0,1.0,2.306547619047619,2.306547619047619,3,3,0,0,3,3,0.17142857142857143,1.0,6,4.932,5.8325,0,0,0,0,,0,0.6480000000000001,0.6480000000000001,0.3
0.08207986473245904,3.369899294427638,0.08299134957370098,3.591019556797494,1.0,47.770833333333336,5.310976445189115,0.010286484841241943,3369.8992944276392,2003,1,walk,reset_every_4_none,none,1,adaptive,8,0.015625,35,4,4,7,1.0,1.0,1.0751488095238095,1.0751488095238095,1,1,1,1,2,2,0.11428571428571428,1.0,4,4.962,5.82065,0,0,0,0,,0,0.6480000000000001,0.6480000000000001,0.3
0.07169736425972746,3.303460880584718,0.058081142959554605,3.742252677150096,0.9791666666666666,51.645833333333336,5.555158778703471,0.013616221300172851,3303.4608805847165,2003,2,walk,reset_every_4_none,none,1,adaptive,8,0.015625,33,4,4,6,1.0,1.0,1.0982142857142856,1.0982142857142856,1,1,1,1,2,2,0.12121212121212122,1.0,4,5.093,5.858,0,0,0,0,,0,0.6480000000000001,0.6480000000000001,0.3
0.031763155512156124,2.879163714498348,0.05016159680162704,3.576584897707599,0.9791666666666666,44.3125,5.213444953943036,0.018398441289470876,2879.1637144983492,2003,3,walk,reset_every_4_none,none,1,adaptive,8,0.015625,40,5,5,9,1.0,1.0,0.609375,0.609375,2,2,1,1,2,2,0.125,1.0,5,4.922,6.3755,0,0,0,0,,0,0.6480000000000001,0.6480000000000001,0.3
0.05449071992628415,3.5502677710911814,0.037243459316718956,3.6906742449734495,1.0,49.083333333333336,5.499016818974273,0.017247260609565194,3550.2677710911807,2004,0,walk,reset_every_4_none,none,1,adaptive,8,0.015625,38,6,6,7,1.0,1.0,0.3761904761904762,0.3761904761904762,1,1,0,0,5,5,0.15789473684210525,1.0,6,4.852,6.1155,0,0,0,0,,0,0.6480000000000001,0.6480000000000001,0.3
0.04664819688472215,3.450814538186194,0.03175929727257563,3.8387594669853438,1.0,49.916666666666664,5.576471041661997,0.014888899612146525,3450.814538186194,2004,1,walk,reset_every_4_none,none,1,adaptive,8,0.015625,35,4,4,6,1.0,1.0,0.3246527777777778,0.3246527777777778,1,1,0,0,3,3,0.11428571428571428,1.0,4,4.9175,6.375,0,0,0,0,,0,0.6480000000000001,0.6480000000000001,0.3
0.023268356681092204,3.9824499726436753,0.031839364352207335,3.861249218097391,0.8958333333333334,44.479166666666664,5.4031658637966125,0.008571007671115132,3982.4499726436748,2004,2,walk,reset_every_4_none,none,1,adaptive,8,0.015625,37,4,4,7,1.0,1.0,0.19791666666666666,0.19791666666666666,0,0,3,3,1,1,0.10810810810810811,1.0,4,4.9325,5.5874999999999995,0,0,0,0,,0,0.6480000000000001,0.6480000000000001,0.3
0.06635589716186824,3.309796122033722,0.061731551903104614,3.636399853413499,0.9583333333333334,49.770833333333336,5.4699738777577736,0.004750654741236353,3309.796122033722,2004,3,walk,reset_every_4_none,none,1,adaptive,8,0.015625,35,4,4,6,1.0,1.0,1.0773809523809526,1.0773809523809526,1,1,1,1,2,2,0.11428571428571428,1.0,4,4.852,5.683649999999999,0,0,0,0,,0,0.6480000000000001,0.6480000000000001,0.3
0.021149917706160665,3.2998615117939707,0.02674410032557266,3.88674903136123,1.0,50.708333333333336,5.63616681041749,0.005594182619411993,3299.8615117939717,2005,0,walk,reset_every_4_none,none,1,adaptive,8,0.015625,34,0,0,4,nan,nan,0.0,0.0,0,0,0,0,0,0,0.0,nan,0,4.9925,6.034,0,0,0,0,,0,0.6480000000000001,0.6480000000000001,0.3
0.0676404650175751,2.8762818187702277,0.0337453714635089,3.738816175972897,0.9791666666666666,48.020833333333336,5.497152802350769,0.03389509355406622,2876.2818187702273,2005,1,walk,reset_every_4_none,none,1,adaptive,8,0.015625,37,4,4,6,1.0,1.0,0.14583333333333331,0.14583333333333331,0,0,2,2,2,2,0.10810810810810811,1.0,4,4.8575,5.5741499999999995,0,0,0,0,,0,0.6480000000000001,0.6480000000000001,0.3
0.08121749276630985,4.214195897442033,0.05622096913031729,3.608504690689788,0.875,47.395833333333336,5.289787923990468,0.04216245658920561,4214.195897442033,2005,2,walk,reset_every_4_none,none,1,adaptive,8,0.015625,42,5,5,5,1.0,1.0,0.5803571428571428,0.5803571428571428,3,3,1,1,1,1,0.11904761904761904,1.0,5,4.952,6.028149999999999,0,0,0,0,,0,0.6480000000000001,0.6480000000000001,0.3
0.029073198301421993,4.069689500155247,0.027921463598891926,3.9277754204320914,0.9791666666666666,49.1875,5.574640777191289,0.0011630801122847426,4069.689500155249,2005,3,walk,reset_every_4_none,none,1,adaptive,8,0.015625,38,1,1,7,1.0,1.0,0.041666666666666664,0.041666666666666664,0,0,1,1,0,0,0.02631578947368421,1.0,1,4.932,6.122,0,0,0,0,,0,0.6480000000000001,0.6480000000000001,0.3
0.07189003126503125,3.348439213998285,0.081288122893394,3.5448836664828907,0.9583333333333334,41.479166666666664,5.023048986478079,0.03864168567682887,3348.4392139982842,2006,0,walk,reset_every_4_none,none,1,adaptive,8,0.015625,33,7,7,12,1.0,1.0,0.8315476190476191,0.8315476190476191,3,3,0,0,4,4,0.21212121212121213,1.0,7,4.932,6.206149999999999,0,0,0,0,,0,0.6480000000000001,0.6480000000000001,0.3
0.035002751404966254,3.677443556304088,0.038918951186217396,3.8405055439534554,0.9791666666666666,49.541666666666664,5.501895126028628,0.01069557481345943,3677.4435563040875,2006,1,walk,reset_every_4_none,none,1,adaptive,8,0.015625,40,5,5,7,1.0,1.0,0.33348214285714284,0.33348214285714284,1,1,0,0,4,4,0.125,1.0,5,4.952500000000001,6.819299999999999,0,0,0,0,,0,0.6480000000000001,0.6480000000000001,0.3
0.03925427842687401,3.810060122630953,0.024583565966272192,3.9442793726624275,0.8958333333333334,53.479166666666664,5.731750108255132,0.014670712460601818,3810.060122630952,2006,2,walk,reset_every_4_none,none,1,adaptive,8,0.015625,35,4,4,5,1.0,1.0,0.13988095238095238,0.13988095238095238,0,0,2,2,2,2,0.11428571428571428,1.0,4,4.933,5.8161499999999995,0,0,0,0,,0,0.6480000000000001,0.6480000000000001,0.3
0.025638296300372565,3.9730883898009086,0.030579607810911392,3.9636187627424704,0.9583333333333334,46.479166666666664,5.495890280703395,0.004941311510538828,3973.088389800911,2006,3,walk,reset_every_4_none,none,1,adaptive,8,0.015625,35,4,4,7,1.0,1.0,0.10813492063492063,0.10813492063492063,0,0,1,1,3,3,0.11428571428571428,1.0,4,5.032,7.742649999999999,0,0,0,0,,0,0.6480000000000001,0.6480000000000001,0.3
0.023276475921556492,3.9283148237018204,0.05108478302140745,3.9202808585545603,0.9166666666666666,43.729166666666664,5.201036249984095,0.027808307099850937,3928.3148237018213,2007,0,walk,reset_every_4_none,none,1,adaptive,8,0.015625,33,2,2,9,1.0,1.0,0.265625,0.265625,1,1,0,0,1,1,0.06060606060606061,1.0,2,4.8774999999999995,5.584,0,0,0,0,,0,0.6480000000000001,0.6480000000000001,0.3
0.03486553808280435,3.311568202077098,0.029200877775932638,3.77502371230387,0.9583333333333334,48.1875,5.537627278582558,0.0056646603068717105,3311.5682020771,2007,1,walk,reset_every_4_none,none,1,adaptive,8,0.015625,36,5,5,7,1.0,1.0,0.16785714285714284,0.16785714285714284,0,0,2,2,3,3,0.1388888888888889,1.0,5,5.022,6.015649999999999,0,0,0,0,,0,0.6480000000000001,0.6480000000000001,0.3
0.014974911967836499,3.782685984333357,0.02979603784269906,3.870100210615092,0.9583333333333334,46.229166666666664,5.466527326386689,0.014821125874862564,3782.685984333359,2007,2,walk,reset_every_4_none,none,1,adaptive,8,0.015625,36,2,2,7,1.0,1.0,0.04285714285714286,0.04285714285714286,0,0,0,0,2,2,0.05555555555555555,1.0,2,4.847,6.0009999999999994,0,0,0,0,,0,0.6480000000000001,0.6480000000000001,0.3
0.0302433137941098,3.826929836388516,0.028641259214317597,3.762997511457256,1.0,48.0625,5.5455742800152334,0.0016020545797922013,3826.929836388515,2007,3,walk,reset_every_4_none,none,1,adaptive,8,0.015625,36,2,2,5,1.0,1.0,0.05952380952380952,0.05952380952380952,0,0,1,1,1,1,0.05555555555555555,1.0,2,4.8420000000000005,5.80115,0,0,0,0,,0,0.6480000000000001,0.6480000000000001,0.3
0.04547503339122643,3.2328928343535406,0.0680346903585886,3.791016772290441,0.9791666666666666,52.125,5.458860663993504,0.022559656967362184,3232.892834353539,2008,0,walk,reset_every_4_none,none,1,adaptive,8,0.015625,37,3,3,4,1.0,1.0,1.5,1.5,3,3,0,0,0,0,0.08108108108108109,1.0,3,4.922000000000001,6.39615,0,0,0,0,,0,0.6480000000000001,0.6480000000000001,0.3
0.023139325144488364,3.652347642246109,0.035363417975531705,3.793173248236012,0.9375,44.666666666666664,5.391473539745857,0.012224092831043342,3652.3476422461113,2008,1,walk,reset_every_4_none,none,1,adaptive,8,0.015625,42,4,4,7,1.0,1.0,0.18055555555555558,0.18055555555555558,0,0,2,2,2,2,0.09523809523809523,1.0,4,5.0425,5.9285,0,0,0,0,,0,0.6480000000000001,0.6480000000000001,0.3
0.05041810806765628,3.736338506123456,0.09322809950115697,3.700951303444825,0.9375,41.75,4.949311417664266,0.043921227965254835,3736.338506123457,2008,2,walk,reset_every_4_none,none,1,adaptive,8,0.015625,38,4,4,6,1.0,1.0,1.4027777777777777,1.4027777777777777,3,3,0,0,1,1,0.10526315789473684,1.0,4,4.9125,5.994999999999999,0,0,0,0,,0,0.6480000000000001,0.6480000000000001,0.3
0.030729302452830412,4.290026335861753,0.02485379303309555,4.0167087852096595,0.8541666666666666,55.645833333333336,5.789792610156998,0.010479097382697825,4290.026335861752,2008,3,walk,reset_every_4_none,none,1,adaptive,8,0.015625,39,1,1,3,1.0,1.0,0.017857142857142856,0.017857142857142856,0,0,0,0,1,1,0.02564102564102564,1.0,1,4.857,6.725499999999999,0,0,0,0,,0,0.6480000000000001,0.6480000000000001,0.3
0.013039685676282435,3.946714527379644,0.026725406042709652,3.9684188627886687,0.9583333333333334,52.1875,5.677879462547342,0.013685720366427219,3946.7145273796455,2009,0,walk,reset_every_4_none,none,1,adaptive,8,0.015625,38,2,2,6,1.0,1.0,0.033482142857142856,0.033482142857142856,0,0,0,0,2,2,0.05263157894736842,1.0,2,4.967499999999999,5.6795,0,0,0,0,,0,0.6480000000000001,0.6480000000000001,0.3
0.02499891612205776,3.548819130079341,0.021807627682224814,3.9560379954336398,0.9791666666666666,54.333333333333336,5.795225381592914,0.0031912884398329435,3548.81913007934,2009,1,walk,reset_every_4_none,none,1,adaptive,8,0.015625,42,2,2,3,1.0,1.0,0.04285714285714286,0.04285714285714286,0,0,0,0,2,2,0.047619047619047616,1.0,2,4.912,6.459299999999999,0,0,0,0,,0,0.6480000000000001,0.6480000000000001,0.3
0.04179501036275779,3.360966776420138,0.024099115695194278,3.846205608366463,1.0,53.104166666666664,5.733347423552723,0.01769589466756351,3360.966776420138,2009,2,walk,reset_every_4_none,none,1,adaptive,8,0.015625,36,2,2,4,1.0,1.0,0.03869047619047619,0.03869047619047619,0,0,0,0,2,2,0.05555555555555555,1.0,2,5.007,6.2665,0,0,0,0,,0,0.6480000000000001,0.6480000000000001,0.3
0.020940318069188318,3.707234276211184,0.029783275212115476,3.8421239495332142,0.8958333333333334,44.895833333333336,5.440531215304056,0.00884295714292716,3707.2342762111844,2009,3,walk,reset_every_4_none,none,1,adaptive,8,0.015625,38,3,3,8,1.0,1.0,0.08452380952380953,0.08452380952380953,0,0,1,1,2,2,0.07894736842105263,1.0,3,4.9025,5.9639999999999995,0,0,0,0,,0,0.6480000000000001,0.6480000000000001,0.3
0.025028563813439212,4.0018211991197745,0.021427110020962873,3.9860898902429476,1.0,54.3125,5.796900984011877,0.003601453792476339,4001.821199119773,2000,0,walk,reset_every_4_random,random,0.5,adaptive,8,0.015625,34,2,2,4,1.0,1.0,0.041666666666666664,0.041666666666666664,0,0,0,0,2,2,0.058823529411764705,1.0,2,5.1274999999999995,6.711149999999999,0,0,0,0,,0,0.6480000000000001,0.6480000000000001,0.3
0.04861379980028462,3.3451379763754434,0.04296616074510414,3.88219914775124,0.9791666666666666,53.520833333333336,5.662296552620528,0.005647639055180481,3345.1379763754444,2000,1,walk,reset_every_4_random,random,0.5,adaptive,8,0.015625,37,2,1,4,0.5,0.9696969696969697,1.03125,1.0,1,1,0,0,1,0,0.02702702702702703,0.5,1,5.042,6.0785,0,0,0,0,,0,0.6480000000000001,0.6480000000000001,0.3
0.032078880385819845,3.9202945100439996,0.022568322561552445,3.936428048946682,1.0,54.729166666666664,5.778059385679767,0.009510557824267402,3920.2945100439997,2000,2,walk,reset_every_4_random,random,0.5,adaptive,8,0.015625,36,2,2,5,1.0,1.0,0.08333333333333333,0.08333333333333333,0,0,2,2,0,0,0.05555555555555555,1.0,2,5.098,6.052999999999999,0,0,0,0,,0,0.6480000000000001,0.6480000000000001,0.3
0.015369877806025348,3.171961621017592,0.01968295591521231,3.9926177758713206,0.9791666666666666,58.25,5.915059919509755,0.004313078109186963,3171.961621017592,2000,3,walk,reset_every_4_random,random,0.5,adaptive,8,0.015625,33,1,0,1,0.0,0.0,0.025,0.0,0,0,0,0,1,0,0.0,0.0,0,5.038,6.0755,0,0,0,0,,0,0.6480000000000001,0.6480000000000001,0.3
0.12324406530288882,3.3199754553652343,0.10442344086390797,3.5776355300248657,1.0,51.041666666666664,5.312970256345282,0.028079883698240105,3319.975455365234,2001,0,walk,reset_every_4_random,random,0.5,adaptive,8,0.015625,37,2,2,4,1.0,1.0,2.0,2.0,2,2,0,0,0,0,0.05405405405405406,1.0,2,5.102,5.8835,0,0,0,0,,0,0.6480000000000001,0.6480000000000001,0.3
0.010967590596983668,3.83063084008997,0.023391051398981597,3.942021520872755,0.9583333333333334,54.354166666666664,5.775353639452535,0.01242346080199793,3830.630840089969,2001,1,walk,reset_every_4_random,random,0.5,adaptive,8,0.015625,36,6,2,5,0.3333333333333333,0.2648323301805675,0.1730654761904762,0.04583333333333334,0,0,1,0,5,2,0.05555555555555555,0.6666666666666666,2,4.9825,6.109999999999999,0,0,0,0,,0,0.6480000000000001,0.6480000000000001,0.3
0.011024360621584574,4.4405224603641225,0.02280654902595815,3.9748141584728014,0.9791666666666666,52.875,5.7415615619200535,0.011782188404373577,4440.522460364119,2001,2,walk,reset_every_4_random,random,0.5,adaptive,8,0.015625,37,4,1,3,0.25,0.06688963210702341,0.31145833333333334,0.020833333333333332,1,0,0,0,3,1,0.02702702702702703,1.0,1,5.0625,6.2645,0,0,0,0,,0,0.6480000000000001,0.6480000000000001,0.3
0.015061380561881126,4.494416901917178,0.020683438569348785,4.172579234022188,0.9375,56.791666666666664,5.869764882738752,0.00562205800746766,4494.416901917178,2001,3,walk,reset_every_4_random,random,0.5,adaptive,8,0.015625,32,3,1,2,0.3333333333333333,0.04,0.5208333333333333,0.020833333333333332,2,0,0,0,1,1,0.03125,0.3333333333333333,1,5.0775,6.45615,0,0,0,0,,0,0.6480000000000001,0.6480000000000001,0.3
0.019492519985047165,3.846968185307572,0.02294107833714219,4.03098923419059,0.9791666666666666,55.979166666666664,5.811711346877817,0.003448558352095022,3846.9681853075726,2002,0,walk,reset_every_4_random,random,0.5,adaptive,8,0.015625,39,3,1,2,0.3333333333333333,0.05555555555555555,1.125,0.0625,1,0,2,1,0,0,0.02564102564102564,0.5,1,5.047499999999999,6.0275,0,0,0,0,,0,0.6480000000000001,0.6480000000000001,0.3
0.019291717822614737,3.6676857794589517,0.01945608521660983,4.087857978997254,0.9583333333333334,57.4375,5.894578179128673,0.0001643673939950921,3667.685779458951,2002,1,walk,reset_every_4_random,random,0.5,adaptive,8,0.015625,38,5,1,2,0.2,0.029962546816479398,0.5959821428571429,0.017857142857142856,2,0,1,0,2,1,0.02631578947368421,0.25,1,5.0425,6.498149999999999,0,0,0,0,,0,0.6480000000000001,0.6480000000000001,0.3
0.03656432415887815,3.4963602786871113,0.07066606067325036,3.9221558688126343,0.9166666666666666,51.4375,5.4947441828962225,0.034101736514372205,3496.3602786871124,2002,2,walk,reset_every_4_random,random,0.5,adaptive,8,0.015625,33,3,2,4,0.6666666666666666,0.9421487603305785,1.0803571428571428,1.0178571428571428,1,1,1,0,1,1,0.06060606060606061,0.5,2,5.002,5.96115,0,0,0,0,,0,0.6480000000000001,0.6480000000000001,0.3
0.021905492869179487,3.1699555114512505,0.03361654364535599,3.932104958375439,0.9791666666666666,51.458333333333336,5.59936477790323,0.0117110507761765,3169.955511451249,2002,3,walk,reset_every_4_random,random,0.5,adaptive,8,0.015625,39,6,3,4,0.5,0.7538461538461538,0.4513888888888889,0.3402777777777778,1,1,2,1,3,1,0.07692307692307693,0.5,3,4.987500000000001,5.851999999999999,0,0,0,0,,0,0.6480000000000001,0.6480000000000001,0.3
0.05872011371857431,3.070058656832962,0.07615769884299822,3.730955068100984,0.9583333333333334,51.479166666666664,5.450852806023426,0.029937585124423904,3070.058656832962,2003,0,walk,reset_every_4_random,random,0.5,adaptive,8,0.015625,35,6,3,5,0.5,0.45032258064516134,2.306547619047619,1.0386904761904763,3,1,0,0,3,2,0.08571428571428572,0.5,3,4.927,5.829649999999999,0,0,0,0,,0,0.6480000000000001,0.6480000000000001,0.3
0.09206250362134792,3.352251800236351,0.07813998006790743,3.743193892666246,1.0,52.458333333333336,5.48708598478157,0.013922523553440473,3352.2518002363518,2003,1,walk,reset_every_4_random,random,0.5,adaptive,8,0.015625,35,4,2,4,0.5,0.9688581314878894,1.0751488095238095,1.0416666666666667,1,1,1,1,2,0,0.05714285714285714,0.6666666666666666,2,5.002,6.501149999999999,0,0,0,0,,0,0.6480000000000001,0.6480000000000001,0.3
0.06849100753774574,3.364607202009084,0.053033138126134534,3.9067163514670447,0.9791666666666666,56.479166666666664,5.737344643590135,0.015457869411611183,3364.6072020090833,2003,2,walk,reset_every_4_random,random,0.5,adaptive,8,0.015625,33,4,3,3,0.75,0.943089430894309,1.0982142857142856,1.0357142857142856,1,1,1,0,2,2,0.09090909090909091,1.0,3,5.042,6.474,0,0,0,0,,0,0.6480000000000001,0.6480000000000001,0.3
0.02335541741691804,3.1678817761559497,0.03661425274949921,3.8067649339100886,0.9583333333333334,49.416666666666664,5.492592788401734,0.013258835332581187,3167.88177615595,2003,3,walk,reset_every_4_random,random,0.5,adaptive,8,0.015625,40,5,3,5,0.6,0.5641025641025641,0.609375,0.34375,2,1,1,1,2,1,0.075,0.75,3,4.977,6.32515,0,0,0,0,,0,0.6480000000000001,0.6480000000000001,0.3
0.01850192573436497,3.7532894248797883,0.020982473924298955,3.9789294464556897,0.9791666666666666,54.4375,5.801832737730018,0.002480548189933982,3753.289424879787,2004,0,walk,reset_every_4_random,random,0.5,adaptive,8,0.015625,38,6,3,4,0.5,0.22151898734177214,0.3761904761904762,0.08333333333333333,1,0,0,0,5,3,0.07894736842105263,0.75,3,5.0825,6.2185,0,0,0,0,,0,0.6480000000000001,0.6480000000000001,0.3
0.030330819239219504,3.795409091707553,0.021745804183393697,4.003448496951631,1.0,55.145833333333336,5.815840666191001,0.008585015055825809,3795.4090917075523,2004,1,walk,reset_every_4_random,random,0.5,adaptive,8,0.015625,35,4,2,4,0.5,0.1336898395721925,0.3246527777777778,0.043402777777777776,1,0,0,0,3,2,0.05714285714285714,0.5,2,5.077500000000001,7.422949999999998,0,0,0,0,,0,0.6480000000000001,0.6480000000000001,0.3
0.017683865940351467,4.997433657937434,0.02164965927107591,4.13951794885732,0.8333333333333334,55.25,5.813057009017086,0.0039657933307244405,4997.433657937434,2004,2,walk,reset_every_4_random,random,0.5,adaptive,8,0.015625,37,4,1,2,0.25,0.21052631578947367,0.19791666666666666,0.041666666666666664,0,0,3,1,1,0,0.02702702702702703,0.5,1,5.508,14.441199999999991,0,0,0,0,,0,0.6480000000000001,0.6480000000000001,0.3
0.06328801596898705,3.478076338530054,0.05695809414616323,3.823863159652266,0.9791666666666666,54.0625,5.628978588152787,0.006329921822823779,3478.076338530053,2004,3,walk,reset_every_4_random,random,0.5,adaptive,8,0.015625,35,4,3,4,0.75,0.9834254143646407,1.0773809523809526,1.0595238095238095,1,1,1,1,2,1,0.08571428571428572,0.75,3,4.922,6.621799999999999,0,0,0,0,,0,0.6480000000000001,0.6480000000000001,0.3
0.015181753925496892,3.5996847046023475,0.02084676606769954,4.018181514177193,1.0,56.083333333333336,5.835401987734506,0.005665012142202647,3599.684704602347,2005,0,walk,reset_every_4_random,random,0.5,adaptive,8,0.015625,34,0,0,3,nan,nan,0.0,0.0,0,0,0,0,0,0,0.0,nan,0,5.133,5.8241499999999995,0,0,0,0,,0,0.6480000000000001,0.6480000000000001,0.3
0.02580018723979734,3.090013166810405,0.022120554943972564,3.973726681534822,0.9791666666666666,55.104166666666664,5.810681809644303,0.0036796322958247787,3090.0131668104063,2005,1,walk,reset_every_4_random,random,0.5,adaptive,8,0.015625,37,4,2,2,0.5,0.5,0.14583333333333331,0.07291666666666666,0,0,2,1,2,1,0.05405405405405406,0.6666666666666666,2,5.163,6.9552999999999985,0,0,0,0,,0,0.6480000000000001,0.6480000000000001,0.3
0.06464727671692715,4.284543645141639,0.04030589573760755,3.72627662757928,0.9166666666666666,50.854166666666664,5.511875716263456,0.037704456018438616,4284.543645141639,2005,2,walk,reset_every_4_random,random,0.5,adaptive,8,0.015625,42,5,3,4,0.6,0.7538461538461539,0.5803571428571428,0.4375,3,2,1,1,1,0,0.07142857142857142,0.6666666666666666,3,5.0120000000000005,6.173499999999999,0,0,0,0,,0,0.6480000000000001,0.6480000000000001,0.3
0.012935256382230066,4.723893075416883,0.017999084981864952,4.2334099329427755,0.9166666666666666,59.958333333333336,5.9770757433283785,0.005063828599634887,4723.8930754168805,2005,3,walk,reset_every_4_random,random,0.5,adaptive,8,0.015625,38,1,0,0,0.0,0.0,0.041666666666666664,0.0,0,0,1,0,0,0,0.0,0.0,0,5.137499999999999,6.275499999999999,0,0,0,0,,0,0.6480000000000001,0.6480000000000001,0.3
0.08904446248196247,3.723515055241393,0.06809340666245409,3.6532364206989736,1.0,48.875,5.308228602988989,0.020951055819508378,3723.515055241393,2006,0,walk,reset_every_4_random,random,0.5,adaptive,8,0.015625,33,7,4,6,0.5714285714285714,0.9319971367215462,0.8315476190476191,0.775,3,3,0,0,4,1,0.12121212121212122,0.5,4,5.122,5.631,0,0,0,0,,0,0.6480000000000001,0.6480000000000001,0.3
0.02746513566422552,3.9390207924908585,0.035719373481276274,3.982724856857653,0.9583333333333334,54.0,5.638486778150078,0.019560173072190146,3939.0207924908586,2006,1,walk,reset_every_4_random,random,0.5,adaptive,8,0.015625,40,5,1,3,0.2,0.749665327978581,0.33348214285714284,0.25,1,1,0,0,4,0,0.025,0.25,1,5.1625,6.52,0,0,0,0,,0,0.6480000000000001,0.6480000000000001,0.3
0.03784185982695541,4.010705840814034,0.02031595529147625,4.06469569336307,0.9166666666666666,57.416666666666664,5.875652879750427,0.017525904535479163,4010.705840814033,2006,2,walk,reset_every_4_random,random,0.5,adaptive,8,0.015625,35,4,2,4,0.5,0.5744680851063829,0.13988095238095238,0.08035714285714285,0,0,2,1,2,1,0.05714285714285714,0.6666666666666666,2,5.102,5.78465,0,0,0,0,,0,0.6480000000000001,0.6480000000000001,0.3
0.022166074078150345,4.073200818510185,0.026105174944548133,3.8992733477154453,0.9791666666666666,48.604166666666664,5.594531958541263,0.003939100866397788,4073.2008185101863,2006,3,walk,reset_every_4_random,random,0.5,adaptive,8,0.015625,35,4,3,6,0.75,0.6146788990825689,0.10813492063492063,0.06646825396825397,0,0,1,0,3,3,0.08571428571428572,1.0,3,5.263,6.40765,0,0,0,0,,0,0.6480000000000001,0.6480000000000001,0.3
0.014033751053831625,4.195870823143397,0.01906588642850145,4.191930204027373,0.9583333333333334,58.479166666666664,5.922751527249971,0.005032135374669823,4195.870823143396,2007,0,walk,reset_every_4_random,random,0.5,adaptive,8,0.015625,33,2,1,2,0.5,0.058823529411764705,0.265625,0.015625,1,0,0,0,1,1,0.030303030303030304,0.5,1,4.9925,5.801,0,0,0,0,,0,0.6480000000000001,0.6480000000000001,0.3
0.031790870715857567,3.5996713085126344,0.02455004633224224,3.912504690720716,0.9583333333333334,53.604166666666664,5.730751651149812,0.007240824383615327,3599.6713085126353,2007,1,walk,reset_every_4_random,random,0.5,adaptive,8,0.015625,36,5,2,3,0.4,0.6205673758865248,0.16785714285714284,0.10416666666666666,0,0,2,2,3,0,0.05555555555555555,0.4,2,5.067,6.1285,0,0,0,0,,0,0.6480000000000001,0.6480000000000001,0.3
0.011285675856725385,4.31143119671303,0.019395279312050834,4.213089028914952,0.9375,58.458333333333336,5.920128478631969,0.00810960345532545,4311.431196713031,2007,2,walk,reset_every_4_random,random,0.5,adaptive,8,0.015625,36,2,0,1,0.0,0.0,0.04285714285714286,0.0,0,0,0,0,2,0,0.0,0.0,0,5.203,6.01515,0,0,0,0,,0,0.6480000000000001,0.6480000000000001,0.3
0.031608886302739815,3.7668242556937113,0.022382918717530134,3.945764658311773,1.0,53.895833333333336,5.763542826875142,0.00922596758520968,3766.8242556937107,2007,3,walk,reset_every_4_random,random,0.5,adaptive,8,0.015625,36,2,2,4,1.0,1.0,0.05952380952380952,0.05952380952380952,0,0,1,1,1,1,0.05555555555555555,1.0,2,5.2225,5.837,0,0,0,0,,0,0.6480000000000001,0.6480000000000001,0.3
0.037663842675623935,3.3048195321071283,0.03821449485301618,4.000659738272927,0.9375,58.791666666666664,5.85659814301188,0.0005506521773922293,3304.8195321071275,2008,0,walk,reset_every_4_random,random,0.5,adaptive,8,0.015625,37,3,1,1,0.3333333333333333,0.6666666666666666,1.5,1.0,3,1,0,0,0,0,0.02702702702702703,0.5,1,5.1530000000000005,7.135,0,0,0,0,,0,0.6480000000000001,0.6480000000000001,0.3
0.010521740183153397,4.646563452813612,0.019061692182279318,4.16220810534825,0.9583333333333334,57.958333333333336,5.922193642211677,0.00853995199912592,4646.563452813611,2008,1,walk,reset_every_4_random,random,0.5,adaptive,8,0.015625,42,4,1,1,0.25,0.15384615384615383,0.18055555555555558,0.027777777777777776,0,0,2,0,2,1,0.023809523809523808,0.3333333333333333,1,5.0525,6.010999999999999,0,0,0,0,,0,0.6480000000000001,0.6480000000000001,0.3
0.029063941400989616,4.887600698798393,0.06788939068081516,4.002431896266904,0.9166666666666666,54.354166666666664,5.59225325788428,0.03882544927982555,4887.600698798395,2008,2,walk,reset_every_4_random,random,0.5,adaptive,8,0.015625,38,4,2,2,0.5,0.7326732673267327,1.4027777777777777,1.0277777777777777,3,1,0,0,1,1,0.05263157894736842,0.5,2,5.047499999999999,5.973,0,0,0,0,,0,0.6480000000000001,0.6480000000000001,0.3
0.0225161614271894,4.654494141766956,0.018449846489977172,4.1554048979055365,0.9166666666666666,60.0,5.977678516049575,0.0040663149372122285,4654.494141766957,2008,3,walk,reset_every_4_random,random,0.5,adaptive,8,0.015625,39,1,0,0,0.0,0.0,0.017857142857142856,0.0,0,0,0,0,1,0,0.0,0.0,0,5.1175,6.566999999999999,0,0,0,0,,0,0.6480000000000001,0.6480000000000001,0.3
0.011167895293462642,4.130225480180791,0.021408158079051748,4.045550972438296,0.9583333333333334,56.270833333333336,5.842197894738246,0.010240262785589106,4130.225480180793,2009,0,walk,reset_every_4_random,random,0.5,adaptive,8,0.015625,38,2,1,3,0.5,0.4666666666666667,0.033482142857142856,0.015625,0,0,0,0,2,1,0.02631578947368421,0.5,1,5.172,6.605499999999999,0,0,0,0,,0,0.6480000000000001,0.6480000000000001,0.3
0.012329438608830243,3.8788692146334838,0.017877560862696058,4.143952780252708,0.9791666666666666,60.083333333333336,5.981797767684333,0.005548122253865813,3878.869214633483,2009,1,walk,reset_every_4_random,random,0.5,adaptive,8,0.015625,42,2,0,0,0.0,0.0,0.04285714285714286,0.0,0,0,0,0,2,0,0.0,0.0,0,5.208,6.373499999999999,0,0,0,0,,0,0.6480000000000001,0.6480000000000001,0.3
0.03911176617136142,3.5526344519352615,0.019406587885822838,3.9967540927195526,1.0,57.583333333333336,5.901259361899012,0.01970517828553858,3552.634451935261,2009,2,walk,reset_every_4_random,random,0.5,adaptive,8,0.015625,36,2,2,3,1.0,1.0,0.03869047619047619,0.03869047619047619,0,0,0,0,2,2,0.05555555555555555,1.0,2,5.1129999999999995,6.058999999999999,0,0,0,0,,0,0.6480000000000001,0.6480000000000001,0.3
0.017990323572389104,3.9013588157741768,0.02171202673038898,4.042179594004143,0.9583333333333334,54.583333333333336,5.790604615776165,0.003721703157999877,3901.3588157741756,2009,3,walk,reset_every_4_random,random,0.5,adaptive,8,0.015625,38,3,1,2,0.3333333333333333,0.4929577464788732,0.08452380952380953,0.041666666666666664,0,0,1,1,2,0,0.02631578947368421,0.3333333333333333,1,5.328,6.45465,0,0,0,0,,0,0.6480000000000001,0.6480000000000001,0.3
0.04370659722222223,3.2874553633608845,0.03102757063008713,3.6635313930762163,1.0,43.666666666666664,5.3777118698166015,0.012679026592135096,3287.4553633608843,2000,0,walk,reset_every_4_bsp,bsp,0.1,adaptive,8,0.015625,34,2,2,9,1.0,1.0,0.041666666666666664,0.041666666666666664,0,0,0,0,2,2,0.058823529411764705,1.0,2,30.34,40.500899999999994,0,0,0,0,,0,0.6480000000000001,0.6480000000000001,0.3
0.028157744519891694,3.01737680662426,0.027132851211010934,3.764352629336274,1.0,50.895833333333336,5.603846980243794,0.0010248933088807578,3017.3768066242606,2000,1,walk,reset_every_4_bsp,bsp,0.1,adaptive,8,0.015625,37,2,1,6,0.5,0.030303030303030304,1.03125,0.03125,1,0,0,0,1,1,0.02702702702702703,0.5,1,30.564999999999998,36.617399999999996,0,0,0,0,,0,0.6480000000000001,0.6480000000000001,0.3
0.033774594907407404,3.813996142502887,0.027420028267457763,3.8198778974990746,1.0,52.208333333333336,5.6354684617855275,0.006354566639949641,3813.9961425028882,2000,2,walk,reset_every_4_bsp,bsp,0.1,adaptive,8,0.015625,36,2,2,6,1.0,1.0,0.08333333333333333,0.08333333333333333,0,0,2,2,0,0,0.05555555555555555,1.0,2,30.4095,34.102000000000004,0,0,0,0,,0,0.6480000000000001,0.6480000000000001,0.3
0.02083263328853047,3.0989839045828873,0.02337097711537169,3.8802765061452393,0.9583333333333334,54.5625,5.755127164177082,0.002538343826841219,3098.983904582888,2000,3,walk,reset_every_4_bsp,bsp,0.1,adaptive,8,0.015625,33,1,1,3,1.0,1.0,0.025,0.025,0,0,0,0,1,1,0.030303030303030304,1.0,1,30.555,42.5648,0,0,0,0,,0,0.6480000000000001,0.6480000000000001,0.3
0.02669270833333334,3.5894945617246274,0.027826298008123168,3.853658692392281,1.0,53.791666666666664,5.7140077942560685,0.00113358967478983,3589.4945617246267,2001,0,walk,reset_every_4_bsp,bsp,0.1,adaptive,8,0.015625,37,2,0,3,0.0,0.0,2.0,0.0,2,0,0,0,0,0,0.0,0.0,0,30.674999999999997,34.089150000000004,0,0,0,0,,0,0.6480000000000001,0.6480000000000001,0.3
0.02669374173280423,3.593764910836182,0.030891659135023775,3.689656248812238,1.0,48.708333333333336,5.52578993527052,0.004197917402219543,3593.764910836182,2001,1,walk,reset_every_4_bsp,bsp,0.1,adaptive,8,0.015625,36,6,6,9,1.0,1.0,0.1730654761904762,0.1730654761904762,0,0,1,1,5,5,0.16666666666666666,1.0,6,30.7055,40.62064999999999,0,0,0,0,,0,0.6480000000000001,0.6480000000000001,0.3
0.022178819444444442,3.860560842352036,0.03129128578119499,3.787420180377748,1.0,47.520833333333336,5.467497061449143,0.009112466336750549,3860.5608423520357,2001,2,walk,reset_every_4_bsp,bsp,0.1,adaptive,8,0.015625,37,4,3,9,0.75,0.19732441471571907,0.31145833333333334,0.06145833333333334,1,0,0,0,3,3,0.08108108108108109,1.0,3,30.389499999999998,36.679449999999996,0,0,0,0,,0,0.6480000000000001,0.6480000000000001,0.3
0.011046006944444443,4.590222666099753,0.030823294233962382,4.0871379956062395,0.9583333333333334,47.208333333333336,5.472508186208905,0.01977728728951794,4590.222666099755,2001,3,walk,reset_every_4_bsp,bsp,0.1,adaptive,8,0.015625,32,3,1,10,0.3333333333333333,0.04,0.5208333333333333,0.020833333333333332,2,0,0,0,1,1,0.03125,0.3333333333333333,1,30.1045,35.42165,0,0,0,0,,0,0.6480000000000001,0.6480000000000001,0.3
0.020659022177419356,3.7951136575497615,0.02592583451889781,3.9083071169069736,1.0,54.583333333333336,5.714432672180238,0.005266812341478452,3795.113657549761,2002,0,walk,reset_every_4_bsp,bsp,0.1,adaptive,8,0.015625,39,3,2,3,0.6666666666666666,0.1111111111111111,1.125,0.125,1,0,2,2,0,0,0.05128205128205128,1.0,2,30.435000000000002,44.2298,0,0,0,0,,0,0.6480000000000001,0.6480000000000001,0.3
0.022080646494709002,3.307469805699838,0.02832328133691588,3.796222750347741,1.0,51.229166666666664,5.60682052709749,0.00624263484220688,3307.4698056998373,2002,1,walk,reset_every_4_bsp,bsp,0.1,adaptive,8,0.015625,38,5,3,6,0.6,0.16104868913857676,0.5959821428571429,0.09598214285714285,2,0,1,1,2,2,0.07894736842105263,0.5,3,30.981,47.1781,0,0,0,0,,0,0.6480000000000001,0.6480000000000001,0.3
0.01575830853174603,3.7262087070851684,0.021072997370599537,3.914545937788104,1.0,57.604166666666664,5.868327478769852,0.0053146888388535055,3726.208707085166,2002,2,walk,reset_every_4_bsp,bsp,0.1,adaptive,8,0.015625,33,3,1,1,0.3333333333333333,0.01652892561983471,1.0803571428571428,0.017857142857142856,1,0,1,0,1,1,0.030303030303030304,0.5,1,29.999499999999998,35.94045,0,0,0,0,,0,0.6480000000000001,0.6480000000000001,0.3
0.01785300925925926,2.9178413140176027,0.02810090354553646,3.8896012413062024,0.9791666666666666,52.25,5.659759072111157,0.010247894286277199,2917.841314017602,2002,3,walk,reset_every_4_bsp,bsp,0.1,adaptive,8,0.015625,39,6,5,5,0.8333333333333334,0.4461538461538462,0.4513888888888889,0.2013888888888889,1,0,2,2,3,3,0.1282051282051282,1.0,5,30.7,36.1596,0,0,0,0,,0,0.6480000000000001,0.6480000000000001,0.3
0.03213603670634921,3.310809780945123,0.026219489658439055,3.8413086159001204,0.9791666666666666,53.5,5.72982032962621,0.005916547047910152,3310.8097809451224,2003,0,walk,reset_every_4_bsp,bsp,0.1,adaptive,8,0.015625,35,6,3,5,0.5,0.024516129032258062,2.306547619047619,0.05654761904761904,3,0,0,0,3,3,0.08571428571428572,0.5,3,30.755499999999998,40.910849999999996,0,0,0,0,,0,0.6480000000000001,0.6480000000000001,0.3
0.021682087653609832,3.7246418534730474,0.021895709120149227,3.968045428005684,0.9583333333333334,55.3125,5.805010235076714,0.00021362146653939687,3724.641853473046,2003,1,walk,reset_every_4_bsp,bsp,0.1,adaptive,8,0.015625,35,4,3,3,0.75,0.0698961937716263,1.0751488095238095,0.07514880952380952,1,0,1,1,2,2,0.08571428571428572,0.6666666666666666,3,30.355,41.50195,0,0,0,0,,0,0.6480000000000001,0.6480000000000001,0.3
0.03075706845238095,3.1035583112067084,0.02405438560874916,3.833701964073325,0.9166666666666666,53.854166666666664,5.742414286439748,0.006702682843631791,3103.558311206709,2003,2,walk,reset_every_4_bsp,bsp,0.1,adaptive,8,0.015625,33,4,3,5,0.75,0.08943089430894309,1.0982142857142856,0.0982142857142857,1,0,1,1,2,2,0.09090909090909091,1.0,3,30.314,35.860099999999996,0,0,0,0,,0,0.6480000000000001,0.6480000000000001,0.3
0.02751012731481481,3.030553266565892,0.02294743524659466,3.8651615762886897,1.0,54.770833333333336,5.768532261215015,0.004562692068220149,3030.553266565894,2003,3,walk,reset_every_4_bsp,bsp,0.1,adaptive,8,0.015625,40,5,3,3,0.6,0.1794871794871795,0.609375,0.109375,2,0,1,1,2,2,0.075,0.5,3,30.61,36.44365,0,0,0,0,,0,0.6480000000000001,0.6480000000000001,0.3
0.01989293981481482,3.7425152402157362,0.022510481823791176,3.9002846112257643,1.0,53.416666666666664,5.74020466617786,0.002617542008976357,3742.515240215737,2004,0,walk,reset_every_4_bsp,bsp,0.1,adaptive,8,0.015625,38,6,5,6,0.8333333333333334,0.33544303797468356,0.3761904761904762,0.1261904761904762,1,0,0,0,5,5,0.13157894736842105,1.0,5,30.795,35.66844999999999,0,0,0,0,,0,0.6480000000000001,0.6480000000000001,0.3
0.038586516203703694,3.2908593382089593,0.027082897264348357,3.8146440166246323,1.0,51.4375,5.649471922295528,0.011503618939355337,3290.859338208959,2004,1,walk,reset_every_4_bsp,bsp,0.1,adaptive,8,0.015625,35,4,3,6,0.75,0.2299465240641711,0.3246527777777778,0.07465277777777778,1,0,0,0,3,3,0.08571428571428572,0.75,3,30.52,44.86145,0,0,0,0,,0,0.6480000000000001,0.6480000000000001,0.3
0.027256944444444445,3.9183902953068976,0.030800166145814767,3.8120022555661026,0.9166666666666666,45.770833333333336,5.442509037400245,0.003543221701370322,3918.3902953068978,2004,2,walk,reset_every_4_bsp,bsp,0.1,adaptive,8,0.015625,37,4,4,6,1.0,1.0,0.19791666666666666,0.19791666666666666,0,0,3,3,1,1,0.10810810810810811,1.0,4,30.560000000000002,36.2485,0,0,0,0,,0,0.6480000000000001,0.6480000000000001,0.3
0.024385460669482845,3.4081086543647845,0.02320328699029736,3.852834174658559,0.9375,54.791666666666664,5.773663506092539,0.0011821736791854849,3408.108654364784,2004,3,walk,reset_every_4_bsp,bsp,0.1,adaptive,8,0.015625,35,4,3,4,0.75,0.0718232044198895,1.0773809523809526,0.07738095238095238,1,0,1,1,2,2,0.08571428571428572,0.75,3,31.091,44.57015,0,0,0,0,,0,0.6480000000000001,0.6480000000000001,0.3
0.015950520833333332,3.4251454452993575,0.027674428673547215,3.8699366509471864,1.0,49.333333333333336,5.574414763519876,0.011723907840213882,3425.145445299358,2005,0,walk,reset_every_4_bsp,bsp,0.1,adaptive,8,0.015625,34,0,0,5,nan,nan,0.0,0.0,0,0,0,0,0,0,0.0,nan,0,30.61,34.4278,0,0,0,0,,0,0.6480000000000001,0.6480000000000001,0.3
0.026908688822751325,2.9451577084045564,0.03146632240777494,3.7618713528319745,0.8958333333333334,47.479166666666664,5.468868777192707,0.004557633585023609,2945.1577084045566,2005,1,walk,reset_every_4_bsp,bsp,0.1,adaptive,8,0.015625,37,4,4,7,1.0,1.0,0.14583333333333331,0.14583333333333331,0,0,2,2,2,2,0.10810810810810811,1.0,4,30.816000000000003,35.712849999999996,0,0,0,0,,0,0.6480000000000001,0.6480000000000001,0.3
0.04033874834656084,4.6417789537762975,0.03075363733825388,3.935147265415752,0.7083333333333334,54.583333333333336,5.696220721695858,0.009585111008306965,4641.778953776296,2005,2,walk,reset_every_4_bsp,bsp,0.1,adaptive,8,0.015625,42,5,2,2,0.4,0.13846153846153847,0.5803571428571428,0.08035714285714285,3,0,1,1,1,1,0.047619047619047616,0.3333333333333333,2,30.896,44.7475,0,0,0,0,,0,0.6480000000000001,0.6480000000000001,0.3
0.025716145833333332,4.164544259813013,0.02647977744252311,3.969377446348831,0.9375,50.8125,5.616044351074875,0.000763631609189778,4164.544259813013,2005,3,walk,reset_every_4_bsp,bsp,0.1,adaptive,8,0.015625,38,1,1,6,1.0,1.0,0.041666666666666664,0.041666666666666664,0,0,1,1,0,0,0.02631578947368421,1.0,1,30.83,35.19795,0,0,0,0,,0,0.6480000000000001,0.6480000000000001,0.3
0.01111565806878307,3.6703577262281475,0.03362650719464102,3.8336329266618923,0.9583333333333334,44.354166666666664,5.3825888491584655,0.022510849125857952,3670.3577262281483,2006,0,walk,reset_every_4_bsp,bsp,0.1,adaptive,8,0.015625,33,7,4,13,0.5714285714285714,0.09806728704366499,0.8315476190476191,0.08154761904761905,3,0,0,0,4,4,0.12121212121212122,1.0,4,31.130499999999998,48.65554999999999,0,0,0,0,,0,0.6480000000000001,0.6480000000000001,0.3
0.02076409556878307,3.8844899122017567,0.02178265068601884,3.980352988719893,0.75,55.083333333333336,5.788636373560927,0.0010185551172357695,3884.4899122017555,2006,1,walk,reset_every_4_bsp,bsp,0.1,adaptive,8,0.015625,40,5,4,6,0.8,0.25033467202141907,0.33348214285714284,0.08348214285714287,1,0,0,0,4,4,0.1,1.0,4,30.435,43.3868,0,0,0,0,,0,0.6480000000000001,0.6480000000000001,0.3
0.03364645337301587,3.6743084164129,0.02366347353382534,3.8781921539389064,0.6458333333333334,54.479166666666664,5.738489498977201,0.00998297983919053,3674.3084164128977,2006,2,walk,reset_every_4_bsp,bsp,0.1,adaptive,8,0.015625,35,4,4,5,1.0,1.0,0.13988095238095238,0.13988095238095238,0,0,2,2,2,2,0.11428571428571428,1.0,4,31.055500000000002,36.3563,0,0,0,0,,0,0.6480000000000001,0.6480000000000001,0.3
0.03661334325396825,3.8041726105001126,0.03281089079825617,3.9257463837397357,0.9166666666666666,44.791666666666664,5.3994479024470765,0.003802452455712077,3804.1726105001126,2006,3,walk,reset_every_4_bsp,bsp,0.1,adaptive,8,0.015625,35,4,4,9,1.0,1.0,0.10813492063492063,0.10813492063492063,0,0,1,1,3,3,0.11428571428571428,1.0,4,30.47,44.289,0,0,0,0,,0,0.6480000000000001,0.6480000000000001,0.3
0.018858506944444443,4.039136791569393,0.03011949554987312,4.056234988049638,0.9375,48.8125,5.5231539052491465,0.011260988605428679,4039.1367915693954,2007,0,walk,reset_every_4_bsp,bsp,0.1,adaptive,8,0.015625,33,2,1,8,0.5,0.058823529411764705,0.265625,0.015625,1,0,0,0,1,1,0.030303030303030304,0.5,1,30.875,34.7513,0,0,0,0,,0,0.6480000000000001,0.6480000000000001,0.3
0.03170159556878307,3.0818347839919937,0.02599282754306653,3.7874691293231084,0.9791666666666666,52.25,5.669777700433412,0.005708768025716539,3081.834783991992,2007,1,walk,reset_every_4_bsp,bsp,0.1,adaptive,8,0.015625,36,5,5,5,1.0,1.0,0.16785714285714284,0.16785714285714284,0,0,2,2,3,3,0.1388888888888889,1.0,5,31.0655,41.71449999999999,0,0,0,0,,0,0.6480000000000001,0.6480000000000001,0.3
0.017968749999999995,3.606161048029035,0.029686355049630533,3.825585577738641,1.0,45.604166666666664,5.4355581160454065,0.011717605049630537,3606.1610480290365,2007,2,walk,reset_every_4_bsp,bsp,0.1,adaptive,8,0.015625,36,2,2,8,1.0,1.0,0.04285714285714286,0.04285714285714286,0,0,0,0,2,2,0.05555555555555555,1.0,2,30.810000000000002,40.292399999999994,0,0,0,0,,0,0.6480000000000001,0.6480000000000001,0.3
0.027220117845117835,3.804508689649166,0.027827906026248878,3.821033496214975,1.0,50.604166666666664,5.6154647616035165,0.0006077881811310434,3804.5086896491653,2007,3,walk,reset_every_4_bsp,bsp,0.1,adaptive,8,0.015625,36,2,2,4,1.0,1.0,0.05952380952380952,0.05952380952380952,0,0,1,1,1,1,0.05555555555555555,1.0,2,31.306,41.019949999999994,0,0,0,0,,0,0.6480000000000001,0.6480000000000001,0.3
0.01959635416666667,3.353942576190088,0.019773882594724606,4.000187269420599,0.9791666666666666,59.0625,5.914919267065798,0.0001775284280579372,3353.9425761900893,2008,0,walk,reset_every_4_bsp,bsp,0.1,adaptive,8,0.015625,37,3,0,0,0.0,0.0,1.5,0.0,3,0,0,0,0,0,0.0,0.0,0,31.987,59.80199999999998,0,0,0,0,,0,0.6480000000000001,0.6480000000000001,0.3
0.02453993055555555,3.744852263062769,0.03216702559772774,3.8033145856349115,1.0,46.125,5.4347813315667635,0.007627095042172183,3744.852263062767,2008,1,walk,reset_every_4_bsp,bsp,0.1,adaptive,8,0.015625,42,4,4,7,1.0,1.0,0.18055555555555558,0.18055555555555558,0,0,2,2,2,2,0.09523809523809523,1.0,4,31.191000000000003,43.1688,0,0,0,0,,0,0.6480000000000001,0.6480000000000001,0.3
0.02877500826719576,4.069473005064444,0.02588939411055681,3.868780396586017,1.0,50.041666666666664,5.614870781202323,0.0028856141566389513,4069.4730050644434,2008,2,walk,reset_every_4_bsp,bsp,0.1,adaptive,8,0.015625,38,4,1,4,0.25,0.019801980198019802,1.4027777777777777,0.027777777777777776,3,0,0,0,1,1,0.02631578947368421,0.25,1,30.289,33.3418,0,0,0,0,,0,0.6480000000000001,0.6480000000000001,0.3
0.026522197420634917,4.499037659822083,0.02197631452321644,4.068899715952088,0.9375,58.166666666666664,5.862469606494923,0.004545882897418478,4499.037659822084,2008,3,walk,reset_every_4_bsp,bsp,0.1,adaptive,8,0.015625,39,1,1,1,1.0,1.0,0.017857142857142856,0.017857142857142856,0,0,0,0,1,1,0.02564102564102564,1.0,1,30.224,36.025150000000004,0,0,0,0,,0,0.6480000000000001,0.6480000000000001,0.3
0.019013516865079367,3.9008576959747825,0.026301952909324577,4.0313136246335155,0.8958333333333334,52.291666666666664,5.669078499488697,0.007288436044245211,3900.8576959747857,2009,0,walk,reset_every_4_bsp,bsp,0.1,adaptive,8,0.015625,38,2,2,6,1.0,1.0,0.033482142857142856,0.033482142857142856,0,0,0,0,2,2,0.05263157894736842,1.0,2,30.700000000000003,40.67664999999999,0,0,0,0,,0,0.6480000000000001,0.6480000000000001,0.3
0.023592509920634913,3.48840272459589,0.02098383611619654,3.97999807571338,0.9791666666666666,55.354166666666664,5.81328479559388,0.0026086738044383737,3488.4027245958882,2009,1,walk,reset_every_4_bsp,bsp,0.1,adaptive,8,0.015625,42,2,2,3,1.0,1.0,0.04285714285714286,0.04285714285714286,0,0,0,0,2,2,0.047619047619047616,1.0,2,30.219,39.47249999999999,0,0,0,0,,0,0.6480000000000001,0.6480000000000001,0.3
0.02712570271164021,3.4449890863641266,0.02085708621875827,3.905917381007733,0.9583333333333334,57.395833333333336,5.870052553085333,0.006268616492881944,3444.9890863641253,2009,2,walk,reset_every_4_bsp,bsp,0.1,adaptive,8,0.015625,36,2,2,2,1.0,1.0,0.03869047619047619,0.03869047619047619,0,0,0,0,2,2,0.05555555555555555,1.0,2,30.21,34.19015,0,0,0,0,,0,0.6480000000000001,0.6480000000000001,0.3
0.023744419642857142,3.759953786222438,0.02931562009242421,3.8459463996298644,0.9166666666666666,45.479166666666664,5.442613079196899,0.005571200449567072,3759.953786222442,2009,3,walk,reset_every_4_bsp,bsp,0.1,adaptive,8,0.015625,38,3,3,9,1.0,1.0,0.08452380952380953,0.08452380952380953,0,0,1,1,2,2,0.07894736842105263,1.0,3,30.59,40.67999999999999,0,0,0,0,,0,0.6480000000000001,0.6480000000000001,0.3
0.10490186542217339,2.307702140245806,0.06557485146413812,3.170795497535066,1.0,36.979166666666664,4.94294916073096,0.05865684198301833,2307.702140245807,2000,0,walk,reset_every_12_none,none,1,adaptive,8,0.015625,34,2,2,8,1.0,1.0,0.041666666666666664,0.041666666666666664,0,0,0,0,2,2,0.058823529411764705,1.0,2,4.967,6.0184999999999995,0,0,0,0,,0,0.6480000000000001,0.6480000000000001,0.3
0.08836486181697166,2.4038023047345676,0.13668302771806162,3.0018930352686404,1.0,34.020833333333336,4.578942459351579,0.08384432323589597,2403.8023047345678,2000,1,walk,reset_every_12_none,none,1,adaptive,8,0.015625,37,2,2,5,1.0,1.0,1.03125,1.03125,1,1,0,0,1,1,0.05405405405405406,1.0,2,4.977,6.2455,0,0,0,0,,0,0.6480000000000001,0.6480000000000001,0.3
0.005146539360693773,3.700914881183334,0.08696115635167967,3.301233790952756,0.9791666666666666,32.041666666666664,4.671448807486914,0.08181461699098591,3700.9148811833347,2000,2,walk,reset_every_12_none,none,1,adaptive,8,0.015625,36,2,2,8,1.0,1.0,0.08333333333333333,0.08333333333333333,0,0,2,2,0,0,0.05555555555555555,1.0,2,5.1825,6.971149999999999,0,0,0,0,,0,0.6480000000000001,0.6480000000000001,0.3
0.006198235767548893,3.4406425191620773,0.041748842482037085,3.975708179631241,0.9166666666666666,47.541666666666664,5.476494222775346,0.035550606714488196,3440.642519162078,2000,3,walk,reset_every_12_none,none,1,adaptive,8,0.015625,33,1,1,3,1.0,1.0,0.025,0.025,0,0,0,0,1,1,0.030303030303030304,1.0,1,4.9825,6.1915,0,0,0,0,,0,0.6480000000000001,0.6480000000000001,0.3
0.29802226130351134,3.360957262693338,0.1810215806842831,2.9231835907068433,1.0,35.625,4.456399080040575,0.16042173668968443,3360.9572626933386,2001,0,walk,reset_every_12_none,none,1,adaptive,8,0.015625,37,2,2,6,1.0,1.0,2.0,2.0,2,2,0,0,0,0,0.05405405405405406,1.0,2,4.8825,5.7151499999999995,0,0,0,0,,0,0.6480000000000001,0.6480000000000001,0.3
0.2790441839614634,2.506219590056324,0.0815248911110368,3.0517738100760954,0.9166666666666666,31.6875,4.747963142446433,0.21119437747568084,2506.2195900563243,2001,1,walk,reset_every_12_none,none,1,adaptive,8,0.015625,36,6,6,11,1.0,1.0,0.1730654761904762,0.1730654761904762,0,0,1,1,5,5,0.16666666666666666,1.0,6,5.037,5.916499999999999,0,0,0,0,,0,0.6480000000000001,0.6480000000000001,0.3
0.10638847552910054,3.9812157562822805,0.07255267554825372,3.6913140246420384,1.0,42.8125,5.152918919823832,0.047826810187635994,3981.21575628228,2001,2,walk,reset_every_12_none,none,1,adaptive,8,0.015625,37,4,4,6,1.0,1.0,0.31145833333333334,0.31145833333333334,1,1,0,0,3,3,0.10810810810810811,1.0,4,4.947,6.353799999999999,0,0,0,0,,0,0.6480000000000001,0.6480000000000001,0.3
0.028068260474598202,3.365074594745862,0.09583862317388729,3.729100287200524,0.9583333333333334,37.854166666666664,4.900822479396427,0.09263244828020707,3365.074594745863,2001,3,walk,reset_every_12_none,none,1,adaptive,8,0.015625,32,3,3,6,1.0,1.0,0.5208333333333333,0.5208333333333333,2,2,0,0,1,1,0.09375,1.0,3,5.0925,7.038149999999998,0,0,0,0,,0,0.6480000000000001,0.6480000000000001,0.3
0.15029348544973545,3.0505475526259622,0.1701952044703476,3.2530616476761303,0.9375,31.375,4.400184993016998,0.09617468062630787,3050.5475526259634,2002,0,walk,reset_every_12_none,none,1,adaptive,8,0.015625,39,3,3,7,1.0,1.0,1.125,1.125,1,1,2,2,0,0,0.07692307692307693,1.0,3,5.097,7.087649999999999,0,0,0,0,,0,0.6480000000000001,0.6480000000000001,0.3
0.01849824597371836,2.520461199330543,0.12964033116907975,2.9729325381776786,0.9791666666666666,27.375,4.294430914444624,0.1111420851953614,2520.461199330543,2002,1,walk,reset_every_12_none,none,1,adaptive,8,0.015625,38,5,5,8,1.0,1.0,0.5959821428571429,0.5959821428571429,2,2,1,1,2,2,0.13157894736842105,1.0,5,5.067,6.512149999999998,0,0,0,0,,0,0.6480000000000001,0.6480000000000001,0.3
0.2726190476190476,1.821921928214847,0.1566426986938678,2.6799245616138854,1.0,23.375,4.102472131687465,0.21065992049623797,1821.9219282148467,2002,2,walk,reset_every_12_none,none,1,adaptive,8,0.015625,33,3,3,8,1.0,1.0,1.0803571428571428,1.0803571428571428,1,1,1,1,1,1,0.09090909090909091,1.0,3,5.003,6.173,0,0,0,0,,0,0.6480000000000001,0.6480000000000001,0.3
0.06736207854891366,2.9104264171684484,0.07561229025028125,3.579623353051463,0.9791666666666666,44.0625,5.201301881176644,0.05565449852331914,2910.426417168448,2002,3,walk,reset_every_12_none,none,1,adaptive,8,0.015625,39,6,6,6,1.0,1.0,0.4513888888888889,0.4513888888888889,1,1,2,2,3,3,0.15384615384615385,1.0,6,4.897,5.866499999999999,0,0,0,0,,0,0.6480000000000001,0.6480000000000001,0.3
0.14948743386243388,1.6629397331373115,0.20299466666872504,2.7024339010780873,0.9791666666666666,24.458333333333332,3.9899326014160117,0.07850723280629122,1662.939733137312,2003,0,walk,reset_every_12_none,none,1,adaptive,8,0.015625,35,6,6,9,1.0,1.0,2.306547619047619,2.306547619047619,3,3,0,0,3,3,0.17142857142857143,1.0,6,4.907,6.1505,0,0,0,0,,0,0.6480000000000001,0.6480000000000001,0.3
0.2175523848910946,2.7258952688488467,0.2055757305841179,2.7351192246502722,1.0,30.729166666666668,4.255741996901678,0.08772165344405031,2725.895268848846,2003,1,walk,reset_every_12_none,none,1,adaptive,8,0.015625,35,4,4,7,1.0,1.0,1.0751488095238095,1.0751488095238095,1,1,1,1,2,2,0.11428571428571428,1.0,4,5.0280000000000005,5.7509999999999994,0,0,0,0,,0,0.6480000000000001,0.6480000000000001,0.3
0.1229025406344999,3.1649356671716102,0.09184249937126328,3.3683320229923943,0.9583333333333334,42.895833333333336,5.10000897748625,0.03106004126323661,3164.93566717161,2003,2,walk,reset_every_12_none,none,1,adaptive,8,0.015625,33,4,4,6,1.0,1.0,1.0982142857142856,1.0982142857142856,1,1,1,1,2,2,0.12121212121212122,1.0,4,5.048,6.037499999999999,0,0,0,0,,0,0.6480000000000001,0.6480000000000001,0.3
0.012724963115588116,2.6344431176532264,0.10614231554971165,3.2663310046846914,1.0,31.458333333333332,4.589267035913614,0.09341735243412354,2634.4431176532275,2003,3,walk,reset_every_12_none,none,1,adaptive,8,0.015625,40,5,5,7,1.0,1.0,0.609375,0.609375,2,2,1,1,2,2,0.125,1.0,5,5.1175,5.893649999999999,0,0,0,0,,0,0.6480000000000001,0.6480000000000001,0.3
0.2203369479104773,3.1592351948767337,0.10012803019055015,3.033372506002479,0.9791666666666666,28.770833333333332,4.591520452845271,0.14670323576831754,3159.235194876734,2004,0,walk,reset_every_12_none,none,1,adaptive,8,0.015625,38,6,6,9,1.0,1.0,0.3761904761904762,0.3761904761904762,1,1,0,0,5,5,0.15789473684210525,1.0,6,4.9125,5.991499999999999,0,0,0,0,,0,0.6480000000000001,0.6480000000000001,0.3
0.10985630846014661,2.2545068562054307,0.10091193759617824,3.026327763224895,1.0,30.395833333333332,4.619317847474698,0.03482026356987098,2254.506856205431,2004,1,walk,reset_every_12_none,none,1,adaptive,8,0.015625,35,4,4,8,1.0,1.0,0.3246527777777778,0.3246527777777778,1,1,0,0,3,3,0.11428571428571428,1.0,4,4.852,6.302,0,0,0,0,,0,0.6480000000000001,0.6480000000000001,0.3
0.007841435185185186,3.8374752773946628,0.04818669076667,3.7965762043621503,0.9583333333333334,42.291666666666664,5.269539683037375,0.0403452555814848,3837.4752773946625,2004,2,walk,reset_every_12_none,none,1,adaptive,8,0.015625,37,4,4,5,1.0,1.0,0.19791666666666666,0.19791666666666666,0,0,3,3,1,1,0.10810810810810811,1.0,4,5.098,6.29265,0,0,0,0,,0,0.6480000000000001,0.6480000000000001,0.3
0.04978001743626743,2.6409655072675533,0.08892291690840672,3.398455879027129,0.9166666666666666,35.708333333333336,4.912980420857522,0.04851789947213925,2640.9655072675537,2004,3,walk,reset_every_12_none,none,1,adaptive,8,0.015625,35,4,4,6,1.0,1.0,1.0773809523809526,1.0773809523809526,1,1,1,1,2,2,0.11428571428571428,1.0,4,5.052,7.338949999999997,0,0,0,0,,0,0.6480000000000001,0.6480000000000001,0.3
0.003697075693304142,4.052702045686817,0.04651035033497144,4.18151676768115,0.875,45.6875,5.423729109366152,0.04281327464166731,4052.7020456868163,2005,0,walk,reset_every_12_none,none,1,adaptive,8,0.015625,34,0,0,3,nan,nan,0.0,0.0,0,0,0,0,0,0,0.0,nan,0,5.143000000000001,6.287,0,0,0,0,,0,0.6480000000000001,0.6480000000000001,0.3
0.012615859060509485,2.732060561429989,0.05934648737124432,3.4349239775331744,0.9791666666666666,41.791666666666664,5.148503613879268,0.046730628310734844,2732.060561429989,2005,1,walk,reset_every_12_none,none,1,adaptive,8,0.015625,37,4,4,6,1.0,1.0,0.14583333333333331,0.14583333333333331,0,0,2,2,2,2,0.10810810810810811,1.0,4,5.0675,5.86885,0,0,0,0,,0,0.6480000000000001,0.6480000000000001,0.3
0.35497102511359224,2.8590231002704947,0.16231677113309012,2.600099690366291,1.0,31.0625,4.269329434268639,0.20982018693371507,2859.0231002704936,2005,2,walk,reset_every_12_none,none,1,adaptive,8,0.015625,42,5,5,5,1.0,1.0,0.5803571428571428,0.5803571428571428,3,3,1,1,1,1,0.11904761904761904,1.0,5,5.0275,5.9665,0,0,0,0,,0,0.6480000000000001,0.6480000000000001,0.3
0.13390390751053094,3.2073787426141176,0.06422356438266875,3.3983546278154684,0.9791666666666666,34.166666666666664,4.85337861027041,0.11777453507667617,3207.3787426141175,2005,3,walk,reset_every_12_none,none,1,adaptive,8,0.015625,38,1,1,7,1.0,1.0,0.041666666666666664,0.041666666666666664,0,0,1,1,0,0,0.02631578947368421,1.0,1,5.0969999999999995,6.709999999999999,0,0,0,0,,0,0.6480000000000001,0.6480000000000001,0.3
0.1703109968734969,3.6474694010877737,0.1428622387980668,3.3207194209874653,0.875,35.5,4.558665285022415,0.1111267163609276,3647.469401087772,2006,0,walk,reset_every_12_none,none,1,adaptive,8,0.015625,33,7,7,13,1.0,1.0,0.8315476190476191,0.8315476190476191,3,3,0,0,4,4,0.21212121212121213,1.0,7,4.977,6.639149999999999,0,0,0,0,,0,0.6480000000000001,0.6480000000000001,0.3
0.11771453373015874,3.2278212274507267,0.07350419825378092,3.7590815389505168,0.8958333333333334,35.833333333333336,4.914931415918193,0.11695680071806358,3227.8212274507237,2006,1,walk,reset_every_12_none,none,1,adaptive,8,0.015625,40,5,5,7,1.0,1.0,0.33348214285714284,0.33348214285714284,1,1,0,0,4,4,0.125,1.0,5,5.1419999999999995,6.58665,0,0,0,0,,0,0.6480000000000001,0.6480000000000001,0.3
0.014763219528919479,3.612022067489427,0.044980022420940756,4.131883881143328,0.7916666666666666,47.729166666666664,5.478251132454467,0.030216802892021288,3612.022067489428,2006,2,walk,reset_every_12_none,none,1,adaptive,8,0.015625,35,4,4,4,1.0,1.0,0.13988095238095238,0.13988095238095238,0,0,2,2,2,2,0.11428571428571428,1.0,4,5.1075,5.63915,0,0,0,0,,0,0.6480000000000001,0.6480000000000001,0.3
0.056656017397542814,3.283329421152693,0.0860246227893801,3.566687870449231,0.9583333333333334,37.229166666666664,4.947024926347912,0.08151424151704037,3283.329421152693,2006,3,walk,reset_every_12_none,none,1,adaptive,8,0.015625,35,4,4,8,1.0,1.0,0.10813492063492063,0.10813492063492063,0,0,1,1,3,3,0.11428571428571428,1.0,4,5.202500000000001,6.093499999999999,0,0,0,0,,0,0.6480000000000001,0.6480000000000001,0.3
0.006691867359970808,3.940335443570722,0.09765130726088028,3.669397918615529,0.8541666666666666,35.0625,4.730444392165962,0.09095943990090945,3940.3354435707224,2007,0,walk,reset_every_12_none,none,1,adaptive,8,0.015625,33,2,2,7,1.0,1.0,0.265625,0.265625,1,1,0,0,1,1,0.06060606060606061,1.0,2,5.137,5.8945,0,0,0,0,,0,0.6480000000000001,0.6480000000000001,0.3
0.005483027299083884,2.701104135377193,0.06727828482914854,3.34299754220717,0.9583333333333334,35.395833333333336,4.970042040826621,0.06179525753006468,2701.104135377193,2007,1,walk,reset_every_12_none,none,1,adaptive,8,0.015625,36,5,5,8,1.0,1.0,0.16785714285714284,0.16785714285714284,0,0,2,2,3,3,0.1388888888888889,1.0,5,5.188000000000001,6.41,0,0,0,0,,0,0.6480000000000001,0.6480000000000001,0.3
0.008335790094339624,2.6315646728544033,0.06513467409640683,3.392218315407845,0.9791666666666666,34.291666666666664,4.896986580067756,0.05679888400206721,2631.5646728544034,2007,2,walk,reset_every_12_none,none,1,adaptive,8,0.015625,36,2,2,6,1.0,1.0,0.04285714285714286,0.04285714285714286,0,0,0,0,2,2,0.05555555555555555,1.0,2,5.058,6.266649999999999,0,0,0,0,,0,0.6480000000000001,0.6480000000000001,0.3
0.09022668565711019,2.280729367164327,0.072772637372361,2.931474809491933,1.0,30.020833333333332,4.708385518440143,0.017454048284749186,2280.729367164327,2007,3,walk,reset_every_12_none,none,1,adaptive,8,0.015625,36,2,2,7,1.0,1.0,0.05952380952380952,0.05952380952380952,0,0,1,1,1,1,0.05555555555555555,1.0,2,5.047499999999999,6.189,0,0,0,0,,0,0.6480000000000001,0.6480000000000001,0.3
0.18980654761904758,2.7242248912133196,0.15737409853504974,3.337375676171401,0.9375,34.041666666666664,4.450554235790326,0.09902802188321276,2724.2248912133186,2008,0,walk,reset_every_12_none,none,1,adaptive,8,0.015625,37,3,3,7,1.0,1.0,1.5,1.5,3,3,0,0,0,0,0.08108108108108109,1.0,3,5.127000000000001,6.66235,0,0,0,0,,0,0.6480000000000001,0.6480000000000001,0.3
0.09343600626837535,2.693637987447746,0.058418579534680715,3.37105286983718,0.9375,37.0625,5.0543668372576125,0.04926994350902014,2693.6379874477466,2008,1,walk,reset_every_12_none,none,1,adaptive,8,0.015625,42,4,4,7,1.0,1.0,0.18055555555555558,0.18055555555555558,0,0,2,2,2,2,0.09523809523809523,1.0,4,5.0625,5.87765,0,0,0,0,,0,0.6480000000000001,0.6480000000000001,0.3
0.04815468189964158,2.497094164834473,0.18417557017038563,3.2137867970509504,0.9583333333333334,28.458333333333332,4.038219521351924,0.13713212480249823,2497.0941648344724,2008,2,walk,reset_every_12_none,none,1,adaptive,8,0.015625,38,4,4,6,1.0,1.0,1.4027777777777777,1.4027777777777777,3,3,0,0,1,1,0.10526315789473684,1.0,4,5.208,5.88065,0,0,0,0,,0,0.6480000000000001,0.6480000000000001,0.3
0.2127850881757132,2.474873079837206,0.04435479605388833,3.585755901509762,0.9791666666666666,51.875,5.5897789539595975,0.1684302921218249,2474.873079837206,2008,3,walk,reset_every_12_none,none,1,adaptive,8,0.015625,39,1,1,2,1.0,1.0,0.017857142857142856,0.017857142857142856,0,0,0,0,1,1,0.02564102564102564,1.0,1,5.0325,5.7951500000000005,0,0,0,0,,0,0.6480000000000001,0.6480000000000001,0.3
0.004505997474747474,3.3153877458314045,0.05605181122198976,3.7215725389912557,1.0,42.104166666666664,5.24414318480796,0.0515458137472423,3315.3877458314055,2009,0,walk,reset_every_12_none,none,1,adaptive,8,0.015625,38,2,2,6,1.0,1.0,0.033482142857142856,0.033482142857142856,0,0,0,0,2,2,0.05263157894736842,1.0,2,5.067,6.220649999999999,0,0,0,0,,0,0.6480000000000001,0.6480000000000001,0.3
0.08092757936507937,3.0817087095120805,0.04244263318611519,3.531482886878339,0.9791666666666666,45.645833333333336,5.429539792648744,0.03848494617896416,3081.7087095120805,2009,1,walk,reset_every_12_none,none,1,adaptive,8,0.015625,42,2,2,4,1.0,1.0,0.04285714285714286,0.04285714285714286,0,0,0,0,2,2,0.047619047619047616,1.0,2,5.1129999999999995,6.241,0,0,0,0,,0,0.6480000000000001,0.6480000000000001,0.3
0.07029058528042269,3.2767282508036764,0.04820601172842814,3.4530660326504914,1.0,44.3125,5.314741231415801,0.03045676352114823,3276.7282508036765,2009,2,walk,reset_every_12_none,none,1,adaptive,8,0.015625,36,2,2,6,1.0,1.0,0.03869047619047619,0.03869047619047619,0,0,0,0,2,2,0.05555555555555555,1.0,2,5.2275,6.3786499999999995,0,0,0,0,,0,0.6480000000000001,0.6480000000000001,0.3
0.0065299814361477445,2.932214543218793,0.0596329763452807,3.5970966859875713,0.8333333333333334,34.895833333333336,4.98494005093618,0.05310299490913295,2932.2145432187936,2009,3,walk,reset_every_12_none,none,1,adaptive,8,0.015625,38,3,3,7,1.0,1.0,0.08452380952380953,0.08452380952380953,0,0,1,1,2,2,0.07894736842105263,1.0,3,4.917,6.380999999999999,0,0,0,0,,0,0.6480000000000001,0.6480000000000001,0.3
0.00307894875550673,3.4640553706168595,0.024857271666649115,3.931362824317516,1.0,54.625,5.808809995597333,0.021778322911142386,3464.0553706168594,2000,0,walk,reset_every_12_random,random,0.5,adaptive,8,0.015625,34,2,2,3,1.0,1.0,0.041666666666666664,0.041666666666666664,0,0,0,0,2,2,0.058823529411764705,1.0,2,5.037,6.0895,0,0,0,0,,0,0.6480000000000001,0.6480000000000001,0.3
0.0867279570550669,2.8185981176671313,0.09364975721860892,3.453266791439597,1.0,43.833333333333336,5.1512017318924554,0.07819572352246253,2818.5981176671307,2000,1,walk,reset_every_12_random,random,0.5,adaptive,8,0.015625,37,2,1,2,0.5,0.9696969696969697,1.03125,1.0,1,1,0,0,1,0,0.02702702702702703,0.5,1,5.1975,6.1505,0,0,0,0,,0,0.6480000000000001,0.6480000000000001,0.3
0.025979872694027104,3.4701611707053837,0.04615379457806002,3.469878568092554,1.0,37.145833333333336,5.111117800582079,0.03862679555296883,3470.161170705385,2000,2,walk,reset_every_12_random,random,0.5,adaptive,8,0.015625,36,2,2,6,1.0,1.0,0.08333333333333333,0.08333333333333333,0,0,2,2,0,0,0.05555555555555555,1.0,2,5.263,6.142499999999999,0,0,0,0,,0,0.6480000000000001,0.6480000000000001,0.3
0.004689139185367634,3.595797320214583,0.027574773379753077,3.9054358401643174,0.9791666666666666,54.354166666666664,5.744336849769031,0.022885634194385444,3595.7973202145854,2000,3,walk,reset_every_12_random,random,0.5,adaptive,8,0.015625,33,1,0,1,0.0,0.0,0.025,0.0,0,0,0,0,1,0,0.0,0.0,0,5.0075,6.314499999999999,0,0,0,0,,0,0.6480000000000001,0.6480000000000001,0.3
0.11052226130351132,3.610957262693338,0.1483193558983814,3.0612536985467074,1.0,38.458333333333336,4.68479705740513,0.07922919801790206,3610.9572626933386,2001,0,walk,reset_every_12_random,random,0.5,adaptive,8,0.015625,37,2,2,4,1.0,1.0,2.0,2.0,2,2,0,0,0,0,0.05405405405405406,1.0,2,5.092499999999999,5.88465,0,0,0,0,,0,0.6480000000000001,0.6480000000000001,0.3
0.08588942205670147,4.119889458795902,0.03874695610741458,3.7216978228755777,0.9375,43.645833333333336,5.397303783442507,0.047142465949286894,4119.889458795902,2001,1,walk,reset_every_12_random,random,0.5,adaptive,8,0.015625,36,6,2,5,0.3333333333333333,0.2648323301805675,0.1730654761904762,0.04583333333333334,0,0,1,0,5,2,0.05555555555555555,0.6666666666666666,2,4.872,5.996499999999999,0,0,0,0,,0,0.6480000000000001,0.6480000000000001,0.3
0.0022218088624338626,4.669552553218028,0.026602175860493283,3.962713662937326,0.9791666666666666,51.604166666666664,5.707493467351958,0.024380366998059424,4669.552553218029,2001,2,walk,reset_every_12_random,random,0.5,adaptive,8,0.015625,37,4,1,3,0.25,0.06688963210702341,0.31145833333333334,0.020833333333333332,1,0,0,0,3,1,0.02702702702702703,1.0,1,5.1075,5.846,0,0,0,0,,0,0.6480000000000001,0.6480000000000001,0.3
0.029055102579861363,4.313499277306565,0.031526757502484286,4.190598142518046,0.8125,50.166666666666664,5.653051501984385,0.002471654922622926,4313.499277306565,2001,3,walk,reset_every_12_random,random,0.5,adaptive,8,0.015625,32,3,1,2,0.3333333333333333,0.04,0.5208333333333333,0.020833333333333332,2,0,0,0,1,1,0.03125,0.3333333333333333,1,5.122999999999999,6.3675,0,0,0,0,,0,0.6480000000000001,0.6480000000000001,0.3
0.0022900132275132275,4.444958009889986,0.030380013044261384,3.993500369902851,0.9375,52.3125,5.683905082089962,0.028089999816748156,4444.958009889989,2002,0,walk,reset_every_12_random,random,0.5,adaptive,8,0.015625,39,3,1,2,0.3333333333333333,0.05555555555555555,1.125,0.0625,1,0,2,1,0,0,0.02564102564102564,0.5,1,5.092499999999999,7.314799999999998,0,0,0,0,,0,0.6480000000000001,0.6480000000000001,0.3
0.0028732459737183576,3.285206457567249,0.02912566984056299,3.943838778048333,0.9375,51.5625,5.699241821498643,0.026252423866844635,3285.2064575672516,2002,1,walk,reset_every_12_random,random,0.5,adaptive,8,0.015625,38,5,1,3,0.2,0.029962546816479398,0.5959821428571429,0.017857142857142856,2,0,1,0,2,1,0.02631578947368421,0.25,1,5.027,5.83765,0,0,0,0,,0,0.6480000000000001,0.6480000000000001,0.3
0.19206349206349205,2.143612637703462,0.12863713503226887,3.3250846843431288,0.875,33.25,4.686465735281666,0.15618770119899683,2143.612637703462,2002,2,walk,reset_every_12_random,random,0.5,adaptive,8,0.015625,33,3,2,4,0.6666666666666666,0.9421487603305785,1.0803571428571428,1.0178571428571428,1,1,1,0,1,1,0.06060606060606061,0.5,2,4.9830000000000005,5.84765,0,0,0,0,,0,0.6480000000000001,0.6480000000000001,0.3
0.02569541188224699,3.1397616170699343,0.05169454679019797,3.8284037107996913,1.0,51.666666666666664,5.51776677259764,0.02599913490795099,3139.7616170699343,2002,3,walk,reset_every_12_random,random,0.5,adaptive,8,0.015625,39,6,3,3,0.5,0.7538461538461538,0.4513888888888889,0.3402777777777778,1,1,2,1,3,1,0.07692307692307693,0.5,3,5.082000000000001,6.262499999999999,0,0,0,0,,0,0.6480000000000001,0.6480000000000001,0.3
0.04928902116402117,3.652745319954096,0.0869998859035764,3.6537325840114048,0.9583333333333334,46.125,5.2261551742105565,0.05021086473955524,3652.745319954094,2003,0,walk,reset_every_12_random,random,0.5,adaptive,8,0.015625,35,6,3,5,0.5,0.45032258064516134,2.306547619047619,1.0386904761904763,3,1,0,0,3,2,0.08571428571428572,0.5,3,5.137,5.803649999999999,0,0,0,0,,0,0.6480000000000001,0.6480000000000001,0.3
0.2700697460022057,2.2556402259396653,0.15721526187756735,2.908885093348877,1.0,33.416666666666664,4.571455182738667,0.11285448412463832,2255.640225939665,2003,1,walk,reset_every_12_random,random,0.5,adaptive,8,0.015625,35,4,2,4,0.5,0.9688581314878894,1.0751488095238095,1.0416666666666667,1,1,1,1,2,0,0.05714285714285714,0.6666666666666666,2,5.1419999999999995,6.079,0,0,0,0,,0,0.6480000000000001,0.6480000000000001,0.3
0.07535169738053164,2.82786085536886,0.08066542584333951,3.6901203426479583,0.9791666666666666,51.666666666666664,5.481811973280586,0.03812622846280786,2827.8608553688605,2003,2,walk,reset_every_12_random,random,0.5,adaptive,8,0.015625,33,4,3,3,0.75,0.943089430894309,1.0982142857142856,1.0357142857142856,1,1,1,0,2,2,0.09090909090909091,1.0,3,5.1475,6.448149999999999,0,0,0,0,,0,0.6480000000000001,0.6480000000000001,0.3
0.010988852004477004,2.5832245327275216,0.07490427592493416,3.634577198338596,1.0,42.541666666666664,5.12149327682411,0.06391542392045717,2583.2245327275223,2003,3,walk,reset_every_12_random,random,0.5,adaptive,8,0.015625,40,5,3,3,0.6,0.5641025641025641,0.609375,0.34375,2,1,1,1,2,1,0.075,0.75,3,5.0875,6.162,0,0,0,0,,0,0.6480000000000001,0.6480000000000001,0.3
0.02927002871855813,3.568152719711847,0.036242768368675175,3.572881285549516,0.9583333333333334,39.125,5.310035203681666,0.006972739650117045,3568.1527197118467,2004,0,walk,reset_every_12_random,random,0.5,adaptive,8,0.015625,38,6,3,5,0.5,0.22151898734177214,0.3761904761904762,0.08333333333333333,1,0,0,0,5,3,0.07894736842105263,0.75,3,5.0925,6.058999999999999,0,0,0,0,,0,0.6480000000000001,0.6480000000000001,0.3
0.009626893777606931,4.103484779625112,0.03432309620752653,3.9640432058133963,0.8958333333333334,47.729166666666664,5.523605428638455,0.024696202429919597,4103.484779625112,2004,1,walk,reset_every_12_random,random,0.5,adaptive,8,0.015625,35,4,2,4,0.5,0.1336898395721925,0.3246527777777778,0.043402777777777776,1,0,0,0,3,2,0.05714285714285714,0.5,2,5.0225,6.512,0,0,0,0,,0,0.6480000000000001,0.6480000000000001,0.3
0.005512152777777778,5.280658355320374,0.027135003675567666,4.176663818039052,0.75,53.0,5.725308892604123,0.021622850897789887,5280.658355320374,2004,2,walk,reset_every_12_random,random,0.5,adaptive,8,0.015625,37,4,1,2,0.25,0.21052631578947367,0.19791666666666666,0.041666666666666664,0,0,3,1,1,0,0.02702702702702703,0.5,1,5.0925,5.9125,0,0,0,0,,0,0.6480000000000001,0.6480000000000001,0.3
0.04729083994708994,3.697219224173916,0.06510570686043886,3.8756541384449927,0.9375,47.9375,5.428312892138179,0.027189866913348917,3697.2192241739144,2004,3,walk,reset_every_12_random,random,0.5,adaptive,8,0.015625,35,4,3,4,0.75,0.9834254143646407,1.0773809523809526,1.0595238095238095,1,1,1,1,2,1,0.08571428571428572,0.75,3,5.0625,5.91885,0,0,0,0,,0,0.6480000000000001,0.6480000000000001,0.3
0.0042923137885422374,4.221343403534541,0.031377403946515774,4.2188538816126435,0.8333333333333334,50.791666666666664,5.645520669399903,0.02708509015797354,4221.343403534539,2005,0,walk,reset_every_12_random,random,0.5,adaptive,8,0.015625,34,0,0,2,nan,nan,0.0,0.0,0,0,0,0,0,0,0.0,nan,0,5.0425,5.7175,0,0,0,0,,0,0.6480000000000001,0.6480000000000001,0.3
0.010879747949398375,3.2173375349309796,0.029404322268729303,3.911140245261715,0.9791666666666666,53.895833333333336,5.729858149537809,0.01852457431933093,3217.3375349309777,2005,1,walk,reset_every_12_random,random,0.5,adaptive,8,0.015625,37,4,2,2,0.5,0.5,0.14583333333333331,0.07291666666666666,0,0,2,1,2,1,0.05405405405405406,0.6666666666666666,2,5.112,6.449999999999999,0,0,0,0,,0,0.6480000000000001,0.6480000000000001,0.3
0.1910049757308762,3.9339921132774287,0.09746300533847468,3.118126818293741,1.0,37.416666666666664,4.790746568438844,0.16961446321555185,3933.9921132774284,2005,2,walk,reset_every_12_random,random,0.5,adaptive,8,0.015625,42,5,3,4,0.6,0.7538461538461539,0.5803571428571428,0.4375,3,2,1,1,1,0,0.07142857142857142,0.6666666666666666,3,5.1274999999999995,6.196649999999999,0,0,0,0,,0,0.6480000000000001,0.6480000000000001,0.3
0.003261546399419833,4.970189498373243,0.021811126172916154,4.247095543309326,0.9583333333333334,59.25,5.95087115413225,0.018549579773496323,4970.189498373243,2005,3,walk,reset_every_12_random,random,0.5,adaptive,8,0.015625,38,1,0,0,0.0,0.0,0.041666666666666664,0.0,0,0,1,0,0,0,0.0,0.0,0,5.137499999999999,6.0305,0,0,0,0,,0,0.6480000000000001,0.6480000000000001,0.3
0.16857488576238575,3.9357678908332177,0.10099342849129178,3.5014020365442584,0.9791666666666666,47.291666666666664,5.123009334012301,0.07036449907005407,3935.767890833217,2006,0,walk,reset_every_12_random,random,0.5,adaptive,8,0.015625,33,7,4,5,0.5714285714285714,0.9319971367215462,0.8315476190476191,0.775,3,3,0,0,4,1,0.12121212121212122,0.5,4,5.0920000000000005,6.28215,0,0,0,0,,0,0.6480000000000001,0.6480000000000001,0.3
0.012375992063492063,3.9886139967276475,0.05713196492392477,4.197082543297693,0.8541666666666666,45.416666666666664,5.294511413551089,0.0447559728604327,3988.613996727648,2006,1,walk,reset_every_12_random,random,0.5,adaptive,8,0.015625,40,5,1,2,0.2,0.749665327978581,0.33348214285714284,0.25,1,1,0,0,4,0,0.025,0.25,1,5.092499999999999,6.130649999999998,0,0,0,0,,0,0.6480000000000001,0.6480000000000001,0.3
0.02458464810034805,3.8044097592494537,0.03325617675891784,4.008265692809814,0.8333333333333334,47.583333333333336,5.534302623654103,0.008671528658569789,3804.409759249453,2006,2,walk,reset_every_12_random,random,0.5,adaptive,8,0.015625,35,4,2,3,0.5,0.5744680851063829,0.13988095238095238,0.08035714285714285,0,0,2,1,2,1,0.05714285714285714,0.6666666666666666,2,5.0825,5.772,0,0,0,0,,0,0.6480000000000001,0.6480000000000001,0.3
0.0531837951753206,3.5998282075316124,0.036164558078531944,3.7131461145458586,0.9791666666666666,44.604166666666664,5.47942479797826,0.017019237096788653,3599.828207531616,2006,3,walk,reset_every_12_random,random,0.5,adaptive,8,0.015625,35,4,3,5,0.75,0.6146788990825689,0.10813492063492063,0.06646825396825397,0,0,1,0,3,3,0.08571428571428572,1.0,3,5.0925,6.119999999999999,0,0,0,0,,0,0.6480000000000001,0.6480000000000001,0.3
0.001483534026637475,4.560822256707829,0.021898792122824792,4.168520654957713,0.9583333333333334,58.270833333333336,5.924714152234219,0.020415258096187317,4560.822256707828,2007,0,walk,reset_every_12_random,random,0.5,adaptive,8,0.015625,33,2,1,2,0.5,0.058823529411764705,0.265625,0.015625,1,0,0,0,1,1,0.030303030303030304,0.5,1,4.9275,5.841349999999999,0,0,0,0,,0,0.6480000000000001,0.6480000000000001,0.3
0.004578498821025995,3.1505783896796875,0.04337795895179947,3.604940763491307,0.9583333333333334,44.979166666666664,5.378801289262892,0.038799460130773476,3150.5783896796875,2007,1,walk,reset_every_12_random,random,0.5,adaptive,8,0.015625,36,5,2,4,0.4,0.6205673758865248,0.16785714285714284,0.10416666666666666,0,0,2,2,3,0,0.05555555555555555,0.4,2,5.143,6.3001499999999995,0,0,0,0,,0,0.6480000000000001,0.6480000000000001,0.3
0.007684748427672955,3.6217532023537884,0.026936977593673375,3.9924790069309957,0.9791666666666666,52.895833333333336,5.734590748720432,0.01925222916600042,3621.7532023537865,2007,2,walk,reset_every_12_random,random,0.5,adaptive,8,0.015625,36,2,0,1,0.0,0.0,0.04285714285714286,0.0,0,0,0,0,2,0,0.0,0.0,0,5.203,7.576,0,0,0,0,,0,0.6480000000000001,0.6480000000000001,0.3
0.028630210149344356,3.3519623765749116,0.036941408033279347,3.649837734860643,0.9583333333333334,41.875,5.359297632391823,0.008311197883934992,3351.9623765749116,2007,3,walk,reset_every_12_random,random,0.5,adaptive,8,0.015625,36,2,2,4,1.0,1.0,0.05952380952380952,0.05952380952380952,0,0,1,1,1,1,0.05555555555555555,1.0,2,5.0525,5.948,0,0,0,0,,0,0.6480000000000001,0.6480000000000001,0.3
0.02574535690344514,3.649340445473474,0.05004322619829026,3.763952700845447,0.9375,49.833333333333336,5.5399677244031365,0.02429786929484513,3649.340445473476,2008,0,walk,reset_every_12_random,random,0.5,adaptive,8,0.015625,37,3,1,3,0.3333333333333333,0.6666666666666666,1.5,1.0,3,1,0,0,0,0,0.02702702702702703,0.5,1,5.018000000000001,6.587649999999999,0,0,0,0,,0,0.6480000000000001,0.6480000000000001,0.3
0.003852672935042033,3.732590244109193,0.02446685063923272,3.98032260864673,0.9583333333333334,53.833333333333336,5.790880726540085,0.020614177704190686,3732.590244109193,2008,1,walk,reset_every_12_random,random,0.5,adaptive,8,0.015625,42,4,1,3,0.25,0.15384615384615383,0.18055555555555558,0.027777777777777776,0,0,2,0,2,1,0.023809523809523808,0.3333333333333333,1,5.163,5.9636499999999995,0,0,0,0,,0,0.6480000000000001,0.6480000000000001,0.3
0.02202620967741935,4.876550660028465,0.07275441020018371,3.952066222034022,0.9166666666666666,50.625,5.479461785933702,0.050728200522764354,4876.550660028463,2008,2,walk,reset_every_12_random,random,0.5,adaptive,8,0.015625,38,4,2,3,0.5,0.7326732673267327,1.4027777777777777,1.0277777777777777,3,1,0,0,1,1,0.05263157894736842,0.5,2,5.052,6.115,0,0,0,0,,0,0.6480000000000001,0.6480000000000001,0.3
0.03761147706460206,3.365455622730242,0.030514165516197716,3.8640048002536287,0.9166666666666666,52.375,5.687359280049979,0.00709731154840434,3365.4556227302414,2008,3,walk,reset_every_12_random,random,0.5,adaptive,8,0.015625,39,1,0,2,0.0,0.0,0.017857142857142856,0.0,0,0,0,0,1,0,0.0,0.0,0,5.022,5.55765,0,0,0,0,,0,0.6480000000000001,0.6480000000000001,0.3
0.005026830808080808,3.2069128472917403,0.0303820967101991,3.789305463011438,1.0,50.833333333333336,5.664861595914314,0.025355265902118295,3206.9128472917414,2009,0,walk,reset_every_12_random,random,0.5,adaptive,8,0.015625,38,2,1,2,0.5,0.4666666666666667,0.033482142857142856,0.015625,0,0,0,0,2,1,0.02631578947368421,0.5,1,5.1225000000000005,6.07665,0,0,0,0,,0,0.6480000000000001,0.6480000000000001,0.3
0.002542162698412698,4.259040220859409,0.021004624460547322,4.11492737885066,0.9791666666666666,59.354166666666664,5.959055574657352,0.018462461762134622,4259.040220859408,2009,1,walk,reset_every_12_random,random,0.5,adaptive,8,0.015625,42,2,0,0,0.0,0.0,0.04285714285714286,0.0,0,0,0,0,2,0,0.0,0.0,0,5.232,5.727,0,0,0,0,,0,0.6480000000000001,0.6480000000000001,0.3
0.007691378931216329,3.766369115148523,0.02252814296059684,3.955957396781083,1.0,56.770833333333336,5.878982226844374,0.014836764029380509,3766.369115148522,2009,2,walk,reset_every_12_random,random,0.5,adaptive,8,0.015625,36,2,2,3,1.0,1.0,0.03869047619047619,0.03869047619047619,0,0,0,0,2,2,0.05555555555555555,1.0,2,5.1425,6.448299999999999,0,0,0,0,,0,0.6480000000000001,0.6480000000000001,0.3
0.0028602017426611545,3.8364891847081544,0.024344419514240573,4.160998280510287,0.9583333333333334,56.958333333333336,5.875187874907486,0.021484217771579422,3836.489184708151,2009,3,walk,reset_every_12_random,random,0.5,adaptive,8,0.015625,38,3,1,1,0.3333333333333333,0.4929577464788732,0.08452380952380953,0.041666666666666664,0,0,1,1,2,0,0.02631578947368421,0.3333333333333333,1,5.032500000000001,6.366149999999999,0,0,0,0,,0,0.6480000000000001,0.6480000000000001,0.3
0.03927951388888889,2.82309346051708,0.054751614647966566,3.510436875734742,0.9583333333333334,35.1875,4.984294306346869,0.015472100759077671,2823.09346051708,2000,0,walk,reset_every_12_bsp,bsp,0.1,adaptive,8,0.015625,34,2,0,7,0.0,0.0,0.041666666666666664,0.0,0,0,0,0,2,0,0.0,0.0,0,31.686500000000002,52.31305,0,0,0,0,,0,0.6480000000000001,0.6480000000000001,0.3
0.014750044002816182,2.971489852420667,0.04832731285341434,3.6062853745708154,1.0,42.895833333333336,5.2417898994340435,0.03357726885059815,2971.489852420664,2000,1,walk,reset_every_12_bsp,bsp,0.1,adaptive,8,0.015625,37,2,1,5,0.5,0.030303030303030304,1.03125,0.03125,1,0,0,0,1,1,0.02702702702702703,0.5,1,30.766,36.220099999999995,0,0,0,0,,0,0.6480000000000001,0.6480000000000001,0.3
0.00980902777777778,3.3083301517280055,0.05764319418904861,3.376175628099293,1.0,32.416666666666664,4.835648753171204,0.047834166411270834,3308.3301517280047,2000,2,walk,reset_every_12_bsp,bsp,0.1,adaptive,8,0.015625,36,2,2,9,1.0,1.0,0.08333333333333333,0.08333333333333333,0,0,2,2,0,0,0.05555555555555555,1.0,2,30.8355,34.96765,0,0,0,0,,0,0.6480000000000001,0.6480000000000001,0.3
0.011153813844086024,2.7422336869568067,0.035516780806924844,3.7592544389645433,0.9791666666666666,50.0,5.583734517503796,0.024362966962838822,2742.2336869568076,2000,3,walk,reset_every_12_bsp,bsp,0.1,adaptive,8,0.015625,33,1,1,3,1.0,1.0,0.025,0.025,0,0,0,0,1,1,0.030303030303030304,1.0,1,30.991,36.9405,0,0,0,0,,0,0.6480000000000001,0.6480000000000001,0.3
0.01205150462962963,3.2884207050585252,0.05012319955130026,3.3748593695100624,1.0,42.479166666666664,5.2541116572676865,0.038071694921670625,3288.420705058525,2001,0,walk,reset_every_12_bsp,bsp,0.1,adaptive,8,0.015625,37,2,0,3,0.0,0.0,2.0,0.0,2,0,0,0,0,0,0.0,0.0,0,30.479999999999997,43.575799999999994,0,0,0,0,,0,0.6480000000000001,0.6480000000000001,0.3
0.11614376653439153,2.464886704215705,0.05735637994942111,3.2136953950725697,1.0,34.645833333333336,4.976125844302952,0.0629540532516371,2464.8867042157062,2001,1,walk,reset_every_12_bsp,bsp,0.1,adaptive,8,0.015625,36,6,5,10,0.8333333333333334,0.819432502149613,0.1730654761904762,0.1418154761904762,0,0,1,1,5,4,0.1388888888888889,1.0,5,31.096,43.18244999999998,0,0,0,0,,0,0.6480000000000001,0.6480000000000001,0.3
0.06746961805555556,3.788881606138327,0.04587313053723555,3.7363674877320148,0.8958333333333334,38.25,5.120286988326044,0.021596487518319996,3788.8816061383277,2001,2,walk,reset_every_12_bsp,bsp,0.1,adaptive,8,0.015625,37,4,3,8,0.75,0.19732441471571907,0.31145833333333334,0.06145833333333334,1,0,0,0,3,3,0.08108108108108109,1.0,3,30.915,35.80475,0,0,0,0,,0,0.6480000000000001,0.6480000000000001,0.3
0.008897569444444444,4.434010078038081,0.05002617057554859,4.182649785062509,0.8541666666666666,39.625,5.1438670241739075,0.04112860113110415,4434.01007803808,2001,3,walk,reset_every_12_bsp,bsp,0.1,adaptive,8,0.015625,32,3,1,7,0.3333333333333333,0.04,0.5208333333333333,0.020833333333333332,2,0,0,0,1,1,0.03125,0.3333333333333333,1,31.397,47.07195,0,0,0,0,,0,0.6480000000000001,0.6480000000000001,0.3
0.0940252176139273,3.547916036489991,0.044029343549671196,3.571709897564236,1.0,43.041666666666664,5.317901073322433,0.04999587406425612,3547.9160364899926,2002,0,walk,reset_every_12_bsp,bsp,0.1,adaptive,8,0.015625,39,3,2,4,0.6666666666666666,0.1111111111111111,1.125,0.125,1,0,2,2,0,0,0.05128205128205128,1.0,2,31.3065,42.72979999999999,0,0,0,0,,0,0.6480000000000001,0.6480000000000001,0.3
0.05360553075396824,2.9551683623418454,0.03999842430520996,3.686654868874277,1.0,48.479166666666664,5.414808318553181,0.013607106448758283,2955.168362341846,2002,1,walk,reset_every_12_bsp,bsp,0.1,adaptive,8,0.015625,38,5,3,6,0.6,0.16104868913857676,0.5959821428571429,0.09598214285714285,2,0,1,1,2,2,0.07894736842105263,0.5,3,30.4745,40.544349999999994,0,0,0,0,,0,0.6480000000000001,0.6480000000000001,0.3
0.05846354166666667,3.2056631647874894,0.03613868394391786,3.5000972205562806,1.0,50.375,5.60200138960105,0.02232485772274881,3205.663164787488,2002,2,walk,reset_every_12_bsp,bsp,0.1,adaptive,8,0.015625,33,3,1,2,0.3333333333333333,0.01652892561983471,1.0803571428571428,0.017857142857142856,1,0,1,0,1,1,0.030303030303030304,0.5,1,30.3445,34.18465,0,0,0,0,,0,0.6480000000000001,0.6480000000000001,0.3
0.010828993055555555,2.771657661156621,0.04256905452934052,3.73323273852853,1.0,46.125,5.415173340621556,0.03174006147378496,2771.657661156621,2002,3,walk,reset_every_12_bsp,bsp,0.1,adaptive,8,0.015625,39,6,4,4,0.6666666666666666,0.3846153846153846,0.4513888888888889,0.1736111111111111,1,0,2,2,3,2,0.10256410256410256,1.0,4,30.685499999999998,40.49005,0,0,0,0,,0,0.6480000000000001,0.6480000000000001,0.3
0.030254836309523806,2.9274020218782586,0.0463639320205891,3.592574565398847,0.9791666666666666,44.458333333333336,5.390204200670159,0.016109095711065294,2927.4020218782584,2003,0,walk,reset_every_12_bsp,bsp,0.1,adaptive,8,0.015625,35,6,3,6,0.5,0.024516129032258062,2.306547619047619,0.05654761904761904,3,0,0,0,3,3,0.08571428571428572,0.5,3,30.805500000000002,45.318299999999994,0,0,0,0,,0,0.6480000000000001,0.6480000000000001,0.3
0.04342447916666666,3.3118753741737024,0.0390194129550838,3.672219085078456,1.0,46.479166666666664,5.437563126411621,0.0044050662115828615,3311.875374173703,2003,1,walk,reset_every_12_bsp,bsp,0.1,adaptive,8,0.015625,35,4,3,5,0.75,0.0698961937716263,1.0751488095238095,0.07514880952380952,1,0,1,1,2,2,0.08571428571428572,0.6666666666666666,3,30.810000000000002,36.89445,0,0,0,0,,0,0.6480000000000001,0.6480000000000001,0.3
0.03407118055555555,3.156935704999306,0.03687575199627873,3.5559738954933433,0.9166666666666666,48.458333333333336,5.522890086252179,0.002804571440723181,3156.9357049993055,2003,2,walk,reset_every_12_bsp,bsp,0.1,adaptive,8,0.015625,33,4,3,5,0.75,0.08943089430894309,1.0982142857142856,0.0982142857142857,1,0,1,1,2,2,0.09090909090909091,1.0,3,31.5515,38.632149999999996,0,0,0,0,,0,0.6480000000000001,0.6480000000000001,0.3
0.029535590277777773,2.6552349119170304,0.04452438402787029,3.4815727077978367,1.0,40.375,5.214177892791693,0.014988793750092516,2655.234911917031,2003,3,walk,reset_every_12_bsp,bsp,0.1,adaptive,8,0.015625,40,5,3,4,0.6,0.1794871794871795,0.609375,0.109375,2,0,1,1,2,2,0.075,0.5,3,30.1245,36.22195,0,0,0,0,,0,0.6480000000000001,0.6480000000000001,0.3
0.0247974537037037,4.00887338845966,0.039311195024096315,3.746454181485797,0.9791666666666666,42.291666666666664,5.339924907520943,0.014513741320392617,4008.873388459661,2004,0,walk,reset_every_12_bsp,bsp,0.1,adaptive,8,0.015625,38,6,5,6,0.8333333333333334,0.33544303797468356,0.3761904761904762,0.1261904761904762,1,0,0,0,5,5,0.13157894736842105,1.0,5,30.869999999999997,34.8398,0,0,0,0,,0,0.6480000000000001,0.6480000000000001,0.3
0.032703993055555554,2.977521922065749,0.04680834576726461,3.492342274961665,1.0,39.166666666666664,5.190892474004754,0.014104352711709053,2977.5219220657477,2004,1,walk,reset_every_12_bsp,bsp,0.1,adaptive,8,0.015625,35,4,3,7,0.75,0.2299465240641711,0.3246527777777778,0.07465277777777778,1,0,0,0,3,3,0.08571428571428572,0.75,3,30.455,36.04559999999999,0,0,0,0,,0,0.6480000000000001,0.6480000000000001,0.3
0.012977430555555556,3.7547987860400998,0.046005633490301595,3.697304264428047,0.9791666666666666,43.0625,5.29185163014463,0.03302820293474604,3754.798786040101,2004,2,walk,reset_every_12_bsp,bsp,0.1,adaptive,8,0.015625,37,4,4,7,1.0,1.0,0.19791666666666666,0.19791666666666666,0,0,3,3,1,1,0.10810810810810811,1.0,4,30.8305,37.2165,0,0,0,0,,0,0.6480000000000001,0.6480000000000001,0.3
0.02792038690476191,3.0161947835350458,0.050564939727926965,3.6909282156404832,0.9375,38.645833333333336,5.136693347737499,0.022644552823165052,3016.194783535046,2004,3,walk,reset_every_12_bsp,bsp,0.1,adaptive,8,0.015625,35,4,3,6,0.75,0.0718232044198895,1.0773809523809526,0.07738095238095238,1,0,1,1,2,2,0.08571428571428572,0.75,3,30.83,44.82995,0,0,0,0,,0,0.6480000000000001,0.6480000000000001,0.3
0.0035156249999999997,3.777899351390904,0.05070371792465194,4.0392753990818475,0.875,41.1875,5.2297268174402385,0.04718809292465193,3777.899351390903,2005,0,walk,reset_every_12_bsp,bsp,0.1,adaptive,8,0.015625,34,0,0,5,nan,nan,0.0,0.0,0,0,0,0,0,0,0.0,nan,0,31.216,36.025,0,0,0,0,,0,0.6480000000000001,0.6480000000000001,0.3
0.010937500000000001,2.901570050542309,0.0429996210748459,3.60892742031255,0.9791666666666666,43.541666666666664,5.302984057953558,0.032062121074845906,2901.5700505423097,2005,1,walk,reset_every_12_bsp,bsp,0.1,adaptive,8,0.015625,37,4,2,6,0.5,0.4285714285714286,0.14583333333333331,0.0625,0,0,2,0,2,2,0.05405405405405406,0.6666666666666666,2,30.1495,42.98815,0,0,0,0,,0,0.6480000000000001,0.6480000000000001,0.3
0.12828145667989418,4.145495304143119,0.04371296256349169,3.569529091217649,0.875,47.791666666666664,5.448266491154823,0.08456849411640249,4145.495304143117,2005,2,walk,reset_every_12_bsp,bsp,0.1,adaptive,8,0.015625,42,5,2,3,0.4,0.13846153846153847,0.5803571428571428,0.08035714285714285,3,0,1,1,1,1,0.047619047619047616,0.3333333333333333,2,30.054000000000002,36.3043,0,0,0,0,,0,0.6480000000000001,0.6480000000000001,0.3
0.06944444444444443,3.1452676117458243,0.0485398102764664,3.454342123381428,0.9375,38.854166666666664,5.173030103455419,0.020904634167978036,3145.2676117458236,2005,3,walk,reset_every_12_bsp,bsp,0.1,adaptive,8,0.015625,38,1,1,4,1.0,1.0,0.041666666666666664,0.041666666666666664,0,0,1,1,0,0,0.02631578947368421,1.0,1,31.256,41.89464999999999,0,0,0,0,,0,0.6480000000000001,0.6480000000000001,0.3
0.023285590277777782,4.249031464284313,0.05203449158219431,3.8019343525251394,0.875,42.229166666666664,5.264112108927104,0.028748901304416513,4249.031464284314,2006,0,walk,reset_every_12_bsp,bsp,0.1,adaptive,8,0.015625,33,7,3,6,0.42857142857142855,0.07301360057265568,0.8315476190476191,0.060714285714285714,3,0,0,0,4,3,0.09090909090909091,0.75,3,30.67,33.902,0,0,0,0,,0,0.6480000000000001,0.6480000000000001,0.3
0.11345486111111112,3.7198052945694204,0.03421410706948252,3.9804112693400646,0.8333333333333334,49.208333333333336,5.599463766904854,0.0792407540416286,3719.805294569421,2006,1,walk,reset_every_12_bsp,bsp,0.1,adaptive,8,0.015625,40,5,4,5,0.8,0.25033467202141907,0.33348214285714284,0.08348214285714287,1,0,0,0,4,4,0.1,1.0,4,30.4995,44.820049999999995,0,0,0,0,,0,0.6480000000000001,0.6480000000000001,0.3
0.04730076058201058,2.61226971968933,0.047700057881623036,3.737006983399326,0.8541666666666666,41.0,5.1887102746941265,0.00039929729961244814,2612.26971968933,2006,2,walk,reset_every_12_bsp,bsp,0.1,adaptive,8,0.015625,35,4,2,4,0.5,0.5744680851063829,0.13988095238095238,0.08035714285714285,0,0,2,1,2,1,0.05714285714285714,0.6666666666666666,2,30.966,43.32515,0,0,0,0,,0,0.6480000000000001,0.6480000000000001,0.3
0.021701388888888885,3.3902399370493312,0.05251513311874339,3.798136682015636,0.9583333333333334,35.333333333333336,5.003553352835751,0.0308137442298545,3390.2399370493313,2006,3,walk,reset_every_12_bsp,bsp,0.1,adaptive,8,0.015625,35,4,3,10,0.75,0.8073394495412844,0.10813492063492063,0.0873015873015873,0,0,1,1,3,2,0.08571428571428572,1.0,3,30.746000000000002,36.51115,0,0,0,0,,0,0.6480000000000001,0.6480000000000001,0.3
0.004340277777777777,5.080729390937073,0.04194543869162559,4.337831808130091,0.9166666666666666,46.854166666666664,5.46601128816939,0.03760516091384782,5080.729390937072,2007,0,walk,reset_every_12_bsp,bsp,0.1,adaptive,8,0.015625,33,2,1,6,0.5,0.058823529411764705,0.265625,0.015625,1,0,0,0,1,1,0.030303030303030304,0.5,1,31.281,45.1823,0,0,0,0,,0,0.6480000000000001,0.6480000000000001,0.3
0.13678695436507937,2.6338682477992887,0.045326252385365674,3.4596258981128365,1.0,45.395833333333336,5.377371741042335,0.09146070197971369,2633.8682477992884,2007,1,walk,reset_every_12_bsp,bsp,0.1,adaptive,8,0.015625,36,5,4,4,0.8,0.7517730496453902,0.16785714285714284,0.1261904761904762,0,0,2,1,3,3,0.1111111111111111,0.8,4,30.950499999999998,33.7285,0,0,0,0,,0,0.6480000000000001,0.6480000000000001,0.3
0.010069444444444445,2.8217578039368116,0.053254062543320456,3.4747152394919616,0.9791666666666666,35.354166666666664,4.981225482905407,0.043184618098876006,2821.7578039368113,2007,2,walk,reset_every_12_bsp,bsp,0.1,adaptive,8,0.015625,36,2,2,9,1.0,1.0,0.04285714285714286,0.04285714285714286,0,0,0,0,2,2,0.05555555555555555,1.0,2,30.8505,41.90549999999999,0,0,0,0,,0,0.6480000000000001,0.6480000000000001,0.3
0.06506076388888889,3.4570961359125776,0.055853087106866324,3.3176352909345415,1.0,36.645833333333336,5.082489579613665,0.013374343448689234,3457.096135912578,2007,3,walk,reset_every_12_bsp,bsp,0.1,adaptive,8,0.015625,36,2,2,4,1.0,1.0,0.05952380952380952,0.05952380952380952,0,0,1,1,1,1,0.05555555555555555,1.0,2,30.926000000000002,36.18665,0,0,0,0,,0,0.6480000000000001,0.6480000000000001,0.3
0.029557291666666666,3.4387686572428406,0.03462728183150978,3.7761057209430113,0.9583333333333334,51.166666666666664,5.592308001504236,0.005069990164843112,3438.7686572428415,2008,0,walk,reset_every_12_bsp,bsp,0.1,adaptive,8,0.015625,37,3,0,4,0.0,0.0,1.5,0.0,3,0,0,0,0,0,0.0,0.0,0,31.881999999999998,41.80579999999999,0,0,0,0,,0,0.6480000000000001,0.6480000000000001,0.3
0.037978877314814814,3.196523659235386,0.047833321194226674,3.5944421072634056,1.0,38.125,5.10455995155636,0.009854443879411862,3196.5236592353854,2008,1,walk,reset_every_12_bsp,bsp,0.1,adaptive,8,0.015625,42,4,4,7,1.0,1.0,0.18055555555555558,0.18055555555555558,0,0,2,2,2,2,0.09523809523809523,1.0,4,31.3515,36.0798,0,0,0,0,,0,0.6480000000000001,0.6480000000000001,0.3
0.02055121527777778,4.084479181329914,0.03574898021887882,3.8658377158618027,1.0,48.666666666666664,5.53570411404955,0.015197764941101038,4084.4791813299144,2008,2,walk,reset_every_12_bsp,bsp,0.1,adaptive,8,0.015625,38,4,1,2,0.25,0.019801980198019802,1.4027777777777777,0.027777777777777776,3,0,0,0,1,1,0.02631578947368421,0.25,1,30.8405,33.935649999999995,0,0,0,0,,0,0.6480000000000001,0.6480000000000001,0.3
0.0742218501984127,3.4527788330152944,0.04087489375871937,3.592773365678262,1.0,51.541666666666664,5.52403043353079,0.03334695643969332,3452.7788330152944,2008,3,walk,reset_every_12_bsp,bsp,0.1,adaptive,8,0.015625,39,1,1,1,1.0,1.0,0.017857142857142856,0.017857142857142856,0,0,0,0,1,1,0.02564102564102564,1.0,1,31.286,37.25875,0,0,0,0,,0,0.6480000000000001,0.6480000000000001,0.3
0.017447916666666664,3.3190969367712104,0.03914385539529201,3.5610397293846296,1.0,47.166666666666664,5.457399355722894,0.02169593872862535,3319.0969367712096,2009,0,walk,reset_every_12_bsp,bsp,0.1,adaptive,8,0.015625,38,2,2,3,1.0,1.0,0.033482142857142856,0.033482142857142856,0,0,0,0,2,2,0.05263157894736842,1.0,2,31.181,36.48515,0,0,0,0,,0,0.6480000000000001,0.6480000000000001,0.3
0.03565848214285714,3.033584957189445,0.03622892310904622,3.5361619206034454,0.9791666666666666,42.666666666666664,5.369920887776644,0.0005704409661890739,3033.5849571894446,2009,1,walk,reset_every_12_bsp,bsp,0.1,adaptive,8,0.015625,42,2,2,5,1.0,1.0,0.04285714285714286,0.04285714285714286,0,0,0,0,2,2,0.047619047619047616,1.0,2,30.62,41.13184999999999,0,0,0,0,,0,0.6480000000000001,0.6480000000000001,0.3
0.01326678240740741,3.6193823027216294,0.034717187674587785,3.6212245194553403,0.9583333333333334,49.791666666666664,5.531204921986075,0.021450405267180377,3619.382302721628,2009,2,walk,reset_every_12_bsp,bsp,0.1,adaptive,8,0.015625,36,2,2,6,1.0,1.0,0.03869047619047619,0.03869047619047619,0,0,0,0,2,2,0.05555555555555555,1.0,2,31.171,42.081499999999984,0,0,0,0,,0,0.6480000000000001,0.6480000000000001,0.3
0.02906125992063492,2.8186314975794318,0.046528071101129165,3.444975982014556,0.9375,35.916666666666664,5.062859078315825,0.017466811180494243,2818.6314975794307,2009,3,walk,reset_every_12_bsp,bsp,0.1,adaptive,8,0.015625,38,3,2,7,0.6666666666666666,0.5070422535211268,0.08452380952380953,0.04285714285714286,0,0,1,0,2,2,0.05263157894736842,0.6666666666666666,2,30.56,42.918949999999995,0,0,0,0,,0,0.6480000000000001,0.6480000000000001,0.3
