condition,scenario,method,param,attack,side,n_clusters,n_trajectories,cap_violations,hit,hit_low,hit_high,error_cells,error_cells_low,error_cells_high,error_m,error_m_low,error_m_high,peak,peak_low,peak_high,logloss,logloss_low,logloss_high,covered95,covered95_low,covered95_high,credible95,credible95_low,credible95_high,entropy,entropy_low,entropy_high,prior_hit,prior_hit_low,prior_hit_high,raw_completion,raw_completion_low,raw_completion_high,coverage,coverage_low,coverage_high,reward,reward_low,reward_high,latency_slots,latency_slots_low,latency_slots_high,gate_us_p50,gate_us_p50_low,gate_us_p50_high,gate_us_p95,gate_us_p95_low,gate_us_p95_high,ece,ece_low,ece_high,utility,utility_low,utility_high
static_fixed_none_1,static,none,1.0,fixed,8.0,20,80,0.0,0.3276904854034197,0.263868970092342,0.3965043927951445,1.8563044407050175,1.6382638844658994,2.09769342502326,1856.304440705017,1638.263884465899,2097.69342502326,0.3164374544630518,0.26159684045309584,0.3721498986609585,2.181481928447842,1.9487455320841567,2.4090398352504216,0.98125,0.9669205729166668,0.9927083333333334,19.96640625,17.736497395833332,22.646354166666665,3.161467030776533,2.8629188934249554,3.4957232740724207,0.015625,0.015625,0.015625,0.09682689906961582,0.08472475307532071,0.10962736636550897,1.0,1.0,1.0,3.4625,3.025,3.95,1.0,1.0,1.0,4.997249999999999,4.95257015625,5.06696734375,6.4008506249999995,6.200348890625,6.687618953125,0.10113144875168072,0.08262964055269939,0.12160748121691395,1.0,1.0,1.0
static_fixed_random_0.15,static,random,0.15,fixed,8.0,20,80,0.0,0.04869274057284225,0.019490208196601477,0.08457443791764342,3.6317054796137294,3.380876796072916,3.928068470495526,3631.7054796137286,3380.876796072916,3928.0684704955256,0.04772666508203134,0.03068452175613076,0.07108435138346227,3.7906543245542053,3.6224156626132338,3.9451932690104647,0.9658854166666666,0.9413997395833333,0.9875065104166667,50.49973958333333,46.9031640625,53.7401953125,5.475119805440204,5.238812961333617,5.68494503542425,0.015625,0.015625,0.015625,0.015454417217102506,0.010533522951244828,0.020460005830212916,0.42857142857142855,0.31935307017543857,0.5384615384615384,0.55,0.375,0.725,1.0,1.0,1.0,5.0198,5.00393125,5.03683359375,6.336413749999999,6.1624458749999995,6.581042578124999,0.038793592048990355,0.027606260055886563,0.053820942980974465,0.1588447653429603,0.11454444935869085,0.20486548261390886
static_fixed_random_0.3,static,random,0.3,fixed,8.0,20,80,0.0,0.10921617986295185,0.07211070115346421,0.15160420323735904,3.141214618059216,2.8999183569014786,3.398755934038856,3141.2146180592154,2899.9183569014785,3398.7559340388552,0.10074659823072814,0.07329193730260412,0.1295183612873289,3.365357245856316,3.1940757487413016,3.5422418890847416,0.96015625,0.9348763020833334,0.98177734375,41.209375,38.27460286458333,44.23171875,4.873994647354241,4.63792222647979,5.121324103349696,0.015625,0.015625,0.015625,0.030469392029107024,0.024760572652404476,0.03682620503157177,0.7402597402597403,0.6493506493506493,0.8227848101265823,1.0875,0.875,1.3125,1.0,1.0,1.0,5.083993749999999,5.04533234375,5.1359625,6.3669956249999995,6.235665234374999,6.523818640625,0.06768504609215703,0.0512160344944102,0.08812444756999059,0.3140794223826715,0.2551584171014124,0.38407190635451505
static_fixed_random_0.5,static,random,0.5,fixed,8.0,20,80,0.0,0.16908932364324375,0.11991124883353636,0.21808368107443532,2.7259793752102404,2.5038481255413108,2.9659139107011745,2725.97937521024,2503.8481255413108,2965.913910701174,0.15699420717399992,0.11806351337073737,0.19130340784851688,3.01366208116752,2.8213442583281374,3.22546511049495,0.95859375,0.92837890625,0.9851627604166666,34.21119791666667,31.25525390625,37.39689453124999,4.373422165499515,4.1078708200879674,4.681956792192732,0.015625,0.015625,0.015625,0.047720579724724224,0.039783491594420003,0.055720263522318916,0.8831168831168831,0.8133333333333334,0.9487179487179487,1.7,1.425,1.975,1.0,1.0,1.0,5.035287500000001,5.01331828125,5.0564254687500005,6.337168749999999,6.20663553125,6.47291584375,0.09378997478916948,0.07833768581012393,0.11058271804578465,0.49097472924187724,0.42306451612903223,0.5674813364259731
static_fixed_random_0.7,static,random,0.7,fixed,8.0,20,80,0.0,0.200327167581173,0.14046218592113557,0.25788654961210616,2.4202902694945356,2.1734473390630766,2.671807288115723,2420.290269494535,2173.4473390630765,2671.8072881157223,0.20208750952285012,0.15443060897828303,0.2507749957124309,2.754906919759659,2.5159646329664986,2.9888745996353694,0.9770833333333334,0.9523372395833334,0.9947981770833333,28.64427083333333,25.54634765625,31.753489583333334,3.9830824272050185,3.6599064111105677,4.311774131036256,0.015625,0.015625,0.015625,0.06302048113932227,0.05399078459304018,0.07162446861422396,0.961038961038961,0.9176478238252125,1.0,2.25,1.925,2.55,1.0,1.0,1.0,5.1554875000000004,5.12087828125,5.192279843750001,6.527133124999999,6.414108328124999,6.647654265625,0.10232755460148572,0.08750081425340263,0.11774503070740336,0.6498194945848376,0.5816476031358437,0.7246776326665564
static_fixed_rate_2,static,rate,2.0,fixed,8.0,20,80,0.0,0.19704147107318631,0.13616882301867073,0.2663531958529146,2.4989782853672344,2.2478515858909818,2.7650701180986816,2498.9782853672345,2247.8515858909823,2765.070118098682,0.19286682805862163,0.1399390575770595,0.2550108144143696,2.8437892773920437,2.5719982255537355,3.1018431223514202,0.9588541666666666,0.9328125,0.9817838541666667,29.14739583333333,25.977552083333336,32.3962890625,4.0223959699247,3.673492279505996,4.356966097147547,0.015625,0.015625,0.015625,0.055656398516397,0.046250324063126985,0.06559845913544891,0.8831168831168831,0.8076923076923077,0.9473684210526315,1.975,1.6496875,2.3378124999999996,1.0,1.0,1.0,5.274956250000001,5.25128109375,5.2994715625,6.62541875,6.534282781249999,6.722934265624999,0.05720848718340958,0.04481501838503,0.07092736839823566,0.5703971119133574,0.505529187800712,0.6328759043724442
static_fixed_rate_4,static,rate,4.0,fixed,8.0,20,80,0.0,0.13082556803228443,0.08192106502404685,0.19383154026809968,2.9022106781642005,2.6527507175992215,3.1710792569467925,2902.2106781642005,2652.7507175992214,3171.079256946792,0.12574413037476048,0.08211505640375774,0.18307807372526222,3.213200914098015,2.9353804007526305,3.4689295721158437,0.98125,0.9635416666666666,0.9947916666666666,38.39791666666667,34.66393229166667,42.18067708333333,4.674229169558659,4.294585095354275,5.00464991616387,0.015625,0.015625,0.015625,0.029022534254076672,0.02307127491526675,0.035395663414207364,0.6493506493506493,0.569620253164557,0.7272727272727273,1.025,0.8125,1.2625,1.0,1.0,1.0,5.2573625,5.2367662500000005,5.2801040625,6.577330624999999,6.494664796875,6.67084028125,0.024024456609167587,0.018149573785177377,0.030750987731963244,0.296028880866426,0.2465277777777778,0.34539774217520547
static_fixed_rate_8,static,rate,8.0,fixed,8.0,20,80,0.0,0.09700981313656884,0.05453790732551116,0.1486400235304871,3.2665041936702446,3.0070857865691183,3.524438190025918,3266.504193670244,3007.0857865691178,3524.4381900259173,0.09216478883734296,0.050665118181669105,0.14208762045800716,3.502555926068331,3.2725354609404436,3.713281097871221,0.9854166666666666,0.9666666666666666,1.0,45.67916666666667,41.73192708333333,49.45453125,5.1317613422541815,4.803401876348563,5.4349402993982565,0.015625,0.015625,0.015625,0.013915684920814662,0.009223695921942889,0.019286063152397625,0.4155844155844156,0.3116883116883117,0.5256410256410257,0.5,0.3375,0.7,1.0,1.0,1.0,5.2258562500000005,5.207972343750001,5.24177328125,6.39612625,6.336729124999999,6.459884515625,0.011280978591697416,0.00677471268423496,0.01677018288724136,0.1444043321299639,0.10107611796902294,0.1894813676527084
static_fixed_coarse_2,static,coarse,2.0,fixed,8.0,20,80,0.0,0.08949329605579606,0.07741645762684582,0.10325765153267594,2.629310589488923,2.404882409268094,2.8559558926185686,2629.310589488922,2404.8824092680925,2855.955892618568,0.08655592789248528,0.07583022339545345,0.0988230457484399,3.0849099282477175,2.9074414206304597,3.2572068859195347,0.9666666666666666,0.93853515625,0.9869791666666666,32.208072916666666,29.230371093749998,34.95482421875,4.491569607979885,4.276272386669738,4.682991744982948,0.015625,0.015625,0.015625,0.054363756589425084,0.04523275217079829,0.06342806821382842,0.8831168831168831,0.8051307245386193,0.9605391319207108,1.925,1.6125,2.2378124999999995,1.0,1.0,1.0,6.2249625,6.194424375,6.25439265625,7.6670718749999995,7.531614734374999,7.821501796874999,0.022468420103993077,0.01822670247750506,0.02734699780429745,0.555956678700361,0.4740393370970679,0.6448300849575211
static_fixed_coarse_4,static,coarse,4.0,fixed,8.0,20,80,0.0,0.02794731987847222,0.024422675238715278,0.03137301974826389,3.375792839287224,3.1908051817564975,3.5612465803176563,3375.7928392872245,3190.805181756498,3561.246580317657,0.02747180661266522,0.025242309718032662,0.029700632888922194,3.826204750822735,3.7266673993392576,3.93815785734433,0.9372395833333333,0.88748046875,0.9770898437500001,49.47447916666666,47.11348958333333,51.93866536458333,5.535820818960562,5.440541104531812,5.635822672010193,0.015625,0.015625,0.015625,0.01900215295541937,0.01452049777541444,0.024166988881955707,0.5324675324675324,0.4155844155844156,0.6411184210526315,0.675,0.5125,0.8625,1.0,1.0,1.0,6.203575,6.1788840625,6.230098125,7.60055,7.502148625,7.7144295,0.005864439682034533,0.004623741556187592,0.007225418284153769,0.19494584837545126,0.15189504014185096,0.24427696148768868
static_fixed_bsp_0.05,static,bsp,0.05,fixed,8.0,20,80,0.0,0.02955258637743292,0.02532134977471892,0.03445302932750792,3.511678949671354,3.31934746681376,3.7170357433345096,3511.678949671355,3319.3474668137615,3717.0357433345102,0.03524646523260196,0.033523915789697684,0.036846424439550836,3.753344036251555,3.6784610042135917,3.827959713928738,0.9239583333333334,0.8715950520833334,0.9651171875,44.68203125,43.09287109375,46.06692708333333,5.373498288299976,5.31140658817352,5.430887252004068,0.015625,0.015625,0.015625,0.040649682345398605,0.033942470908652635,0.0475791290630321,0.7402597402597403,0.6666666666666666,0.8101859177215189,1.4625,1.2125,1.7125,1.0,1.0,1.0,30.30760625,30.24373671875,30.37723703125,37.153774999999996,36.254795546874995,38.162794078124996,0.021613294045255766,0.017576452783864764,0.025896870836026185,0.4223826714801444,0.3788304062381494,0.4701659504036239
static_fixed_bsp_0.1,static,bsp,0.1,fixed,8.0,20,80,0.0,0.05179021508652472,0.04120503940929453,0.06353140846983107,3.0076315946375476,2.7930511405751246,3.2108894575925757,3007.631594637548,2793.0511405751245,3210.8894575925756,0.05647055051399508,0.053899690399438045,0.05935402016371343,3.40347470257852,3.294761635186641,3.5069711114417053,0.9552083333333334,0.9255208333333333,0.9799544270833332,34.31614583333333,32.47753255208333,35.92272135416667,4.860570619721164,4.7732749637112555,4.940790930603909,0.015625,0.015625,0.015625,0.058419624177109566,0.049471479990922725,0.069988353316651,0.922077922077922,0.8701298701298701,0.974025974025974,2.1,1.775,2.5128125,1.0,1.0,1.0,29.977056249999997,29.89014296875,30.06464484375,38.31868375,37.284567687499994,39.328647124999996,0.03445347506659667,0.029064783690883115,0.041049670189955346,0.6064981949458483,0.5353133671919995,0.6733891540487162
static_fixed_bsp_0.2,static,bsp,0.2,fixed,8.0,20,80,0.0,0.07918770282060711,0.06460652188979359,0.09416907912309155,2.634215037155701,2.4630133969490395,2.80569730313109,2634.2150371557004,2463.013396949039,2805.6973031310895,0.08034299009746912,0.07590556593745523,0.08471622013779818,3.148747136375439,3.0189006924574846,3.2777349394380146,0.9455729166666667,0.9143229166666667,0.9739713541666667,29.91328125,28.067467447916666,31.7854296875,4.520758448066169,4.409592612588935,4.631066414405116,0.015625,0.015625,0.015625,0.07339147883845973,0.06380485633212052,0.08402429834156343,0.961038961038961,0.918918918918919,1.0,2.6375,2.2875,3.025,1.0,1.0,1.0,30.585837500000004,30.45519078125,30.7295578125,39.389393749999996,38.16625115625,40.77496753124999,0.051654849982450034,0.04484832820826805,0.058719312265099396,0.7617328519855595,0.7090893888719976,0.8093224460858669
static_fixed_bsp_0.4,static,bsp,0.4,fixed,8.0,20,80,0.0,0.14680847074026884,0.12378942215479034,0.1719800807376426,2.2568836162609727,2.0703116586423915,2.4512074039644784,2256.8836162609723,2070.3116586423916,2451.207403964478,0.14521335328255217,0.13131268143567373,0.15850809774896804,2.6655444517468205,2.509400854333692,2.836775589847809,0.9875,0.97265625,0.9973958333333334,23.345052083333332,21.196080729166667,25.797513020833332,3.8498335383866475,3.6665222686447687,4.059697110581662,0.015625,0.015625,0.015625,0.0822632130463975,0.07148972934497541,0.09411764509620932,1.0,1.0,1.0,2.95,2.5625,3.375,1.0,1.0,1.0,30.086562500000003,30.01531078125,30.16374140625,37.897818125,37.042394265625,38.817855859375,0.0676651602784844,0.05710000829402928,0.07974859770882192,0.851985559566787,0.8087174393787446,0.8928604375329467
static_fixed_positive_only_0.1,static,positive_only,0.1,fixed,8.0,20,80,0.0,0.05240653453096916,0.04231738050774724,0.06381335027206096,3.000914787024865,2.7874822676552995,3.210648852196685,3000.9147870248653,2787.4822676552994,3210.6488521966853,0.057505236902070433,0.05471674053888226,0.06062808104349554,3.3903859850162332,3.291008776217508,3.4891789522485754,0.95234375,0.9221223958333333,0.97734375,34.08958333333333,32.25445963541667,35.68203776041667,4.840578060937501,4.750619762767005,4.920560358760519,0.015625,0.015625,0.015625,0.0591904970423847,0.0500319784533039,0.07088743804815205,0.935064935064935,0.8846153846153846,0.986490990990991,2.125,1.7996875,2.5375,1.0,1.0,1.0,15.362606249999999,15.333322187499997,15.397431718749997,19.406398125,18.778988562499997,20.222455312499996,0.0345233669516917,0.029309406225369438,0.04113486177624502,0.6137184115523465,0.5428571428571428,0.6794601224636195
static_adaptive_none_1,static,none,1.0,adaptive,8.0,20,80,0.0,0.49722046015034793,0.4558897258507447,0.5407952444018391,1.2791671276989414,1.1315646650013937,1.4313981798471387,1279.1671276989414,1131.564665001394,1431.3981798471389,0.5185450387458215,0.48383970625040623,0.5550588081488399,1.596873627570553,1.4540157478586513,1.7513958019960303,0.9846354166666667,0.9755208333333334,0.9924479166666667,14.38203125,12.731022135416666,16.169388020833335,2.2765760855749386,2.0730553335030564,2.469444121656964,0.015625,0.015625,0.015625,0.09682689906961582,0.08472475307532071,0.10962736636550897,1.0,1.0,1.0,3.4625,3.025,3.95,1.0,1.0,1.0,5.0797875,5.0323410937499995,5.128521718749999,6.622125625,6.400077078125,6.858704890625,0.09403458081178952,0.08040297828076884,0.10718888553209198,1.0,1.0,1.0
static_adaptive_random_0.15,static,random,0.15,adaptive,8.0,20,80,0.0,0.05618220552884495,0.034270695029612976,0.08092220252767092,3.067277527752416,2.8315890309434346,3.3177559174322826,3067.277527752415,2831.5890309434335,3317.7559174322814,0.057861376562007884,0.039207719664318574,0.08180435536816448,3.661569667644624,3.506000348356639,3.8092071732674073,0.9760416666666666,0.9544205729166667,0.990625,46.67942708333333,43.113203125000005,50.07524739583333,5.306293209802744,5.071523711505963,5.513055599867186,0.015625,0.015625,0.015625,0.015454417217102506,0.010533522951244828,0.020460005830212916,0.42857142857142855,0.31935307017543857,0.5384615384615384,0.55,0.375,0.725,1.0,1.0,1.0,5.186518749999999,5.14213015625,5.2443678125,6.5117031249999995,6.284574281249999,6.7814659062499985,0.059040759248695084,0.04722804927136037,0.07225104185833502,0.1588447653429603,0.11454444935869085,0.20486548261390886
static_adaptive_random_0.3,static,random,0.3,adaptive,8.0,20,80,0.0,0.11307646352178022,0.07461827464651023,0.15854911270442196,2.545735266455604,2.2977640259460497,2.8136754437437594,2545.7352664556033,2297.76402594605,2813.675443743759,0.13251406461817758,0.10268304887179139,0.1641081034578591,3.172375996970525,2.9791882030147856,3.3578409140283454,0.9747395833333334,0.9562369791666667,0.9901041666666666,35.896875,32.21572265625,39.95360677083334,4.581912499958493,4.315285200425783,4.844368750131158,0.015625,0.015625,0.015625,0.030469392029107024,0.024760572652404476,0.03682620503157177,0.7402597402597403,0.6493506493506493,0.8227848101265823,1.0875,0.875,1.3125,1.0,1.0,1.0,5.08310625,5.06754828125,5.1004629687500005,6.173555625,6.0699291875,6.2878025937499995,0.09241674472530667,0.07361442408317907,0.10995038785337953,0.3140794223826715,0.2551584171014124,0.38407190635451505
static_adaptive_random_0.5,static,random,0.5,adaptive,8.0,20,80,0.0,0.21519839217163722,0.14744967306705126,0.28356404511418265,2.1309854776865693,1.906045791100171,2.379838418877464,2130.985477686569,1906.0457911001706,2379.8384188774635,0.22506681886356877,0.1711026981239905,0.2788361908575362,2.7184687966545007,2.5003992959620107,2.942792546704839,0.9809895833333334,0.9630208333333334,0.9942708333333334,29.02135416666667,26.329114583333332,31.964967447916663,3.9444744167256793,3.6489117332203604,4.255863272621083,0.015625,0.015625,0.015625,0.047720579724724224,0.039783491594420003,0.055720263522318916,0.8831168831168831,0.8133333333333334,0.9487179487179487,1.7,1.425,1.975,1.0,1.0,1.0,5.15684375,5.1350284375,5.177935312500001,6.265443749999999,6.18011628125,6.354931343749999,0.10659965166774174,0.09272195911267547,0.1208042709528653,0.49097472924187724,0.42306451612903223,0.5674813364259731
static_adaptive_random_0.7,static,random,0.7,adaptive,8.0,20,80,0.0,0.325362011746424,0.2610124947214953,0.38769847390585005,1.7717076794438094,1.5770854504470477,1.994401115494184,1771.7076794438094,1577.085450447048,1994.4011154941843,0.3348496484299965,0.2765789290540776,0.39194612292041764,2.262339845938606,2.0556319981016626,2.4824160154951596,0.9815104166666666,0.9645833333333333,0.9942708333333334,22.09609375,19.96184895833333,24.80481770833333,3.2554980413402843,2.9702973709992175,3.570238864011219,0.015625,0.015625,0.015625,0.06302048113932227,0.05399078459304018,0.07162446861422396,0.961038961038961,0.9176478238252125,1.0,2.25,1.925,2.55,1.0,1.0,1.0,5.10273125,5.08187703125,5.12112375,6.291768124999999,6.20269425,6.391358421874999,0.11550697070212901,0.09798577923032728,0.13413047160558328,0.6498194945848376,0.5816476031358437,0.7246776326665564
static_adaptive_rate_2,static,rate,2.0,adaptive,8.0,20,80,0.0,0.29097983997078936,0.22937712430556942,0.3507140633692768,2.001592871392127,1.775584660504791,2.242625558552764,2001.5928713921269,1775.5846605047907,2242.6255585527633,0.30216425584351597,0.2504085443138747,0.3542982773487786,2.419218038031799,2.1920328990852815,2.658231032223394,0.9671875,0.9489583333333333,0.9828255208333333,23.285416666666666,21.081171875,25.589921875,3.407223418951601,3.1153348429579455,3.6930849573263145,0.015625,0.015625,0.015625,0.055656398516397,0.046250324063126985,0.06559845913544891,0.8831168831168831,0.8076923076923077,0.9473684210526315,1.975,1.6496875,2.3378124999999996,1.0,1.0,1.0,5.346975,5.32749390625,5.3691690625,6.61547375,6.42261375,6.89594559375,0.08103520891622265,0.07072464692063885,0.09179300499993341,0.5703971119133574,0.505529187800712,0.6328759043724442
static_adaptive_rate_4,static,rate,4.0,adaptive,8.0,20,80,0.0,0.1677458866418443,0.11892686657438233,0.2228608160879715,2.559342370856453,2.3099054398939063,2.814404382435376,2559.3423708564524,2309.905439893906,2814.4043824353753,0.15461983499770068,0.1117281231979527,0.2029337221032804,3.0302556449054894,2.7990842260032736,3.264407206641083,0.9458333333333334,0.9176822916666667,0.9719010416666667,33.592708333333334,30.241354166666667,37.22109375,4.378236562438651,4.073350094055536,4.699194523918826,0.015625,0.015625,0.015625,0.029022534254076672,0.02307127491526675,0.035395663414207364,0.6493506493506493,0.569620253164557,0.7272727272727273,1.025,0.8125,1.2625,1.0,1.0,1.0,5.2197562500000005,5.1970278125,5.24225765625,6.308664374999999,6.220895234374999,6.405134015624999,0.05545067866011446,0.044676051171023336,0.06669972674688306,0.296028880866426,0.2465277777777778,0.34539774217520547
static_adaptive_rate_8,static,rate,8.0,adaptive,8.0,20,80,0.0,0.09094057355635925,0.05132910373761567,0.13926401931479276,3.07478177945647,2.8159101087300744,3.3447451789308587,3074.78177945647,2815.9101087300746,3344.745178930858,0.0903442762260149,0.05369866318068033,0.13349791273541933,3.46393272937701,3.2403558145983067,3.671780728035701,0.9854166666666666,0.9708333333333334,0.9958333333333333,43.03333333333333,39.49348958333333,46.629322916666666,5.018846077686063,4.726675425120152,5.299447955667633,0.015625,0.015625,0.015625,0.013915684920814662,0.009223695921942889,0.019286063152397625,0.4155844155844156,0.3116883116883117,0.5256410256410257,0.5,0.3375,0.7,1.0,1.0,1.0,5.3723125,5.3517671875,5.3942221875000005,6.5940981249999995,6.47383434375,6.735658015624999,0.019410567288453216,0.015194777133205781,0.024376337174518523,0.1444043321299639,0.10107611796902294,0.1894813676527084
static_adaptive_coarse_2,static,coarse,2.0,adaptive,8.0,20,80,0.0,0.15695126677792692,0.1415096999467727,0.1699274853315991,1.7449397318912017,1.5991492431847778,1.8933636264530234,1744.9397318911997,1599.1492431847762,1893.3636264530214,0.15576725957934462,0.1436575636020712,0.1668046484276541,2.378469175765196,2.2280406866825775,2.546074025062556,0.9723958333333333,0.9411393229166667,0.9895833333333334,19.821875,17.412740885416667,22.42580729166667,3.452539137776472,3.2668737128499816,3.655689869958992,0.015625,0.015625,0.015625,0.054363756589425084,0.04523275217079829,0.06342806821382842,0.8831168831168831,0.8051307245386193,0.9605391319207108,1.925,1.6125,2.2378124999999995,1.0,1.0,1.0,6.1784875,6.13790140625,6.222529218749999,7.617671874999999,7.4824349375,7.7567007187499994,0.025096163558188535,0.021310985899552534,0.029319087133480824,0.555956678700361,0.4740393370970679,0.6448300849575211
static_adaptive_coarse_4,static,coarse,4.0,adaptive,8.0,20,80,0.0,0.05244683159722222,0.05085272894965277,0.053968878851996534,2.417937775368049,2.309007274922437,2.5455254867768167,2417.93777536805,2309.0072749224382,2545.5254867768176,0.05160985253264595,0.050086123883313995,0.053141944599441,3.1108767470470022,3.059300199249688,3.162846936092289,0.9744791666666666,0.9533854166666667,0.9911458333333334,27.25989583333334,25.50410807291667,29.027760416666666,4.515048679627686,4.439476397761764,4.592890113885129,0.015625,0.015625,0.015625,0.01900215295541937,0.01452049777541444,0.024166988881955707,0.5324675324675324,0.4155844155844156,0.6411184210526315,0.675,0.5125,0.8625,1.0,1.0,1.0,6.3208375000000006,6.30485765625,6.33870203125,7.632001249999999,7.5065549375,7.784230374999999,0.003855389837923167,0.0028499945190563086,0.004856060837088174,0.19494584837545126,0.15189504014185096,0.24427696148768868
static_adaptive_bsp_0.05,static,bsp,0.05,adaptive,8.0,20,80,0.0,0.04514066522876513,0.03369811619161159,0.05737307159019109,3.1091568016577695,2.859661957046644,3.4114890652766423,3109.1568016577708,2859.661957046645,3411.489065276642,0.04495806633572752,0.044397714147033224,0.04563423862147191,3.4272596449557673,3.3317253397605606,3.550876246140077,0.9388020833333334,0.8999869791666667,0.9726627604166667,34.45338541666667,32.510859374999995,36.60263671875,4.945421085906372,4.884816015296055,5.010183887198547,0.015625,0.015625,0.015625,0.027467898103586415,0.021113087916523828,0.03381737523277427,0.6103896103896104,0.5066623376623377,0.7067215189873417,1.0,0.775,1.2375,1.0,1.0,1.0,30.7883,30.688845,30.891116562499995,37.67479625,36.80624725,38.58455776562499,0.040300105427320404,0.030765543579751847,0.05101976305778629,0.2888086642599278,0.23212359943977592,0.34568110483364717
static_adaptive_bsp_0.1,static,bsp,0.1,adaptive,8.0,20,80,0.0,0.07395767313198956,0.059914384415678375,0.08784875996760763,2.328332049998757,2.139919496407214,2.541044079292752,2328.3320499987567,2139.919496407213,2541.04407929275,0.0800136069443007,0.07806956085211145,0.08163117567074117,2.962905379201545,2.846348354440228,3.102966909813902,0.9690104166666667,0.934375,0.9942708333333334,24.63046875,22.818769531250002,26.51554036458333,4.292511120882469,4.207285034348813,4.3799213693064125,0.015625,0.015625,0.015625,0.046824519883840246,0.03963567089363104,0.05450304182878843,0.8311688311688312,0.7662337662337663,0.8947368421052632,1.6875,1.425,1.975,1.0,1.0,1.0,30.673849999999998,30.611234999999997,30.74649140625,38.34694125,37.47929298437499,39.222098921874995,0.04692714414639513,0.0408033923654501,0.05337921233183041,0.48736462093862815,0.4374667553191489,0.5390388494867858
static_adaptive_bsp_0.2,static,bsp,0.2,adaptive,8.0,20,80,0.0,0.15446540679011386,0.13273083132642463,0.17643919294861682,1.815990948293567,1.6370842957537703,2.0151737088310773,1815.9909482935668,1637.0842957537702,2015.173708831077,0.14359255122352169,0.13929123882355868,0.14773188355211078,2.4875174189831304,2.3575304182095347,2.644616779088046,0.9729166666666667,0.94296875,0.9947916666666666,19.160416666666666,17.615162760416663,20.88439453125,3.662759180405898,3.5526610804252416,3.783692423576192,0.015625,0.015625,0.015625,0.055782431927957885,0.048321503865805894,0.0635145271508232,0.922077922077922,0.8666666666666667,0.9743589743589743,2.0,1.725,2.2878125,1.0,1.0,1.0,30.651881249999995,30.597497187499997,30.706016093749998,37.397616875,36.5243981875,38.294276984374996,0.08361830417712948,0.06825073298372736,0.10201535423028658,0.5776173285198556,0.5326349816529792,0.6270491803278688
static_adaptive_bsp_0.4,static,bsp,0.4,adaptive,8.0,20,80,0.0,0.20873854438519368,0.17295603716712774,0.2423168153913202,1.60035568802352,1.467365897962016,1.7588110331624442,1600.3556880235199,1467.3658979620159,1758.8110331624443,0.24094594672508202,0.22987901115083845,0.2516126877448637,2.1875855039641268,2.0390533976551666,2.361432927324796,0.97578125,0.9552083333333334,0.9906315104166666,15.5046875,13.841464843750002,17.37641276041667,3.0495739726785347,2.9056245897453286,3.2080200473664076,0.015625,0.015625,0.015625,0.07589185069907733,0.06665216352859131,0.08496632083206067,0.987012987012987,0.9599864864864864,1.0,2.725,2.3875,3.075,1.0,1.0,1.0,30.6520375,30.56746359375,30.719881406250003,38.286953749999995,37.495897093749996,39.162925734374994,0.13329842329046343,0.11204937280704441,0.15698682202909517,0.7870036101083032,0.7464609692050609,0.8298879646282974
static_adaptive_positive_only_0.1,static,positive_only,0.1,adaptive,8.0,20,80,0.0,0.1007155373019631,0.08806757082074466,0.11182691383820537,2.0803426270273753,1.9292983069604106,2.254421811840091,2080.3426270273753,1929.2983069604104,2254.4218118400904,0.10195767007040069,0.09361713418673444,0.11120469082604381,2.719763322935169,2.6099618914722402,2.8564808586981854,0.9690104166666667,0.9364518229166667,0.9932291666666666,21.013541666666665,19.459563802083334,22.686139322916667,3.9309650788664046,3.8278263592175494,4.038239840593678,0.015625,0.015625,0.015625,0.04976596518248605,0.042177578879230175,0.05737226632163682,0.8701298701298701,0.8157894736842105,0.9240743670886076,1.7875,1.5125,2.0625,1.0,1.0,1.0,15.85835625,15.81328640625,15.906980625,19.672882499999996,19.085326046875,20.213480031249997,0.02732470504933913,0.02223311372195132,0.032769711848076,0.516245487364621,0.4580387205387205,0.5679501900538486
walk_fixed_none_1,walk,none,1.0,fixed,8.0,20,80,0.0,0.12278865914266161,0.08593725440524003,0.16237918079429337,2.538356582995664,2.2872212138835013,2.8293274910992934,2538.356582995664,2287.221213883501,2829.327491099293,0.10718884030294104,0.09580928232946401,0.11830348574434064,3.271403422544078,3.1164643950957664,3.4248538245704645,0.9494791666666667,0.9369726562499999,0.9617252604166666,33.23411458333333,31.095559895833336,35.58647135416667,4.723297865723171,4.594464339972357,4.855974059148886,0.015625,0.015625,0.015625,0.09784464707237733,0.0842197450316609,0.11090004922938398,1.0,1.0,1.0,3.5,3.0125,3.9628124999999996,1.0,1.0,1.0,4.916325,4.89095375,4.94329,6.521556249999999,6.371177656249999,6.679463312499999,0.1192547343463652,0.0961986831145284,0.1444382799785278,1.0,1.0,1.0
walk_fixed_random_0.15,walk,random,0.15,fixed,8.0,20,80,0.0,0.027140670642968545,0.014198833602656743,0.04282412882392476,4.211966473405858,3.923272355597021,4.520721205255351,4211.966473405857,3923.2723555970206,4520.721205255351,0.032329101995445704,0.026363558322386994,0.039488008529329,3.962998310935627,3.8826130586627845,4.039616681817938,0.9528645833333333,0.9320247395833333,0.9718815104166667,54.012760416666666,51.527246093749994,56.186074218749994,5.726111751468229,5.624589461004296,5.818590742217285,0.015625,0.015625,0.015625,0.01815626477239839,0.012033665133398654,0.024638683015552113,0.2567099567099567,0.18196754385964908,0.3246780996780997,0.65,0.4375,0.875,1.0,1.0,1.0,4.9302624999999995,4.911637499999999,4.948351875,6.269676875,6.184107999999999,6.35210503125,0.03720240271358159,0.02829228992680525,0.04767240135113838,0.18571428571428572,0.13702020202020201,0.23052752166951912
walk_fixed_random_0.3,walk,random,0.3,fixed,8.0,20,80,0.0,0.037534263004596856,0.023665942069839463,0.05379345092658106,3.846517589916889,3.581551879956738,4.118429357038364,3846.5175899168885,3581.5518799567376,4118.429357038364,0.04552047638005291,0.03834658080852769,0.053870999184075015,3.8206958078179127,3.7227484761768523,3.9177471814872527,0.95234375,0.9361979166666666,0.9677213541666667,48.649479166666666,46.321015625,51.090807291666664,5.509955603406831,5.395062831557795,5.621520446117355,0.015625,0.015625,0.015625,0.03221131277547823,0.025817708792785214,0.038728248316978374,0.4235930735930736,0.35177719298245613,0.49742479742479734,1.1625,0.925,1.4,1.0,1.0,1.0,5.03134375,5.01128171875,5.0519454687500005,6.4002675,6.3353463125,6.480788062499999,0.048758001165579865,0.04081204547000765,0.05797682312910329,0.33214285714285713,0.2762211668928087,0.38780018031308905
walk_fixed_random_0.5,walk,random,0.5,fixed,8.0,20,80,0.0,0.05293832617233189,0.03388538575919762,0.0754505933873342,3.4345246612898244,3.175630758024863,3.6832377191891843,3434.5246612898236,3175.630758024862,3683.2377191891833,0.05815634584051098,0.051312955682992975,0.06564771273020907,3.671571659949668,3.576024401702351,3.768500719794482,0.959375,0.9453059895833333,0.9721354166666666,43.90364583333333,42.379140625,45.41767578125,5.310955724275642,5.225992095594191,5.390958658750517,0.015625,0.015625,0.015625,0.04743666272026318,0.03972991942563352,0.05484858085615077,0.5922077922077922,0.5168831168831168,0.6706221884840307,1.7,1.425,1.9628124999999996,1.0,1.0,1.0,4.93119375,4.907039999999999,4.9556996875,6.365441874999999,6.209016703124999,6.591244499999998,0.06533202699680835,0.05397552276074613,0.07887098088312884,0.4857142857142857,0.4323339731932377,0.5454713183495471
walk_fixed_random_0.7,walk,random,0.7,fixed,8.0,20,80,0.0,0.06793057567630015,0.04360833693328309,0.09562599856657822,3.0602968180508556,2.814032622794625,3.2915097987625974,3060.296818050855,2814.032622794625,3291.5097987625977,0.07523415095053908,0.06561297751107178,0.08506579776568651,3.5306917133893605,3.411487272547984,3.6431385895088346,0.96015625,0.9450455729166667,0.97396484375,39.534375,37.36642578125,41.70677734375,5.091712362773955,4.966209948293366,5.205306614092355,0.015625,0.015625,0.015625,0.0647092763041309,0.0546267054065742,0.07432289394686435,0.7686147186147185,0.7034610828360829,0.840354763491006,2.3125,1.95,2.65,1.0,1.0,1.0,4.92951875,4.908441875,4.95392640625,6.32819375,6.232423953124999,6.425043671875,0.08137341025201698,0.0662977446312276,0.09824167350326919,0.6607142857142857,0.610894534620582,0.7192464539007092
walk_fixed_rate_2,walk,rate,2.0,fixed,8.0,20,80,0.0,0.07851901620963928,0.05442393784144457,0.10636272921061177,3.180666289551121,2.9065801025485665,3.484963426657695,3180.666289551121,2906.580102548566,3484.963426657695,0.07119407508076556,0.06100985969377327,0.08069922604162545,3.618028521860471,3.500159476618516,3.731440075748916,0.9458333333333334,0.92837890625,0.9630273437500001,41.09244791666667,38.832265625,43.48050130208333,5.159794291450052,5.038673780196562,5.283667805169949,0.015625,0.015625,0.015625,0.0552867510548373,0.045269872974455,0.06518649836163799,0.6629870129870129,0.5821886740650829,0.7454732451093211,1.975,1.6125,2.3375,1.0,1.0,1.0,5.142925,5.11900515625,5.167951874999999,6.592800625,6.513737640624999,6.689594843749998,0.08660383685972722,0.07021148198705693,0.10425500317043057,0.5642857142857143,0.5036111367766177,0.6250101791530944
walk_fixed_rate_4,walk,rate,4.0,fixed,8.0,20,80,0.0,0.03841221160594478,0.025696527352986727,0.052416443903656185,3.829209287144436,3.533484445447071,4.172363180518445,3829.2092871444356,3533.4844454470704,4172.363180518444,0.047710635615976646,0.039790204269760265,0.055736732841199545,3.84121262457869,3.7479194009039576,3.930415910704374,0.9546875,0.9330664062499999,0.9729296875,47.91067708333333,45.72975260416666,50.092356770833334,5.484259544005266,5.379254656667265,5.588706038233933,0.015625,0.015625,0.015625,0.02640451697369111,0.02176424771610054,0.03128840871522377,0.36753246753246754,0.3001563596491228,0.4313970628527591,0.9375,0.775,1.1125,1.0,1.0,1.0,5.28246875,5.260618125,5.3025940625,6.814321249999999,6.693724687499999,6.964526109375,0.057565545480770294,0.04767132365212493,0.06780911411343356,0.26785714285714285,0.233201581027668,0.30345135467980294
walk_fixed_rate_8,walk,rate,8.0,fixed,8.0,20,80,0.0,0.030491195857915498,0.017253005596418187,0.045751545799303184,4.246073958869254,3.9329221157826484,4.561696501349002,4246.073958869254,3932.922115782648,4561.696501349001,0.03325454708484,0.027193628602997805,0.04065489098560105,3.9689248709600635,3.88737014133809,4.038782442728219,0.965625,0.94166015625,0.9869856770833333,53.518489583333334,51.53413411458334,55.49363932291667,5.723913290131314,5.631800861283267,5.810532287747627,0.015625,0.015625,0.015625,0.013017332492249475,0.00856603210923064,0.017716882953318552,0.17705627705627705,0.12065986842105263,0.2337928026614735,0.4625,0.3125,0.625,1.0,1.0,1.0,5.17959375,5.1569871874999995,5.202543125,6.694560624999999,6.58602296875,6.796892468749999,0.042650066869362936,0.03248904639992848,0.05467681625607634,0.13214285714285715,0.09652160766618598,0.16944834740588025
walk_fixed_coarse_2,walk,coarse,2.0,fixed,8.0,20,80,0.0,0.042739259926282365,0.029119659013567875,0.05629976972933304,3.3855416497346873,3.057508281180339,3.71776001379699,3385.5416497346873,3057.5082811803386,3717.76001379699,0.05296257723819105,0.04731600258750516,0.05925383469152473,3.699308473229229,3.577712302781454,3.816734792255473,0.9572916666666667,0.9380208333333334,0.9747395833333334,43.366145833333334,41.01375,45.63897135416667,5.314918744692332,5.203291624103487,5.418094537445019,0.015625,0.015625,0.015625,0.05140251402503537,0.04278260284007718,0.05984159709329862,0.6006493506493507,0.5166508438818564,0.6826758603238867,1.8375,1.5375,2.1375,1.0,1.0,1.0,6.087925,6.06056734375,6.114069218749999,7.778095624999999,7.6496638125,7.907312187499999,0.054480054111065546,0.045444898887871676,0.06541712188240918,0.525,0.456587998700382,0.5948211209408961
walk_fixed_coarse_4,walk,coarse,4.0,fixed,8.0,20,80,0.0,0.017393796484091777,0.012641676993052195,0.023231776638772017,3.9310454824999623,3.722686562044239,4.131302456461743,3931.0454824999624,3722.68656204424,4131.3024564617435,0.02792504174506887,0.025449549127688292,0.030448358753321667,3.9736558066254077,3.8977344684893516,4.046817330202474,0.9411458333333333,0.9119791666666666,0.9669335937500001,52.54869791666666,50.9218359375,54.311276041666666,5.711926184281737,5.651531750813465,5.774003623196045,0.015625,0.015625,0.015625,0.01775417513404322,0.014320556846076372,0.02169339512995867,0.26666666666666666,0.2084135135135135,0.3350263713080168,0.6375,0.5,0.7875,1.0,1.0,1.0,6.1677937499999995,6.1014746875,6.2641946875,7.79540375,7.613120171875,7.995921921874999,0.02150948028911099,0.016925115292039307,0.02737996992420847,0.18214285714285713,0.1443548282313809,0.224276065763384
walk_fixed_bsp_0.05,walk,bsp,0.05,fixed,8.0,20,80,0.0,0.02671203548693783,0.013705602252294146,0.04444186385220319,3.8710155788940313,3.61872871711137,4.130732812970993,3871.015578894031,3618.7287171113694,4130.732812970992,0.03119488679301004,0.029707017782431667,0.0326685389019813,3.95520665868291,3.8800700730891493,4.0316977362319175,0.9424479166666666,0.9192643229166667,0.96484375,50.98020833333333,49.52162109375,52.31401692708334,5.684816397334188,5.6392243698758,5.727970259490092,0.015625,0.015625,0.015625,0.04563715023119398,0.03830653758578257,0.05442347610745243,0.5829004329004329,0.496964436026936,0.6762883771929825,1.65,1.3875,1.9625,1.0,1.0,1.0,30.538475,30.4097071875,30.664707343750003,39.468894375,38.549993531249996,40.43073421875,0.033546802418288627,0.022844972844296596,0.04879624245101989,0.4714285714285714,0.41175939689955404,0.5331213532984044
walk_fixed_bsp_0.1,walk,bsp,0.1,fixed,8.0,20,80,0.0,0.042404017241718855,0.026854680168761573,0.062111381575536216,3.4038029173118325,3.0927064810387517,3.716710129457225,3403.8029173118325,3092.7064810387515,3716.7101294572244,0.044227634621517346,0.04207472800545419,0.04652984500730629,3.780923148854221,3.681464806039046,3.879173626948648,0.9403645833333334,0.9208268229166667,0.9604166666666666,44.49010416666667,43.03909505208334,45.92858072916666,5.417985647802125,5.364898258383896,5.471701952432806,0.015625,0.015625,0.015625,0.06491433228204316,0.055549186541006816,0.07524658179411826,0.7560606060606061,0.6655555555555556,0.8427322678843225,2.3375,1.9875,2.725,1.0,1.0,1.0,30.063906250000002,30.002610625,30.1267859375,38.676238749999996,37.699501015624996,39.627976874999995,0.049438712713282824,0.03520372084057867,0.06781194114600159,0.6678571428571428,0.6006705961823411,0.7303891333251092
walk_fixed_bsp_0.2,walk,bsp,0.2,fixed,8.0,20,80,0.0,0.04858065362978102,0.031249647769123885,0.06928077734603219,3.254616414042185,2.9689454325421596,3.5335956126267174,3254.616414042185,2968.94543254216,3533.595612626718,0.05390409793104435,0.04943253724357043,0.058251371358877285,3.69898831334379,3.58053633160248,3.8249972599866027,0.9390625,0.9200520833333334,0.9580729166666666,41.525,39.7368359375,43.45078125,5.264456281104012,5.183421417259285,5.352205632292667,0.015625,0.015625,0.015625,0.07533198474397709,0.06451254785524754,0.08649908826641552,0.8354978354978354,0.7593568697257385,0.9081458333333333,2.7125,2.325,3.1125,1.0,1.0,1.0,30.322625,30.24750203125,30.4021275,38.962356875,38.25076757812499,39.751811812499994,0.06196568938048004,0.04717173589061956,0.0819174166199148,0.775,0.722398367603202,0.8279693615872588
walk_fixed_bsp_0.4,walk,bsp,0.4,fixed,8.0,20,80,0.0,0.09320854998364489,0.06590115467432357,0.12483434196018345,2.7704446294262963,2.517183345553601,3.020681820310272,2770.444629426296,2517.183345553601,3020.6818203102725,0.08263079332597913,0.0752411059821173,0.09094399871724422,3.4221407133671016,3.264084819399137,3.5587465501132427,0.95078125,0.9375,0.9640625,35.58463541666667,33.24076822916667,37.77579427083333,4.905717282585675,4.774226676297652,5.017890144026705,0.015625,0.015625,0.015625,0.08957269678272355,0.0774837111041684,0.10234117909216021,0.9389610389610389,0.9067510548523205,0.9706763157894737,3.2125,2.7875,3.6625,1.0,1.0,1.0,30.01620625,29.92443015625,30.118403750000002,38.44761187499999,37.485929234375,39.577485859374995,0.10075599653488174,0.07984196374142921,0.12578168234752748,0.9178571428571428,0.8885010945170525,0.9508296681327468
walk_fixed_positive_only_0.1,walk,positive_only,0.1,fixed,8.0,20,80,0.0,0.042404017241718855,0.026854680168761573,0.062111381575536216,3.408500735895996,3.0966779455102316,3.721950327436036,3408.5007358959956,3096.677945510232,3721.950327436037,0.04434411541300078,0.04201596884915535,0.04685921271412492,3.7846398598228133,3.6845158840481744,3.8836390671767096,0.9390625,0.91953125,0.9591145833333334,44.47708333333333,43.024348958333334,45.90917317708333,5.416632278723623,5.360866015130101,5.4716270690178685,0.015625,0.015625,0.015625,0.06491433228204316,0.055549186541006816,0.07524658179411826,0.7560606060606061,0.6655555555555556,0.8427322678843225,2.3375,1.9875,2.725,1.0,1.0,1.0,15.498275000000001,15.464676250000002,15.53676296875,19.806538124999996,19.285149671874997,20.448708499999995,0.050074256848489596,0.03603008449302605,0.06838591315439112,0.6678571428571428,0.6006705961823411,0.7303891333251092
walk_adaptive_none_1,walk,none,1.0,adaptive,8.0,20,80,0.0,0.16362411259319418,0.1346660484675728,0.19652526951331065,2.062375243701727,1.8845997316834788,2.2505083512379147,2062.3752437017274,1884.5997316834794,2250.5083512379156,0.16088554230688437,0.14714440742800405,0.17505571927817792,2.950534546396183,2.8159421392639823,3.082423687698193,0.9526041666666666,0.9377604166666667,0.9674479166666666,26.1171875,24.476555989583332,27.78110677083333,4.222440432943262,4.1061126058796695,4.338544092146258,0.015625,0.015625,0.015625,0.09784464707237733,0.0842197450316609,0.11090004922938398,1.0,1.0,1.0,3.5,3.0125,3.9628124999999996,1.0,1.0,1.0,4.9357,4.9202621875,4.952605312499999,6.199476249999999,6.121629171874999,6.293617656249999,0.12868370365602544,0.11622797394771986,0.14213010672446375,1.0,1.0,1.0
walk_adaptive_random_0.15,walk,random,0.15,adaptive,8.0,20,80,0.0,0.0370545249245394,0.018494398636359856,0.05598368528814976,3.5272190841729083,3.201321465799131,3.8629929427107594,3527.2190841729084,3201.3214657991316,3862.992942710759,0.03807379915613458,0.03193721010700923,0.045146227395675545,3.832279133197762,3.7429603455536706,3.916965859709274,0.9677083333333334,0.95703125,0.9786458333333334,50.26770833333333,48.268841145833335,52.386660156249995,5.59237370125614,5.502888633903023,5.681745454653801,0.015625,0.015625,0.015625,0.01815626477239839,0.012033665133398654,0.024638683015552113,0.2567099567099567,0.18196754385964908,0.3246780996780997,0.65,0.4375,0.875,1.0,1.0,1.0,5.173568749999999,5.1501796875000005,5.200225937499999,6.735229999999999,6.54186884375,6.950702374999999,0.04557681983808269,0.03394061928465006,0.05717645503262742,0.18571428571428572,0.13702020202020201,0.23052752166951912
walk_adaptive_random_0.3,walk,random,0.3,adaptive,8.0,20,80,0.0,0.049751688259650394,0.031111764120109627,0.06993438787943301,3.256550054765306,2.9924223139500965,3.51523206801278,3256.5500547653055,2992.4223139500964,3515.23206801278,0.05483056838689489,0.04641743972154461,0.06456181437899078,3.706946178039197,3.5993118172708667,3.8055344554125017,0.9515625,0.93203125,0.9692708333333332,44.5109375,42.22968098958333,46.942897135416665,5.342990476870943,5.226660366740261,5.457513820672963,0.015625,0.015625,0.015625,0.03221131277547823,0.025817708792785214,0.038728248316978374,0.4235930735930736,0.35177719298245613,0.49742479742479734,1.1625,0.925,1.4,1.0,1.0,1.0,5.0340187499999995,5.009601875,5.056207343750001,6.5294431249999985,6.2872400937499995,6.8234541874999985,0.0622690192358434,0.050571640950121836,0.07579700550796618,0.33214285714285713,0.2762211668928087,0.38780018031308905
walk_adaptive_random_0.5,walk,random,0.5,adaptive,8.0,20,80,0.0,0.07869040483381194,0.05729555937553613,0.10016746989996544,2.8034174262101828,2.6068813589803272,3.002619709766261,2803.4174262101833,2606.881358980328,3002.619709766261,0.07887688693449936,0.07077689629773305,0.08786523534165512,3.512102432004471,3.3954762561993017,3.6231353825605033,0.9432291666666666,0.9213411458333333,0.9617252604166666,38.53125,36.69007161458334,40.35983072916666,5.033808631617197,4.94023131215278,5.127914630410107,0.015625,0.015625,0.015625,0.04743666272026318,0.03972991942563352,0.05484858085615077,0.5922077922077922,0.5168831168831168,0.6706221884840307,1.7,1.425,1.9628124999999996,1.0,1.0,1.0,5.132737499999999,5.114584375,5.149845,6.466333125,6.31586609375,6.709693749999999,0.07598852347948402,0.06551444739248406,0.08588256525327054,0.4857142857142857,0.4323339731932377,0.5454713183495471
walk_adaptive_random_0.7,walk,random,0.7,adaptive,8.0,20,80,0.0,0.0883788096003417,0.06208475625726896,0.11649614129211268,2.5895482617185666,2.391896942834735,2.7975762416179277,2589.548261718567,2391.896942834736,2797.576241617928,0.10153106729193517,0.09082528271155305,0.11294049505724371,3.3585803824826073,3.2407708472974592,3.4786364392766878,0.9520833333333334,0.9330729166666666,0.9708333333333334,34.01510416666667,31.91220703125,36.079889322916664,4.780795548692194,4.666227114514676,4.8947349988551565,0.015625,0.015625,0.015625,0.0647092763041309,0.0546267054065742,0.07432289394686435,0.7686147186147185,0.7034610828360829,0.840354763491006,2.3125,1.95,2.65,1.0,1.0,1.0,5.0659875,5.038393281249999,5.098617031249999,7.02434,6.4089033593749996,7.966436640624999,0.09266457926865347,0.07893950925437618,0.1080222862981284,0.6607142857142857,0.610894534620582,0.7192464539007092
walk_adaptive_rate_2,walk,rate,2.0,adaptive,8.0,20,80,0.0,0.10607614009932391,0.08132841795551866,0.13305333396618993,2.675725576182644,2.4528974789733273,2.94305453602333,2675.7255761826445,2452.897478973328,2943.05453602333,0.09286605452171273,0.08270447324945915,0.10322580488458853,3.353851047647622,3.223346606158192,3.496394991996186,0.9447916666666666,0.9166536458333333,0.9703125,35.10729166666667,32.961406249999996,37.30384114583334,4.852458630747668,4.726442301882852,4.969667395823501,0.015625,0.015625,0.015625,0.0552867510548373,0.045269872974455,0.06518649836163799,0.6629870129870129,0.5821886740650829,0.7454732451093211,1.975,1.6125,2.3375,1.0,1.0,1.0,5.35609375,5.341064375,5.3716409375000005,6.621415625,6.53542646875,6.715108765625,0.10160181424754736,0.08606364893584258,0.11748680976402434,0.5642857142857143,0.5036111367766177,0.6250101791530944
walk_adaptive_rate_4,walk,rate,4.0,adaptive,8.0,20,80,0.0,0.05762520299099164,0.04198076183165887,0.07390947330488311,3.2689373129137693,3.044766066478283,3.5248825440659615,3268.9373129137693,3044.766066478283,3524.8825440659607,0.05695379466146446,0.0492888403865163,0.06489816705712766,3.693025981848737,3.5928861676997808,3.7908028103311784,0.95,0.9291601562499999,0.96875,43.666927083333334,41.57942057291667,45.66541015625,5.301929375803773,5.199347739272302,5.399642479494799,0.015625,0.015625,0.015625,0.02640451697369111,0.02176424771610054,0.03128840871522377,0.36753246753246754,0.3001563596491228,0.4313970628527591,0.9375,0.775,1.1125,1.0,1.0,1.0,5.2354125,5.21742828125,5.251986875,6.571780625,6.466101953124999,6.67463746875,0.0649125045518393,0.05204032409910954,0.07919335121722397,0.26785714285714285,0.233201581027668,0.30345135467980294
walk_adaptive_rate_8,walk,rate,8.0,adaptive,8.0,20,80,0.0,0.030926710254214805,0.019717232447061635,0.043587244631799284,4.149378606910185,3.900970908482227,4.402302325131259,4149.378606910184,3900.970908482227,4402.30232513126,0.036636776484113634,0.030155861528414343,0.04495018052359098,3.9282546052159013,3.844392282686403,4.0128157170354966,0.9591145833333334,0.93462890625,0.98125,51.20338541666666,48.81212239583333,53.498613281249995,5.64007604046131,5.529821026298189,5.741829038798335,0.015625,0.015625,0.015625,0.013017332492249475,0.00856603210923064,0.017716882953318552,0.17705627705627705,0.12065986842105263,0.2337928026614735,0.4625,0.3125,0.625,1.0,1.0,1.0,5.3066125,5.277499375,5.33817703125,6.63470875,6.477786890624999,6.8204861093749996,0.043716242009403314,0.033709802599537,0.05451976881509465,0.13214285714285715,0.09652160766618598,0.16944834740588025
walk_adaptive_coarse_2,walk,coarse,2.0,adaptive,8.0,20,80,0.0,0.09285780540176922,0.07470126618086297,0.11208822478569695,2.3683822472803833,2.216478080957648,2.5277505256619337,2368.3822472803836,2216.478080957648,2527.750525661934,0.1048031972703904,0.09787065344384391,0.11191761563849897,3.1651457407165164,3.059030197806425,3.273687428792082,0.9614583333333334,0.9458333333333334,0.97421875,30.313020833333333,28.73169270833333,32.04048828125,4.573016334149796,4.4788475971026545,4.666647401016448,0.015625,0.015625,0.015625,0.05140251402503537,0.04278260284007718,0.05984159709329862,0.6006493506493507,0.5166508438818564,0.6826758603238867,1.8375,1.5375,2.1375,1.0,1.0,1.0,6.04896875,6.0236809375,6.07290296875,7.438213125,7.321381703125,7.5877873906249995,0.09760146073329043,0.08433577073646627,0.11148625873187902,0.525,0.456587998700382,0.5948211209408961
walk_adaptive_coarse_4,walk,coarse,4.0,adaptive,8.0,20,80,0.0,0.04690747578398377,0.028394751507302987,0.07104855093655836,2.735321265999455,2.5852823267133744,2.8703290070842615,2735.3212659994547,2585.282326713375,2870.3290070842613,0.06705750327792259,0.06404219217603087,0.07016187060534278,3.3763603083623885,3.297540101329604,3.448578381482763,0.95390625,0.93515625,0.9705794270833332,32.56171875,31.2919921875,33.87012369791667,4.861879011102062,4.803998144946716,4.918221707388608,0.015625,0.015625,0.015625,0.01775417513404322,0.014320556846076372,0.02169339512995867,0.26666666666666666,0.2084135135135135,0.3350263713080168,0.6375,0.5,0.7875,1.0,1.0,1.0,6.2944249999999995,6.26607453125,6.3235706249999994,7.914853124999999,7.661874874999999,8.220528093749998,0.07334239135779179,0.05877641541637373,0.09180328399428633,0.18214285714285713,0.1443548282313809,0.224276065763384
walk_adaptive_bsp_0.05,walk,bsp,0.05,adaptive,8.0,20,80,0.0,0.037956703145667986,0.02684259330305473,0.05213122267950148,3.3187066193136117,3.093909395840435,3.54421980949904,3318.7066193136116,3093.909395840435,3544.21980949904,0.04023890810667743,0.03975028503278109,0.04074170190883067,3.677324486127702,3.5983365749251255,3.760418094861185,0.9533854166666667,0.9288997395833334,0.9760416666666666,40.23046875,39.440279947916665,41.033365885416664,5.314523262158977,5.28932532639287,5.339064393445916,0.015625,0.015625,0.015625,0.02920458780080243,0.02279624689369326,0.036492745997767,0.39805194805194805,0.323963299358869,0.47939806903622684,1.0625,0.825,1.325,1.0,1.0,1.0,30.729025,30.65497203125,30.8115890625,39.72882,38.616954234374994,40.847714624999995,0.03931909115691062,0.03136763171106413,0.04886258583282044,0.30357142857142855,0.2473108504398827,0.36288837744533947
walk_adaptive_bsp_0.1,walk,bsp,0.1,adaptive,8.0,20,80,0.0,0.05903409581674766,0.03752503319795801,0.08266113474515574,2.85040950806546,2.643828580837476,3.050931865099791,2850.40950806546,2643.828580837476,3050.931865099792,0.06779980789755188,0.06624999368160936,0.06944575711964845,3.4270975096959093,3.3419919019193607,3.5074544252912676,0.94921875,0.9309895833333334,0.9666666666666666,33.65833333333333,32.44578776041667,34.84673177083334,4.920139461450873,4.872030073877302,4.967506861333997,0.015625,0.015625,0.015625,0.04704845522929654,0.04002479921734189,0.055446308820957524,0.6287878787878788,0.537474947257384,0.7278879385964911,1.7125,1.4621875,2.025,1.0,1.0,1.0,30.77768125,30.710993593750004,30.84638875,39.820128125,39.055144406249994,40.55505771874999,0.06596445541103871,0.05323461342693747,0.08196120455953144,0.48928571428571427,0.4222222222222222,0.5584959132228249
walk_adaptive_bsp_0.2,walk,bsp,0.2,adaptive,8.0,20,80,0.0,0.10689619899135083,0.07870783448810596,0.13876099426453037,2.3174774045812674,2.113510784012828,2.533068416092262,2317.4774045812674,2113.510784012829,2533.068416092263,0.10127195770895318,0.09794508963856739,0.10502344154308002,3.1918867252373575,3.071908500310034,3.313902271288211,0.9481770833333334,0.9302083333333334,0.965625,29.83125,28.6186328125,31.038131510416665,4.60185637414078,4.537800022564459,4.660760936400889,0.015625,0.015625,0.015625,0.06902534421495846,0.05853556968955978,0.0803233613625786,0.7904761904761904,0.7035489035087719,0.8675493421052631,2.4875,2.1,2.8875,1.0,1.0,1.0,30.39076875,30.287136875000005,30.496853124999998,38.71268375,37.95610626562499,39.478591484374995,0.10180570228348307,0.08295809562125435,0.12368812973021144,0.7107142857142857,0.6428510063819343,0.767276955602537
walk_adaptive_bsp_0.4,walk,bsp,0.4,adaptive,8.0,20,80,0.0,0.13188621252226185,0.11061370561788801,0.15577570052099834,2.1971650027315306,2.0527544022412236,2.3451873106134626,2197.165002731531,2052.7544022412235,2345.1873106134626,0.12639990883464783,0.11824738471870469,0.13406018186190122,3.0800034370205256,2.9770351467017044,3.185421939124563,0.95625,0.9450520833333333,0.9666666666666666,27.86484375,26.394121093749998,29.384147135416665,4.422855089574482,4.336817494864751,4.515720177745189,0.015625,0.015625,0.015625,0.08554021426286837,0.07231580045673465,0.09877923374526115,0.9038961038961039,0.853794522987561,0.9483069620253165,3.075,2.6,3.55,1.0,1.0,1.0,30.743174999999997,30.609887968749998,30.958158593750003,40.403710624999995,38.7238344375,42.762476265625,0.11642409812322256,0.10324322844973517,0.13019938349521495,0.8785714285714286,0.8312164192696475,0.9213144028103044
walk_adaptive_positive_only_0.1,walk,positive_only,0.1,adaptive,8.0,20,80,0.0,0.06486091873341433,0.04452258080558823,0.08982229298764864,2.674980293996393,2.463488822882752,2.875687147295344,2674.9802939963934,2463.4888228827526,2875.6871472953444,0.0731836818006211,0.0712626934816376,0.07516676602209471,3.36524020940668,3.262947880846247,3.470834825383284,0.9572916666666667,0.9390559895833334,0.9750065104166666,33.819270833333334,32.80274739583333,34.86287760416667,4.896180946145354,4.857163123877605,4.933520951687279,0.015625,0.015625,0.015625,0.045399092456456784,0.038389327228343616,0.054066420909771234,0.5880952380952381,0.491074894514768,0.6909388185654007,1.65,1.3875,1.975,1.0,1.0,1.0,15.695056249999999,15.659707500000001,15.72996078125,19.548945624999998,19.082228296874998,19.998999031249998,0.07713233593879355,0.06509308403823873,0.09104426301285795,0.4714285714285714,0.4050537657169468,0.5434035537644257
commute_fixed_none_1,commute,none,1.0,fixed,8.0,20,80,0.0,0.06052473957864518,0.05071989650003203,0.07022585936285186,3.175028921056232,3.010428649783001,3.349966558409458,3175.028921056232,3010.4286497830008,3349.9665584094582,0.10816659201374863,0.09830607820737082,0.11894800507277416,4.2464519926414495,4.130020923903255,4.372601567954215,0.7971354166666667,0.7723958333333334,0.8184960937500001,33.68619791666667,32.005664062499996,35.31606770833333,4.7484086336559574,4.643684707853939,4.85220375590088,0.015625,0.015625,0.015625,0.08919354094645834,0.07719021450878465,0.10296304211433832,1.0,1.0,1.0,3.2375,2.8125,3.7378124999999995,1.0,1.0,1.0,4.9399375,4.91897953125,4.95902015625,6.4989268749999995,6.365391796875,6.637150562499999,0.07129740823069801,0.06616802458712576,0.07710692806935132,1.0,1.0,1.0
commute_fixed_random_0.15,commute,random,0.15,fixed,8.0,20,80,0.0,0.02128067821913454,0.01430728357703104,0.029094546838952396,4.419006769300217,4.179402324805965,4.685765654377492,4419.006769300216,4179.402324805964,4685.765654377491,0.03249303914680219,0.02753909707227776,0.038240648223884045,4.205864343231829,4.140975465240085,4.276251797201184,0.91484375,0.8953125,0.9328125,54.11536458333334,52.8621875,55.43283854166666,5.729945750694766,5.662751114992644,5.791163075362933,0.015625,0.015625,0.015625,0.015184274123333253,0.011028941636020029,0.019774304501453403,0.2189497716894977,0.16187048135464233,0.2717963963963964,0.55,0.4,0.7125,1.0,1.0,1.0,4.98978125,4.91443046875,5.1204846875,6.429346249999999,6.266748578125,6.634639109374999,0.028459734982189296,0.025005046789258696,0.032258290523843235,0.16988416988416988,0.12851132155079462,0.20785067873303167
commute_fixed_random_0.3,commute,random,0.3,fixed,8.0,20,80,0.0,0.03232311210662051,0.02215592813310395,0.043806596227782026,4.093985396936678,3.8297862310525144,4.386597401896472,4093.9853969366777,3829.786231052513,4386.59740189647,0.04750819737457086,0.040586102357653316,0.05575806222777811,4.222484134117162,4.126054441458347,4.326009023538049,0.8848958333333334,0.8653580729166666,0.9026041666666667,48.78125,47.08491536458333,50.28649088541667,5.517256731930165,5.424644247008359,5.595073962751124,0.015625,0.015625,0.015625,0.03062248226854595,0.023599105743711227,0.03744613318318996,0.4041095890410959,0.3152942028985507,0.48136454678362567,1.1125,0.8625,1.3625,1.0,1.0,1.0,4.9663812499999995,4.9377065625,4.9982759375,6.5774768749999994,6.364275734374999,6.836424593749999,0.03945224008969636,0.034439590575499224,0.0454976451992958,0.3436293436293436,0.26951356423078177,0.41954528206425495
commute_fixed_random_0.5,commute,random,0.5,fixed,8.0,20,80,0.0,0.042809950571974606,0.03174166900344613,0.054868868738496765,3.7310658811860486,3.509944681776871,3.9863857220371823,3731.0658811860476,3509.944681776871,3986.385722037182,0.06517955866881495,0.05720117715938221,0.0747096310527813,4.227562675374893,4.107593416515349,4.363489560080607,0.8541666666666666,0.8281184895833333,0.8768294270833332,43.88619791666667,42.04598958333333,45.642018229166666,5.279257352651082,5.178286165976613,5.373372198773004,0.015625,0.015625,0.015625,0.045152597908398616,0.03690906739629094,0.05348009338213506,0.567351598173516,0.47880788474810215,0.6432881944444443,1.6375,1.325,1.9378124999999997,1.0,1.0,1.0,4.89411875,4.86948703125,4.92105765625,6.384381874999999,6.2471057031249995,6.530340640624998,0.04816570423618801,0.041677617526103675,0.054491676047872896,0.5057915057915058,0.4325186635740269,0.5696881403688525
commute_fixed_random_0.7,commute,random,0.7,fixed,8.0,20,80,0.0,0.047202518362979895,0.0362295269902665,0.05867761978757986,3.550802307400415,3.343273429453413,3.7622971526892703,3550.802307400415,3343.2734294534125,3762.2971526892698,0.07969351838215558,0.07136817352604613,0.08925547143026319,4.245673135947426,4.124504086356598,4.383622990192164,0.8333333333333333,0.80728515625,0.8552148437499999,39.41067708333333,37.53891927083333,41.21674479166667,5.075742340906727,4.971212181417548,5.174733225747126,0.015625,0.015625,0.015625,0.06089409745062019,0.052315543689721675,0.06974680509904728,0.7299086757990867,0.640312987987988,0.8093464788732393,2.2125,1.8875,2.5375,1.0,1.0,1.0,4.99623125,4.9764578125000005,5.01543984375,6.364419374999999,6.253575343749999,6.479903625,0.05550612245765037,0.049791266633045346,0.061276308587710326,0.6833976833976834,0.6204199650457489,0.7488835424329454
commute_fixed_rate_2,commute,rate,2.0,fixed,8.0,20,80,0.0,0.040679910014979954,0.03238620538086662,0.049215729317244945,3.7142800652009766,3.5426773116326515,3.92095926620362,3714.2800652009764,3542.6773116326513,3920.95926620362,0.07070340952938031,0.06301840304021773,0.07934780476265703,4.232099404586535,4.133172225399017,4.352139514074372,0.846875,0.8257682291666667,0.8664127604166667,41.25208333333333,39.61656901041667,42.789628906249995,5.173747491151316,5.079890469892398,5.264837665865689,0.015625,0.015625,0.015625,0.047987807982205775,0.040613748215216273,0.05647872881633711,0.5659817351598173,0.5041131756756757,0.6307161044973545,1.7375,1.475,2.05,1.0,1.0,1.0,5.1933437499999995,5.17041171875,5.2193546875,6.552261249999999,6.460768671874999,6.651689515624999,0.050632949422758824,0.04450207218257678,0.057839168763591485,0.5366795366795367,0.48017511742567903,0.598395124901149
commute_fixed_rate_4,commute,rate,4.0,fixed,8.0,20,80,0.0,0.029009107836591292,0.022860092551949193,0.03583123484910581,4.080252541990561,3.8992255405603933,4.2716432000753795,4080.2525419905605,3899.2255405603937,4271.6432000753775,0.05092700432746723,0.04320893370826701,0.059249310245696164,4.228040861152481,4.13586687616238,4.333687361146164,0.8765625,0.8520768229166665,0.8994791666666666,47.69869791666666,45.706341145833335,49.74628255208333,5.462146994220855,5.359408463517557,5.562403112466511,0.015625,0.015625,0.015625,0.025752257731224353,0.020924298233411853,0.030551335534597684,0.3618721461187214,0.29653078403078403,0.4247685185185185,0.925,0.75,1.1,1.0,1.0,1.0,5.2795250000000005,5.24101140625,5.3170965625,7.1017256249999985,6.898105421874998,7.337142921874999,0.04032227482527016,0.03438633030961007,0.046649568323952915,0.2857142857142857,0.24372684557694044,0.3271236142116614
commute_fixed_rate_8,commute,rate,8.0,fixed,8.0,20,80,0.0,0.02020247646489488,0.014345702137578993,0.026268693650402564,4.5365088423674695,4.302349185732306,4.795991936582421,4536.508842367469,4302.349185732306,4795.991936582421,0.0369253017039379,0.030594779586378976,0.044815021324940106,4.188435273727761,4.132470163570384,4.2609103616692385,0.91953125,0.9041666666666666,0.9330729166666666,53.19921875,51.218027343749995,55.022539062499995,5.691186560749655,5.593977929353378,5.777854856947352,0.015625,0.015625,0.015625,0.012104486562495837,0.008818303985040353,0.015395714381567926,0.1771689497716895,0.12428680555555555,0.23839611872146113,0.4375,0.3125,0.5625,1.0,1.0,1.0,5.31648125,5.2917309375,5.33948796875,6.907359999999999,6.715891749999999,7.100589484374999,0.02905159106760355,0.024013139135483752,0.034964669679822126,0.13513513513513514,0.1,0.16603925353925353
commute_fixed_coarse_2,commute,coarse,2.0,fixed,8.0,20,80,0.0,0.029724149049125563,0.02224174563271034,0.03759907980916623,3.8525383669752316,3.6421530375178652,4.062651055294518,3852.538366975231,3642.153037517864,4062.6510552945174,0.054670725769166026,0.04890018211955105,0.06133163852294271,4.1410994417479525,4.074190782325956,4.22333825494213,0.8658854166666666,0.8432226562499999,0.8854166666666666,43.35494791666667,41.04080078125,45.573307291666666,5.3097769696545765,5.199463727626063,5.413085103294766,0.015625,0.015625,0.015625,0.0454373540205315,0.03770131936631888,0.05368080897332115,0.558675799086758,0.4811047297297298,0.632461036036036,1.6375,1.3625,1.925,1.0,1.0,1.0,6.153074999999999,6.12647046875,6.17796,7.772924999999999,7.6523409375,7.897383890624999,0.040228071947978714,0.03519553138448948,0.045729285575426486,0.5057915057915058,0.44029456590287996,0.5738553730137355
commute_fixed_coarse_4,commute,coarse,4.0,fixed,8.0,20,80,0.0,0.013770695146953175,0.009850140598309886,0.01796260813681206,4.299709796963301,4.140239143177028,4.470966036588609,4299.7097969633,4140.2391431770275,4470.966036588608,0.028333207451771487,0.02547594495844281,0.031502094180131515,4.207084687778231,4.1694407556498145,4.2483638945286,0.9111979166666666,0.8924479166666666,0.9281315104166666,52.74817708333334,50.514485677083336,54.848749999999995,5.714328159726159,5.632700593902785,5.790479611929568,0.015625,0.015625,0.015625,0.01649544289870481,0.012487639457065013,0.022096510863267665,0.24748858447488584,0.17777573529411764,0.318071509009009,0.6,0.45,0.8003124999999998,1.0,1.0,1.0,6.157625,6.13219265625,6.18255,7.741335625,7.626412406249999,7.85642084375,0.018932322748810473,0.015694280044959708,0.02245457613056736,0.18532818532818532,0.14615044247787612,0.2262935148792813
commute_fixed_bsp_0.05,commute,bsp,0.05,fixed,8.0,20,80,0.0,0.020226621920469576,0.014633854618778933,0.02651865550853588,4.190931138433957,3.9965475541600326,4.386196943975574,4190.931138433956,3996.547554160032,4386.196943975573,0.03141416513300825,0.029938515090655444,0.03286970038135364,4.146335355865324,4.064677180488275,4.231086099658617,0.9200520833333334,0.9,0.9380273437500001,51.578125,50.14813151041666,52.953600260416664,5.697537743760649,5.6523851611296765,5.742163518178658,0.015625,0.015625,0.015625,0.04125676024117545,0.0344653777115711,0.048744441607590665,0.5397260273972603,0.4605439506407816,0.6118201013513512,1.5,1.25,1.7753124999999996,1.0,1.0,1.0,30.7198,30.629130625000002,30.8045384375,40.285815625,39.17560559375,41.353762453125,0.027697713512805273,0.02494845103473957,0.030644705637352998,0.46332046332046334,0.41664915966386556,0.5113147998925597
commute_fixed_bsp_0.1,commute,bsp,0.1,fixed,8.0,20,80,0.0,0.02647304704444431,0.020468231555653554,0.03234195825029014,3.837725230795231,3.66615815199651,4.025480912147706,3837.725230795231,3666.15815199651,4025.480912147706,0.045658050808634124,0.04316054657160332,0.0479120400781089,4.089017137471487,4.014507197759637,4.157971214565542,0.89453125,0.8791666666666667,0.9104231770833333,44.11796875,42.308971354166665,45.69127604166666,5.404649766388137,5.335567506691939,5.465015364540028,0.015625,0.015625,0.015625,0.06091620714078847,0.05219149778445391,0.07117095297767642,0.7447488584474886,0.68193350456621,0.8074890808020647,2.2,1.8996875,2.575,1.0,1.0,1.0,30.14849375,30.069640625,30.221842499999998,38.98341375,38.141495218749995,39.828768734375004,0.03124732603973395,0.02725389482282687,0.03532542217683514,0.6795366795366795,0.6343880817532628,0.7303443343422198
commute_fixed_bsp_0.2,commute,bsp,0.2,fixed,8.0,20,80,0.0,0.0328889154100197,0.02631378469579925,0.039535513433852844,3.661265335167168,3.4894720581303127,3.8625517311761315,3661.265335167168,3489.4720581303127,3862.551731176132,0.05462500400578716,0.04989676392705066,0.05946610696768123,4.110542188802964,4.020587323342076,4.201240674591815,0.8744791666666666,0.8544140625000001,0.8919270833333334,41.21927083333333,39.14815755208333,43.24044921875,5.259925656364495,5.165568578073386,5.34886809847811,0.015625,0.015625,0.015625,0.06840190884886828,0.059072677844159226,0.07913823829220776,0.8280821917808219,0.7767396974439228,0.8752340277777777,2.475,2.1375,2.8628124999999995,1.0,1.0,1.0,30.267318749999998,30.1511596875,30.388630312500002,38.25862625,37.491119578124994,39.078415296875,0.041553268733439966,0.03801834427775914,0.04567312981422494,0.7644787644787645,0.7288118438207644,0.8008301361103498
commute_fixed_bsp_0.4,commute,bsp,0.4,fixed,8.0,20,80,0.0,0.043648249792165236,0.035692758919311146,0.05230147002569908,3.3096969117588024,3.1603209964487653,3.482292739258011,3309.696911758803,3160.320996448766,3482.292739258011,0.07900681039121246,0.071726196312636,0.08656346906546761,4.193089076347032,4.09904928381521,4.289648699210027,0.8296875,0.8062434895833334,0.84921875,36.63333333333333,34.70920572916666,38.50302734375,4.973160606941026,4.869726387985654,5.0776792356954905,0.015625,0.015625,0.015625,0.08104513868812555,0.07053619757692542,0.09291104736842562,0.9488584474885845,0.926613644894895,0.9702427062374247,2.9375,2.55,3.375,1.0,1.0,1.0,29.755706250000003,29.683252968750004,29.823181718750003,37.796623749999995,37.01469009375,38.63923787499999,0.055210203685643625,0.04885242306684764,0.06139464085096498,0.9073359073359073,0.8799961240310078,0.9333568075117371
commute_fixed_positive_only_0.1,commute,positive_only,0.1,fixed,8.0,20,80,0.0,0.026733463711110978,0.020528410228103082,0.03285599751481921,3.8221171288519544,3.6434806908211788,4.00591826350731,3822.1171288519545,3643.4806908211795,4005.918263507309,0.04601607623350595,0.04340880427844664,0.0484094544171766,4.083394905149671,4.010454663804781,4.154318346567527,0.8953125,0.8802083333333334,0.9111979166666666,44.07265625,42.25559244791667,45.65755859375,5.400099844568823,5.331553194150208,5.460812736708592,0.015625,0.015625,0.015625,0.060925591525172865,0.052055609603171064,0.07119059862957881,0.743607305936073,0.6770248673330865,0.8077611502347417,2.2,1.875,2.575,1.0,1.0,1.0,15.43855625,15.398334375,15.479860468750001,20.024489374999995,19.339498406249998,20.790922749999996,0.03195421221756119,0.02824451441906714,0.03581254584278011,0.6795366795366795,0.6334522668818398,0.7335922604335852
commute_adaptive_none_1,commute,none,1.0,adaptive,8.0,20,80,0.0,0.07810824419069856,0.06837981801890503,0.08806250823117043,2.712701609199969,2.5989606084368453,2.8336541382399654,2712.7016091999694,2598.9606084368456,2833.6541382399655,0.1341727331244847,0.12544755079677927,0.14301751993815293,4.153571049133047,4.0567938179815775,4.244205180863545,0.78359375,0.7692708333333333,0.7986979166666667,28.37682291666667,27.132330729166668,29.759667968749998,4.440459102904863,4.3598542253016035,4.525930337921174,0.015625,0.015625,0.015625,0.08919354094645834,0.07719021450878465,0.10296304211433832,1.0,1.0,1.0,3.2375,2.8125,3.7378124999999995,1.0,1.0,1.0,4.903056250000001,4.8797846875,4.9252653125000005,6.190027499999999,6.048790968749999,6.326245953124999,0.08110799866631438,0.07538577652376006,0.08726706515693819,1.0,1.0,1.0
commute_adaptive_random_0.15,commute,random,0.15,adaptive,8.0,20,80,0.0,0.02012242590376565,0.01476758050825469,0.025136459654274808,3.947058303052857,3.724707528212158,4.176861945362262,3947.058303052857,3724.7075282121577,4176.861945362261,0.033949580122661485,0.030754397418226883,0.037217033720963466,4.239386636279326,4.160879113799048,4.320579160895397,0.8997395833333334,0.878125,0.9213606770833332,52.26979166666666,51.01787109375,53.461634114583326,5.673054496901943,5.625678386319834,5.722084643657459,0.015625,0.015625,0.015625,0.015184274123333253,0.011028941636020029,0.019774304501453403,0.2189497716894977,0.16187048135464233,0.2717963963963964,0.55,0.4,0.7125,1.0,1.0,1.0,5.117143749999999,5.09933640625,5.136231875,6.612436874999998,6.479628124999999,6.758136656249999,0.02677057214495729,0.023446253048016206,0.029903102620997376,0.16988416988416988,0.12851132155079462,0.20785067873303167
commute_adaptive_random_0.3,commute,random,0.3,adaptive,8.0,20,80,0.0,0.03673994693399081,0.029025962641585697,0.04521269861794007,3.484742092015651,3.314830437321909,3.6787955161639334,3484.742092015651,3314.8304373219084,3678.795516163933,0.050621631291367354,0.04417430197414485,0.058255690677185654,4.237391418448571,4.110705303472368,4.36699347964476,0.8708333333333333,0.8447916666666666,0.8953125,45.782552083333336,43.41333984375,48.0328515625,5.409078985571111,5.302803833601386,5.508882164653696,0.015625,0.015625,0.015625,0.03062248226854595,0.023599105743711227,0.03744613318318996,0.4041095890410959,0.3152942028985507,0.48136454678362567,1.1125,0.8625,1.3625,1.0,1.0,1.0,5.0187937499999995,5.0004240625,5.03623265625,6.321681249999999,6.1342079375,6.574696031249999,0.03914253481483327,0.033264066017952613,0.045215616246883965,0.3436293436293436,0.26951356423078177,0.41954528206425495
commute_adaptive_random_0.5,commute,random,0.5,adaptive,8.0,20,80,0.0,0.0476096437707023,0.038299969720437456,0.05793263236992287,3.3120241789193763,3.0849355922824095,3.557895164515444,3312.0241789193765,3084.9355922824097,3557.8951645154443,0.07703001733287598,0.07016224304612977,0.08447646081732346,4.3238694313026595,4.193628132084544,4.449352638894791,0.8184895833333334,0.7973958333333333,0.8411458333333334,38.40182291666667,36.39322265625,40.20783854166667,5.039446782715682,4.936964069554035,5.1309231363783345,0.015625,0.015625,0.015625,0.045152597908398616,0.03690906739629094,0.05348009338213506,0.567351598173516,0.47880788474810215,0.6432881944444443,1.6375,1.325,1.9378124999999997,1.0,1.0,1.0,5.09091875,5.07387640625,5.10919015625,6.234399375,6.162991265625,6.306504062499999,0.05397922076538182,0.04847776804031158,0.05979842070910951,0.5057915057915058,0.4325186635740269,0.5696881403688525
commute_adaptive_random_0.7,commute,random,0.7,adaptive,8.0,20,80,0.0,0.05514893083635656,0.046580875628339125,0.06375138506783445,3.1166085642247103,2.958560234604499,3.284962564251672,3116.6085642247103,2958.560234604499,3284.962564251673,0.09961360848320178,0.09281813643764891,0.10691885490422243,4.256757967388623,4.142444462078724,4.366259587291918,0.79609375,0.7783854166666667,0.8132942708333333,33.47708333333333,31.888749999999998,34.998059895833336,4.780581497830639,4.695692934951684,4.860794925464491,0.015625,0.015625,0.015625,0.06089409745062019,0.052315543689721675,0.06974680509904728,0.7299086757990867,0.640312987987988,0.8093464788732393,2.2125,1.8875,2.5375,1.0,1.0,1.0,5.0256687499999995,5.003886249999999,5.048869375000001,6.208441249999999,6.127658359374999,6.287471093749999,0.06241630591115536,0.05694849504133121,0.06831872523489319,0.6833976833976834,0.6204199650457489,0.7488835424329454
commute_adaptive_rate_2,commute,rate,2.0,adaptive,8.0,20,80,0.0,0.0458041898719689,0.03794947920330409,0.05419025471371288,3.4472432667491852,3.3029900437393267,3.5894958124663368,3447.2432667491858,3302.9900437393276,3589.4958124663367,0.08183037036869542,0.0765749271706799,0.08767636941720532,4.3219503013984335,4.219255849146295,4.441434684060288,0.8049479166666667,0.7828125,0.8268229166666666,36.245052083333334,34.73118489583333,37.6475390625,4.9484833255507645,4.8752788938078,5.016127657595443,0.015625,0.015625,0.015625,0.047987807982205775,0.040613748215216273,0.05647872881633711,0.5659817351598173,0.5041131756756757,0.6307161044973545,1.7375,1.475,2.05,1.0,1.0,1.0,5.380812499999999,5.3604684375,5.40253171875,6.621356874999999,6.540170812499999,6.711754375,0.05674689397456735,0.05162076310397898,0.06260328392942391,0.5366795366795367,0.48017511742567903,0.598395124901149
commute_adaptive_rate_4,commute,rate,4.0,adaptive,8.0,20,80,0.0,0.03470181235362667,0.027733010499878086,0.042702244956574036,3.8129878863982496,3.60000644484218,4.026444796805761,3812.98788639825,3600.00644484218,4026.4447968057602,0.0562757113683112,0.051480220518594216,0.06104303190468227,4.25662474125655,4.146804262401738,4.379043635124068,0.846875,0.8270833333333332,0.8640690104166666,42.86927083333333,41.22958333333332,44.3475390625,5.279718654454227,5.208807729274738,5.347337610843394,0.015625,0.015625,0.015625,0.025752257731224353,0.020924298233411853,0.030551335534597684,0.3618721461187214,0.29653078403078403,0.4247685185185185,0.925,0.75,1.1,1.0,1.0,1.0,5.228925,5.21308234375,5.24432640625,6.558079374999998,6.381077109375,6.842853078124998,0.04158249712199516,0.036071862656364244,0.0473651646560304,0.2857142857142857,0.24372684557694044,0.3271236142116614
commute_adaptive_rate_8,commute,rate,8.0,adaptive,8.0,20,80,0.0,0.017990588587505227,0.012649256515051738,0.023683976668801066,4.380750695944151,4.1676463906842045,4.618774667404157,4380.750695944151,4167.646390684204,4618.774667404156,0.038727464629841064,0.03479538720936029,0.04291969863876604,4.197221685572005,4.095093984363006,4.310527516074705,0.9044270833333334,0.8846354166666666,0.9229166666666666,49.39270833333333,47.961438802083336,50.73132161458333,5.572046200120601,5.5075513299220225,5.630446313062912,0.015625,0.015625,0.015625,0.012104486562495837,0.008818303985040353,0.015395714381567926,0.1771689497716895,0.12428680555555555,0.23839611872146113,0.4375,0.3125,0.5625,1.0,1.0,1.0,5.39011875,5.37352390625,5.406822812500001,6.898291875,6.705394484375,7.130159218749999,0.03182566044338101,0.028169821364752747,0.035858280667292346,0.13513513513513514,0.1,0.16603925353925353
commute_adaptive_coarse_2,commute,coarse,2.0,adaptive,8.0,20,80,0.0,0.04400110990581381,0.03506628528208943,0.052955915048076216,3.128383647605669,2.9987278473445773,3.2455977624910197,3128.3836476056686,2998.7278473445776,3245.5977624910192,0.08817442703954084,0.08260945008838273,0.09335833131905356,4.268030698247858,4.173134096557698,4.388924182318169,0.7963541666666667,0.7770833333333333,0.8127604166666667,33.05625,31.547994791666667,34.6123828125,4.783379561779011,4.7064147921421995,4.861870123826398,0.015625,0.015625,0.015625,0.0454373540205315,0.03770131936631888,0.05368080897332115,0.558675799086758,0.4811047297297298,0.632461036036036,1.6375,1.3625,1.925,1.0,1.0,1.0,6.1585625,6.132096249999999,6.18848125,7.698051874999999,7.51735203125,7.959988312499998,0.06599003865283255,0.05888664888290272,0.07317524590155965,0.5057915057915058,0.44029456590287996,0.5738553730137355
commute_adaptive_coarse_4,commute,coarse,4.0,adaptive,8.0,20,80,0.0,0.031840820312500004,0.02156552463107639,0.04219061957465278,3.2907059698677608,3.1389678362683133,3.4397382359679836,3290.70596986776,3138.9678362683126,3439.7382359679823,0.08508820354964028,0.07933012671636323,0.09125827219280697,4.4307130705060045,4.353068247596029,4.513894062221986,0.7346354166666667,0.7143229166666667,0.7528776041666667,31.05677083333333,29.454420572916664,32.74276692708333,4.7186944225106044,4.637695748168904,4.796178094739304,0.015625,0.015625,0.015625,0.01649544289870481,0.012487639457065013,0.022096510863267665,0.24748858447488584,0.17777573529411764,0.318071509009009,0.6,0.45,0.8003124999999998,1.0,1.0,1.0,6.3244375,6.300667187500001,6.35074578125,7.699056874999999,7.596627078125,7.823383015624999,0.07351873705868205,0.06668802212019205,0.08063258483626724,0.18532818532818532,0.14615044247787612,0.2262935148792813
commute_adaptive_bsp_0.05,commute,bsp,0.05,adaptive,8.0,20,80,0.0,0.02817244595320767,0.020079524933345732,0.0364986414026331,3.774769498891787,3.59271341279291,3.9831536074834997,3774.7694988917874,3592.7134127929103,3983.1536074834994,0.03960596854592911,0.038944450125790724,0.040261323823015074,4.183551457411741,4.048889673286967,4.337934060168769,0.86328125,0.83203125,0.8901041666666666,41.23125,40.14034505208334,42.403378906250005,5.351527544919469,5.315729123890737,5.389935632636719,0.015625,0.015625,0.015625,0.027969863969675,0.022076813701241635,0.03461547607020251,0.3835616438356164,0.3092503306878307,0.46103981550043194,1.025,0.8125,1.2625,1.0,1.0,1.0,30.67499375,30.6285296875,30.71944421875,39.162241249999994,38.346717671875,40.031360125,0.03242896733228114,0.029406427691860994,0.035396767047014235,0.3166023166023166,0.2633537565287264,0.3701932251908397
commute_adaptive_bsp_0.1,commute,bsp,0.1,adaptive,8.0,20,80,0.0,0.038753608677925086,0.030830027100901127,0.048018145525896984,3.3345063328974915,3.158208037627118,3.479798657437967,3334.5063328974916,3158.208037627118,3479.7986574379665,0.0666695827330301,0.06373067536661194,0.06944141137272793,4.1364826644841886,4.013556321237637,4.253516366802125,0.8247395833333334,0.7994791666666667,0.84896484375,35.055729166666666,33.58125,36.625553385416666,4.988551662115762,4.923005288564119,5.053506826409647,0.015625,0.015625,0.015625,0.04862862166246661,0.040222123782108904,0.058022394300779594,0.621689497716895,0.5445608108108108,0.6980912162162163,1.7625,1.4621875,2.1,1.0,1.0,1.0,30.9978,30.90882484375,31.08893890625,40.510815625,39.484950562499996,41.495147437499995,0.045306911891868744,0.04072558937009831,0.04954607280710181,0.5444015444015444,0.48287631402370834,0.6050554086176303
commute_adaptive_bsp_0.2,commute,bsp,0.2,adaptive,8.0,20,80,0.0,0.053890327427925086,0.04699898533089451,0.06070569337933839,3.011628125521965,2.9119365531104346,3.1060873722345863,3011.6281255219646,2911.9365531104345,3106.0873722345864,0.0959529459731063,0.08952936004734388,0.10179916501999309,4.071501936684477,3.9746609028997977,4.166326650533863,0.8283854166666667,0.8057291666666666,0.8507877604166667,32.08177083333333,30.20359375,34.13877604166667,4.7279335200543695,4.63126146751824,4.835148137942343,0.015625,0.015625,0.015625,0.06032832740043196,0.0514889410645012,0.06969024992610058,0.7278538812785388,0.6451252815315315,0.8102502314814815,2.1875,1.8621875,2.5375,1.0,1.0,1.0,30.538343750000003,30.461394375,30.609653281249997,38.62040749999999,37.855558124999995,39.41781890625,0.05495278327551981,0.048693187575408095,0.06027833128980783,0.6756756756756757,0.6283461574997625,0.7279418807752986
commute_adaptive_bsp_0.4,commute,bsp,0.4,adaptive,8.0,20,80,0.0,0.06851700270033069,0.05913892661297134,0.07800101939127319,2.902480721242541,2.7770350715154772,3.049152404916611,2902.480721242541,2777.0350715154773,3049.1524049166114,0.12266494421359153,0.11258491784681912,0.13208951155286328,4.314211388047002,4.1933136645652045,4.43418511606963,0.76484375,0.74375,0.78671875,29.36354166666667,27.747552083333332,31.210690104166662,4.516307041823088,4.409689964994713,4.636395796899053,0.015625,0.015625,0.015625,0.07747586533484485,0.06767215947666316,0.08961962371049192,0.8940639269406393,0.8423052601538091,0.9404395738203958,2.8125,2.45,3.2503124999999997,1.0,1.0,1.0,30.7274625,30.67009765625,30.794071093750002,39.2698975,38.457285093749995,40.05072225,0.07798061568024982,0.06921080914018224,0.08649828432126885,0.8687258687258688,0.8319565632528351,0.9021408397665223
commute_adaptive_positive_only_0.1,commute,positive_only,0.1,adaptive,8.0,20,80,0.0,0.04204136909459175,0.032058114833932706,0.05225010463169642,3.2377287373567163,3.066260551638821,3.401748239406975,3237.7287373567165,3066.2605516388207,3401.748239406975,0.07168570724949891,0.06773557026769923,0.07563589902031635,4.12446560169463,3.9910828919452115,4.259772550458968,0.8239583333333333,0.7966080729166667,0.8497395833333332,34.58645833333333,32.932506510416665,36.336399739583335,4.9457672513772355,4.869010984534073,5.0235405088322445,0.015625,0.015625,0.015625,0.04811337428474354,0.04002195231658684,0.056500258510414444,0.6269406392694064,0.5515813673262303,0.6984409080132763,1.75,1.4625,2.05,1.0,1.0,1.0,15.69311875,15.6514896875,15.726975312499999,20.050554999999996,19.4865833125,20.644179234374995,0.04748294031877861,0.04401635965160169,0.051074333387531326,0.5405405405405406,0.4801473818309612,0.6033057851239669
geolife_fixed_none_1,geolife,none,1.0,fixed,8.0,47,53,0.0,0.19324491605794997,0.14015907217999266,0.25351097809404644,1.9919606202362306,1.747891558162386,2.221010108849317,8408.549507008689,7382.053982344473,9373.56070327807,0.21711453461315636,0.18754369161273288,0.2498924368357688,2.8891619919929377,2.6518529826046273,3.13711815590134,0.9221698113207547,0.8830387759170654,0.9564402394480519,24.586477987421382,21.81413128930818,27.300868055555554,3.950702820393578,3.7109039093021297,4.159777682279533,0.015625,0.015625,0.015625,0.10720635907603872,0.09301090749917751,0.12086732532680008,1.0,1.0,1.0,3.811320754716981,3.3190133500208594,4.3270833333333325,1.0,1.0,1.0,5.127141509433962,5.100297401372213,5.158429607142858,6.494286792452829,6.319504363636363,6.707551481989708,0.17981953109655144,0.15488054186172603,0.20683440401928951,1.0,1.0,1.0
geolife_fixed_random_0.15,geolife,random,0.15,fixed,8.0,47,53,0.0,0.01827594358037161,0.0029229996933515115,0.041172805250420816,3.816560285524596,3.501672055858053,4.105916014024202,16109.753237483306,14784.464348886275,17324.340370541126,0.03776643844095446,0.026709543363010114,0.05133832263182229,3.958380648613813,3.8510303446659737,4.039855340807211,0.9453616352201257,0.9181268274853801,0.9699085202991453,52.32979559748427,49.21139937106919,54.95428037801659,5.648449355689602,5.490629470533571,5.776105392946291,0.015625,0.015625,0.015625,0.01854982816397949,0.012344084306513745,0.025480794107921746,0.32666666666666666,0.21967329545454545,0.4519230769230769,0.660377358490566,0.43636363636363634,0.9074074074074074,1.0,1.0,1.0,5.135632075471698,5.113529027777778,5.159466500000001,6.728608490566037,6.479516438679245,7.130974063888887,0.04127497530743561,0.02548016431511679,0.06242510201956885,0.17326732673267325,0.11916045984455959,0.23560826829991108
geolife_fixed_random_0.3,geolife,random,0.3,fixed,8.0,47,53,0.0,0.039738675685792396,0.01934553303564793,0.06653788652517695,3.5052420219774425,3.166140666562229,3.8425605795792928,14802.612418838884,13370.976808122323,16228.11374052552,0.06227934354906542,0.046242795533089895,0.07975077272906345,3.8530064270661333,3.6925947322742103,4.008768260626651,0.9044811320754716,0.8596884587168201,0.9470049342105262,45.825864779874216,41.814336712324625,49.42390407986111,5.339294615512296,5.133312954105258,5.5326235711584255,0.015625,0.015625,0.015625,0.03266528458828098,0.024187970912684993,0.04191296459258522,0.56,0.44896722325293753,0.6767090643274855,1.169811320754717,0.8541666666666666,1.5263397129186604,1.0,1.0,1.0,5.189056603773585,5.166264011437908,5.211344907407407,6.60232358490566,6.483589823076922,6.722213511363636,0.06612461996148376,0.049233181840681844,0.0878823528918852,0.3069306930693069,0.23527911164465787,0.37968901079385126
geolife_fixed_random_0.5,geolife,random,0.5,fixed,8.0,47,53,0.0,0.08788627788705025,0.049346819249278695,0.13438566562570306,2.864219623723325,2.5716639012415814,3.1397394820114655,12091.130289947056,10861.751485056966,13255.766079220262,0.11252257563421549,0.08716260565579508,0.1429922855312988,3.5223247755405707,3.2879145958878566,3.729382291171161,0.9080188679245284,0.8627309577677226,0.9462716346153847,36.65998427672956,32.73809068627451,40.08895870535714,4.808614102446529,4.551295571515475,5.037856291854594,0.015625,0.015625,0.015625,0.060071279967407576,0.048941657271156694,0.07079801631289626,0.76,0.6633298611111111,0.8492101648351648,2.1320754716981134,1.7307291666666667,2.520157894736842,1.0,1.0,1.0,5.068103773584906,5.0488015896226415,5.088386306881244,6.58111037735849,6.304305303703703,7.043428089131289,0.09707398080173674,0.07561588404189527,0.12298936632675114,0.5594059405940595,0.49178695778325837,0.6306901737967915
geolife_fixed_random_0.7,geolife,random,0.7,fixed,8.0,47,53,0.0,0.12674287791699934,0.07487013638718357,0.1909327345312647,2.492999806839829,2.2004884535688376,2.768397098062281,10526.369068945654,9291.489540207642,11689.493599459362,0.15012433354087834,0.1207151606940275,0.1850459040264087,3.3177983520274412,3.063735915136665,3.5553721800196887,0.9072327044025158,0.860176282051282,0.9483376572327044,31.524764150943398,27.781289390756303,34.883693268974255,4.46643028787553,4.199815941871033,4.705886652815347,0.015625,0.015625,0.015625,0.07324655587690608,0.06174526310936537,0.08478416319922201,0.82,0.7430555555555555,0.8962374213836478,2.6037735849056602,2.1799117647058823,3.036363636363636,1.0,1.0,1.0,5.1085377358490565,5.083361,5.13377950680272,6.627979245283018,6.295075064499484,7.062456737499998,0.13295653897828677,0.10778846175111376,0.16493180803250548,0.6831683168316832,0.622026366022429,0.7525800908990135
geolife_fixed_rate_2,geolife,rate,2.0,fixed,8.0,47,53,0.0,0.08633809783722972,0.05443856322433776,0.12350858033693739,2.887398811951762,2.627985907091333,3.129711251345951,12187.906541141278,11089.283185475066,13209.424998572838,0.11374719046803632,0.09499217201372105,0.13511693973562086,3.4626287491758934,3.2538296875622734,3.670903173152118,0.9158805031446541,0.8706480368589743,0.9563328598484848,35.88875786163522,32.539517045454545,39.09434629099281,4.7603000004893525,4.547992520768484,4.953901255850259,0.015625,0.015625,0.015625,0.047503782413599774,0.039218379362526305,0.05613920864860906,0.6833333333333332,0.59375,0.775781875357347,1.6981132075471699,1.4037499999999998,2.0204187925170065,1.0,1.0,1.0,5.341179245283018,5.315629875,5.36735381152461,6.88243113207547,6.629955491071429,7.274431332236841,0.1072538799307751,0.09089456010646349,0.12636009043154728,0.44554455445544555,0.3834911003236246,0.5153446127300614
geolife_fixed_rate_4,geolife,rate,4.0,fixed,8.0,47,53,0.0,0.041775209603458395,0.015583056243890388,0.07394949456913409,3.5161582402991742,3.267172562921888,3.772242579188413,14848.800787186077,13792.073928602906,15932.775978087671,0.06333713201011094,0.04752923891383296,0.08153082023567032,3.8086326221125537,3.6444737918253254,3.961882095213724,0.9127358490566038,0.8658681832107843,0.9547309027777777,43.430817610062896,40.195646460262346,46.619055866745285,5.249890438615807,5.056882493296721,5.423317243270538,0.015625,0.015625,0.015625,0.02192313923826857,0.016078973747285286,0.028216726183548483,0.39166666666666666,0.2861459587849592,0.49686086284894626,0.7735849056603774,0.5686274509803921,1.0,1.0,1.0,1.0,5.350566037735849,5.326889391080617,5.374948842592593,7.220629245283018,6.867489672459891,7.7413772511551775,0.07154358946048184,0.05166875144469394,0.09383759380243774,0.20297029702970298,0.15348180795198801,0.26060686653771764
geolife_fixed_rate_8,geolife,rate,8.0,fixed,8.0,47,53,0.0,0.012087145389860013,0.0038645180085103274,0.022184971273952817,4.131953069172554,3.84553988192384,4.4067305303548245,17443.335555832702,16220.306942904883,18611.93268477068,0.03953661897154579,0.027548053894561324,0.05520842983671057,3.970152222276705,3.858196144052265,4.068957805241668,0.934748427672956,0.8954161096256684,0.9727572278911566,51.609276729559745,48.8495774872449,54.22805410489668,5.623525255630549,5.490717485134838,5.753566256774135,0.015625,0.015625,0.015625,0.008851495454627063,0.004490739003934907,0.01402111490974671,0.185,0.09453679078014185,0.2934803194993413,0.3018867924528302,0.16069642857142857,0.4716981132075472,1.0,1.0,1.0,5.382179245283019,5.3589556189555125,5.40734976001324,7.291608490566038,6.898567646761133,7.841714326519915,0.03566967668300049,0.02566524755580195,0.049353242653633035,0.07920792079207921,0.04071939586645469,0.12883930338412825
geolife_fixed_coarse_2,geolife,coarse,2.0,fixed,8.0,47,53,0.0,0.045928927861603366,0.01920278948674362,0.07697818018216827,2.751559361248069,2.5139131588042156,2.9808291361948416,11621.610609952075,10616.666857033299,12590.984705371817,0.08548865822066351,0.07512343432946492,0.09894436490001748,3.3046786140690956,3.1193496939253977,3.4735568741962792,0.9634433962264151,0.9415045204402517,0.9816819507975605,32.67845911949686,29.315562500000002,35.56497150157233,4.702784980923186,4.491553892451081,4.876602401242877,0.015625,0.015625,0.015625,0.059484194003587454,0.050009871089713755,0.06848756236276822,0.7566666666666667,0.6746031746031745,0.8333333333333334,2.1132075471698113,1.759155328798186,2.4482758620689653,1.0,1.0,1.0,6.42638679245283,6.396358210784314,6.458855117647059,8.02419716981132,7.8355495370370365,8.240105500716037,0.0925475658494809,0.07374526689925731,0.11519149074448869,0.5544554455445545,0.4947798295454546,0.6144042232277527
geolife_fixed_coarse_4,geolife,coarse,4.0,fixed,8.0,47,53,0.0,0.01078774764855391,0.006305393484576953,0.018568788204266353,3.6505219325725875,3.457677435921387,3.8558527156526927,15403.239888589653,14588.16402640225,16281.549256642425,0.027673742632645673,0.024376663586664554,0.03143143712118403,3.9079801973100174,3.811047811884086,4.003875110403041,0.9736635220125786,0.948312397875817,0.993061440677966,50.30896226415094,47.1731056927488,53.196689749053036,5.609664168276678,5.485218460081025,5.724339305428274,0.015625,0.015625,0.015625,0.021815061910157568,0.015433626744890306,0.028736989081568368,0.41333333333333333,0.29708132045088564,0.5233918128654971,0.7735849056603774,0.5490196078431373,1.0172489413188142,1.0,1.0,1.0,6.477820754716981,6.440130124356775,6.523680288461538,8.136856603773584,7.923331082407407,8.39733220882353,0.022730159071730992,0.017194187991418072,0.030352298184253744,0.20297029702970298,0.14953150592542633,0.25676640926640926
geolife_fixed_bsp_0.05,geolife,bsp,0.05,fixed,8.0,47,53,0.0,0.007611806023510033,0.003496784206131747,0.015360097832535792,3.827851026281347,3.5933666692263215,4.075656254054032,16171.832616374826,15173.20528231582,17222.06615928206,0.033569157819693905,0.03178761414862851,0.03543759043796255,3.9850958165867683,3.873533438740254,4.113780496625633,0.9453616352201257,0.8980993225524476,0.9807204315164222,46.65526729559748,44.44120996145667,48.796360784879994,5.519768896296472,5.454340934103994,5.585537127881703,0.015625,0.015625,0.015625,0.03925194515838803,0.031699284119817206,0.04723934696560085,0.655,0.5451041666666667,0.762584663763909,1.4150943396226414,1.1372549019607843,1.7037581699346405,1.0,1.0,1.0,30.578896226415093,30.507900235849057,30.652412877358486,39.12719433962263,38.192639004545455,40.13056959947776,0.03153669662503088,0.02750663817556122,0.036962523683593144,0.3712871287128713,0.31794653874241396,0.43120344232729557
geolife_fixed_bsp_0.1,geolife,bsp,0.1,fixed,8.0,47,53,0.0,0.01947256948058169,0.008054381461316897,0.0344072304326375,3.1298863736693283,2.871875291022849,3.38796491414641,13226.410050698463,12132.702455714389,14324.32255774597,0.05723612710366653,0.053080954995163764,0.0614121484382504,3.7279031396399644,3.545345866128232,3.9341170296871764,0.9237421383647799,0.8737244897959183,0.967501201923077,36.83647798742138,34.12605308845029,39.44315420317063,5.066810505018524,4.956020457072267,5.174363179291363,0.015625,0.015625,0.015625,0.06173257486254802,0.0510065908427264,0.07204329366709517,0.8066666666666668,0.7272575757575758,0.8814583333333333,2.207547169811321,1.8234411764705882,2.6001785714285712,1.0,1.0,1.0,30.70701886792453,30.639837715517242,30.777818618201994,40.92930566037735,40.03630511813537,41.78187515046296,0.05477486362412775,0.04862280536417827,0.06057978903426547,0.5792079207920792,0.518055598647265,0.6322917864397686
geolife_fixed_bsp_0.2,geolife,bsp,0.2,fixed,8.0,47,53,0.0,0.04819101375032313,0.022934096710404955,0.07532774811825156,2.773296433298456,2.5231933497280776,3.0405540445810417,11717.673889283504,10663.962505399983,12847.44216280598,0.07570498758360117,0.06913678917927808,0.08213392079221173,3.5315964120895758,3.3273848236502306,3.763361547611001,0.931996855345912,0.8808962264150944,0.9739654356060606,33.50864779874214,31.00873107055322,35.98156295687134,4.843321036481015,4.71943422316378,4.965325609771724,0.015625,0.015625,0.015625,0.0786313754627502,0.06697343163402644,0.08991232616035799,0.9083333333333333,0.857564935064935,0.9574829931972788,2.811320754716981,2.3998958333333333,3.2335185185185185,1.0,1.0,1.0,30.522066037735847,30.453901411764704,30.59055870791713,39.52234339622641,38.72786427458255,40.40019861979969,0.08889329963810677,0.07274740814807806,0.10740800540482956,0.7376237623762376,0.686801948051948,0.7828463203463204
geolife_fixed_bsp_0.4,geolife,bsp,0.4,fixed,8.0,47,53,0.0,0.07073935860837051,0.04123427318662856,0.10409378308036281,2.442476884589003,2.182827845913341,2.7071227971923695,10312.301970833561,9220.47057131542,11441.628675658167,0.12055995987937192,0.10708778337988702,0.1359304747920588,3.2855239188908687,3.018009131093143,3.544106332527929,0.898191823899371,0.8479780801209372,0.9445888893928398,28.24882075471698,25.541594919217687,31.118887867647057,4.411484493422249,4.219044501906725,4.589739520108484,0.015625,0.015625,0.015625,0.088113575052044,0.07562747306014432,0.10092179864705497,0.9283333333333332,0.8765829248366013,0.973858762254902,3.150943396226415,2.6978172401035887,3.6140688259109313,1.0,1.0,1.0,30.646330188679244,30.551760191400582,30.759059541467305,40.403673584905654,39.55714476384812,41.27758197916667,0.1246624844210804,0.10571053176535412,0.14507673770916385,0.8267326732673267,0.7796547856430708,0.8693243577075098
geolife_fixed_positive_only_0.1,geolife,positive_only,0.1,fixed,8.0,47,53,0.0,0.01947256948058169,0.008054381461316897,0.0344072304326375,3.1150143390018745,2.8575997648989677,3.3756628381399754,13162.081737745928,12074.512935490111,14251.761203946064,0.05845318514849832,0.053904811756862854,0.06314430584916864,3.7168776485282313,3.5274902305024396,3.9222487778067396,0.9241352201257861,0.874139030612245,0.9679876691595442,36.80149371069182,34.08623106060606,39.39370206809138,5.058076545997034,4.948216174517362,5.165103278886364,0.015625,0.015625,0.015625,0.06115605494640546,0.05018100369439736,0.07189531111333114,0.8066666666666668,0.7253832442067736,0.8843537414965987,2.188679245283019,1.799607843137255,2.5961622807017544,1.0,1.0,1.0,15.539820754716981,15.497168820488723,15.58563491285403,19.97610283018868,19.110039419642856,20.923622045454547,0.05584615003697241,0.04901970435491605,0.06200150614671681,0.5742574257425742,0.5113636363636364,0.6304347826086957
geolife_adaptive_none_1,geolife,none,1.0,adaptive,8.0,47,53,0.0,0.31415237970809323,0.25364971855511403,0.38281019390758564,1.5058615989790205,1.287438941218561,1.7313752896329455,6359.308633751107,5438.50768046582,7318.419859223263,0.3426066343184648,0.30397668146323203,0.3872546219530557,2.372267636465597,2.110315661438956,2.6384162365352806,0.9257075471698113,0.8895174343322235,0.9563777515723271,17.299135220125784,15.306770242819349,19.23185872906855,3.1789935405293086,2.9337507521678394,3.393884739241714,0.015625,0.015625,0.015625,0.10720635907603872,0.09301090749917751,0.12086732532680008,1.0,1.0,1.0,3.811320754716981,3.3190133500208594,4.3270833333333325,1.0,1.0,1.0,5.131528301886792,5.110054931972789,5.153943783422459,6.358779245283018,6.233398761538461,6.493703013636363,0.18730825313899332,0.16976504707144519,0.20808161564392025,1.0,1.0,1.0
geolife_adaptive_random_0.15,geolife,random,0.15,adaptive,8.0,47,53,0.0,0.025722307693653832,0.00975559474613658,0.045184294442128056,3.1154189916574566,2.837321405444325,3.4136071509041277,13138.400239087814,11971.850451092609,14399.651118144735,0.03750527010610944,0.02773747502549364,0.049131262576085646,3.9680340712621263,3.8640198770656586,4.064603431054836,0.9477201257861635,0.9128916301169591,0.9787431459652827,52.33333333333333,49.4960544418239,54.908909336419754,5.658209868183637,5.5181782068513865,5.778549663019156,0.015625,0.015625,0.015625,0.01854982816397949,0.012344084306513745,0.025480794107921746,0.32666666666666666,0.21967329545454545,0.4519230769230769,0.660377358490566,0.43636363636363634,0.9074074074074074,1.0,1.0,1.0,5.153377358490566,5.135756898584906,5.170901064560439,6.269378301886792,6.168978944811321,6.377857091346154,0.04818389564800843,0.032959563754600525,0.06627898841039566,0.17326732673267325,0.11916045984455959,0.23560826829991108
geolife_adaptive_random_0.3,geolife,random,0.3,adaptive,8.0,47,53,0.0,0.0809181086018727,0.047582452416541646,0.1156952518656388,2.638794847436524,2.384872500844978,2.893858271229596,11145.464640654878,10064.983436686342,12230.632974153099,0.06974319608232964,0.05570361016174614,0.08527288207986197,3.7365232824255994,3.5733899957498716,3.9057653806124057,0.9080188679245284,0.8523441021523551,0.9545105542216887,41.80385220125786,38.51790075679394,45.073282047193885,5.179881091990393,5.0039635157494,5.341875703137078,0.015625,0.015625,0.015625,0.03266528458828098,0.024187970912684993,0.04191296459258522,0.56,0.44896722325293753,0.6767090643274855,1.169811320754717,0.8541666666666666,1.5263397129186604,1.0,1.0,1.0,5.163377358490566,5.146319451923077,5.1794263071895426,6.482874528301886,6.2085442129629635,6.937371183035714,0.08892550736602858,0.06682995399660807,0.11443114925285225,0.3069306930693069,0.23527911164465787,0.37968901079385126
geolife_adaptive_random_0.5,geolife,random,0.5,adaptive,8.0,47,53,0.0,0.15111640335602777,0.10755341376285929,0.20044807232523063,2.1866515401262148,1.9780464423298334,2.402775006308646,9229.559779162373,8350.167154623758,10141.833752987119,0.14021399042837743,0.1136914628652683,0.17020361425073696,3.247259140886965,3.0594258292895495,3.4337532362381156,0.9241352201257861,0.8870192307692307,0.9568784136047667,31.5687893081761,28.709318494496856,34.38534503229483,4.508974888114008,4.291249065178692,4.704480040818019,0.015625,0.015625,0.015625,0.060071279967407576,0.048941657271156694,0.07079801631289626,0.76,0.6633298611111111,0.8492101648351648,2.1320754716981134,1.7307291666666667,2.520157894736842,1.0,1.0,1.0,5.095933962264151,5.075252070230608,5.117522002262444,6.286831132075472,6.177986316964286,6.4265210185185175,0.13789487797921346,0.11248849183215257,0.16857918637101119,0.5594059405940595,0.49178695778325837,0.6306901737967915
geolife_adaptive_random_0.7,geolife,random,0.7,adaptive,8.0,47,53,0.0,0.18619108038235577,0.13934465021077969,0.23485652517668834,1.8911325083549966,1.6904920016420912,2.1144200300093057,7988.317316027532,7146.948338565341,8929.986620692893,0.21707177290329005,0.1889105111989564,0.24882362363584123,2.940809724696667,2.718812029034591,3.1818983718334684,0.9158805031446541,0.874171543617447,0.9549468946232338,24.011006289308174,21.55480478829463,26.377169319968555,3.919559358544019,3.709716215823655,4.112239319048996,0.015625,0.015625,0.015625,0.07324655587690608,0.06174526310936537,0.08478416319922201,0.82,0.7430555555555555,0.8962374213836478,2.6037735849056602,2.1799117647058823,3.036363636363636,1.0,1.0,1.0,5.157669811320754,5.140682338800905,5.17789604368063,6.335104716981132,6.229738572356215,6.452221981424148,0.16825187264615646,0.14970575918008447,0.18672297677058675,0.6831683168316832,0.622026366022429,0.7525800908990135
geolife_adaptive_rate_2,geolife,rate,2.0,adaptive,8.0,47,53,0.0,0.1358302490146487,0.09378203527324945,0.18479692103122758,2.354868370156566,2.101322101952904,2.6228882973135934,9951.959682070737,8879.358689205183,11086.200389879918,0.16698636462437233,0.1386086719138753,0.19566080519578843,3.193801415559898,2.9403454254425965,3.4284706558090208,0.9209905660377359,0.8799220441017317,0.9583333333333334,28.996462264150942,25.349535984848483,32.54836394557823,4.286472637679413,4.0400998177545455,4.5426583185668,0.015625,0.015625,0.015625,0.047503782413599774,0.039218379362526305,0.05613920864860906,0.6833333333333332,0.59375,0.775781875357347,1.6981132075471699,1.4037499999999998,2.0204187925170065,1.0,1.0,1.0,5.32011320754717,5.2951770555555555,5.342645273339599,6.50163396226415,6.4045436899759896,6.60599758361921,0.1442989494787366,0.11708526888610755,0.17345171303618884,0.44554455445544555,0.3834911003236246,0.5153446127300614
geolife_adaptive_rate_4,geolife,rate,4.0,adaptive,8.0,47,53,0.0,0.04456869755959166,0.02499932538208857,0.06666482248990152,3.268886985925361,2.9548259930891754,3.5765901740771224,13800.126633560372,12467.674230122326,15105.088169866754,0.08984298923140659,0.07299343415892708,0.10924273504453454,3.624015902579951,3.449969630668552,3.8042345632841386,0.9072327044025158,0.8638385967813051,0.9449411781221922,36.39622641509434,32.53683712121212,40.324103009259254,4.8806664764379715,4.671875540328771,5.085088640080735,0.015625,0.015625,0.015625,0.02192313923826857,0.016078973747285286,0.028216726183548483,0.39166666666666666,0.2861459587849592,0.49686086284894626,0.7735849056603774,0.5686274509803921,1.0,1.0,1.0,1.0,5.349877358490566,5.3274716703662595,5.37225677631579,6.542671698113208,6.435817182904411,6.658048176243567,0.08812407786211296,0.07080097305198675,0.10741978268241265,0.20297029702970298,0.15348180795198801,0.26060686653771764
geolife_adaptive_rate_8,geolife,rate,8.0,adaptive,8.0,47,53,0.0,0.014803846566459136,0.005482409759495903,0.026323311476383372,3.8459858787331322,3.5580049669221974,4.139704787293014,16235.56329957288,15013.36376185521,17480.762563402553,0.04973918789523362,0.036296145088694845,0.06707701532741393,3.925093951916046,3.7841462074871863,4.06477496784267,0.9158805031446541,0.8758329248366012,0.9534437452865762,45.9937106918239,42.04687806372549,49.69111394557823,5.380459853731331,5.188749441862676,5.553560723051271,0.015625,0.015625,0.015625,0.008851495454627063,0.004490739003934907,0.01402111490974671,0.185,0.09453679078014185,0.2934803194993413,0.3018867924528302,0.16069642857142857,0.4716981132075472,1.0,1.0,1.0,5.368849056603773,5.343049319172113,5.397049204681872,6.678537735849056,6.538039351851852,6.837613738636363,0.04961854068454727,0.0370343360776152,0.06350988227680643,0.07920792079207921,0.04071939586645469,0.12883930338412825
geolife_adaptive_coarse_2,geolife,coarse,2.0,adaptive,8.0,47,53,0.0,0.15189570810680908,0.10495046319669919,0.20092033672190895,1.7948980275942803,1.6432891606440152,1.9734612280112511,7575.63176051894,6932.710030015133,8330.753251952687,0.1542813510502339,0.14255989842548425,0.16599603819677303,2.695666254846978,2.5224199609685147,2.884958487791696,0.9547955974842767,0.9301405778657618,0.9760234684369904,20.586477987421382,18.681200297835026,22.587964026756538,3.80081311002703,3.6406397821294405,3.951935649295006,0.015625,0.015625,0.015625,0.059484194003587454,0.050009871089713755,0.06848756236276822,0.7566666666666667,0.6746031746031745,0.8333333333333334,2.1132075471698113,1.759155328798186,2.4482758620689653,1.0,1.0,1.0,6.238990566037735,6.197284490740741,6.277754000000001,7.8169481132075465,7.606673466666666,8.133104345644318,0.16323587093588468,0.137698995416655,0.1903642992777322,0.5544554455445545,0.4947798295454546,0.6144042232277527
geolife_adaptive_coarse_4,geolife,coarse,4.0,adaptive,8.0,47,53,0.0,0.020187458664021163,0.00787773587444237,0.036088026443216174,3.1631395737482,2.9994666796729943,3.3268980773944006,13336.094345844132,12642.712673950648,14025.946490125243,0.06703011489923061,0.06032281594890557,0.07508326946359337,3.265754207428655,3.1578041722253807,3.382809039467505,0.9504716981132075,0.9191631289308176,0.9740641630382196,26.829009433962263,24.40205385220126,29.21589307598039,4.544076457000249,4.428728838338072,4.656307717276557,0.015625,0.015625,0.015625,0.021815061910157568,0.015433626744890306,0.028736989081568368,0.41333333333333333,0.29708132045088564,0.5233918128654971,0.7735849056603774,0.5490196078431373,1.0172489413188142,1.0,1.0,1.0,6.4418962264150945,6.405804433811802,6.478594886363636,8.027195283018866,7.760082099056603,8.383055609817813,0.06857464192905559,0.059863118787468216,0.08003713468229376,0.20297029702970298,0.14953150592542633,0.25676640926640926
geolife_adaptive_bsp_0.05,geolife,bsp,0.05,adaptive,8.0,47,53,0.0,0.010362676418837974,0.005825745159010931,0.01566829669067146,3.5876846443119423,3.354914601484291,3.8586233556783553,15109.280047400904,14120.716240796159,16280.364091256766,0.044034209308198485,0.04312363634264882,0.04489640615801732,3.7499759087619777,3.617144453195004,3.8808836200811547,0.9205974842767295,0.8769611730101929,0.9602651824618735,36.20754716981132,33.78968942901235,38.720944741532975,5.126665889435389,5.048936327257736,5.204688421751083,0.015625,0.015625,0.015625,0.02851227230103189,0.0217450623717581,0.03576965642110505,0.515,0.4166666666666667,0.6200048076923077,1.0188679245283019,0.7777210884353741,1.2778508771929824,1.0,1.0,1.0,30.839877358490565,30.774855,30.906197439703153,39.29820188679245,38.37624261160713,40.20482465681818,0.03836307705505696,0.03554281470990874,0.040964528738308956,0.26732673267326734,0.2118180988870644,0.3214484126984127
geolife_adaptive_bsp_0.1,geolife,bsp,0.1,adaptive,8.0,47,53,0.0,0.02155514850606242,0.005740418163444112,0.04470707556367152,2.723618292135681,2.5446411286223776,2.896997405371108,11485.48174421738,10729.803946855243,12218.519521203028,0.07901247589885044,0.07688880782722404,0.08083072019266024,3.2551389267993622,3.0751433283496605,3.4427924902976286,0.9241352201257861,0.8764543737816765,0.9636440122377622,25.3561320754717,23.529649787347157,27.464584821428573,4.492523042805894,4.4042951998994,4.594472252782368,0.015625,0.015625,0.015625,0.05536513169246722,0.043999082780085075,0.06664717296971381,0.7716666666666667,0.671532883986928,0.859488423028786,2.0,1.5881127450980392,2.403935185185185,1.0,1.0,1.0,30.863188679245283,30.796191176470586,30.94406568627451,38.49668490566037,37.600649026880696,39.53008398027444,0.08301186805166937,0.07496661367366779,0.09665811382399714,0.5247524752475248,0.4456985962014864,0.5904082348812726
geolife_adaptive_bsp_0.2,geolife,bsp,0.2,adaptive,8.0,47,53,0.0,0.09446003831838147,0.05533583129365448,0.14053520610515005,2.1350260512414474,1.8962558012330195,2.3822719088942295,9019.617476277506,8009.275050824933,10062.101544448939,0.13691935700941957,0.131165383796701,0.14220809498733658,2.9860768543594025,2.7475455787582646,3.2636783669564724,0.9300314465408804,0.8894383342959826,0.9665882197462589,22.441430817610062,20.804231298379296,24.345761846405228,4.074124920574541,3.9814116795219174,4.172765565118684,0.015625,0.015625,0.015625,0.06492073195462765,0.0525954722566556,0.0775650812770735,0.7966666666666667,0.7058771380892783,0.8765499194847021,2.3207547169811322,1.877430426716141,2.810369225764476,1.0,1.0,1.0,30.832150943396226,30.765232150943394,30.908843506335284,38.61699150943396,37.720145957792205,39.67094994091386,0.1452529757474031,0.1220414498070823,0.1711146911409252,0.6089108910891089,0.5329580745341614,0.6730978260869566
geolife_adaptive_bsp_0.4,geolife,bsp,0.4,adaptive,8.0,47,53,0.0,0.2140282629297415,0.14917081554727848,0.27537121424688565,1.5909667203889137,1.4074423749508482,1.7982687675273235,6718.019353707053,5942.215318704335,7592.976803333722,0.22504899598216827,0.21206717317972104,0.23790866871720734,2.57110952436,2.339008201341907,2.807120665192218,0.9331761006289309,0.8987556974544204,0.9608941387559808,19.104166666666668,17.045742424242423,21.151009114583335,3.582694136193519,3.415907450959225,3.7465398888001586,0.015625,0.015625,0.015625,0.08119777000434109,0.06848800497532385,0.09357256850002427,0.8833333333333333,0.8090064858490567,0.9432624113475178,2.9245283018867925,2.43389752127266,3.421491228070175,1.0,1.0,1.0,30.629792452830188,30.56814375,30.695828692307693,38.09513396226415,37.28909176617647,38.8586785780446,0.21930081139636445,0.18993637067168956,0.2493118968392739,0.7673267326732673,0.6961261889844507,0.8305263534291639
geolife_adaptive_positive_only_0.1,geolife,positive_only,0.1,adaptive,8.0,47,53,0.0,0.015680759966579545,0.003959429922680734,0.033219613755833315,2.5270395352436106,2.356430969602381,2.6957136629420266,10665.509860986349,9940.45023727323,11376.653468909406,0.09279080829015286,0.08664717228023691,0.09909297436338875,3.172704657128138,2.9943349184921155,3.3769827523943903,0.9249213836477987,0.8765655709512579,0.9640529918864097,24.40448113207547,22.71694182389937,26.307201949394365,4.361883941493374,4.271986407785458,4.4607295724478835,0.015625,0.015625,0.015625,0.04872794705554902,0.03807316952318605,0.05947062917774202,0.705,0.6006770833333334,0.8044871794871795,1.7547169811320755,1.3724189675870349,2.175516917293233,1.0,1.0,1.0,15.868924528301887,15.824934581367925,15.91730806122449,19.901403773584903,19.234744418171115,20.65612195,0.09116680654410024,0.08356777286639093,0.09948081501479426,0.4603960396039604,0.3876308107512668,0.5288525132275133
static_adaptive_kl_0.25,static,kl,0.25,adaptive,8.0,20,80,0.0,0.07080363047996976,0.04620866872682233,0.09649704844502906,3.5305910983827844,3.3753361537415203,3.6822159725616936,3530.591098382784,3375.3361537415203,3682.2159725616934,0.08004174617432841,0.07446567238423824,0.08557679766028997,3.4862893566706057,3.368167520745515,3.616743420394597,0.9559895833333334,0.9236979166666666,0.9822981770833332,35.571875,34.48745442708333,36.59094401041667,4.872300186190957,4.817552234578495,4.927805932236609,0.015625,0.015625,0.015625,0.027364354158202275,0.020104837558630722,0.03502990979449023,0.6233766233766234,0.4935021645021645,0.7564102564102564,1.0,0.7375,1.275,1.0,1.0,1.0,476.13494375,470.63688765625,486.10907171875,500.94214249999993,483.81835628125003,520.7939756249999,0.08278310322746214,0.06836332187143246,0.09713000687430003,0.2888086642599278,0.22587842712842712,0.35019335389089445
static_adaptive_kl_0.5,static,kl,0.5,adaptive,8.0,20,80,0.0,0.17543537525687358,0.15414400882966037,0.19856345447358634,2.1118587562327678,1.9634829705739203,2.256439263133526,2111.8587562327675,1963.4829705739205,2256.4392631335263,0.17177827828910722,0.1585374239161761,0.18620855846614412,2.5908572295405086,2.4670064176098356,2.7142236989903434,0.9354166666666666,0.90337890625,0.9671940104166666,22.016927083333332,20.414244791666665,23.71415364583333,3.6832287372804573,3.5491319899223623,3.8025270931346995,0.015625,0.015625,0.015625,0.05467589442739679,0.04296759135982002,0.06598489324133576,0.8311688311688312,0.7368421052631579,0.922077922077922,1.9625,1.55,2.3628124999999995,1.0,1.0,1.0,467.09864374999995,466.41355234375004,467.77145187499997,480.480499375,479.534351703125,481.47282265625006,0.07054675733482482,0.058369520893137204,0.08290681007126964,0.5667870036101083,0.48706991123965293,0.6428634528016154
static_adaptive_kl_1.0,static,kl,1.0,adaptive,8.0,20,80,0.0,0.3622142434517574,0.31682264384449615,0.41173703730545247,1.5605944154973377,1.4154331147314232,1.7007008514944753,1560.5944154973376,1415.4331147314233,1700.700851494475,0.3580291510686203,0.3227210660506737,0.39718306591594715,2.0652409430292753,1.9132681295427663,2.211552013137231,0.97734375,0.9640559895833334,0.9893229166666666,19.396875,17.588196614583335,21.543756510416667,3.0131701549048424,2.817276372095748,3.208983786934474,0.015625,0.015625,0.015625,0.0810671062997726,0.07068544929275059,0.09207350697031084,0.948051948051948,0.8846153846153846,1.0,2.9,2.5,3.3125,1.0,1.0,1.0,470.30504375,469.69328765625,470.94533281249994,483.54386562499997,482.49001989062504,484.60607695312495,0.09298118948925643,0.08224871070052986,0.1028413198746823,0.8375451263537906,0.7859197324414716,0.8914808226310309
static_adaptive_kl_2.0,static,kl,2.0,adaptive,8.0,20,80,0.0,0.427738805698106,0.37997826313285155,0.4724658202821856,1.370346736799225,1.2145628162441757,1.5392096798653647,1370.346736799225,1214.5628162441758,1539.2096798653647,0.42635478610744393,0.38156492193665154,0.47017188247774416,1.844254835015186,1.684397632072241,2.026186948446059,0.9716145833333334,0.9463541666666666,0.9911458333333334,17.270052083333333,15.351009114583333,19.67988932291666,2.700373251471883,2.4769843655749835,2.9517702823061476,0.015625,0.015625,0.015625,0.09009046112187756,0.07897543514064793,0.10190460878368751,0.987012987012987,0.9605263157894737,1.0,3.225,2.8125,3.6753124999999995,1.0,1.0,1.0,465.55659374999993,464.72499593749995,466.32079265625,477.26578,476.320414765625,478.21825939062495,0.10096413086089222,0.08668517174419405,0.11520194720506996,0.9314079422382672,0.9071408656399362,0.9558823529411765
walk_adaptive_kl_0.25,walk,kl,0.25,adaptive,8.0,20,80,0.0,0.029079163566468252,0.02147377716548859,0.03796138024708581,3.549968359388302,3.361036349487617,3.750993341053321,3549.968359388302,3361.036349487617,3750.993341053321,0.046257960150328924,0.04406000344124044,0.048466705252295156,3.80097359770174,3.7199511988492113,3.887837078190347,0.9458333333333334,0.928125,0.9638020833333334,45.35729166666667,44.37461588541667,46.34662760416667,5.466243367390422,5.423541472780746,5.506833408826293,0.015625,0.015625,0.015625,0.026347369471277575,0.01860135938161816,0.035671977350774715,0.34913419913419913,0.25372258771929823,0.4434829059829059,0.9625,0.675,1.3,1.0,1.0,1.0,468.39636249999995,467.70963234374994,469.2296596874999,484.67856249999994,481.64355212500004,488.22267460937496,0.0364880947548505,0.0312291970352109,0.041859185692893645,0.275,0.20414459675272822,0.34555054579971517
walk_adaptive_kl_0.5,walk,kl,0.5,adaptive,8.0,20,80,0.0,0.07613974919394842,0.06048415734023645,0.09367851685216186,2.5639167895178923,2.374084286749368,2.7618822195620005,2563.916789517892,2374.0842867493684,2761.8822195620005,0.08104355177265479,0.0770821774754383,0.08521005418292393,3.32330790335931,3.221462619615799,3.434677944069627,0.953125,0.9375,0.9677083333333334,33.127864583333334,31.603339843750003,34.4806640625,4.849880460810759,4.779876193682457,4.912663107521406,0.015625,0.015625,0.015625,0.050138488472567855,0.0412137501249134,0.05982081108012884,0.6056277056277056,0.5258695325642875,0.6868950109649122,1.8,1.475,2.15,1.0,1.0,1.0,463.8185375,461.0520429687501,468.89786578125006,482.31547375,475.69120437500004,492.379479484375,0.07742455667403024,0.06794201112992439,0.08795163101871094,0.5142857142857142,0.454865441417788,0.5709220779220779
walk_adaptive_kl_1.0,walk,kl,1.0,adaptive,8.0,20,80,0.0,0.11441245298032407,0.08956625950727513,0.14530898728143601,2.3341755917072637,2.1247112897008837,2.5363091394014994,2334.1755917072637,2124.7112897008847,2536.309139401499,0.10968936949784491,0.1003943973916411,0.12060123235530179,3.210550009724841,3.07111342564409,3.325822943018751,0.9588541666666666,0.9450520833333333,0.9726627604166667,31.7640625,30.151367187499996,33.20582682291667,4.655948458837015,4.551188147613236,4.744839787189239,0.015625,0.015625,0.015625,0.06975535296678732,0.05872548569045583,0.08166931457860879,0.7906926406926407,0.7130247890295359,0.8587713675213675,2.5,2.1,2.925,1.0,1.0,1.0,470.51531875,466.482318125,475.49406062500003,501.57340125,486.83423665625,518.711106171875,0.10272833187271743,0.08859515311668,0.11838985153563814,0.7142857142857143,0.6699881974248928,0.7645206053465804
walk_adaptive_kl_2.0,walk,kl,2.0,adaptive,8.0,20,80,0.0,0.139176679108745,0.11465846063523066,0.16678792709079535,2.1922504859720178,1.9756041285479924,2.4113396663110054,2192.2504859720184,1975.6041285479926,2411.3396663110057,0.1313775410020656,0.12004763752842716,0.14445369171689212,3.1076169188969076,2.961699847432887,3.236992871029788,0.95,0.93203125,0.9671940104166666,29.79114583333333,28.20724609375,31.31309895833333,4.491308575893446,4.377474855252868,4.591670131646963,0.015625,0.015625,0.015625,0.08486164945049782,0.0730011296625339,0.09735554700406544,0.9110389610389611,0.8792114135864136,0.9458900487697955,3.0375,2.6125,3.475,1.0,1.0,1.0,461.26054999999997,460.386123125,462.09810984374997,479.58048937499996,474.764514984375,486.8918785625,0.11447945768987107,0.0989683122221233,0.12973141970056729,0.8678571428571429,0.8299244142101285,0.9068142035508877
commute_adaptive_kl_0.25,commute,kl,0.25,adaptive,8.0,20,80,0.0,0.02774638826884921,0.022145183260478672,0.033876877557663686,4.023488380835888,3.892073512648403,4.161331027251259,4023.4883808358863,3892.073512648403,4161.331027251258,0.0431199012639484,0.04028609483898081,0.0462361532407631,4.181492238344501,4.1043405638884725,4.256824327366421,0.8778645833333334,0.8609309895833334,0.8950520833333334,47.655208333333334,46.666881510416665,48.55794270833333,5.55742541199849,5.518010660095061,5.5954291824531905,0.015625,0.015625,0.015625,0.02240201157830939,0.016165650071800153,0.02915854743033435,0.32146118721461187,0.23127360236949276,0.4062460648148148,0.825,0.6,1.0628124999999997,1.0,1.0,1.0,466.6051125,465.26762625000003,468.3036493750001,481.216044375,478.89611364062506,483.660019375,0.029986968359356398,0.025622082248046938,0.0344915125295845,0.2548262548262548,0.19634384434753438,0.3076984126984127
commute_adaptive_kl_0.5,commute,kl,0.5,adaptive,8.0,20,80,0.0,0.04443099733382937,0.03449517240978423,0.054936734638516865,3.2675021423595387,3.17806892470067,3.350742080328997,3267.502142359539,3178.0689247006703,3350.742080328997,0.07211679120712552,0.06760241608202883,0.07716119286803311,4.289083151816557,4.173488192648497,4.3942507893482095,0.80546875,0.7890559895833333,0.8231770833333334,35.87552083333333,34.84100260416666,36.906015625,5.008933679468489,4.94838677727763,5.065415262825206,0.015625,0.015625,0.015625,0.044831167359412324,0.03560997935318768,0.055108448859758095,0.5824200913242009,0.5104130993150685,0.6540090883136658,1.625,1.2996875,1.9753124999999998,1.0,1.0,1.0,461.51549375,460.74815046875005,462.326424375,499.06460875000005,482.934843515625,520.5990440625,0.04921727672302462,0.043542764298481806,0.05507732005355244,0.5019305019305019,0.44955065359477125,0.5468236036476144
commute_adaptive_kl_1.0,commute,kl,1.0,adaptive,8.0,20,80,0.0,0.051488909040178575,0.04180152239118303,0.06132910576068536,3.132490890155414,3.0212986066182226,3.2484316467212326,3132.4908901554145,3021.298606618223,3248.431646721233,0.09094463582886851,0.08211450851539277,0.10025683291490448,4.2579881663347745,4.123094150436672,4.403186959397757,0.8057291666666666,0.7773372395833333,0.8328255208333333,34.47682291666667,32.47655598958334,36.79802734375,4.851269025163923,4.738475794100725,4.9692104973986355,0.015625,0.015625,0.015625,0.05847175723073763,0.04835999145896481,0.0705749872668899,0.6945205479452055,0.6219751409017713,0.7674013415589501,2.1125,1.75,2.55,1.0,1.0,1.0,465.615125,464.7613578125,466.46464453125003,481.50522125,480.02603809375,483.0999370624999,0.05733489767376114,0.05203554500277635,0.06238662524322584,0.6525096525096525,0.5973420599803344,0.7063258027012674
commute_adaptive_kl_2.0,commute,kl,2.0,adaptive,8.0,20,80,0.0,0.05258018357871874,0.044780319206527704,0.06006741451907468,3.1109754510299825,3.0041726212149773,3.213553740903268,3110.9754510299827,3004.1726212149774,3213.5537409032686,0.1062001622914716,0.09563183710383226,0.11639466129184108,4.27901833206671,4.166563587760254,4.395956910119323,0.7890625,0.7614583333333333,0.81615234375,32.24479166666667,30.106015625,34.58988932291667,4.704711412931096,4.581659137343299,4.831340362732219,0.015625,0.015625,0.015625,0.06870886561262651,0.05809909415295204,0.08138415911957483,0.8182648401826484,0.7607503912363067,0.868767361111111,2.4875,2.1,2.9375,1.0,1.0,1.0,462.73838749999993,461.99858109375003,463.32406046874996,479.5310875,477.20880784375,482.733164328125,0.06878022308720816,0.06003497391561931,0.07762802033116942,0.7683397683397684,0.7208201628352491,0.8143025871766029
geolife_adaptive_kl_0.25,geolife,kl,0.25,adaptive,8.0,47,53,0.0,0.007342498221772986,0.00399436132852996,0.011841003451301901,3.788783934791442,3.5939825091995927,3.971983207641929,15984.571909144746,15163.513357110754,16762.943251761775,0.06182693023554771,0.057757946262302975,0.06636188862420946,3.961357988083938,3.8321283113167226,4.091388844052947,0.9245283018867925,0.8861875826719576,0.9587339743589743,39.20794025157233,37.88131245286576,40.482247273909564,5.220837229061145,5.169286817270578,5.2681896290707515,0.015625,0.015625,0.015625,0.025331181111145733,0.01940208892564796,0.031727864190162026,0.49166666666666664,0.3715198863636363,0.6203703703703703,0.9245283018867925,0.7020744680851064,1.1667452830188678,1.0,1.0,1.0,468.36851886792454,467.6053465073529,469.23841208333334,494.9996924528302,483.07618691731403,514.5502031367923,0.055480978147453126,0.050091567509894006,0.06106701262042977,0.24257425742574257,0.19416732712502477,0.292051586445068
geolife_adaptive_kl_0.5,geolife,kl,0.5,adaptive,8.0,47,53,0.0,0.10193792427872617,0.06004844023196219,0.14324183575665508,2.4714158492698726,2.2668750290813726,2.6726045057659413,10429.594802077461,9566.65102670782,11279.794194115984,0.12653094272549165,0.11015929719356668,0.14190438386828327,3.1432593330796377,2.9509416565592517,3.3314926764391477,0.9375,0.8977527006172838,0.969348556317896,26.4375,24.30078944493007,28.698049532312922,4.339189017256812,4.191566206711963,4.495398738266974,0.015625,0.015625,0.015625,0.0547588727115988,0.04217081758607318,0.06975703924847791,0.7216666666666667,0.6076031454248366,0.8300698983297023,1.9622641509433962,1.490186074429772,2.5264912280701752,1.0,1.0,1.0,467.83961320754713,467.14100862930076,468.602334375,480.8568811320755,479.4761469405661,482.2679372321429,0.13841422202809095,0.11623911625345261,0.16177517959985455,0.5148514851485149,0.4136008898065531,0.6085110506349992
geolife_adaptive_kl_1.0,geolife,kl,1.0,adaptive,8.0,47,53,0.0,0.18475318131052212,0.137491893678736,0.23885533715405166,1.9774269629052774,1.7633443551144292,2.1631529904848876,8349.356868822902,7446.481860845767,9132.624668025483,0.23264240131787467,0.20259630814173457,0.26550696714560046,2.91411341323273,2.6367315318640334,3.1886944147486167,0.9068396226415094,0.8574895833333334,0.9473368710691825,24.054638364779873,21.18998390151515,27.043460124434386,3.8282912174161905,3.6070841972788155,4.05077053236643,0.015625,0.015625,0.015625,0.08048730782713243,0.06549676174731298,0.09686084308800015,0.875,0.8027102507669734,0.9346495098039215,2.8867924528301887,2.36,3.5,1.0,1.0,1.0,463.5595471698113,462.8839110119048,464.23185275000003,477.8351169811321,476.24709579599056,479.2946193586913,0.16176200037724695,0.14639121062997107,0.17978596416452053,0.7574257425742574,0.6847746939636978,0.8294582574214983
geolife_adaptive_kl_2.0,geolife,kl,2.0,adaptive,8.0,47,53,0.0,0.22788185404414768,0.1774007783455212,0.282993072415799,1.7412159955937416,1.5459313584664867,1.9576495173961805,7347.136080557706,6527.078436825407,8253.800703070774,0.2754289951430873,0.2424870789185549,0.3082645651150978,2.7287412821303376,2.463735388169372,3.030783903327577,0.9154874213836478,0.8594157375643225,0.9590646538220551,20.792059748427675,18.57557196969697,23.343801062091504,3.5589406284489864,3.3503731075289553,3.784301239259269,0.015625,0.015625,0.015625,0.0949892010371766,0.08012564082474305,0.10912299832948355,0.925,0.8790820494864613,0.9673220375106565,3.3962264150943398,2.8653186274509803,3.924748427672956,1.0,1.0,1.0,469.2824339622642,468.55485833333336,470.00572217970523,482.6417547169811,481.5269963375,483.748830225,0.1780782572550673,0.16054235865895947,0.19343632949317222,0.8910891089108911,0.8450666566242374,0.9310462919225319
