condition,scenario,method,param,attack,side,n_clusters,n_trajectories,hit,hit_low,hit_high,error_cells,error_cells_low,error_cells_high,error_m,error_m_low,error_m_high,peak,peak_low,peak_high,logloss,logloss_low,logloss_high,covered95,covered95_low,covered95_high,credible95,credible95_low,credible95_high,entropy,entropy_low,entropy_high,prior_hit,prior_hit_low,prior_hit_high,raw_completion,raw_completion_low,raw_completion_high,coverage,coverage_low,coverage_high,reward,reward_low,reward_high,latency_slots,latency_slots_low,latency_slots_high,gate_us_p50,gate_us_p50_low,gate_us_p50_high,gate_us_p95,gate_us_p95_low,gate_us_p95_high,ece,ece_low,ece_high,utility,utility_low,utility_high
static_adaptive_pml_0.025,static,pml,0.025,adaptive,8.0,20,80,0.015625,0.015625,0.015625,3.9809642592589847,3.854599804617057,4.123438107813178,3980.9642592589835,3854.5998046170553,4123.438107813177,0.015625,0.015625,0.015625,4.158883083359675,4.158883083359675,4.158883083359675,0.925,0.875,0.975,61.0,61.0,61.0,6.0,6.0,6.0,0.015625,0.015625,0.015625,0.003288782282684722,0.0016135567732366513,0.005258121227633423,0.12987012987012986,0.0641025641025641,0.20519480519480512,0.125,0.0625,0.2,1.0,1.0,1.0,25.086581250000002,24.96739890625,25.2667040625,30.576781249999993,29.86386840625,31.360049171874994,0.0,0.0,0.0,0.036101083032490974,0.017793594306049824,0.056818181818181816
static_adaptive_pml_0.05,static,pml,0.05,adaptive,8.0,20,80,0.015625,0.015625,0.015625,3.9809642592589847,3.854599804617057,4.123438107813178,3980.9642592589835,3854.5998046170553,4123.438107813177,0.015625,0.015625,0.015625,4.158883083359675,4.158883083359675,4.158883083359675,0.925,0.875,0.975,61.0,61.0,61.0,6.0,6.0,6.0,0.015625,0.015625,0.015625,0.003288782282684722,0.0016135567732366513,0.005258121227633423,0.12987012987012986,0.0641025641025641,0.20519480519480512,0.125,0.0625,0.2,1.0,1.0,1.0,24.4434625,24.39858734375,24.48814796875,30.73930875,30.051179640624994,31.450028359374997,0.0,0.0,0.0,0.036101083032490974,0.017793594306049824,0.056818181818181816
static_adaptive_pml_0.1,static,pml,0.1,adaptive,8.0,20,80,0.015625,0.015625,0.015625,3.9809642592589847,3.854599804617057,4.123438107813178,3980.9642592589835,3854.5998046170553,4123.438107813177,0.015625,0.015625,0.015625,4.158883083359675,4.158883083359675,4.158883083359675,0.925,0.875,0.975,61.0,61.0,61.0,6.0,6.0,6.0,0.015625,0.015625,0.015625,0.003288782282684722,0.0016135567732366513,0.005258121227633423,0.12987012987012986,0.0641025641025641,0.20519480519480512,0.125,0.0625,0.2,1.0,1.0,1.0,24.89328125,24.832072187500003,24.96460296875,30.809906874999996,30.197100453125,31.454218593749996,0.0,0.0,0.0,0.036101083032490974,0.017793594306049824,0.056818181818181816
static_adaptive_pml_0.25,static,pml,0.25,adaptive,8.0,20,80,0.03430552233914399,0.020238345883600833,0.05199622107957766,4.070797412298912,3.877774473407279,4.291185129829265,4070.7974122989117,3877.7744734072785,4291.185129829265,0.03959545686307893,0.03769588590964593,0.04152920553900333,3.9143970097795133,3.845745538651833,3.986135789769097,0.93203125,0.8958203125,0.96458984375,49.6140625,47.998522135416664,51.20606770833333,5.578334648196664,5.5231103886666935,5.629523594230404,0.015625,0.015625,0.015625,0.01400839333777339,0.010251626132545976,0.018183620195184647,0.45454545454545453,0.3460526315789474,0.5750480769230768,0.5125,0.375,0.6625,1.0,1.0,1.0,24.42099375,24.367053281249998,24.486112968749996,30.787294999999993,29.957748562499994,31.663054187499995,0.04943716788560124,0.03716429542409073,0.06465412003833959,0.148014440433213,0.1131370741017771,0.18333633093525178
static_adaptive_pml_0.5,static,pml,0.5,adaptive,8.0,20,80,0.20399685071511242,0.1694833042689732,0.2451531827411954,2.276476536367653,2.0789264017812608,2.472756667334031,2276.4765363676534,2078.9264017812607,2472.7566673340307,0.17536568211878142,0.15436929996614127,0.19963858533923054,2.5798585470055677,2.436877710827968,2.6972962341786677,0.9442708333333334,0.9174348958333333,0.96875,22.539322916666666,20.760657552083334,24.473385416666666,3.7509815175582313,3.5757621614337656,3.908189818879155,0.015625,0.015625,0.015625,0.058280650828726674,0.04863285475850052,0.069094167704837,0.8701298701298701,0.7916118421052631,0.9487341772151898,2.075,1.725,2.4625,1.0,1.0,1.0,24.934575000000002,24.884665,24.9780390625,30.963672499999994,30.183889078125002,31.765238171874994,0.11243195428650896,0.09190691957773897,0.13302483356548922,0.5992779783393501,0.5422429998316594,0.654279071882496
static_adaptive_pml_1,static,pml,1.0,adaptive,8.0,20,80,0.382160118215015,0.32610105847515164,0.4392931024488956,1.4823964718917189,1.3063578521781234,1.6904717090946142,1482.396471891719,1306.3578521781233,1690.4717090946144,0.3718352218682771,0.3256830388489521,0.42027858118392397,1.9962232725190205,1.810287718759462,2.1921746235671358,0.9815104166666666,0.9676953125000001,0.9940104166666666,18.669010416666666,16.858125,20.771731770833334,2.9432357175231756,2.7032581253346897,3.206117770970377,0.015625,0.015625,0.015625,0.0807697245879172,0.06935488615731822,0.09242569401181512,0.948051948051948,0.8846153846153846,1.0,2.8875,2.4625,3.325,1.0,1.0,1.0,26.2347875,26.1911446875,26.282850312499995,32.62642125,31.845516609374993,33.36599017187499,0.08531663488235651,0.0763766851179498,0.09420260571872792,0.8339350180505415,0.7789030612244898,0.8880014925373134
static_adaptive_pml_2,static,pml,2.0,adaptive,8.0,20,80,0.45266894287140724,0.40943664723464385,0.4968601756523302,1.2892864952852503,1.1385716344173344,1.4490711164374426,1289.28649528525,1138.5716344173343,1449.071116437443,0.44530068880808765,0.40784057249512157,0.48208844537361756,1.759345096739294,1.615854021988132,1.9194385340771443,0.978125,0.9552083333333334,0.9942773437500001,16.47239583333333,14.630813802083331,18.493704427083333,2.601062513102609,2.4044769113547617,2.807025098936108,0.015625,0.015625,0.015625,0.09087960253601898,0.08003514831370608,0.10312460698063576,0.987012987012987,0.9605263157894737,1.0,3.25,2.8375,3.7003125,1.0,1.0,1.0,27.064600000000002,26.54978078125,27.670175312500003,34.65171625,33.312680046874995,36.057823578124996,0.10109657060031996,0.08793156731424392,0.11486418319917861,0.9386281588447654,0.9180283957845433,0.9597069597069597
static_adaptive_pml_4,static,pml,4.0,adaptive,8.0,20,80,0.49341923467061666,0.43347581112225114,0.5470938535561594,1.2769826174218477,1.106411709992714,1.4645727936933182,1276.9826174218476,1106.4117099927141,1464.572793693318,0.5175028927087394,0.46910311877647065,0.5597947684061467,1.6270690755168526,1.4441792331266785,1.8384958748592843,0.98046875,0.9697916666666666,0.9898502604166667,14.060677083333335,12.334739583333334,15.93248046875,2.2597576505516948,2.03275774443589,2.509537904498985,0.015625,0.015625,0.015625,0.09645925201079228,0.08432393974046488,0.10952589525613637,1.0,1.0,1.0,3.45,3.0125,3.9375,1.0,1.0,1.0,26.120206250000003,26.04199921875,26.198435,32.985632499999994,32.298735671874994,33.72916264062499,0.10087293529018973,0.08502437137880933,0.11824060980829669,0.9963898916967509,0.9883709619039001,1.0
static_adaptive_pml_8,static,pml,8.0,adaptive,8.0,20,80,0.49722046015034793,0.4558897258507447,0.5407952444018391,1.2791671276989414,1.1315646650013937,1.4313981798471387,1279.1671276989414,1131.564665001394,1431.3981798471389,0.5185459513310063,0.48384039940819756,0.555059524311038,1.5968727231607613,1.4540136681628617,1.7513951519408968,0.9846354166666667,0.9755208333333334,0.9924479166666667,14.382291666666665,12.731529947916666,16.169654947916666,2.2765617633968143,2.073037583919302,2.4694103295469025,0.015625,0.015625,0.015625,0.09682689906961582,0.08472475307532071,0.10962736636550897,1.0,1.0,1.0,3.4625,3.025,3.95,1.0,1.0,1.0,26.764100000000003,26.695026406250005,26.840501875,33.96512,33.156559953125004,34.90590275,0.09403366160948497,0.08040182735765827,0.10718842783419372,1.0,1.0,1.0
static_adaptive_privic_0,static,privic,0.0,adaptive,8.0,20,80,0.19270039543592407,0.1547878022270161,0.23699283587295986,2.408179457615879,2.2133112420135124,2.632939300741411,2408.179457615879,2213.3112420135126,2632.9393007414105,0.21080088856844367,0.17688909290899849,0.24744251053262922,2.7943550917313575,2.6235914009105263,2.9711871423104568,0.93984375,0.9125,0.9653710937500001,26.020052083333336,24.429361979166668,27.477278645833337,3.869380709887591,3.686145732337915,4.040549643089192,0.015625,0.015625,0.015625,0.049363872524771556,0.040666783616002546,0.057159350981952316,0.8831168831168831,0.7916118421052631,0.9615384615384616,1.775,1.45,2.05,1.0,1.0,1.0,4.3419125,4.33010625,4.354472187500001,5.316611249999999,5.194980484375,5.5111219843749994,0.1604022218023092,0.14029226346202972,0.17935003921057885,0.5126353790613718,0.44910505430242276,0.5837362867488111
static_adaptive_privic_0.1,static,privic,0.1,adaptive,8.0,20,80,0.43107770835774,0.3772289143644616,0.4842080874188454,1.4672269799071196,1.2819942054656408,1.665393410297431,1467.2269799071196,1281.994205465641,1665.3934102974313,0.42767070471180463,0.3956756207635829,0.4593973090596646,1.9313805821527055,1.7321007340972738,2.1431966225109664,0.965625,0.9416666666666667,0.9856770833333334,17.316145833333334,15.685572916666667,18.902135416666667,2.8007622351675416,2.6164782806546323,2.974123870497106,0.015625,0.015625,0.015625,0.062003209605203925,0.05074442372577499,0.07444175603311276,0.9090909090909091,0.824983108108108,0.9743670886075949,2.225,1.825,2.675,1.0,1.0,1.0,4.39455625,4.374018437499999,4.414775000000001,5.263848749999999,5.2119431875,5.330138593749999,0.15782579891342674,0.14092169771078877,0.17618739760862492,0.6425992779783394,0.5789379699248121,0.6993263251406573
static_adaptive_privic_0.3,static,privic,0.3,adaptive,8.0,20,80,0.42309267332979894,0.3653177273381783,0.48147642216861397,1.439007329750226,1.2413041317454707,1.6568754003403479,1439.007329750226,1241.3041317454708,1656.8754003403476,0.42301005204743874,0.38685782177570777,0.4561773480814384,1.977211829346619,1.7598642527833184,2.232251305325208,0.9635416666666666,0.9361979166666666,0.9843815104166667,17.515625,15.888424479166666,19.126321614583333,2.8172368090634974,2.62263124222788,3.0098933372756425,0.015625,0.015625,0.015625,0.060919836739928776,0.049888414445867245,0.07272735761384769,0.9090909090909091,0.824983108108108,0.9743670886075949,2.1875,1.8,2.6003125,1.0,1.0,1.0,4.4156875,4.3974990625,4.43210296875,5.305954999999999,5.24884990625,5.370969953125,0.18424171425365127,0.1629186831763954,0.20701887942496475,0.631768953068592,0.5724517848079851,0.6864777491984073
static_adaptive_privic_1,static,privic,1.0,adaptive,8.0,20,80,0.38977503942956304,0.34005703446987134,0.44096103434295814,1.593527037360675,1.4032226431133055,1.7798862215229305,1593.5270373606752,1403.2226431133058,1779.8862215229306,0.36882513049468557,0.34075689983789814,0.4023225095294552,2.1033555682864367,1.930865485663723,2.2745921851744324,0.9572916666666667,0.9296809895833333,0.98203125,17.81015625,16.69340494791667,18.969804687499998,3.0309594546496292,2.872071541230356,3.178761253073769,0.015625,0.015625,0.015625,0.06726190685006005,0.058351880820604884,0.07633681911784275,0.948051948051948,0.9052702702702703,0.9873417721518988,2.4125,2.1,2.7256249999999995,1.0,1.0,1.0,4.50780625,4.4854984375,4.52969484375,5.4096231249999995,5.33935059375,5.488669609374999,0.2161992662044458,0.1969991578810355,0.238215656481079,0.6967509025270758,0.625396986970684,0.7626519314854185
static_adaptive_privic_3,static,privic,3.0,adaptive,8.0,20,80,0.4932985364029623,0.4286517911578705,0.5485369102757153,1.2860944158096435,1.1122545221416003,1.488765286496303,1286.0944158096436,1112.2545221416003,1488.765286496303,0.4771213663645052,0.4319888671963879,0.5154881718986583,1.7706488634885027,1.5766523358815168,1.9926371569941261,0.96875,0.94765625,0.9864648437500001,15.051302083333335,13.361555989583334,16.8212109375,2.5249908960323633,2.3142828142212997,2.763110191313744,0.015625,0.015625,0.015625,0.08499119753499944,0.07498553840146997,0.0951232510073701,1.0,1.0,1.0,3.05,2.675,3.425,1.0,1.0,1.0,4.359237500000001,4.3428675,4.3733221875,5.301072499999999,5.235807234375,5.371397375,0.17728007709467838,0.1588598520617075,0.1983528725543454,0.8808664259927798,0.8333333333333334,0.9271274450494051
static_adaptive_privic_10,static,privic,10.0,adaptive,8.0,20,80,0.48851236147147803,0.4217927571533564,0.5507029912825699,1.2929697932154611,1.0817480502994041,1.5399043833386283,1292.969793215461,1081.7480502994042,1539.9043833386286,0.49919865196645663,0.4537171578176589,0.5399643286088391,1.7158559376098204,1.5245879305949936,1.9295646870816177,0.9755208333333334,0.9518098958333333,0.9940104166666666,15.166145833333335,13.38390625,17.16583333333333,2.4223409509098577,2.208746212702091,2.673179757766502,0.015625,0.015625,0.015625,0.09035113796387369,0.0790755395535216,0.10143828151317397,1.0,1.0,1.0,3.2375,2.8246875,3.6506249999999993,1.0,1.0,1.0,4.39996875,4.3803590625,4.4185493750000004,5.625950625,5.4397445937499995,5.859600531249998,0.16234082745024322,0.14580028228292125,0.18187776128213953,0.9350180505415162,0.9047576981322565,0.9652605845904815
walk_adaptive_pml_0.025,walk,pml,0.025,adaptive,8.0,20,80,0.015625,0.015625,0.015625,4.052153157646364,3.9694207426539743,4.135233745214945,4052.153157646363,3969.4207426539733,4135.233745214943,0.015625,0.015625,0.015625,4.158883083359675,4.158883083359675,4.158883083359675,0.9567708333333333,0.9304622395833333,0.97787109375,61.0,61.0,61.0,6.0,6.0,6.0,0.015625,0.015625,0.015625,0.003288782282684722,0.0016135567732366513,0.005258121227633423,0.06212121212121212,0.02666666666666667,0.10556089743589742,0.125,0.0625,0.2,1.0,1.0,1.0,24.5963125,24.539973125000003,24.64962359375,30.53358375,29.764516765624997,31.306493124999996,0.0,0.0,0.0,0.03571428571428571,0.017179198479997188,0.057152338811630836
walk_adaptive_pml_0.05,walk,pml,0.05,adaptive,8.0,20,80,0.015625,0.015625,0.015625,4.052153157646364,3.9694207426539743,4.135233745214945,4052.153157646363,3969.4207426539733,4135.233745214943,0.015625,0.015625,0.015625,4.158883083359675,4.158883083359675,4.158883083359675,0.9567708333333333,0.9304622395833333,0.97787109375,61.0,61.0,61.0,6.0,6.0,6.0,0.015625,0.015625,0.015625,0.003288782282684722,0.0016135567732366513,0.005258121227633423,0.06212121212121212,0.02666666666666667,0.10556089743589742,0.125,0.0625,0.2,1.0,1.0,1.0,24.85931875,24.75914140625,24.9754778125,32.272906875,30.996091578125,33.89802065625,0.0,0.0,0.0,0.03571428571428571,0.017179198479997188,0.057152338811630836
walk_adaptive_pml_0.1,walk,pml,0.1,adaptive,8.0,20,80,0.015625,0.015625,0.015625,4.052153157646364,3.9694207426539743,4.135233745214945,4052.153157646363,3969.4207426539733,4135.233745214943,0.015625,0.015625,0.015625,4.158883083359675,4.158883083359675,4.158883083359675,0.9567708333333333,0.9304622395833333,0.97787109375,61.0,61.0,61.0,6.0,6.0,6.0,0.015625,0.015625,0.015625,0.003288782282684722,0.0016135567732366513,0.005258121227633423,0.06212121212121212,0.02666666666666667,0.10556089743589742,0.125,0.0625,0.2,1.0,1.0,1.0,24.7132625,24.657510624999997,24.76371984375,29.890950625,29.374417781249996,30.450304734374996,0.0,0.0,0.0,0.03571428571428571,0.017179198479997188,0.057152338811630836
walk_adaptive_pml_0.25,walk,pml,0.25,adaptive,8.0,20,80,0.023681408110119047,0.01600762648809524,0.03354075598338293,3.995051665393106,3.799220256017707,4.220898791968162,3995.051665393106,3799.220256017707,4220.898791968161,0.025819788815331098,0.024733457005202904,0.026997309000341203,4.05694196556518,4.010450594240658,4.106862791797962,0.9520833333333334,0.9325520833333334,0.9685091145833333,55.84036458333334,54.7676953125,56.80445963541667,5.856689729609416,5.81955476472459,5.8874133785664,0.015625,0.015625,0.015625,0.011494913273741855,0.008433706081553648,0.014867953582642033,0.17662337662337663,0.12835165945165947,0.22943847818847815,0.425,0.3125,0.55,1.0,1.0,1.0,24.62216875,24.564254062499998,24.68475421875,30.972945,30.13250703125,32.096019140624996,0.025769834284872332,0.02085234897876915,0.032445904904191844,0.12142857142857143,0.08978469738410828,0.15565097276264592
walk_adaptive_pml_0.5,walk,pml,0.5,adaptive,8.0,20,80,0.07618759558945107,0.05630060783265129,0.097019455036789,2.7124795214281914,2.497989454072101,2.932870951815225,2712.4795214281917,2497.989454072101,2932.8709518152255,0.07772901000999205,0.07189969607731271,0.08345541957099746,3.4175953899999385,3.307404299980179,3.5219767649336857,0.9505208333333334,0.9286328125000001,0.9713541666666666,35.23515625,34.04578125,36.57461588541667,4.942053675304968,4.871939579075555,5.012688310657112,0.015625,0.015625,0.015625,0.03896275339222908,0.030444045327546475,0.048589973414966896,0.48268398268398266,0.3931947698870464,0.5731410256410255,1.4,1.0875,1.75,1.0,1.0,1.0,24.6245375,24.56779421875,24.681843124999997,30.799124374999998,29.919365906249993,31.580081921874996,0.08464855731329775,0.07472529455137412,0.09705127702101857,0.4,0.3333333333333333,0.4691074086056293
walk_adaptive_pml_1,walk,pml,1.0,adaptive,8.0,20,80,0.11516559451471561,0.09169535235046711,0.1451595953078497,2.3578025065618133,2.139961905049938,2.5779947105377214,2357.8025065618135,2139.961905049938,2577.9947105377214,0.11139766622357068,0.10147582852006064,0.12314760567854117,3.2013808325284643,3.0565414754953317,3.3285154193499884,0.96015625,0.9463541666666666,0.9737044270833333,31.43541666666666,29.67451822916667,32.959661458333336,4.634044672698122,4.514154845605814,4.731720946692978,0.015625,0.015625,0.015625,0.06864941527537169,0.05758640350443141,0.07986672117116607,0.7831168831168831,0.705934829059829,0.8497915260908682,2.4625,2.075,2.8628124999999995,1.0,1.0,1.0,26.2520625,26.201146875,26.30535015625,33.06194,32.488518015625,33.64446496874999,0.09938211242688673,0.08793280275714505,0.11280236925323879,0.7035714285714286,0.6571349499209278,0.7545142883590537
walk_adaptive_pml_2,walk,pml,2.0,adaptive,8.0,20,80,0.13818882671952543,0.11171805460132783,0.16814777611937035,2.1543171658698963,1.9540594447381165,2.360193624145247,2154.3171658698966,1954.059444738117,2360.193624145247,0.13440030270356423,0.1228144308127944,0.14751030982745064,3.0772773877228934,2.9375371039809064,3.203039088916003,0.9520833333333334,0.9333333333333332,0.97005859375,29.553125,28.093430989583332,30.94472005208333,4.466078048182052,4.3593393548084505,4.564210924669019,0.015625,0.015625,0.015625,0.08662547326639611,0.0750623275974608,0.09879417982358421,0.9240259740259741,0.8951476793248946,0.9531145021645022,3.1,2.6875,3.5253124999999996,1.0,1.0,1.0,26.153924999999997,26.090568124999997,26.210301875,32.475265625,31.537038296874996,33.591093703125,0.11170368870081364,0.09797886876871569,0.12719655821397036,0.8857142857142857,0.8475051603683709,0.9237344525359283
walk_adaptive_pml_4,walk,pml,4.0,adaptive,8.0,20,80,0.16194319886306652,0.13607493487583494,0.1903354152312082,2.054222839569106,1.8949530475850893,2.219443978317199,2054.2228395691063,1894.9530475850895,2219.4439783171993,0.1566175707827388,0.14486611579732747,0.1705140075715767,2.9512476375557686,2.8323312674867056,3.0697642026630576,0.9455729166666667,0.9309895833333334,0.95990234375,26.055989583333332,24.530494791666666,27.738841145833334,4.243901340138537,4.133916979074392,4.351620037985235,0.015625,0.015625,0.015625,0.09672545271028236,0.08298915809813247,0.11020978258633363,0.987012987012987,0.9736842105263158,1.0,3.4625,2.9625,3.9375,1.0,1.0,1.0,26.179674999999996,26.125094375,26.239361093750002,32.89565125,32.284167687499995,33.459496015625,0.1296203799239851,0.12030329371765096,0.13930979023265191,0.9892857142857143,0.9765856777493607,1.0
walk_adaptive_pml_8,walk,pml,8.0,adaptive,8.0,20,80,0.1634288000931942,0.13408993590619375,0.19652038670081065,2.062852674257283,1.8851360314953964,2.2514393408212485,2062.8526742572826,1885.1360314953965,2251.439340821249,0.16087759622159442,0.14713490937103454,0.1750471788202905,2.9505716914696642,2.81598848884056,3.0824549928796725,0.9526041666666666,0.9377604166666667,0.9674479166666666,26.12213541666667,24.480950520833332,27.78830078125,4.2227082902671365,4.106365857037122,4.33884228726661,0.015625,0.015625,0.015625,0.09784464707237733,0.0842197450316609,0.11090004922938398,1.0,1.0,1.0,3.5,3.0125,3.9628124999999996,1.0,1.0,1.0,26.2358,26.169027812500005,26.3064409375,32.70076375,31.771662124999995,33.733781296874994,0.12872010897250102,0.11631198557252735,0.1421372904513761,1.0,1.0,1.0
walk_adaptive_privic_0,walk,privic,0.0,adaptive,8.0,20,80,0.049463902398507516,0.03567885959238298,0.06516089168917438,3.1885135720704842,2.968891987274315,3.415711896824376,3188.5135720704843,2968.891987274316,3415.7118968243763,0.07046697642734752,0.0655701384195916,0.07545562381467125,3.605569311874332,3.506443595895442,3.702866298464653,0.9385416666666666,0.9190104166666666,0.9588541666666666,40.27005208333334,38.73429036458333,41.85350911458333,5.117434163383978,5.043895880525864,5.1909441969781325,0.015625,0.015625,0.015625,0.05038970248367601,0.040582291768720816,0.05974966268803667,0.6181818181818182,0.5189882937978749,0.7118158623417722,1.825,1.4625,2.175,1.0,1.0,1.0,4.31673125,4.30032984375,4.3351009375,5.258603125,5.175358890625,5.353924453124999,0.06657858604838582,0.05391288069767403,0.07990085913407566,0.5214285714285715,0.4561292471685543,0.5809983046426709
walk_adaptive_privic_0.1,walk,privic,0.1,adaptive,8.0,20,80,0.11955085715870431,0.09395111086933282,0.1477774546069346,2.2810066138614253,2.145679693625277,2.410495636374796,2281.0066138614256,2145.6796936252777,2410.495636374796,0.11948631561828205,0.11213211794551499,0.12746418531487883,3.120203418744368,3.0191127436270255,3.2207122725459936,0.9651041666666667,0.9486914062499999,0.97892578125,30.85911458333333,29.44337890625,32.11341796875,4.589494405509328,4.512978607445475,4.657805955858187,0.015625,0.015625,0.015625,0.05909160122937092,0.048316852389915864,0.06998826027774749,0.6664502164502164,0.5972804766792108,0.7403929324894515,2.125,1.7375,2.5125,1.0,1.0,1.0,4.33458125,4.30698515625,4.36079609375,5.23576875,5.192801671874999,5.278804109375,0.11749591547027563,0.10381190402050915,0.133966202457274,0.6071428571428571,0.550582563278425,0.6655574516496018
walk_adaptive_privic_0.3,walk,privic,0.3,adaptive,8.0,20,80,0.11979313071781376,0.0949116955186458,0.14602565668216436,2.267753632708105,2.1290479494163552,2.4011799278614068,2267.753632708105,2129.0479494163556,2401.1799278614067,0.11963992587162961,0.11213522078744081,0.12747266563438678,3.116615567901881,3.0176237615688764,3.2190793245165725,0.9671875,0.9520768229166667,0.9809895833333334,30.836458333333333,29.435195312500003,32.09685546875,4.587328983669215,4.511595281302198,4.656857281573441,0.015625,0.015625,0.015625,0.05909160122937092,0.048316852389915864,0.06998826027774749,0.6664502164502164,0.5972804766792108,0.7403929324894515,2.125,1.7375,2.5125,1.0,1.0,1.0,4.3303125,4.311355625,4.34729421875,5.277385624999999,5.210345796875001,5.369420734374999,0.11862895648268545,0.1050471715538602,0.13558740429562588,0.6071428571428571,0.550582563278425,0.6655574516496018
walk_adaptive_privic_1,walk,privic,1.0,adaptive,8.0,20,80,0.10878453476071637,0.08615864602811585,0.13282906872345146,2.229152423205965,2.059851272133626,2.4169738258150932,2229.1524232059655,2059.851272133627,2416.9738258150937,0.11677686093912713,0.10895609449402781,0.12528597617863368,3.1937859614927797,3.085832653160253,3.296342347390438,0.95,0.9263020833333334,0.9721354166666666,30.159635416666667,28.91908203125,31.430319010416667,4.58155552601709,4.501216375637466,4.658284598477697,0.015625,0.015625,0.015625,0.07056266315272475,0.059786001148977544,0.08114604996676548,0.8257575757575757,0.7585334834834835,0.8850221929968766,2.5375,2.1375,2.925,1.0,1.0,1.0,4.3693437500000005,4.35069046875,4.3881959375,5.4414675,5.317181015625,5.583730125,0.11495648541433892,0.09895493674088249,0.1336570549648626,0.725,0.671584051580588,0.776519748455428
walk_adaptive_privic_3,walk,privic,3.0,adaptive,8.0,20,80,0.15083079367602936,0.1211797674139096,0.18303452485998614,2.0474724570888796,1.8666099677851455,2.2247190335788973,2047.47245708888,1866.6099677851457,2224.719033578898,0.15421132793843664,0.14205723962581668,0.16694794876456784,3.025350679853428,2.88284585792238,3.1561012579775563,0.9442708333333334,0.9234309895833334,0.9630338541666668,25.431770833333335,24.136197916666667,26.888352864583332,4.2545838802785,4.153743143089109,4.350976049069322,0.015625,0.015625,0.015625,0.09183952104886896,0.07906630574111505,0.10353205193711944,0.9714285714285714,0.9463161838161838,0.9913419913419913,3.2875,2.8371874999999998,3.7,1.0,1.0,1.0,4.239925,4.18899609375,4.32720078125,5.18292875,5.119030984375,5.268477203124999,0.1377460006612605,0.12484779607033594,0.15422345586102154,0.9392857142857143,0.9114722125334264,0.9655270376175549
walk_adaptive_privic_10,walk,privic,10.0,adaptive,8.0,20,80,0.1727553620222952,0.13804722789452475,0.21029933096802217,2.0271593157624723,1.8570541583418838,2.209921276071795,2027.1593157624727,1857.054158341884,2209.9212760717946,0.16759614851269283,0.15388887589697414,0.1839193782717931,2.9231312215471386,2.800188100041502,3.039912005356879,0.946875,0.93125,0.96224609375,25.100520833333334,23.845149739583334,26.35782552083333,4.162896587904525,4.045632653791733,4.258978366145802,0.015625,0.015625,0.015625,0.09784464707237733,0.0842197450316609,0.11090004922938398,1.0,1.0,1.0,3.5,3.0125,3.9628124999999996,1.0,1.0,1.0,4.249437500000001,4.2272896875,4.26793796875,5.116080625,5.0494917812499995,5.186661046875,0.1327665153383924,0.11690155278290705,0.15035875206941152,1.0,1.0,1.0
commute_adaptive_pml_0.025,commute,pml,0.025,adaptive,8.0,20,80,0.015625,0.015625,0.015625,3.9644432317942617,3.8510326761184337,4.081870723410437,3964.44323179426,3851.0326761184333,4081.870723410435,0.015625,0.015625,0.015625,4.158883083359675,4.158883083359675,4.158883083359675,0.9760416666666666,0.9661458333333333,0.9848958333333334,61.0,61.0,61.0,6.0,6.0,6.0,0.015625,0.015625,0.015625,0.003288782282684722,0.0016135567732366513,0.005258121227633423,0.06324200913242009,0.02629019551096534,0.10689444444444443,0.125,0.0625,0.2,1.0,1.0,1.0,24.67396875,24.60150375,24.74550828125,30.518793749999997,29.895146453124998,31.166168640624996,0.0,0.0,0.0,0.03861003861003861,0.019303163053163052,0.05992696629213483
commute_adaptive_pml_0.05,commute,pml,0.05,adaptive,8.0,20,80,0.015625,0.015625,0.015625,3.9644432317942617,3.8510326761184337,4.081870723410437,3964.44323179426,3851.0326761184333,4081.870723410435,0.015625,0.015625,0.015625,4.158883083359675,4.158883083359675,4.158883083359675,0.9760416666666666,0.9661458333333333,0.9848958333333334,61.0,61.0,61.0,6.0,6.0,6.0,0.015625,0.015625,0.015625,0.003288782282684722,0.0016135567732366513,0.005258121227633423,0.06324200913242009,0.02629019551096534,0.10689444444444443,0.125,0.0625,0.2,1.0,1.0,1.0,24.53705625,24.478640625,24.598002968750002,30.483897499999994,29.801700734374997,31.222522453124995,0.0,0.0,0.0,0.03861003861003861,0.019303163053163052,0.05992696629213483
commute_adaptive_pml_0.1,commute,pml,0.1,adaptive,8.0,20,80,0.015625,0.015625,0.015625,3.9644432317942617,3.8510326761184337,4.081870723410437,3964.44323179426,3851.0326761184333,4081.870723410435,0.015625,0.015625,0.015625,4.158883083359675,4.158883083359675,4.158883083359675,0.9760416666666666,0.9661458333333333,0.9848958333333334,61.0,61.0,61.0,6.0,6.0,6.0,0.015625,0.015625,0.015625,0.003288782282684722,0.0016135567732366513,0.005258121227633423,0.06324200913242009,0.02629019551096534,0.10689444444444443,0.125,0.0625,0.2,1.0,1.0,1.0,24.5582375,24.483545625,24.63256921875,30.324296249999996,29.648289328124996,31.058880578125,0.0,0.0,0.0,0.03861003861003861,0.019303163053163052,0.05992696629213483
commute_adaptive_pml_0.25,commute,pml,0.25,adaptive,8.0,20,80,0.0295947265625,0.02211258273654514,0.03753974357483879,3.861587095214233,3.6925431906600177,4.041028338401066,3861.587095214233,3692.543190660018,4041.0283384010654,0.025959303793128323,0.02490460151876424,0.027072397664432132,4.015843069815311,3.967760011439412,4.060696275513396,0.9692708333333334,0.9565104166666666,0.9802083333333333,55.876302083333336,55.038671875000006,56.71860026041667,5.858611602187925,5.832286524086923,5.882929918753808,0.015625,0.015625,0.015625,0.010770123357775468,0.007780435872594479,0.013764806140832106,0.16643835616438354,0.11503125,0.22343715290633095,0.4,0.2875,0.5125,1.0,1.0,1.0,24.56266875,24.5059534375,24.6309790625,30.701134375,29.925884015624995,31.56879559375,0.03157613533944141,0.027581617975358703,0.035545800491960856,0.12355212355212356,0.09302068326816217,0.15353495052665178
commute_adaptive_pml_0.5,commute,pml,0.5,adaptive,8.0,20,80,0.03978767516121032,0.032849686879960316,0.04674667309957837,3.444681977127993,3.3340609528566367,3.5488551966672666,3444.681977127993,3334.060952856637,3548.8551966672662,0.06628388942737506,0.06231697821246948,0.07076008775544927,4.242553928076646,4.11316770705087,4.370443722315818,0.8197916666666666,0.79296875,0.8479166666666667,37.231510416666666,35.88986328125,38.61349609375,5.08539967056832,5.01924064724547,5.149143828884439,0.015625,0.015625,0.015625,0.03344784567324215,0.025839635437460866,0.04252443193509587,0.42899543378995436,0.35579106280193235,0.49723298122065723,1.2125,0.9375,1.5253124999999996,1.0,1.0,1.0,24.620825,24.54604640625,24.694862968749998,30.511598124999995,29.776996437499996,31.213934374999994,0.04574390143600081,0.04084501296197285,0.0500740535681937,0.3745173745173745,0.31817300916138125,0.4280827067669173
commute_adaptive_pml_1,commute,pml,1.0,adaptive,8.0,20,80,0.04804048084077381,0.039111321666253314,0.05701876330501819,3.087116345629248,2.982829994531689,3.1862212301186355,3087.116345629248,2982.8299945316894,3186.2212301186355,0.08943907127871076,0.08211156524102066,0.09745823128386412,4.238140495681468,4.122672987014724,4.352038170267017,0.8041666666666666,0.7843684895833334,0.8263020833333334,34.48802083333333,32.73138020833333,36.51141276041666,4.8566826086777235,4.758497893391056,4.956385825181828,0.015625,0.015625,0.015625,0.05920140160927907,0.04916415339783252,0.07058424558879876,0.7132420091324201,0.6289229166666667,0.7961736901375058,2.1375,1.775,2.5625,1.0,1.0,1.0,26.169849999999997,26.128724062499998,26.210127812499998,32.63467375,31.786711874999995,33.612882265625,0.05489601361869386,0.04992028134456654,0.059692077490510156,0.6602316602316602,0.5999801587301588,0.7169237531969309
commute_adaptive_pml_2,commute,pml,2.0,adaptive,8.0,20,80,0.053727567011258415,0.0445289232365038,0.0628859715317235,3.059173110510179,2.954010334643819,3.1727113729855514,3059.17311051018,2954.0103346438195,3172.711372985551,0.10800761996608921,0.0980438653222848,0.11793210481928763,4.220795435949076,4.107370325217317,4.332257237201088,0.7953125,0.77109375,0.8192708333333334,31.75026041666667,29.686419270833333,33.921451822916666,4.678764259075789,4.560222372396294,4.802280681538829,0.015625,0.015625,0.015625,0.07057945276814014,0.06012786898639182,0.08298287334834867,0.8399543378995433,0.77734375,0.8974268388106417,2.55,2.175,3.0,1.0,1.0,1.0,26.156518749999996,26.086264843749998,26.23039546875,32.789564375,32.0498925625,33.553404484375,0.06896053681129828,0.06069926672375274,0.07687641546322166,0.7876447876447876,0.7377759562841529,0.8380698300870286
commute_adaptive_pml_4,commute,pml,4.0,adaptive,8.0,20,80,0.07143731506114578,0.06179219040456364,0.08122661523108092,2.793034200963566,2.685621432955849,2.9001720813386127,2793.034200963566,2685.6214329558497,2900.1720813386128,0.13100678240181649,0.12311707906765941,0.13933820527875956,4.217508557673009,4.115016959233599,4.3205840667135655,0.77265625,0.7557291666666667,0.7908919270833333,28.621614583333333,27.30877604166667,30.063691406249998,4.462183829602785,4.38125488170855,4.546365796510354,0.015625,0.015625,0.015625,0.08514028092011956,0.07438746758388902,0.0975726673992588,0.9716894977168951,0.9556980994152046,0.9858447488584475,3.0875,2.6875,3.5375,1.0,1.0,1.0,26.07271875,26.00277078125,26.13468984375,32.78888875,31.79434603125,33.877758843749994,0.08058984298205671,0.0720872409522959,0.08872515103712039,0.9536679536679536,0.9347766798418973,0.974025974025974
commute_adaptive_pml_8,commute,pml,8.0,adaptive,8.0,20,80,0.07784782752403188,0.06817095858521839,0.08781916050813993,2.718283892029644,2.606148620365443,2.8392147540442227,2718.2838920296444,2606.148620365443,2839.214754044223,0.13391932579829996,0.12514443465175595,0.14293522222637034,4.1646459515575245,4.072765430482945,4.252836590480868,0.78203125,0.76822265625,0.79765625,28.3578125,27.12900390625,29.761542968749996,4.440002603011099,4.359422609845919,4.525609751696613,0.015625,0.015625,0.015625,0.08888104094645834,0.07719021450878465,0.10202835954563266,1.0,1.0,1.0,3.225,2.8,3.7,1.0,1.0,1.0,26.1966,26.1140184375,26.278927812499997,32.789220625,31.969620421875,33.64983878125,0.0810200201520542,0.07515350202583466,0.08713742197522104,0.9961389961389961,0.9882765997023809,1.0
commute_adaptive_privic_0,commute,privic,0.0,adaptive,8.0,20,80,0.046953994204725714,0.03822318335560134,0.05591680199592683,3.3537198633259324,3.194037230657297,3.5425966925894428,3353.7198633259322,3194.0372306572967,3542.5966925894427,0.06534254125764569,0.06050752214975713,0.07015075199685723,3.952631557617733,3.8204528017619435,4.090920454838453,0.8861979166666666,0.8650976562499999,0.9052083333333334,40.67317708333333,39.14975911458333,42.25451822916666,5.1686669557939044,5.094492555838004,5.245489173198296,0.015625,0.015625,0.015625,0.04651406297521156,0.038891540509600635,0.053876021103585886,0.6105022831050227,0.5312210648148148,0.6799689918792031,1.6875,1.4,1.9625,1.0,1.0,1.0,4.3511125,4.336117499999999,4.365908125,5.263270625,5.191309171875001,5.342424078125,0.038224081882173924,0.03482225417121937,0.04200039010688709,0.5212355212355212,0.464137208125497,0.5791509813384813
commute_adaptive_privic_0.1,commute,privic,0.1,adaptive,8.0,20,80,0.05156077856453062,0.04521160404396617,0.05788687649757821,3.14106087699115,3.0454820781241123,3.2369639298126316,3141.0608769911496,3045.482078124112,3236.9639298126317,0.10702714729478073,0.10129532828027146,0.1124971270196311,4.09928135643181,4.021563254674092,4.176767893159804,0.8184895833333334,0.8025976562499999,0.8330794270833333,33.04661458333333,31.788619791666665,34.17138671875,4.72271230709741,4.657773378415886,4.7846149217440095,0.015625,0.015625,0.015625,0.0539325005740092,0.04392780592018328,0.06556287444177138,0.6426940639269406,0.5543388701201201,0.721474426052765,1.95,1.6,2.3625,1.0,1.0,1.0,4.2414875,4.21295265625,4.2726959375,5.18833875,5.094205375,5.30480340625,0.07282897892333197,0.06711346947943538,0.07866121338528509,0.6023166023166023,0.5333333333333333,0.6666666666666666
commute_adaptive_privic_0.3,commute,privic,0.3,adaptive,8.0,20,80,0.052319216428103145,0.04672639329890306,0.05829209788963207,3.143604384013668,3.048121660860836,3.245229060700281,3143.604384013668,3048.1216608608356,3245.229060700281,0.10773415968933546,0.10153635427449818,0.11447118034575815,4.0763334636033,4.01297714395441,4.139890191093268,0.8231770833333334,0.8083333333333333,0.83828125,33.022395833333334,31.67418619791667,34.210260416666664,4.718299276345197,4.645860637989815,4.78635584779338,0.015625,0.015625,0.015625,0.0539325005740092,0.04392780592018328,0.06556287444177138,0.6426940639269406,0.5543388701201201,0.721474426052765,1.95,1.6,2.3625,1.0,1.0,1.0,4.21725625,4.19546890625,4.238481093749999,5.139426875,5.0596725156249995,5.233359109375,0.07139789092401574,0.06627907950198196,0.07673070317233871,0.6023166023166023,0.5333333333333333,0.6666666666666666
commute_adaptive_privic_1,commute,privic,1.0,adaptive,8.0,20,80,0.06715022967322816,0.05685082243222182,0.07781365613681755,2.775225730499728,2.6281350232873306,2.91692949862298,2775.2257304997283,2628.135023287331,2916.9294986229797,0.11365116561634032,0.10521076066668045,0.12221910216445295,3.971948632666687,3.862292102709243,4.074146708525492,0.8244791666666667,0.80703125,0.8424479166666666,30.30651041666667,28.90997395833333,31.786770833333332,4.606025758532556,4.518201110170419,4.69558676786741,0.015625,0.015625,0.015625,0.06766661864881976,0.058570932669081595,0.07816711499896263,0.7938356164383561,0.712881981981982,0.8618906577810687,2.4625,2.1125,2.85,1.0,1.0,1.0,4.332706249999999,4.315567812499999,4.350082187500001,5.336118749999999,5.222659140625,5.517089906249999,0.06773427515115628,0.0625667043718882,0.07261668608318401,0.7606177606177607,0.7116500192086054,0.8042760548142805
commute_adaptive_privic_3,commute,privic,3.0,adaptive,8.0,20,80,0.08068007066793498,0.07394370147254341,0.08846104346584337,2.8147197950143847,2.715052670976572,2.9185817752776133,2814.7197950143845,2715.052670976572,2918.581775277614,0.14850600205903097,0.13807679828627975,0.1581048428474342,4.24854766133064,4.1352149342830975,4.375654911507351,0.7565104166666667,0.7328059895833333,0.77734375,27.35546875,25.952447916666664,28.690253906249996,4.358347767820563,4.260554249745998,4.45769981020385,0.015625,0.015625,0.015625,0.0860855801384451,0.07494757785857349,0.09870302938529293,0.980593607305936,0.9550416370317686,1.0,3.125,2.7,3.575,1.0,1.0,1.0,4.22860625,4.210281093750001,4.2474503125,5.219334999999999,5.120212828125,5.34519059375,0.08901647158078929,0.07859724799175452,0.09929942869099245,0.9652509652509652,0.9407309941520469,0.9867328467992185
commute_adaptive_privic_10,commute,privic,10.0,adaptive,8.0,20,80,0.0738188408310909,0.06230632161930299,0.08484089177727196,2.8041127874876057,2.648517009178204,2.964666287234679,2804.112787487606,2648.5170091782043,2964.666287234679,0.13446531486667887,0.1261541534604843,0.14341372067010888,4.210150409333741,4.085103940742469,4.343319940941594,0.7723958333333333,0.75572265625,0.7867252604166667,28.68567708333333,27.537727864583335,29.9482421875,4.455830473685665,4.376549294018537,4.534758335633638,0.015625,0.015625,0.015625,0.08919354094645834,0.07719021450878465,0.10296304211433832,1.0,1.0,1.0,3.2375,2.8125,3.7378124999999995,1.0,1.0,1.0,4.3036,4.286662343750001,4.3202218750000005,5.248508124999999,5.198776015625,5.298656031249999,0.08339682189441427,0.07788498633129949,0.08845275280164598,1.0,1.0,1.0
geolife_adaptive_pml_0.025,geolife,pml,0.025,adaptive,8.0,47,53,0.015625,0.015625,0.015625,3.427467017238755,3.345410497202578,3.5198186969804564,14469.97430662672,14122.354142438548,14861.758658161163,0.015625,0.015625,0.015625,4.158883083359675,4.158883083359675,4.158883083359675,0.9948899371069182,0.98375,1.0,61.0,61.0,61.0,6.0,6.0,6.0,0.015625,0.015625,0.015625,0.0066987450218035545,0.0034742441922913023,0.010580289846001113,0.18,0.0961436170212766,0.28431372549019607,0.24528301886792453,0.12721590909090907,0.3846491228070175,1.0,1.0,1.0,24.658254716981133,24.58585258952638,24.733179947916664,30.314153773584906,29.593313325471698,31.164607916666665,0.0,0.0,0.0,0.06435643564356436,0.035705266955266955,0.09563093778731227
geolife_adaptive_pml_0.05,geolife,pml,0.05,adaptive,8.0,47,53,0.015625,0.015625,0.015625,3.427467017238755,3.345410497202578,3.5198186969804564,14469.97430662672,14122.354142438548,14861.758658161163,0.015625,0.015625,0.015625,4.158883083359675,4.158883083359675,4.158883083359675,0.9948899371069182,0.98375,1.0,61.0,61.0,61.0,6.0,6.0,6.0,0.015625,0.015625,0.015625,0.0066987450218035545,0.0034742441922913023,0.010580289846001113,0.18,0.0961436170212766,0.28431372549019607,0.24528301886792453,0.12721590909090907,0.3846491228070175,1.0,1.0,1.0,24.69309433962264,24.616343155752865,24.774156012931034,30.673953773584902,29.688906763415893,31.72862668870192,0.0,0.0,0.0,0.06435643564356436,0.035705266955266955,0.09563093778731227
geolife_adaptive_pml_0.1,geolife,pml,0.1,adaptive,8.0,47,53,0.015625,0.015625,0.015625,3.427467017238755,3.345410497202578,3.5198186969804564,14469.97430662672,14122.354142438548,14861.758658161163,0.015625,0.015625,0.015625,4.158883083359675,4.158883083359675,4.158883083359675,0.9948899371069182,0.98375,1.0,61.0,61.0,61.0,6.0,6.0,6.0,0.015625,0.015625,0.015625,0.0066987450218035545,0.0034742441922913023,0.010580289846001113,0.18,0.0961436170212766,0.28431372549019607,0.24528301886792453,0.12721590909090907,0.3846491228070175,1.0,1.0,1.0,24.71820754716981,24.6649485,24.771816850104823,30.714145283018862,29.825481723901095,31.6750988404088,0.0,0.0,0.0,0.06435643564356436,0.035705266955266955,0.09563093778731227
geolife_adaptive_pml_0.25,geolife,pml,0.25,adaptive,8.0,47,53,0.004681358097484277,0.002642218326501198,0.0071662501753647564,4.16397544207978,3.9879793358552575,4.350835899088732,17601.886408633884,16837.71931775646,18408.264316490247,0.033476093632163584,0.03148865652698945,0.03553393011346369,4.084201701671153,4.034376715856691,4.13492273865422,0.9697327044025158,0.9484848484848485,0.9854910714285714,50.53262578616352,49.22892554012346,51.93035698075526,5.7008705286907375,5.66459190296875,5.740186534938891,0.015625,0.015625,0.015625,0.012767455451308366,0.00688983335141683,0.01929218533675862,0.2966666666666667,0.17390549516908213,0.4228454415954416,0.4716981132075472,0.25489304812834224,0.7193157894736842,1.0,1.0,1.0,24.65488679245283,24.58240737028302,24.72142647727273,31.121802830188678,30.03261872549019,32.18588371279761,0.029825995517519282,0.0271670576305146,0.03245081114820283,0.12376237623762376,0.06934963452304492,0.17625726802874908
geolife_adaptive_pml_0.5,geolife,pml,0.5,adaptive,8.0,47,53,0.07345014257013079,0.03917678930193671,0.10969329037017386,2.750548664074089,2.522520358876953,2.9729947245095056,11618.049622741633,10652.868832140271,12551.921030467904,0.10663301072034496,0.09370997726077968,0.11987773400100481,3.3381846097989434,3.12354637400042,3.566140688957216,0.9241352201257861,0.8818083509887005,0.95877734375,28.37814465408805,26.261244419642857,30.53359272875817,4.5123764513639895,4.369384817771321,4.656538367105107,0.015625,0.015625,0.015625,0.045924063355282284,0.035312359409611103,0.05753323109669743,0.67,0.5543633078231294,0.7888993710691824,1.6415094339622642,1.254779411764706,2.056630986937591,1.0,1.0,1.0,24.621584905660377,24.554458399321263,24.68838773584906,31.365389622641505,30.366804733302406,32.41298161556603,0.11190742343422855,0.09363532752874812,0.1314680100114185,0.4306930693069307,0.3578859159070861,0.5047169811320755
geolife_adaptive_pml_1,geolife,pml,1.0,adaptive,8.0,47,53,0.19618776595412799,0.13863312456300034,0.2547936143376139,1.896792004149171,1.7002312358921063,2.0920082966586317,8014.122075139658,7181.964223201364,8839.04867898774,0.2388404379091695,0.2105589208175748,0.26809639441606387,2.838140264519552,2.567057297876604,3.1257209099934675,0.9040880503144654,0.8541568396226416,0.9468768708093869,21.529874213836475,19.381841728436658,24.056633928571426,3.729150606571605,3.5327750938618383,3.932163137220288,0.015625,0.015625,0.015625,0.07949159053699884,0.06536100996845882,0.09473143332832022,0.8683333333333333,0.7840046114599686,0.9404885912698413,2.849056603773585,2.326386214863304,3.4191307814992014,1.0,1.0,1.0,26.40566037735849,26.338179772727273,26.472535322931787,32.714522641509426,31.953505480769227,33.54056845649895,0.17116392169955225,0.153035807124005,0.18814674530251838,0.7475247524752475,0.6666299559471365,0.8140569968964675
geolife_adaptive_pml_2,geolife,pml,2.0,adaptive,8.0,47,53,0.24708799267098205,0.1886325935124055,0.30584061505417903,1.6785845883994814,1.485335494618475,1.8919690943863037,7090.574751083327,6281.709865688411,7989.427624635112,0.27895132812949086,0.2475226173446529,0.3124163445051787,2.6675602895650146,2.3896918472977338,2.979104161358567,0.9202044025157233,0.86165625,0.9637128474335566,19.704795597484278,17.781975249116037,21.808893952546295,3.524601448456594,3.3262575536018693,3.7268844282250444,0.015625,0.015625,0.015625,0.0934799802918767,0.07822588403983703,0.10756815216998619,0.915,0.8641304347826086,0.9599526515151514,3.339622641509434,2.8,3.87734649122807,1.0,1.0,1.0,26.205396226415093,26.13646199443414,26.272481535714288,33.26488396226414,32.37597626361656,34.15698615867003,0.18612300599582002,0.16896759162815542,0.20409837775273693,0.8762376237623762,0.8232070707070707,0.92018779342723
geolife_adaptive_pml_4,geolife,pml,4.0,adaptive,8.0,47,53,0.3030191460789809,0.2435708456171599,0.36841159255934913,1.5177672334658496,1.3137075292727776,1.74636428072381,6405.89264625792,5550.671818212836,7372.627513466361,0.33230073309411945,0.29671687584058226,0.37316004697448857,2.4055571682404175,2.146935623702793,2.7005401455091973,0.9209905660377359,0.8780927813895456,0.9562954087885155,17.47444968553459,15.657016020955165,19.378063725490197,3.2187950587071055,2.9974319660462188,3.4185563796983374,0.015625,0.015625,0.015625,0.10432948019572495,0.09058220153884095,0.11844334280804925,0.98,0.9559748427672956,1.0,3.7169811320754715,3.234700226244344,4.241594827586207,1.0,1.0,1.0,26.160811320754714,26.116019344339623,26.20956197916667,32.73006320754717,31.790970105347693,33.707954704520695,0.19387444320829933,0.175237826321279,0.21821657309332768,0.9752475247524752,0.9509096155014274,0.9945062451209993
geolife_adaptive_pml_8,geolife,pml,8.0,adaptive,8.0,47,53,0.31415237970809323,0.25364971855511403,0.38281019390758564,1.5058615989790205,1.287438941218561,1.7313752896329455,6359.308633751107,5438.50768046582,7318.419859223263,0.3425782406333878,0.303943835913589,0.38722160545208734,2.3722415392717315,2.110292710404978,2.638258526203097,0.925314465408805,0.8891341796152423,0.9555937321326472,17.30424528301887,15.314161706349207,19.23651883830455,3.179485977119338,2.934271119449651,3.3945219806936766,0.015625,0.015625,0.015625,0.10720635907603872,0.09301090749917751,0.12086732532680008,1.0,1.0,1.0,3.811320754716981,3.3190133500208594,4.3270833333333325,1.0,1.0,1.0,26.453943396226414,26.383356964285714,26.52436336734694,33.77252452830188,32.72819014806079,34.833756412499994,0.18729771647303986,0.16975594755796725,0.2080635120009208,1.0,1.0,1.0
geolife_adaptive_privic_0,geolife,privic,0.0,adaptive,8.0,47,53,0.08704353855147268,0.056292875218307996,0.11819774788014902,2.494594848070478,2.3145567383882324,2.6890370834684747,10528.9942676534,9767.514166944557,11361.517819811868,0.12016906387298906,0.10639122860006502,0.1351204586127164,3.422121852460299,3.2352331132976118,3.6203560141702957,0.9323899371069182,0.8883543719211823,0.967501201923077,30.21383647798742,28.20209396258504,32.113650392817064,4.555996239748955,4.431459549436287,4.67074475687766,0.015625,0.015625,0.015625,0.05787285920472779,0.04575395622417777,0.071488188300318,0.7016666666666667,0.6024024714052287,0.8055555555555555,2.0754716981132075,1.624941037735849,2.5833726415094342,1.0,1.0,1.0,4.304292452830189,4.283252973948525,4.325760656250001,5.125843396226415,5.061685119731801,5.194877083333333,0.12518970918832384,0.10353434681303829,0.14506514816843807,0.5445544554455446,0.46351562500000004,0.6231275760826606
geolife_adaptive_privic_0.1,geolife,privic,0.1,adaptive,8.0,47,53,0.21298092505688856,0.1552924064056717,0.2724983159536305,1.985389119314925,1.7569257108676581,2.21199992883847,8361.310063353178,7406.345595761623,9313.755571154443,0.2495865041824517,0.2261689165869451,0.2713402069646011,2.835980022810726,2.5633123489905842,3.1025317894758775,0.9363207547169812,0.8989504331606857,0.9695578231292517,24.1061320754717,22.330762924382718,26.01923018005279,3.872690728319452,3.735574311648485,4.012920611854455,0.015625,0.015625,0.015625,0.04693033359487704,0.036746010229102365,0.05718414875324926,0.6733333333333333,0.5577942176870748,0.7865497076023392,1.679245283018868,1.3198703703703705,2.0526315789473686,1.0,1.0,1.0,4.365226415094339,4.346735754385964,4.3841110294117644,5.28396320754717,5.181824830743618,5.450864471348884,0.21150820346424096,0.18942313242086406,0.23350183856094434,0.4405940594059406,0.37836040828062106,0.5042419258373205
geolife_adaptive_privic_0.3,geolife,privic,0.3,adaptive,8.0,47,53,0.2516962142348916,0.194330072275024,0.30793847974064953,1.711777506549411,1.5234447882967275,1.9082110804600154,7223.021184717463,6433.975094078335,8052.240439534092,0.3032441188498562,0.27373215767029974,0.33318898709609046,2.7223001139937133,2.480331525545601,2.9919914411878548,0.9209905660377359,0.8854066506410256,0.9496347667855021,19.89622641509434,17.952382352941175,21.859657543572986,3.482942576342988,3.299313868375292,3.659976410489586,0.015625,0.015625,0.015625,0.07471815125684865,0.061090229759718895,0.0882580537031471,0.8083333333333332,0.7155754375170905,0.8955040792540793,2.660377358490566,2.156787330316742,3.175438596491228,1.0,1.0,1.0,4.395603773584906,4.374309701923076,4.4154450428022365,5.2767169811320755,5.22150555734856,5.345403431122448,0.21731122363951588,0.19870231333830102,0.23599443477114507,0.698019801980198,0.6177971974129965,0.7670228510537532
geolife_adaptive_privic_1,geolife,privic,1.0,adaptive,8.0,47,53,0.17020577881012142,0.12225799399378322,0.22777727603939982,1.798889735035175,1.5654107955781225,2.042741107485442,7587.947627346118,6606.551504722445,8610.466010699703,0.2660603954950306,0.24507588980781575,0.290314034108074,2.823917497309391,2.5704724125603273,3.0761931991965423,0.9186320754716981,0.8722201797385621,0.9587058835916441,19.894654088050316,18.22094092868339,21.740391861020182,3.5889601007880656,3.444029537849044,3.7294822577127578,0.015625,0.015625,0.015625,0.07991058716564925,0.06684900226949528,0.09354515000871794,0.825,0.7399166666666667,0.9010646446078431,2.849056603773585,2.3671632653061225,3.370486111111111,1.0,1.0,1.0,4.418716981132076,4.397801131221719,4.439787943396226,5.3193292452830185,5.255890491666666,5.385398157894736,0.2256411557160435,0.20345865674797015,0.25003069766255814,0.7475247524752475,0.6741978609625668,0.817393784096545
geolife_adaptive_privic_3,geolife,privic,3.0,adaptive,8.0,47,53,0.3147150298198723,0.2529364059706684,0.38325147341387994,1.5393991008253445,1.3349259235629978,1.7597784496895914,6496.960131634066,5630.759240595513,7423.59520572162,0.355364377958688,0.3243104513201745,0.3864700509923461,2.5171705326164995,2.2596512055344427,2.786782224161995,0.9158805031446541,0.8649839743589743,0.9536647908684547,16.60809748427673,14.926168872292104,18.468158114309553,3.1447493917923963,2.9770653067438198,3.323308190909846,0.015625,0.015625,0.015625,0.09797713500647394,0.08376336480300577,0.11181990233507474,0.9816666666666667,0.9600482047872342,1.0,3.490566037735849,2.9803823529411764,4.019569672131147,1.0,1.0,1.0,4.399622641509434,4.38131479458042,4.41778425,5.251988679245282,5.20182984375,5.301208134830611,0.2404338762978263,0.2145376644836729,0.26786376908768733,0.9158415841584159,0.8652547914885054,0.9579488154748969
geolife_adaptive_privic_10,geolife,privic,10.0,adaptive,8.0,47,53,0.31027547899418895,0.2538125599228784,0.3658046093849443,1.5608441092243215,1.3491091028934379,1.801406009980427,6590.239892619101,5694.711042758571,7606.805684585673,0.3717876983433082,0.3407507712870329,0.4015149205431415,2.4798908618828253,2.183134117167522,2.7825439127465548,0.8922955974842767,0.8445170553808525,0.9367711906803888,15.966981132075471,14.395097182446092,17.756761006289306,3.0355198631797453,2.8734224167320077,3.211939844995565,0.015625,0.015625,0.015625,0.10279551175692855,0.08940333043345797,0.11600434689320709,0.9883333333333333,0.969551282051282,1.0,3.660377358490566,3.176314142678348,4.166666666666667,1.0,1.0,1.0,4.278415094339623,4.253275578703704,4.3084287037037035,5.13205,5.07472771673715,5.194347795051983,0.2102908269680071,0.1937557646596239,0.2270792244888586,0.9603960396039604,0.9179357798165138,0.994186886678317
static_adaptive_privic_0_thin_0.25,static,privic,0.0,adaptive,8.0,20,80,0.032479963369337665,0.01864360644358332,0.04824279415744442,3.6503174908897464,3.309033998203912,3.9642304034922904,3650.3174908897463,3309.033998203912,3964.2304034922904,0.0361660215632937,0.03242602375529248,0.04052503558330265,3.825519642964101,3.7202249865768033,3.9201067107466967,0.95390625,0.9296809895833333,0.9755208333333334,48.95963541666667,46.418470052083336,51.51966796875,5.499052881481705,5.394336909967959,5.6076164340027415,0.015625,0.015625,0.015625,0.013412787926841205,0.00898151698854076,0.01795769054783473,0.4025974025974026,0.2948717948717949,0.5128205128205128,0.4875,0.33718750000000003,0.65,1.0,1.0,1.0,4.51065625,4.47403453125,4.550986093750001,6.16673125,5.401194718749999,7.329541687499998,0.04387193770022547,0.03551353562507585,0.05365754342547148,0.1407942238267148,0.10235417001446248,0.18057128339140532
static_adaptive_privic_0_thin_0.5,static,privic,0.0,adaptive,8.0,20,80,0.05490328353054987,0.028953114077399856,0.08808782999762327,3.210893090434775,2.947705334803723,3.4845152583879946,3210.893090434775,2947.7053348037234,3484.515258387995,0.06907425061867947,0.06115355538389169,0.07746266144582002,3.5114593080284315,3.3674828889483854,3.649403125207751,0.94609375,0.91796875,0.9690299479166666,39.83984375,37.869791666666664,41.84121744791666,5.003884547933297,4.901671529433723,5.103160170207958,0.015625,0.015625,0.015625,0.022323699472835717,0.016917227423652533,0.027867904626163325,0.5844155844155844,0.5,0.6666666666666666,0.8,0.6125,1.0,1.0,1.0,1.0,4.4077625,4.3812575,4.4352543749999995,5.46905375,5.30459440625,5.736829874999999,0.07857590453397004,0.05909712483791441,0.10242771422398743,0.23104693140794225,0.1793658596139512,0.2857142857142857
static_adaptive_privic_0_thin_0.75,static,privic,0.0,adaptive,8.0,20,80,0.11197552848620798,0.07785234739056465,0.14530086544246837,2.7987530290130276,2.5368922612423637,3.0563069101975993,2798.753029013027,2536.8922612423635,3056.306910197599,0.11995062136260093,0.10527037059816373,0.13544528707797845,3.1448931112369793,2.9608358051598773,3.328190157415258,0.9427083333333334,0.9070247395833333,0.9713541666666666,32.36796875,30.497747395833336,34.1449609375,4.46776899518982,4.328328804221129,4.602103454311763,0.015625,0.015625,0.015625,0.03523498167690449,0.02792461050106563,0.04211192476764666,0.7402597402597403,0.645548800799467,0.8251542207792206,1.2625,1.0,1.5125,1.0,1.0,1.0,4.41251875,4.392650312500001,4.43150140625,5.3157475,5.2635299687499995,5.3689817968749995,0.12471480863505177,0.1022009141517359,0.14610124477051356,0.36462093862815886,0.3023177774309349,0.43506960665234046
static_adaptive_privic_0.1_thin_0.25,static,privic,0.1,adaptive,8.0,20,80,0.05028340843860233,0.03415856797587357,0.06971702754771439,3.313913121011862,3.0670911723349206,3.5696755038826393,3313.913121011862,3067.09117233492,3569.6755038826395,0.055016970213779035,0.047434714215068015,0.0632396692145668,3.596802401095142,3.5128890795405727,3.689401510935181,0.9427083333333334,0.9065104166666667,0.9760481770833332,43.55260416666667,41.03384765625,46.14708984375,5.210854100901086,5.098522741511647,5.335152566799412,0.015625,0.015625,0.015625,0.015616292827106703,0.011295411341366943,0.020405676694419353,0.4675324675324675,0.3561643835616438,0.569620253164557,0.5625,0.4,0.7375,1.0,1.0,1.0,4.525225000000001,4.51138578125,4.5383573437499996,5.423544375,5.366234265625,5.4890972812499985,0.0583944952029784,0.046901555985052024,0.07127129464201204,0.1624548736462094,0.12307377049180329,0.20307471264367816
static_adaptive_privic_0.1_thin_0.5,static,privic,0.1,adaptive,8.0,20,80,0.15009262567294976,0.10662774164202689,0.1929491463959589,2.44588227916925,2.238549086841143,2.6061840377531382,2445.88227916925,2238.5490868411425,2606.1840377531385,0.14723672902142382,0.11880613812856408,0.17775625208786483,3.0396588503734643,2.906474636878993,3.1678445221112668,0.9778645833333334,0.9614583333333334,0.9914127604166667,32.44557291666667,29.67372395833333,35.33528645833333,4.418386085443687,4.19910583775724,4.631333528889136,0.015625,0.015625,0.015625,0.029076638187411803,0.022686068480895508,0.03591072031419622,0.6753246753246753,0.571383363471971,0.7792207792207793,1.0375,0.8121875000000001,1.275,1.0,1.0,1.0,4.55579375,4.53493484375,4.57469078125,5.507508124999999,5.425825468749999,5.617880187499999,0.11579790884732843,0.09615497361172051,0.13819740610444214,0.2996389891696751,0.24804024039717795,0.3541685885608856
static_adaptive_privic_0.1_thin_0.75,static,privic,0.1,adaptive,8.0,20,80,0.27053503366443843,0.22107371854203464,0.31750292081701476,1.998789578771984,1.8285320858097516,2.1760655224671326,1998.7895787719838,1828.5320858097518,2176.0655224671323,0.26016339356826024,0.23115333158371745,0.29209315318105156,2.589160641489714,2.433365100912012,2.755324255708975,0.9677083333333334,0.9471354166666666,0.9859375,24.744270833333335,22.831946614583334,26.694765625,3.7095687535447732,3.524754973426475,3.8894575764583865,0.015625,0.015625,0.015625,0.041588802651405264,0.03340207487209154,0.049263848168008835,0.8051948051948052,0.7066282051282051,0.8987341772151899,1.4875,1.2,1.7625,1.0,1.0,1.0,4.5603375,4.52922125,4.592612968749999,5.764124374999999,5.4250859843749994,6.359850343749998,0.16816739007342657,0.14952475170193985,0.18731387667073623,0.4296028880866426,0.37586436170212767,0.48552095963970204
static_adaptive_privic_0.3_thin_0.25,static,privic,0.3,adaptive,8.0,20,80,0.06524715023358324,0.03295493924419613,0.10332793155080855,3.229799672185048,2.9588038684861773,3.508476318345173,3229.7996721850477,2958.803868486178,3508.4763183451723,0.05710402621085785,0.04831139080398474,0.06648736046092554,3.575283936846213,3.468238651508282,3.687153917538197,0.9572916666666667,0.9234309895833334,0.98412109375,43.49036458333333,40.83583984375,46.275605468749994,5.189807973593401,5.042309344395007,5.325214703726241,0.015625,0.015625,0.015625,0.015616292827106703,0.011295411341366943,0.020405676694419353,0.4675324675324675,0.3561643835616438,0.569620253164557,0.5625,0.4,0.7375,1.0,1.0,1.0,4.48761875,4.46385390625,4.51337390625,5.474774375,5.363174421875,5.61781165625,0.08238296666146261,0.057916277888181135,0.11166031233906992,0.1624548736462094,0.12307377049180329,0.20307471264367816
static_adaptive_privic_0.3_thin_0.5,static,privic,0.3,adaptive,8.0,20,80,0.1573221374844044,0.10526280499452742,0.21605259458371098,2.5174701672858935,2.2437927242116698,2.765201830177614,2517.4701672858937,2243.7927242116702,2765.201830177613,0.1478865068794659,0.1210015029359617,0.17508022699455908,3.077449776316284,2.9020391373899472,3.2308124956262803,0.9682291666666666,0.9455729166666667,0.98802734375,32.77395833333333,30.028391927083334,35.70387369791666,4.429167103112366,4.219075273691455,4.638375904920546,0.015625,0.015625,0.015625,0.028708991128588275,0.022318421422071976,0.03542680516707559,0.6623376623376623,0.5657894736842105,0.759493670886076,1.025,0.8,1.2625,1.0,1.0,1.0,4.46938125,4.451635625000001,4.487018906249999,5.324621875,5.282909421875001,5.3636259375,0.14809944073792197,0.11890880269938019,0.18115738652150767,0.296028880866426,0.24443798449612403,0.3490590022385673
static_adaptive_privic_0.3_thin_0.75,static,privic,0.3,adaptive,8.0,20,80,0.2653948767154728,0.22095075836881478,0.31253952703430915,1.9342755692038243,1.7526418811074005,2.1109743814218107,1934.275569203824,1752.6418811074009,2110.974381421811,0.2591652592011313,0.23217607933823237,0.2873534063148774,2.5302549456509347,2.3783214542980486,2.6634062753587893,0.9671875,0.9466080729166667,0.9830729166666666,24.621875,22.793548177083334,26.488391927083335,3.702665747970921,3.5254587943657163,3.87662727509866,0.015625,0.015625,0.015625,0.041588802651405264,0.03340207487209154,0.049263848168008835,0.8051948051948052,0.7066282051282051,0.8987341772151899,1.4875,1.2,1.7625,1.0,1.0,1.0,4.5062875,4.47878109375,4.5353153125,5.472571875,5.394371046875,5.572240281249999,0.20122548395860482,0.17580245312805554,0.22808291724303217,0.4296028880866426,0.37586436170212767,0.48552095963970204
static_adaptive_privic_1_thin_0.25,static,privic,1.0,adaptive,8.0,20,80,0.043622925506790845,0.01711702745640516,0.0771850566970554,3.34300127545525,3.034303529417537,3.6669481917527675,3343.0012754552495,3034.303529417536,3666.9481917527664,0.05872267709876187,0.044463104579743444,0.07806813311283169,3.6642085250005794,3.528807543763581,3.792360120012279,0.9734375,0.9510286458333332,0.99140625,44.24244791666667,41.761953125,46.87679036458333,5.2384259559259405,5.077677697302292,5.404101009483122,0.015625,0.015625,0.015625,0.0180248681688533,0.013431284395127027,0.022488472537274585,0.5194805194805194,0.4155844155844156,0.6234172077922078,0.65,0.4871875,0.8125,1.0,1.0,1.0,4.41313125,4.380023593749999,4.458675468749999,5.4688099999999995,5.27681090625,5.806312859374999,0.062009445774145557,0.04547295117820998,0.08340560636039288,0.18772563176895307,0.14385847562048934,0.229893326717936
static_adaptive_privic_1_thin_0.5,static,privic,1.0,adaptive,8.0,20,80,0.10375900446094195,0.06623383391184946,0.14549436154834225,2.687859737277545,2.4692691800002637,2.9081057059628694,2687.859737277545,2469.2691800002635,2908.1057059628693,0.1193098614952042,0.09713641700497609,0.146953323540023,3.1641885435192285,2.9991535266323774,3.3256396385072833,0.9674479166666666,0.9275976562499999,0.99505859375,33.1453125,31.15697265625,35.171132812500005,4.5697887209621655,4.387372412044765,4.742599153001602,0.015625,0.015625,0.015625,0.033577380114624314,0.02644679882568263,0.040329240327403995,0.7402597402597403,0.645548800799467,0.8333333333333334,1.2,0.9375,1.4375,1.0,1.0,1.0,4.38950625,4.36805484375,4.41048578125,5.354551875,5.2309885000000005,5.505915140625,0.12910727369627428,0.10629346161397535,0.15435111274308116,0.34657039711191334,0.2811469531960542,0.40926120471169125
static_adaptive_privic_1_thin_0.75,static,privic,1.0,adaptive,8.0,20,80,0.19348182977731776,0.15171963592076362,0.23562901602836145,2.252373991013905,2.050220124042186,2.4656307583426984,2252.3739910139057,2050.2201240421864,2465.6307583426983,0.22539216082822344,0.194963064097465,0.25963515613839794,2.8013081203470627,2.635123678894708,2.9721169018858205,0.94765625,0.9143098958333333,0.9752669270833333,25.49140625,23.791927083333334,27.284147135416667,3.8683535735028727,3.683137541974554,4.049990691024718,0.015625,0.015625,0.015625,0.04726973400115411,0.04071088794528847,0.05423205835917427,0.8701298701298701,0.8026315789473685,0.935064935064935,1.6875,1.45,1.9253124999999998,1.0,1.0,1.0,4.379125,4.364306093750001,4.39388796875,5.3826374999999995,5.243377359375001,5.583493734375,0.1676098839921821,0.15312507322844807,0.1816242445987953,0.48736462093862815,0.4192261904761905,0.5610985885064093
static_adaptive_privic_3_thin_0.25,static,privic,3.0,adaptive,8.0,20,80,0.10189493701885524,0.0684099941278385,0.13653202763949351,2.8509456799055717,2.597411577749191,3.112757733230385,2850.9456799055715,2597.41157774919,3112.757733230384,0.08782966261709901,0.06583943879264453,0.11181555480851967,3.445777550170397,3.299608480248181,3.589265592376925,0.97265625,0.9523111979166667,0.98984375,41.45729166666667,38.581569010416665,44.74568359375,4.9986547900010585,4.802684201725787,5.214147789445585,0.015625,0.015625,0.015625,0.02340112415513656,0.018143014889825698,0.028672821706396342,0.6103896103896104,0.5194805194805194,0.6883116883116883,0.8375,0.6621875,1.025,1.0,1.0,1.0,4.4294625,4.41634265625,4.44516296875,5.29151375,5.229312203125,5.36821484375,0.10159513675365092,0.07910031554052017,0.12345972042906647,0.24187725631768953,0.19363095238095238,0.2934942455242967
static_adaptive_privic_3_thin_0.5,static,privic,3.0,adaptive,8.0,20,80,0.19527487237166918,0.14213348293084305,0.24708719819768504,2.2319221176667052,1.9962211926714264,2.4757584234286294,2231.922117666706,1996.221192671427,2475.7584234286305,0.20470073644478903,0.17410665358059635,0.23479162000153192,2.8494890564559094,2.6881216858734414,3.0264968096740152,0.9848958333333334,0.96587890625,0.9966145833333334,29.17291666666667,26.93042317708333,31.65115234375,4.049597915805365,3.8649925382951156,4.253288364901606,0.015625,0.015625,0.015625,0.04412340798632358,0.03674075475887094,0.05165104035870166,0.8571428571428571,0.7763157894736842,0.9342318865345182,1.575,1.3246875,1.8378124999999996,1.0,1.0,1.0,4.405775,4.3814671875,4.429195312499999,5.337245,5.245117796874999,5.457813015625001,0.15802521032585143,0.13887451719362612,0.17585040044818973,0.4548736462093863,0.39016160911521913,0.5254268217246072
static_adaptive_privic_3_thin_0.75,static,privic,3.0,adaptive,8.0,20,80,0.36396142313801333,0.30757842364674803,0.41612291151366054,1.7179756307981804,1.514119038065243,1.9356786084993136,1717.9756307981806,1514.1190380652433,1935.678608499314,0.33616072502818123,0.2948184466752783,0.37311787760558857,2.300035522457232,2.109581804961842,2.4894465619668003,0.97578125,0.9591080729166668,0.9898502604166667,21.246354166666666,19.125703125,23.527779947916667,3.279288861245962,3.0470334684721676,3.517359748217878,0.015625,0.015625,0.015625,0.061845696159608686,0.05365300263772825,0.06957700180087871,0.987012987012987,0.9594594594594594,1.0,2.2125,1.9125,2.4875,1.0,1.0,1.0,4.42486875,4.4051390625,4.44499828125,5.341991875,5.289309703125,5.3956645468749995,0.19587135894853375,0.17039728100950155,0.2224087330181004,0.6389891696750902,0.5732043473695264,0.7169325189753321
static_adaptive_privic_10_thin_0.25,static,privic,10.0,adaptive,8.0,20,80,0.089693728422467,0.050259979034920264,0.12765123810440193,2.8563563332743387,2.578506753167226,3.1458005556734925,2856.356333274339,2578.506753167226,3145.8005556734934,0.0949585266705287,0.06921813606347911,0.12623471022652805,3.4183308685531,3.2461216867268075,3.5637803401044854,0.98515625,0.97369140625,0.9945377604166666,41.3875,38.37450520833333,44.00022786458333,4.9779457836728875,4.750883682468977,5.167165293209363,0.015625,0.015625,0.015625,0.02408127121396009,0.018533697822309184,0.029998628615032764,0.6233766233766234,0.5262989203778677,0.7125,0.8625,0.6746875000000001,1.075,1.0,1.0,1.0,4.513837499999999,4.4954915625,4.53272828125,5.523994999999999,5.416943953124999,5.6416597968749995,0.0844227182893772,0.05916673750867991,0.11249818838156173,0.2490974729241877,0.19619257324953526,0.3076989619377163
static_adaptive_privic_10_thin_0.5,static,privic,10.0,adaptive,8.0,20,80,0.25118343827187317,0.18923962651080095,0.31310596644954153,2.0928066314141796,1.8141508082093007,2.404256622822193,2092.8066314141797,1814.1508082093005,2404.2566228221926,0.22893241447420404,0.1932372096335431,0.2664274366500747,2.6755579069130735,2.4772623523812998,2.880327065835151,0.9940104166666666,0.9872395833333334,0.9984375,28.42786458333333,26.04574869791667,30.91782552083333,3.942116177069259,3.7216687272191775,4.16990306667594,0.015625,0.015625,0.015625,0.045911388099356125,0.03862958735522646,0.053520916982767515,0.8831168831168831,0.8133333333333334,0.9487179487179487,1.6375,1.375,1.9125,1.0,1.0,1.0,4.542775000000001,4.523092031249999,4.5610803125,5.54454125,5.39540946875,5.766406687499999,0.17053755530435,0.14697797571504306,0.19772117989173676,0.4729241877256318,0.40955362661578565,0.5430746289360522
static_adaptive_privic_10_thin_0.75,static,privic,10.0,adaptive,8.0,20,80,0.3613364212480983,0.3013785796136983,0.4177380866895982,1.7272830301194915,1.508275201567372,1.9774211468524765,1727.2830301194913,1508.275201567372,1977.4211468524766,0.35414268130652254,0.3129712933742002,0.3913892992199008,2.2401943966471505,2.081720570330135,2.4219405618645258,0.9802083333333333,0.9653580729166668,0.9916666666666666,21.427604166666665,19.518483072916666,23.5280859375,3.200651844647897,2.9994170363483095,3.437348289089457,0.015625,0.015625,0.015625,0.06404525629797339,0.055894135482540935,0.07178892859599237,0.987012987012987,0.9594594594594594,1.0,2.2875,2.0,2.5625,1.0,1.0,1.0,4.48843125,4.467536093750001,4.50879109375,5.4660625,5.368605953125,5.580608421874999,0.18246790045605493,0.16378037766563974,0.20159334996178066,0.6606498194945848,0.5948440626897219,0.7355072463768116
walk_adaptive_privic_0_thin_0.25,walk,privic,0.0,adaptive,8.0,20,80,0.023752328780872904,0.01243168542920439,0.03580516649371074,4.208555895815274,3.9259807811557184,4.518053028053548,4208.555895815274,3925.9807811557184,4518.053028053548,0.029260462678130556,0.027665740151932933,0.03076073299080185,3.9815837355994246,3.9285434782482795,4.036668642942807,0.96015625,0.9434895833333334,0.9744856770833332,54.151041666666664,52.84920572916666,55.520852864583325,5.767224095941171,5.730028247710601,5.807067180074247,0.015625,0.015625,0.015625,0.013678443931419423,0.0092780867853371,0.018316907292000882,0.2183982683982684,0.14509627192982455,0.28502577795358647,0.5,0.3375,0.6625,1.0,1.0,1.0,4.4875375,4.47299359375,4.50122609375,5.4205499999999995,5.342492359375,5.515752578125,0.035578371852639054,0.026975959501065322,0.04563017160950267,0.14285714285714285,0.10307730137335616,0.17869700279920803
walk_adaptive_privic_0_thin_0.5,walk,privic,0.0,adaptive,8.0,20,80,0.029150484070503753,0.019910265583406295,0.03820288652495547,3.802814980608835,3.5373640784313762,4.071530806336932,3802.8149806088354,3537.3640784313766,4071.530806336933,0.04231348867109044,0.03979626371844809,0.04467716337922485,3.8944692958260996,3.8068794245103046,3.9912961724859204,0.9479166666666666,0.9213476562499999,0.9718815104166667,48.71953125,47.492526041666665,49.93101562499999,5.539707756355029,5.497286145260994,5.587885186513293,0.015625,0.015625,0.015625,0.02210630809179302,0.016129555232569717,0.02791678305189791,0.31017316017316016,0.22206233012107734,0.3904980409885473,0.8,0.5875,1.0125,1.0,1.0,1.0,4.456356250000001,4.43895328125,4.474950156249999,5.411800625,5.301193296875,5.5642274843749995,0.04661104484343298,0.03998985509291282,0.05282890333026506,0.22857142857142856,0.17252926341834793,0.28421052631578947
walk_adaptive_privic_0_thin_0.75,walk,privic,0.0,adaptive,8.0,20,80,0.038607979350201646,0.02580868763152906,0.0533403732560145,3.3776875383793814,3.1602231700840164,3.5847596555415437,3377.687538379382,3160.2231700840166,3584.759655541544,0.0549892215800298,0.051379637821406324,0.05845460057309338,3.7663245525958615,3.6554392087953627,3.8918490759002147,0.9377604166666667,0.9122395833333334,0.9596419270833333,44.59192708333333,42.948268229166665,46.15624348958333,5.34060123912019,5.274226511158658,5.407105870977075,0.015625,0.015625,0.015625,0.03666403744226056,0.028115561603231535,0.04543433308059225,0.4567099567099567,0.3581054054054054,0.5527478902953586,1.325,1.0246875,1.6375,1.0,1.0,1.0,4.48618125,4.47321578125,4.499892656250001,5.425546875,5.366534703125,5.49697009375,0.05583815349418662,0.04666991866857661,0.06646993210310814,0.37857142857142856,0.31725660405597544,0.4385682361725843
walk_adaptive_privic_0.1_thin_0.25,walk,privic,0.1,adaptive,8.0,20,80,0.030454999023783673,0.018522991431387505,0.04423244128329341,3.960555555364195,3.7178556845322426,4.22032787861823,3960.5555553641943,3717.8556845322414,4220.32787861823,0.03593079150354976,0.03370351453722902,0.038432488545098224,3.8907758496929503,3.8262881342706305,3.9600872095266038,0.9546875,0.9291536458333333,0.9713606770833333,50.490625,48.88975911458333,52.014759114583335,5.626799461394682,5.571130518305659,5.6767085623931886,0.015625,0.015625,0.015625,0.01445479496183156,0.010235401173643025,0.019177493312270914,0.19199134199134196,0.13727942014126226,0.2564369658119658,0.525,0.375,0.7,1.0,1.0,1.0,4.4963187499999995,4.477937343750001,4.513921875,5.4226737499999995,5.35129959375,5.505421359374999,0.04029346544305175,0.031862269440763966,0.050919076281768796,0.15,0.114388508170796,0.18919952062153897
walk_adaptive_privic_0.1_thin_0.5,walk,privic,0.1,adaptive,8.0,20,80,0.05878673058793711,0.04067489380538303,0.08091520473416068,3.1780530918339354,2.885891912697286,3.5068086792866295,3178.053091833935,2885.891912697286,3506.8086792866293,0.058793368788055224,0.0546271082187956,0.06358188555861394,3.5988668217266495,3.500723675376541,3.7214701149408387,0.96328125,0.9432291666666666,0.9791666666666666,43.30026041666667,41.42328776041667,44.99983072916667,5.2832677013829485,5.203173802221493,5.352929952702672,0.015625,0.015625,0.015625,0.028133248909147684,0.021618952453255246,0.03474279213720715,0.34285714285714286,0.260878164556962,0.4405434544358594,1.0125,0.7871875,1.2375,1.0,1.0,1.0,4.50295,4.48757453125,4.51784375,5.466065625,5.412938515625,5.525496859375,0.05978744703648968,0.04721916996683452,0.07494516537306271,0.2892857142857143,0.2362078177727784,0.3486535040290229
walk_adaptive_privic_0.1_thin_0.75,walk,privic,0.1,adaptive,8.0,20,80,0.09188646397087362,0.07188817457073664,0.11507668718362078,2.6550053496488335,2.4595843230595076,2.843276152356399,2655.0053496488335,2459.5843230595074,2843.276152356399,0.08572796711198923,0.07897589625274105,0.09259619199437472,3.3980384139897772,3.2820914681830544,3.5252770715798203,0.9598958333333334,0.9387955729166667,0.9757877604166667,37.284375,35.43387369791666,38.97977213541667,4.956862217612924,4.868922253960371,5.040738028694095,0.015625,0.015625,0.015625,0.04081262948001071,0.03316337997054011,0.047834327102376284,0.4943722943722943,0.4189160314160314,0.5848219080497561,1.4625,1.1875,1.7125,1.0,1.0,1.0,4.48273125,4.473503125,4.49273828125,5.338380625,5.3012457968749995,5.376032171875,0.09369887495869259,0.07649181884645243,0.11420678209192654,0.41785714285714287,0.37048396494072344,0.4680077464788733
walk_adaptive_privic_0.3_thin_0.25,walk,privic,0.3,adaptive,8.0,20,80,0.027712761641158497,0.017788375546745897,0.03775322676090436,3.983751004853937,3.7471827268316886,4.242546443149092,3983.751004853936,3747.1827268316883,4242.546443149091,0.035930790846394015,0.033703514093533685,0.038432487760218056,3.8907758536028885,3.826288128281268,3.9600872145115855,0.9598958333333334,0.9380208333333334,0.9747460937500001,50.490625,48.88975911458333,52.014759114583335,5.626799463037445,5.571130518829377,5.676708562803402,0.015625,0.015625,0.015625,0.01445479496183156,0.010235401173643025,0.019177493312270914,0.19199134199134196,0.13727942014126226,0.2564369658119658,0.525,0.375,0.7,1.0,1.0,1.0,4.5205874999999995,4.48918546875,4.5598075,5.823655,5.411220796875,6.544030437499999,0.03638728279346014,0.029390638676667503,0.0436186319022176,0.15,0.114388508170796,0.18919952062153897
walk_adaptive_privic_0.3_thin_0.5,walk,privic,0.3,adaptive,8.0,20,80,0.05811847965019086,0.041710763250395286,0.0788136753597724,3.187029825283461,2.8988433353734666,3.4896834312385794,3187.0298252834605,2898.8433353734663,3489.683431238578,0.058793366023573455,0.054627105105856374,0.06358188178504486,3.598866817789876,3.5007236854928325,3.7214701119289684,0.9645833333333333,0.9455598958333333,0.9796875,43.30026041666667,41.42328776041667,44.99983072916667,5.28326773657207,5.203173836493731,5.352929985704652,0.015625,0.015625,0.015625,0.028133248909147684,0.021618952453255246,0.03474279213720715,0.34285714285714286,0.260878164556962,0.4405434544358594,1.0125,0.7871875,1.2375,1.0,1.0,1.0,4.462975,4.4422865625,4.4816978125,5.395261249999999,5.33478253125,5.464788953125,0.059891827383532915,0.04686259817583666,0.0757761450966456,0.2892857142857143,0.2362078177727784,0.3486535040290229
walk_adaptive_privic_0.3_thin_0.75,walk,privic,0.3,adaptive,8.0,20,80,0.09138835405999372,0.07189143526279825,0.11476864681329696,2.647960101207987,2.4599047277648793,2.8496186302072686,2647.960101207987,2459.904727764879,2849.618630207268,0.08572796175036289,0.07897589023171935,0.09259618675738206,3.3980384258836738,3.282091502778957,3.525277071383165,0.9611979166666667,0.9403515625000001,0.9768294270833333,37.284375,35.43387369791666,38.97977213541667,4.956862279957255,4.8689223111990705,5.040738087715791,0.015625,0.015625,0.015625,0.04081262948001071,0.03316337997054011,0.047834327102376284,0.4943722943722943,0.4189160314160314,0.5848219080497561,1.4625,1.1875,1.7125,1.0,1.0,1.0,4.49034375,4.466249374999999,4.51333484375,5.420329375,5.313137796875,5.604070765624999,0.09406456265213772,0.07668390908414889,0.11496936827419948,0.41785714285714287,0.37048396494072344,0.4680077464788733
walk_adaptive_privic_1_thin_0.25,walk,privic,1.0,adaptive,8.0,20,80,0.02765719736624686,0.018782297447476542,0.037448500422202304,3.694125330903444,3.41676506312956,4.025090048848638,3694.1253309034437,3416.76506312956,4025.0900488486363,0.044386824483047246,0.03920812709200818,0.04898475005781842,3.8141656917142983,3.7325093937849014,3.9032365126139816,0.953125,0.91640625,0.975,47.692447916666666,45.788984375,49.936757812500005,5.501790006937695,5.427184313319591,5.59255960177745,0.015625,0.015625,0.015625,0.020340733376818153,0.01520218878238293,0.025277416669902023,0.3017316017316017,0.2335246266002845,0.36382890295358644,0.7375,0.55,0.9125,1.0,1.0,1.0,4.50178125,4.4837253125,4.5231576562499995,5.444496875,5.366310578125,5.5279275,0.043559765300555726,0.03638394700868283,0.05092663505445828,0.21071428571428572,0.16891891891891891,0.25
walk_adaptive_privic_1_thin_0.5,walk,privic,1.0,adaptive,8.0,20,80,0.05384431013063207,0.03547542755421666,0.07373770867265418,3.0449784217294673,2.8337377941401014,3.2588126295884203,3044.9784217294678,2833.737794140102,3258.812629588421,0.06694154764947303,0.05995026360609466,0.07461400485140562,3.6137412505521107,3.5077053302178447,3.72079106525812,0.9486979166666666,0.92890625,0.96796875,40.411458333333336,38.7048828125,42.361438802083335,5.166376996514673,5.079122540377548,5.259718108626196,0.015625,0.015625,0.015625,0.03610578562493537,0.028313129799082147,0.04298507589367127,0.4666666666666666,0.371206798245614,0.5560594013713079,1.3,1.025,1.5375,1.0,1.0,1.0,4.5589625,4.5333340625,4.58977484375,5.491576875,5.41937,5.579327703125,0.07918451053855766,0.06666342056987655,0.09433163268405127,0.37142857142857144,0.31166763947662823,0.42965853730988596
walk_adaptive_privic_1_thin_0.75,walk,privic,1.0,adaptive,8.0,20,80,0.08670739705467241,0.06678824680472537,0.10835964764979046,2.6597852631317003,2.4619342664693007,2.8599730455553347,2659.785263131701,2461.9342664693013,2859.973045555335,0.09027631085260288,0.08225660391671342,0.09861448949123147,3.4546990343978856,3.33760701312808,3.568587335176735,0.94375,0.9205729166666666,0.9635416666666666,35.26640625,33.40043619791666,37.07839192708333,4.880280287915715,4.783144812341292,4.973786804771273,0.015625,0.015625,0.015625,0.05059379953005697,0.04322530445671759,0.05720062771091226,0.622077922077922,0.5457751623376623,0.6989234376734376,1.8125,1.5375,2.05,1.0,1.0,1.0,4.504250000000001,4.4841534375,4.523309375,5.5842975,5.38772609375,5.851220984375,0.09989572905510502,0.08573413762141266,0.11718540666526553,0.5178571428571429,0.46833388130856485,0.571943173150267
walk_adaptive_privic_3_thin_0.25,walk,privic,3.0,adaptive,8.0,20,80,0.03997670732413321,0.025883185738573993,0.053991736507610195,3.691606499878624,3.4063947162190864,4.014380219915904,3691.6064998786233,3406.394716219086,4014.3802199159027,0.050998040979149895,0.04348851271610977,0.058477290178434435,3.7983260629576763,3.6912181520181506,3.9119378796763646,0.9458333333333334,0.9192643229166667,0.9669335937500001,46.13463541666667,43.981419270833335,48.62321614583333,5.411043999049035,5.307940018038452,5.526958284078614,0.015625,0.015625,0.015625,0.026265732715372053,0.019796858944416223,0.032284238945797135,0.36623376623376624,0.29212368618618617,0.43932692307692306,0.95,0.7125,1.1625,1.0,1.0,1.0,4.42236875,4.40032375,4.4444221875,5.3732425,5.32759471875,5.4195171874999994,0.05441438195488786,0.04418918909715508,0.06606535187194143,0.2714285714285714,0.22013538725292456,0.3157894736842105
walk_adaptive_privic_3_thin_0.5,walk,privic,3.0,adaptive,8.0,20,80,0.06914337399079987,0.051845595245034355,0.08611761730438176,3.017357345389,2.7447133184659953,3.3001731938182273,3017.357345389,2744.7133184659956,3300.1731938182274,0.07798340843972437,0.06999689894162525,0.08630406766637173,3.5416037747009503,3.4239944246979777,3.6699409783938273,0.9341145833333334,0.9098828125,0.9552083333333334,38.64609375,36.682382812499995,40.82225260416667,5.046911498882613,4.9512454280836575,5.151988975015841,0.015625,0.015625,0.015625,0.04564239804212254,0.03767298603440982,0.0533237172341376,0.580952380952381,0.5024676238738738,0.6670888815825523,1.6375,1.3625,1.9125,1.0,1.0,1.0,4.431875,4.406313281249999,4.45788890625,5.457245625,5.36564609375,5.582516937499999,0.07909800719080678,0.06429112577665469,0.09224752920624546,0.46785714285714286,0.4160750766087845,0.5220982620320855
walk_adaptive_privic_3_thin_0.75,walk,privic,3.0,adaptive,8.0,20,80,0.10431217979437131,0.08504288790425052,0.1238718862078565,2.4493570208253477,2.2793719981631604,2.6308635600616506,2449.357020825348,2279.3719981631607,2630.8635600616503,0.11620375974071837,0.1062815767826585,0.12600592498181698,3.2451664021015914,3.1445016628566553,3.349062222400761,0.9421875,0.92447265625,0.9598958333333334,30.92578125,29.606985677083337,32.35804036458333,4.609437531868659,4.521637669367385,4.695991202130605,0.015625,0.015625,0.015625,0.06572814629240317,0.056202420808076615,0.07418333099945174,0.7686147186147185,0.7082055845950492,0.8337609649122806,2.35,2.0125,2.65,1.0,1.0,1.0,4.44180625,4.422389218749999,4.4620628125,5.48705875,5.290185515625,5.944779796874999,0.11053295176003422,0.0952629127368072,0.12763999231513246,0.6714285714285714,0.6271123197571464,0.7224296060435786
walk_adaptive_privic_10_thin_0.25,walk,privic,10.0,adaptive,8.0,20,80,0.04580612737384177,0.028169793166061174,0.06485559659582871,3.3875655106604308,3.0908883766561073,3.693009051799095,3387.5655106604304,3090.888376656107,3693.0090517990957,0.050244477802159015,0.04145572803455705,0.06070016747697682,3.7575331641712753,3.6495175179247883,3.856102615645404,0.95234375,0.9307291666666666,0.97109375,46.709375,43.88631510416667,49.49042317708333,5.42802996408302,5.290439623407956,5.5576966484566475,0.015625,0.015625,0.015625,0.026265732715372053,0.019796858944416223,0.032284238945797135,0.36623376623376624,0.29212368618618617,0.43932692307692306,0.95,0.7125,1.1625,1.0,1.0,1.0,4.4956000000000005,4.47882171875,4.5121312499999995,5.459425625,5.381399421875,5.55208821875,0.05491881108703628,0.04335222682255039,0.06721645134567063,0.2714285714285714,0.22013538725292456,0.3157894736842105
walk_adaptive_privic_10_thin_0.5,walk,privic,10.0,adaptive,8.0,20,80,0.07731221966118405,0.05846935087199388,0.09497735355861925,2.766573167985318,2.597868526070605,2.9575262426508253,2766.5731679853184,2597.868526070605,2957.5262426508257,0.0802107963520761,0.07214191332909806,0.08974747583455456,3.4603718267605053,3.3589115079513485,3.552397508636369,0.9559895833333334,0.9393229166666666,0.9711002604166666,37.87317708333333,36.2414453125,39.45848958333333,5.0060214805419685,4.913675438312239,5.091710115043457,0.015625,0.015625,0.015625,0.04743666272026318,0.03972991942563352,0.05484858085615077,0.5922077922077922,0.5168831168831168,0.6706221884840307,1.7,1.425,1.9628124999999996,1.0,1.0,1.0,4.578856249999999,4.546645156249999,4.614591406250001,5.63021125,5.512327796875,5.76845721875,0.07803943546636977,0.06622570657141072,0.08926976822640782,0.4857142857142857,0.4323339731932377,0.5454713183495471
walk_adaptive_privic_10_thin_0.75,walk,privic,10.0,adaptive,8.0,20,80,0.10815389473392231,0.08842025550629101,0.12941135032725157,2.5271765620043194,2.2882247883922,2.7688087951016653,2527.1765620043197,2288.2247883922005,2768.808795101665,0.1192387026229684,0.10753027122126584,0.13217148857118105,3.2953471601759836,3.148508185004002,3.4297188899761446,0.9330729166666666,0.9104166666666667,0.95703125,30.93046875,29.052031250000002,32.92209635416667,4.590672876370836,4.473673688685777,4.706219854246744,0.015625,0.015625,0.015625,0.06977413614484464,0.05958683375895968,0.07924084470080972,0.8058441558441558,0.7460485019366597,0.8649739583333333,2.4875,2.1371875,2.825,1.0,1.0,1.0,4.5000875,4.479949843750001,4.5212734375,5.419820625,5.374461921875,5.467656046875,0.1049331715719189,0.0928927812876792,0.11664660098357595,0.7107142857142857,0.6632607344012874,0.7640449438202247
commute_adaptive_privic_0_thin_0.25,commute,privic,0.0,adaptive,8.0,20,80,0.018796877341554157,0.01236290699687194,0.02564939426409874,4.422297863125976,4.180120351483384,4.668211901426555,4422.297863125976,4180.120351483384,4668.211901426554,0.028948837731956036,0.026886266829222485,0.03155427198938739,4.103705685527112,4.045607538435022,4.159950059416908,0.9395833333333334,0.9229166666666666,0.95546875,54.09427083333334,52.86610677083333,55.222766927083335,5.76821775602623,5.721448447290159,5.809189442456977,0.015625,0.015625,0.015625,0.011614809922884098,0.0076449686747429675,0.016241059295977762,0.1591324200913242,0.10108937198067633,0.21010410637340018,0.425,0.2871875,0.5875,1.0,1.0,1.0,4.45843125,4.430423906250001,4.485922968750001,5.411311875,5.323992328125,5.51603596875,0.028888518819913934,0.024800002481796788,0.03321722736626208,0.13127413127413126,0.08675439542659907,0.17563655913978493
commute_adaptive_privic_0_thin_0.5,commute,privic,0.0,adaptive,8.0,20,80,0.023572923585436844,0.01576252395833135,0.031751408438285944,4.177423377628458,3.9324903441931194,4.445372866166157,4177.423377628458,3932.4903441931187,4445.372866166156,0.04214897405877447,0.039256776053486264,0.04455533823640057,4.177645533039612,4.061885352319463,4.2936377821727465,0.8846354166666666,0.85625,0.9109375,48.63515625,47.59783854166667,49.95275390625,5.542195664868819,5.499875451663341,5.593597112307824,0.015625,0.015625,0.015625,0.023539879155563576,0.017724067173344106,0.02972863755613274,0.3251141552511415,0.24087777777777777,0.41028934550989343,0.85,0.6375,1.075,1.0,1.0,1.0,4.3793750000000005,4.36125859375,4.39846953125,5.249116875,5.19702971875,5.302230734375,0.033556520008696925,0.03026866890981922,0.03725475870592905,0.2625482625482625,0.1960764705882353,0.33481385319486007
commute_adaptive_privic_0_thin_0.75,commute,privic,0.0,adaptive,8.0,20,80,0.03912552818290031,0.030972827561536277,0.04736033200073157,3.672728846332997,3.4757661259720796,3.899008188667572,3672.728846332997,3475.7661259720794,3899.0081886675707,0.05390827488835931,0.049987352665615006,0.0575480918299963,4.048360016214438,3.9104961856535705,4.181414381355124,0.8864583333333333,0.8656184895833333,0.9067773437500001,44.10234375,42.64419270833333,45.63757161458334,5.340237475049105,5.27773283490922,5.409638896708191,0.015625,0.015625,0.015625,0.036026422575518566,0.028603094022358024,0.043451455060490064,0.4589041095890411,0.37584947612085773,0.5387069444444443,1.3,1.025,1.575,1.0,1.0,1.0,4.43735,4.419584375,4.454720624999999,5.3705662499999995,5.28906190625,5.454830703124999,0.03221676406067689,0.02944980635391129,0.03525643717348599,0.4015444015444015,0.3333333333333333,0.4733720296177246
commute_adaptive_privic_0.1_thin_0.25,commute,privic,0.1,adaptive,8.0,20,80,0.01718812484451652,0.013116110961806439,0.02134406278836505,4.508641882680002,4.309917482606988,4.6917655989207345,4508.641882680002,4309.9174826069875,4691.765598920735,0.03550824591479013,0.03323852904360124,0.03796377002145626,4.322824966343664,4.2469087605381,4.416391421039529,0.8752604166666667,0.8471354166666666,0.89974609375,50.21171875,48.95866536458333,51.45401692708334,5.630132873425643,5.583750924191222,5.676000841269087,0.015625,0.015625,0.015625,0.014878443812603276,0.009504850913244144,0.02035807766594316,0.2105022831050228,0.13063063063063063,0.29574151989562947,0.5375,0.35,0.7375,1.0,1.0,1.0,4.47211875,4.452459374999999,4.491560625,5.4659175,5.363906656249999,5.56396309375,0.027682586215189164,0.02526267400152411,0.030294597599323705,0.16602316602316602,0.10948069805695487,0.22401224489795918
commute_adaptive_privic_0.1_thin_0.5,commute,privic,0.1,adaptive,8.0,20,80,0.02647104681975849,0.02008307876568837,0.0321224115086215,3.9817818527846107,3.7428092765521654,4.2175915673367435,3981.7818527846102,3742.809276552165,4217.5915673367435,0.055934592607642074,0.05287385415406995,0.059827415573048756,4.259629165509635,4.173869356358144,4.344033059245549,0.8549479166666666,0.8317708333333333,0.8760416666666666,44.18984375,42.83213541666667,45.37766276041667,5.334030618754126,5.271154418864207,5.384285144630648,0.015625,0.015625,0.015625,0.027782029631773834,0.020192652760695665,0.03582616276321768,0.3470319634703196,0.25970942982456136,0.438331081081081,1.0,0.725,1.2875,1.0,1.0,1.0,4.58901875,4.54106765625,4.66265828125,5.6474725,5.4620310468749995,5.917657796875,0.04462134879074538,0.03939189080580561,0.04983253470407299,0.3088803088803089,0.23483664772727275,0.38748974989749896
commute_adaptive_privic_0.1_thin_0.75,commute,privic,0.1,adaptive,8.0,20,80,0.03813702497827054,0.031668964845704146,0.04408286407066767,3.4535312114562524,3.3396388027923147,3.581504135405093,3453.531211456252,3339.638802792315,3581.5041354050923,0.07811599876818427,0.0730684534682662,0.08257511798193262,4.1569505296550195,4.0883505301926215,4.2326191904896175,0.8364583333333334,0.8200520833333333,0.8515690104166667,38.3953125,37.33034505208334,39.57274739583333,5.0391818730456555,4.981226310189941,5.1034341867629776,0.015625,0.015625,0.015625,0.03767870033414712,0.029074523387488248,0.046271223222832863,0.4541095890410959,0.3711712776659959,0.5340452702702702,1.3625,1.05,1.675,1.0,1.0,1.0,4.477525,4.465065625,4.490304374999999,5.594770624999999,5.406588484374999,5.835201640624999,0.05690986622086214,0.04974617702806328,0.06318558336886246,0.42084942084942084,0.3495546435503504,0.49787871543549284
commute_adaptive_privic_0.3_thin_0.25,commute,privic,0.3,adaptive,8.0,20,80,0.016230018083045427,0.011941949724176285,0.02073736791998511,4.516871330687158,4.319726146949207,4.701642082362838,4516.871330687158,4319.726146949206,4701.642082362837,0.03541594228636875,0.033115805711747194,0.03779780063987601,4.308459085178907,4.2259298083855645,4.403518331395649,0.87734375,0.8476432291666667,0.90208984375,50.35286458333333,49.14888671875,51.54728515625,5.634193601325225,5.590011599559874,5.677577288111175,0.015625,0.015625,0.015625,0.014878443812603276,0.009504850913244144,0.02035807766594316,0.2105022831050228,0.13063063063063063,0.29574151989562947,0.5375,0.35,0.7375,1.0,1.0,1.0,4.4229312499999995,4.4092846875,4.437699843749999,5.3522574999999994,5.28087209375,5.4226037499999995,0.028785330731926323,0.02615655172470918,0.03154483801452436,0.16602316602316602,0.10948069805695487,0.22401224489795918
commute_adaptive_privic_0.3_thin_0.5,commute,privic,0.3,adaptive,8.0,20,80,0.029037092735823205,0.022561775775765035,0.0353365714034049,3.878902314574276,3.6467084875237927,4.095353137759896,3878.902314574276,3646.708487523793,4095.353137759896,0.05724169482596388,0.0539387327465254,0.060887050095265495,4.245486018681007,4.143503907411727,4.354352242067015,0.85234375,0.8236848958333333,0.8770963541666668,43.62421875,42.10578125,44.96309895833333,5.3067186292910975,5.243518981624532,5.360055280446896,0.015625,0.015625,0.015625,0.027782029631773834,0.020192652760695665,0.03582616276321768,0.3470319634703196,0.25970942982456136,0.438331081081081,1.0,0.725,1.2875,1.0,1.0,1.0,4.36600625,4.3461615625,4.38606203125,5.29617625,5.21477871875,5.3921139843749994,0.04482014730949417,0.040176033285314355,0.049591344364276896,0.3088803088803089,0.23483664772727275,0.38748974989749896
commute_adaptive_privic_0.3_thin_0.75,commute,privic,0.3,adaptive,8.0,20,80,0.040290446586833305,0.033422588345989226,0.04668473935777403,3.4497291358735644,3.2987203124263873,3.612554333661815,3449.7291358735647,3298.7203124263874,3612.554333661815,0.07903814287909852,0.07399205055961883,0.08350991230986402,4.148847471504642,4.082420823341243,4.216789441029122,0.8395833333333333,0.82265625,0.85443359375,38.23776041666667,37.09838541666666,39.477460937500005,5.025256030966145,4.9655002396248165,5.089243371054072,0.015625,0.015625,0.015625,0.03767870033414712,0.029074523387488248,0.046271223222832863,0.4541095890410959,0.3711712776659959,0.5340452702702702,1.3625,1.05,1.675,1.0,1.0,1.0,4.4151187499999995,4.395546875,4.4351689062499995,5.305963125,5.2664219843749995,5.35155175,0.055608831400844126,0.04959347519657342,0.06141290140575306,0.42084942084942084,0.3495546435503504,0.49787871543549284
commute_adaptive_privic_1_thin_0.25,commute,privic,1.0,adaptive,8.0,20,80,0.022006845496640857,0.014877419689877675,0.03014512264303712,4.17517550602362,3.9057191579660877,4.440553283483388,4175.175506023619,3905.7191579660866,4440.5532834833875,0.03879043907386677,0.03483237363006187,0.042999825949178144,4.121828140641538,4.0570341493042585,4.1842289454435955,0.9052083333333334,0.8802083333333334,0.9278645833333334,49.396875,47.64334635416667,51.311816406249996,5.582546960191149,5.511765007074287,5.65486484541768,0.015625,0.015625,0.015625,0.017845898709456208,0.011830994805227668,0.02435719436734878,0.24246575342465754,0.17451552095573833,0.31207787373436574,0.65,0.4375,0.8875,1.0,1.0,1.0,4.51643125,4.49198109375,4.54298,5.444148749999999,5.363496437499999,5.52673059375,0.03497159135945923,0.030340543010467687,0.03953500443664231,0.20077220077220076,0.13725094876660343,0.2627664287472311
commute_adaptive_privic_1_thin_0.5,commute,privic,1.0,adaptive,8.0,20,80,0.032163095496640856,0.022524706521853583,0.042135397600745514,3.591005408182388,3.3265834511285446,3.8772132738420604,3591.0054081823882,3326.5834511285443,3877.2132738420596,0.06436968887369265,0.059527963776372594,0.06946426491433491,4.161321601317806,4.049295113427116,4.286943348497438,0.8518229166666667,0.8257682291666667,0.8755208333333334,41.07890625,39.83440755208334,42.44661458333333,5.202700265178242,5.142635610179032,5.2664499287509825,0.015625,0.015625,0.015625,0.03700893041367655,0.02936371166128891,0.044701818122244774,0.4611872146118721,0.3684834834834834,0.5452142313546423,1.3375,1.0621875,1.6128124999999998,1.0,1.0,1.0,4.560025,4.54622625,4.572708437499999,5.484239375,5.4060690312499995,5.577555031249999,0.04965113621152021,0.045636994715389255,0.053482576061179045,0.41312741312741313,0.3412525879917184,0.48695732988524326
commute_adaptive_privic_1_thin_0.75,commute,privic,1.0,adaptive,8.0,20,80,0.04700684549664086,0.03704410367169276,0.05743014053181219,3.1610930106920043,2.9739710601614946,3.362070871571369,3161.0930106920046,2973.9710601614947,3362.070871571368,0.08720286308372324,0.08081427862629587,0.09362199545190769,4.147949749310481,4.0241096373009455,4.277695901494618,0.8169270833333334,0.7908854166666667,0.8424609375000001,35.48854166666667,34.210859375000005,36.86559244791666,4.906747690458618,4.8368574422807145,4.9803976517677775,0.015625,0.015625,0.015625,0.048980289987613716,0.04030691306370025,0.05808793220705328,0.5961187214611872,0.5077342995169081,0.6801812312312312,1.775,1.4621875,2.1125,1.0,1.0,1.0,4.52085625,4.498904375,4.54337578125,5.4600012499999995,5.3783500625,5.590205109375,0.05843235283591548,0.052439472419150264,0.06494348818246065,0.5482625482625483,0.4761822660098522,0.6200204460966543
commute_adaptive_privic_3_thin_0.25,commute,privic,3.0,adaptive,8.0,20,80,0.028186276231757734,0.01879720710411522,0.03898671191230157,3.981795309797481,3.671535799896717,4.2791993830769375,3981.79530979748,3671.535799896717,4279.199383076937,0.048058175898254424,0.04265645901972844,0.0540306863818056,4.355807996309018,4.258971000335273,4.447458050249558,0.8479166666666667,0.8263020833333332,0.8703125,47.262760416666666,45.724186197916666,48.703763020833335,5.470040526106908,5.401429915833708,5.536888108514924,0.015625,0.015625,0.015625,0.02609716673435445,0.02024476634888588,0.032399311831753534,0.35296803652968034,0.2733665321165321,0.4230814682616245,0.95,0.7375,1.175,1.0,1.0,1.0,4.54201875,4.511383749999999,4.5743490625,5.469796874999999,5.402103546874999,5.53981228125,0.04113245647432577,0.03555192223560596,0.04729580771224573,0.29343629343629346,0.2283643598615917,0.35918845663265303
commute_adaptive_privic_3_thin_0.5,commute,privic,3.0,adaptive,8.0,20,80,0.0432904428984244,0.0344673373879255,0.052709831298813944,3.4278907908730396,3.2115939677056167,3.666890775352136,3427.890790873039,3211.5939677056163,3666.8907753521344,0.08324808932082436,0.07620704068137368,0.09197471910676648,4.319103285780441,4.194124631827803,4.449507511357136,0.8057291666666666,0.78046875,0.8315104166666666,37.95364583333333,36.50923177083333,39.457584635416666,5.00541901218131,4.921433961120275,5.083367328877977,0.015625,0.015625,0.015625,0.04478495084957508,0.03660108823180542,0.05304491212999063,0.5639269406392694,0.47520833333333334,0.6401328556837298,1.625,1.3246875,1.9375,1.0,1.0,1.0,4.483975,4.459638125,4.5104693750000004,5.447100624999999,5.34707028125,5.572146093749999,0.05964214239770778,0.05290961811828432,0.06700102384558781,0.5019305019305019,0.4265219797596458,0.56864101371774
commute_adaptive_privic_3_thin_0.75,commute,privic,3.0,adaptive,8.0,20,80,0.05983816528599054,0.05087328843054725,0.06837333599025854,3.099002075932594,2.9415815575398647,3.2619096203208793,3099.002075932594,2941.5815575398647,3261.909620320879,0.1121009185518437,0.102510352943349,0.1214766923891522,4.238858559047184,4.158163635981126,4.326811832010639,0.7859375,0.7663932291666666,0.8049479166666667,32.50729166666667,30.90635416666667,34.1784765625,4.6908803453966055,4.592776502500374,4.795825265520813,0.015625,0.015625,0.015625,0.06267297197445025,0.05394817308633872,0.07170632575952651,0.7376712328767123,0.657838492063492,0.810368018018018,2.275,1.95,2.6125,1.0,1.0,1.0,4.5246375,4.50707484375,4.54195765625,5.426696874999999,5.351321265625,5.5314996249999995,0.07103333789215775,0.06571379681274087,0.07654971424649182,0.7027027027027027,0.647503657262278,0.7620863435505366
commute_adaptive_privic_10_thin_0.25,commute,privic,10.0,adaptive,8.0,20,80,0.033781429650450556,0.02753089784953109,0.04038782289393108,3.557363594970633,3.3476370814496774,3.7746532276546776,3557.363594970633,3347.6370814496777,3774.6532276546773,0.04895870245471296,0.04275767122830992,0.05518955932980333,4.255246104315457,4.122346123819003,4.399570159271396,0.8744791666666666,0.8460677083333333,0.90130859375,46.35338541666667,44.32501953125,48.53623697916667,5.42941330961835,5.3418647798142,5.525751089380688,0.015625,0.015625,0.015625,0.02674750457219229,0.021039164384201916,0.03293108015235975,0.3557077625570776,0.27639846264846263,0.4269019736842105,0.975,0.7625,1.2,1.0,1.0,1.0,4.41235625,4.3896215624999995,4.43753609375,5.33654875,5.26988753125,5.421203171874999,0.03896023427079551,0.03286677839046585,0.044612896050359986,0.30115830115830117,0.2369315055932514,0.36293436293436293
commute_adaptive_privic_10_thin_0.5,commute,privic,10.0,adaptive,8.0,20,80,0.04453238249775757,0.03598562960945115,0.05313432107458838,3.342914832365546,3.1206887430882686,3.6066705550650475,3342.9148323655463,3120.688743088269,3606.670555065047,0.07737001172082604,0.07056148582401793,0.08463686529547719,4.37411010552121,4.225669196778532,4.535071308025611,0.8091145833333334,0.7820247395833333,0.8372460937499999,38.27473958333333,36.2853125,40.30375651041667,5.036643827218088,4.944830560157126,5.133101550829617,0.015625,0.015625,0.015625,0.045152597908398616,0.03690906739629094,0.05348009338213506,0.567351598173516,0.47880788474810215,0.6432881944444443,1.6375,1.325,1.9378124999999997,1.0,1.0,1.0,4.476100000000001,4.45791703125,4.4973559375,5.411748749999999,5.3376625312499995,5.487260249999999,0.05319061335421875,0.047323112371401105,0.05868590788254956,0.5057915057915058,0.4325186635740269,0.5696881403688525
commute_adaptive_privic_10_thin_0.75,commute,privic,10.0,adaptive,8.0,20,80,0.06149829581620995,0.052723890742834977,0.0711393022129103,3.1027229333658353,2.9286995139923886,3.2833781837212026,3102.722933365835,2928.699513992389,3283.3781837212023,0.10674240199840199,0.09704222667279973,0.11677343655465344,4.312836208851826,4.2194179310423285,4.408871453864165,0.7825520833333333,0.7651041666666667,0.8,32.65364583333333,30.534700520833336,34.90411458333333,4.718080887221776,4.602099276718895,4.841675655180673,0.015625,0.015625,0.015625,0.06501530952945611,0.056682386523777974,0.07403740142060719,0.7605022831050228,0.6889601844995681,0.828829261954262,2.3625,2.05,2.7,1.0,1.0,1.0,4.401999999999999,4.378416875,4.427839375,5.404001249999999,5.257743015625,5.598678624999999,0.06957019966615158,0.06159778459187921,0.07790361426295102,0.7297297297297297,0.6748946100572117,0.7892555849048877
geolife_adaptive_privic_0_thin_0.25,geolife,privic,0.0,adaptive,8.0,47,53,0.005882384726698572,0.0007878650888298555,0.013194947180011128,4.255907370374188,3.9749922267112376,4.553029029443347,17948.4888537617,16746.879125865107,19199.0945765864,0.03369113997981082,0.030427980656097288,0.037615209797766856,3.9865393253910058,3.8936577958632044,4.070192161803465,0.9465408805031446,0.9190705128205128,0.9724846698113208,48.44103773584906,45.99992708333333,50.81103224854757,5.576810761251386,5.488050926083684,5.658188548059107,0.015625,0.015625,0.015625,0.016288963143878375,0.010503402017884488,0.022699855499412412,0.32333333333333336,0.21153846153846154,0.4468504190844616,0.5849056603773585,0.38170668953687825,0.8181818181818182,1.0,1.0,1.0,4.537566037735849,4.513738093395253,4.560273875,5.449306603773585,5.363053093681917,5.538469040625,0.03345942681373168,0.029548701057959016,0.03797833778242777,0.15346534653465346,0.10574930939226519,0.20983157467532468
geolife_adaptive_privic_0_thin_0.5,geolife,privic,0.0,adaptive,8.0,47,53,0.03436668295598501,0.013555742326688843,0.05868424686248863,3.5324341981703715,3.2382987025137537,3.8419738244294317,14910.71496315279,13655.514712086779,16223.093675724318,0.060526635153281896,0.05232006047446055,0.06905444011906156,3.84222739200091,3.671272967111218,4.010232861930881,0.9088050314465408,0.8574235626453971,0.9567631120844565,40.5247641509434,37.74972103973168,43.237572115384616,5.173161090279383,5.040054245230838,5.297822900539664,0.015625,0.015625,0.015625,0.026655374677004177,0.017963922460878815,0.03603763858241514,0.45666666666666667,0.3425595238095238,0.5801282051282052,0.9622641509433962,0.6455528846153846,1.3169230769230766,1.0,1.0,1.0,4.47188679245283,4.4476757433145675,4.495015113636363,5.324084905660377,5.264758796518608,5.381370491161616,0.0682997137514011,0.05460403560453993,0.082813222465193,0.2524752475247525,0.1764471214017522,0.32408910533910534
geolife_adaptive_privic_0_thin_0.75,geolife,privic,0.0,adaptive,8.0,47,53,0.05241022767995426,0.023180024683731464,0.08347159695246423,3.04600389103142,2.8332449545044773,3.273904291850463,12865.560025327375,11965.580173416025,13827.241318713755,0.08637431516818966,0.07525700711566935,0.09811713423738,3.703728859252352,3.5258714823259676,3.899746876964205,0.9040880503144654,0.8612319182389938,0.9444444444444444,34.21305031446541,31.833172348484847,36.68389460784314,4.836084029595811,4.715996522811994,4.958560888896137,0.015625,0.015625,0.015625,0.041135010710684775,0.031138593525298963,0.051536519656983165,0.61,0.4966631944444444,0.7222500000000001,1.471698113207547,1.097992081447964,1.8520467836257308,1.0,1.0,1.0,4.581018867924529,4.553109955357143,4.61195625,5.580090566037736,5.472144532774886,5.684967083823529,0.10302185583419686,0.08299604493324791,0.1245596898492256,0.38613861386138615,0.3094110829488096,0.45834288990825683
geolife_adaptive_privic_0.1_thin_0.25,geolife,privic,0.1,adaptive,8.0,47,53,0.010133780077413095,0.0026051293088660008,0.01977348803539724,3.895277591708958,3.6060059102594586,4.207074794401818,16410.599529060553,15196.290009080005,17746.660416204195,0.037704790195211745,0.033729355492075314,0.04235665099174705,3.902920108336641,3.8065199169279524,4.007973877726021,0.9618710691823898,0.927282475490196,0.9899742313067785,49.133254716981135,46.49813368055556,51.37539900097466,5.564073808540913,5.453906579674109,5.656190908808396,0.015625,0.015625,0.015625,0.01302717503371391,0.007900967519583897,0.018890253778112893,0.29,0.17896412037037035,0.4131944444444444,0.4716981132075472,0.2829609400860642,0.6852124183006536,1.0,1.0,1.0,4.559311320754717,4.5373814903846155,4.5818996875,5.494824528301886,5.401586512469212,5.60463674990751,0.03894227759369247,0.03253290518121237,0.04710308658514722,0.12376237623762376,0.07811631944444444,0.17587939698492464
geolife_adaptive_privic_0.1_thin_0.5,geolife,privic,0.1,adaptive,8.0,47,53,0.041395534007304585,0.019972014509776936,0.06333517060750285,3.0460097641698067,2.8147404235374576,3.3085270170256607,12832.273028810023,11862.155844918196,13930.954108448052,0.08889989825567565,0.07824005458251755,0.10013511447191852,3.5958201989502014,3.445732976503235,3.7520279008101007,0.9433962264150944,0.9117618690994916,0.9707671618852458,37.476808176100626,34.88291211392774,40.18319131811409,4.94082084976376,4.806977830485912,5.079954838845152,0.015625,0.015625,0.015625,0.025724283707657624,0.018331061015677705,0.033396313265765094,0.49333333333333335,0.3741213151927437,0.6205913859338061,0.9245283018867925,0.6597280701754387,1.1930598555211558,1.0,1.0,1.0,4.6162264150943395,4.594103455882354,4.639744044642857,5.478825471698113,5.4178764327094475,5.5460745906249995,0.09524061834376978,0.08133532898179265,0.10889884169319783,0.24257425742574257,0.18127699903023892,0.3076923076923077
geolife_adaptive_privic_0.1_thin_0.75,geolife,privic,0.1,adaptive,8.0,47,53,0.09928106448841556,0.05283830599798888,0.1482412051144892,2.3711951911479736,2.153914506804,2.5828854245230795,9991.630979857851,9076.080584215268,10882.604284316412,0.1557157011013096,0.14015945419737785,0.17147626572250357,3.2482966286573554,3.037268978343173,3.465982051263607,0.9536163522012578,0.9270833333333334,0.9770853365384615,30.669811320754718,28.601455269607843,32.70669931429071,4.446310579132699,4.315771421703124,4.568014268829306,0.015625,0.015625,0.015625,0.03476344990279343,0.026323033636749597,0.043425040151878695,0.5683333333333334,0.44847064393939395,0.693891723356009,1.2452830188679245,0.9433962264150944,1.5576923076923077,1.0,1.0,1.0,4.5583207547169815,4.532803969387755,4.58249279040404,5.6561386792452835,5.35169215,6.15861767191416,0.1669237079271023,0.1437304347281998,0.18991071820988573,0.32673267326732675,0.26108319891887183,0.40099138820132013
geolife_adaptive_privic_0.3_thin_0.25,geolife,privic,0.3,adaptive,8.0,47,53,0.011822935864799072,0.001415574655843908,0.02812329917587706,3.969334610359518,3.6255605621905103,4.282616124382718,16769.933765770842,15321.294041986035,18093.84341605492,0.057105401946543566,0.04864564162195905,0.06697433936388715,3.8503940528044516,3.70297640137546,3.9864845925859225,0.9111635220125786,0.8733699845679013,0.9444475446428571,41.75393081761007,38.518493219656285,44.92805059523809,5.2130969434883365,5.075718403607308,5.343402036389202,0.015625,0.015625,0.015625,0.020395628632776417,0.014076067275112408,0.02697373323568633,0.38,0.2628102836879433,0.5,0.7358490566037735,0.5,0.9811408106219427,1.0,1.0,1.0,4.5614622641509435,4.533744400943396,4.5901105394736845,5.444097169811321,5.356780555555555,5.552892930729985,0.054397229045429686,0.04663773429511583,0.06269778261547616,0.19306930693069307,0.13736263736263737,0.2500237642585551
geolife_adaptive_privic_0.3_thin_0.5,geolife,privic,0.3,adaptive,8.0,47,53,0.06406898822731581,0.03447954269190959,0.09536915481153659,3.0280138556397818,2.742889123619945,3.3109296188535775,12795.573380757663,11609.889844468631,13970.55299931669,0.13667216640499777,0.11757279841196144,0.15593120534818675,3.455484059880131,3.259153323481313,3.654017781093009,0.9123427672955975,0.8749807098765432,0.9426395440251573,31.495283018867923,28.573220439691028,34.52631901140086,4.506691551268209,4.331724428679609,4.679663740335387,0.015625,0.015625,0.015625,0.041422779100944655,0.032243104619451075,0.050801270595649387,0.5966666666666667,0.4903698979591837,0.7084821428571427,1.471698113207547,1.1458238636363636,1.8103448275862069,1.0,1.0,1.0,4.5131886792452836,4.489857047064777,4.538199019607843,5.601064150943396,5.3180657351851846,6.007666318530701,0.1290322220699572,0.11050603093641603,0.14831138470798136,0.38613861386138615,0.3179411764705882,0.458133210180624
geolife_adaptive_privic_0.3_thin_0.75,geolife,privic,0.3,adaptive,8.0,47,53,0.12399858491765921,0.08538569155396869,0.16525244224091878,2.3850177581473355,2.1382657190823964,2.600649266045489,10074.603857982747,9036.994349195049,10977.139068445076,0.21540697921626795,0.18826814886095666,0.24199111938926676,3.087929431136983,2.876234615821073,3.3122532843999184,0.9115566037735849,0.8681889204545455,0.9463824600878602,24.70322327044025,22.428589015151516,27.122743055555553,3.9715978493714363,3.7895423285542607,4.155140147522435,0.015625,0.015625,0.015625,0.055179806348806384,0.04437050721041413,0.0654092089587368,0.6783333333333332,0.5769199346405228,0.778380728314239,1.9622641509433962,1.5635454545454546,2.33975276512687,1.0,1.0,1.0,4.537028301886792,4.514612781204644,4.561737830132052,5.468172641509434,5.386504142156862,5.5460641770361985,0.1681448478268525,0.15353674659970845,0.18394686559338985,0.5148514851485149,0.44132421172237474,0.5876181980374665
geolife_adaptive_privic_1_thin_0.25,geolife,privic,1.0,adaptive,8.0,47,53,0.010975610720873136,0.003661979837225644,0.020782803413928876,3.574029691467939,3.2884610203381137,3.8232061389890646,15045.801555862916,13853.529131905927,16095.43445509342,0.06385602089264691,0.05455190036758048,0.07459231733435642,3.7542261061070468,3.628443564127292,3.8596817855468126,0.9194182389937107,0.8808364526618271,0.9583333333333334,38.880896226415096,36.12856476022013,41.5783947172619,5.088131061066929,4.956475013333652,5.206827998914782,0.015625,0.015625,0.015625,0.022652054929541032,0.015976418036178743,0.03001225455099344,0.41666666666666663,0.30496237675142707,0.5394311034877073,0.8113207547169812,0.56,1.0785892323030906,1.0,1.0,1.0,4.496386792452831,4.471659882703081,4.522126377190027,5.527684905660377,5.40748765625,5.687111739417988,0.064581113423687,0.055637282126373554,0.07484215719642977,0.21287128712871287,0.15463917525773196,0.2742648193887002
geolife_adaptive_privic_1_thin_0.5,geolife,privic,1.0,adaptive,8.0,47,53,0.0785856736139549,0.04548940938250376,0.11782682685995004,2.846595559454262,2.525045676317666,3.1421219203245263,11989.719820908533,10646.399502067758,13234.548422183376,0.12271223449600527,0.10827780064463442,0.1388146695535295,3.4643946042733083,3.2698003038452716,3.639611526660164,0.9029088050314465,0.8617688301282052,0.9416710069444445,30.174921383647796,27.951883390783745,32.60991856812169,4.504687382456102,4.3618435929865536,4.642469310548055,0.015625,0.015625,0.015625,0.04478477954874763,0.035365445831992415,0.054169173936802324,0.6433333333333333,0.5352430555555555,0.7542449922958397,1.5849056603773586,1.2498820754716982,1.9444696969696968,1.0,1.0,1.0,4.536047169811321,4.51498193319838,4.556510655314757,5.411228301886792,5.353389699074074,5.472852665094339,0.13319383260013185,0.11201592811097945,0.1568075712215945,0.4158415841584158,0.3455316844195703,0.48424812030075187
geolife_adaptive_privic_1_thin_0.75,geolife,privic,1.0,adaptive,8.0,47,53,0.13204479311081024,0.08972623209298941,0.17845549813564407,2.2665533925339925,2.020169980118387,2.515008261418375,9551.80915391834,8519.413961353857,10596.35759828774,0.19314207407736256,0.17233163464734583,0.21705370593309334,3.146656862135325,2.9007099524789806,3.400452389365666,0.902122641509434,0.8558648940345369,0.9435685296846011,24.205188679245282,22.37247481215847,26.328671468587434,4.013654463507941,3.8615774421989317,4.165392992397293,0.015625,0.015625,0.015625,0.06011946145656721,0.04935926153688888,0.07140282956079658,0.7216666666666667,0.6224259495464853,0.821982048748353,2.1320754716981134,1.7498774509803923,2.535782967032967,1.0,1.0,1.0,4.501490566037736,4.479833578431373,4.526087930077691,5.530534905660376,5.3465585738636365,5.859553201530612,0.17593520679309085,0.15492119279846936,0.19974295244652931,0.5594059405940595,0.49229508196721317,0.6231985832926233
geolife_adaptive_privic_3_thin_0.25,geolife,privic,3.0,adaptive,8.0,47,53,0.018713111575086674,0.00356419406286952,0.040223678746658324,3.454499564450954,3.214369997427063,3.720485544160896,14548.839578219413,13532.24849913973,15673.678620350916,0.07393517505930837,0.061018944090515115,0.08690253638111596,3.7532673959076495,3.6121420261276485,3.8779389019803783,0.9233490566037735,0.8867560857228196,0.9570590736294518,38.89661949685535,35.90730054450758,41.77969578598485,5.057935042087509,4.90416541678505,5.200657926141374,0.015625,0.015625,0.015625,0.02578132904500009,0.018423183912088945,0.033526769295604775,0.45333333333333337,0.34366688829787234,0.5748299319727891,0.9245283018867925,0.660377358490566,1.2143207282913164,1.0,1.0,1.0,4.544669811320754,4.520626339285714,4.569064903846154,6.295053773584904,5.3923964224137935,7.933607076758143,0.0726104903050187,0.058613230152799824,0.08925484801746843,0.24257425742574257,0.1801700576981476,0.3050104679802956
geolife_adaptive_privic_3_thin_0.5,geolife,privic,3.0,adaptive,8.0,47,53,0.11266028239430938,0.07703715634856076,0.15698931010773068,2.5352692922648936,2.3000530001127593,2.7813488503731962,10688.047948965735,9694.532869788653,11724.999592501345,0.16953933043155894,0.14662524670486138,0.19296107438214416,3.3510453419513064,3.151421042578724,3.557371142819993,0.8883647798742139,0.8460551697530864,0.9246853298611112,26.77751572327044,24.61717099073672,28.887680093344155,4.2212012218063375,4.053282672078879,4.382581772658217,0.015625,0.015625,0.015625,0.05527630810061849,0.044625412838802614,0.06635887290088341,0.7266666666666667,0.6299551282051282,0.8229319852941176,1.9622641509433962,1.5658867924528304,2.36,1.0,1.0,1.0,4.527679245283019,4.499770358851675,4.556528860294117,5.568478301886792,5.45739054375,5.699728682142856,0.1384918166624178,0.12236655160435904,0.1559689299583533,0.5148514851485149,0.4396020243846331,0.5891584890442264
geolife_adaptive_privic_3_thin_0.75,geolife,privic,3.0,adaptive,8.0,47,53,0.17712569119934082,0.1315278986017654,0.2274643681769264,2.043176636787701,1.823286799292298,2.2507686478948625,8615.991460076764,7696.2766611644365,9490.064856521823,0.2541114014576764,0.23138668082348962,0.27680443471687743,2.985359145996749,2.7442633655470874,3.2203923036410287,0.8946540880503144,0.8528958333333334,0.9343074845679012,21.1875,19.514513757861636,22.916172701719578,3.697416152446754,3.55304036446932,3.8356323994113737,0.015625,0.015625,0.015625,0.07319266367136291,0.061445523435616024,0.08485174474594598,0.825,0.7448925314806775,0.9058683018124507,2.6037735849056602,2.1729952830188677,3.0357142857142856,1.0,1.0,1.0,4.722584905660377,4.548456299891147,4.923581315789473,5.689320754716981,5.475122293882978,5.937297687074829,0.1831176306727633,0.1656614634669366,0.20065729177695682,0.6831683168316832,0.6205063291139241,0.7460942559909326
geolife_adaptive_privic_10_thin_0.25,geolife,privic,10.0,adaptive,8.0,47,53,0.03888777655323021,0.017628371617358966,0.06578218867200185,3.055546101527676,2.812487601080996,3.3218342480182614,12849.275833699377,11830.698616119696,13968.789733910906,0.06692785054051954,0.05202836340483867,0.08394800579951908,3.8193869574683554,3.6518659712120596,4.009193424273484,0.8922955974842767,0.8363609782030834,0.9389802631578947,42.216981132075475,38.67438826650944,45.7828518081761,5.194904083977678,5.007174186087704,5.373281329458401,0.015625,0.015625,0.015625,0.02840071299068814,0.02063302324841864,0.03653795811542486,0.48666666666666664,0.375796568627451,0.6122051886792452,1.0188679245283019,0.7306818181818181,1.3269230769230769,1.0,1.0,1.0,4.502245283018868,4.477933910714286,4.526996119281045,5.466411320754716,5.380340393396227,5.558483724019607,0.06740436728393616,0.054073504582743244,0.08308119607059428,0.26732673267326734,0.2054018492176387,0.3333650190114068
geolife_adaptive_privic_10_thin_0.5,geolife,privic,10.0,adaptive,8.0,47,53,0.14596055751309842,0.09556686488322907,0.2008704973180173,2.410850705231045,2.1729776024958385,2.6416872744412863,10166.58163684375,9163.766681665064,11133.099227842034,0.17727817564447826,0.15053179026615687,0.20817396687867407,3.2462666796972464,2.9808185127913007,3.5018810969283063,0.8950471698113207,0.8425380608974359,0.9429849036654135,27.160377358490567,24.644510918003565,29.670859603435673,4.211100113430348,4.010926589974659,4.402280134621099,0.015625,0.015625,0.015625,0.058513118031887155,0.04732239094600802,0.06957649022604483,0.76,0.6633298611111111,0.8492101648351648,2.0754716981132075,1.679245283018868,2.46,1.0,1.0,1.0,4.566650943396226,4.537302777777778,4.595982707457983,5.537347169811321,5.4462184713050314,5.636426453282827,0.14519726503416494,0.12305433243641656,0.1717523010816757,0.5445544554455446,0.4712018615474113,0.6146875134599646
geolife_adaptive_privic_10_thin_0.75,geolife,privic,10.0,adaptive,8.0,47,53,0.19627262686606256,0.1464387694360056,0.2498518446296047,1.9606730106726304,1.733601762043455,2.1796406163211475,8282.071065467642,7325.738907109524,9208.559169723716,0.2574126312079975,0.22732868320657076,0.2863009123804163,2.8262192572474696,2.6101954079574483,3.038310859102739,0.9186320754716981,0.8783089622641509,0.9545077690166976,21.66077044025157,19.533196714743593,23.731581662735845,3.6820050963247732,3.5001107814670753,3.862779527051247,0.015625,0.015625,0.015625,0.07583806985065261,0.06398940872958929,0.0870072749191152,0.8416666666666667,0.7708333333333334,0.9133703703703703,2.69811320754717,2.2706951530612245,3.1112179487179485,1.0,1.0,1.0,4.470037735849057,4.448481017904509,4.490913518867925,5.288646226415095,5.2151025367647055,5.36740067555147,0.18642431650821314,0.16553654114704025,0.2111768964067361,0.7079207920792079,0.6467654931862428,0.7656419836956522
static_adaptive_none_1,static,none,1.0,adaptive,8.0,20,80,0.49722046015034793,0.4558897258507447,0.5407952444018391,1.2791671276989414,1.1315646650013937,1.4313981798471387,1279.1671276989414,1131.564665001394,1431.3981798471389,0.5185450387458215,0.48383970625040623,0.5550588081488399,1.596873627570553,1.4540157478586513,1.7513958019960303,0.9846354166666667,0.9755208333333334,0.9924479166666667,14.38203125,12.731022135416666,16.169388020833335,2.2765760855749386,2.0730553335030564,2.469444121656964,0.015625,0.015625,0.015625,0.09682689906961582,0.08472475307532071,0.10962736636550897,1.0,1.0,1.0,3.4625,3.025,3.95,1.0,1.0,1.0,5.0797875,5.0323410937499995,5.128521718749999,6.622125625,6.400077078125,6.858704890625,0.09403458081178952,0.08040297828076884,0.10718888553209198,1.0,1.0,1.0
static_adaptive_random_0.15,static,random,0.15,adaptive,8.0,20,80,0.05618220552884495,0.034270695029612976,0.08092220252767092,3.067277527752416,2.8315890309434346,3.3177559174322826,3067.277527752415,2831.5890309434335,3317.7559174322814,0.057861376562007884,0.039207719664318574,0.08180435536816448,3.661569667644624,3.506000348356639,3.8092071732674073,0.9760416666666666,0.9544205729166667,0.990625,46.67942708333333,43.113203125000005,50.07524739583333,5.306293209802744,5.071523711505963,5.513055599867186,0.015625,0.015625,0.015625,0.015454417217102506,0.010533522951244828,0.020460005830212916,0.42857142857142855,0.31935307017543857,0.5384615384615384,0.55,0.375,0.725,1.0,1.0,1.0,5.186518749999999,5.14213015625,5.2443678125,6.5117031249999995,6.284574281249999,6.7814659062499985,0.059040759248695084,0.04722804927136037,0.07225104185833502,0.1588447653429603,0.11454444935869085,0.20486548261390886
static_adaptive_random_0.3,static,random,0.3,adaptive,8.0,20,80,0.11307646352178022,0.07461827464651023,0.15854911270442196,2.545735266455604,2.2977640259460497,2.8136754437437594,2545.7352664556033,2297.76402594605,2813.675443743759,0.13251406461817758,0.10268304887179139,0.1641081034578591,3.172375996970525,2.9791882030147856,3.3578409140283454,0.9747395833333334,0.9562369791666667,0.9901041666666666,35.896875,32.21572265625,39.95360677083334,4.581912499958493,4.315285200425783,4.844368750131158,0.015625,0.015625,0.015625,0.030469392029107024,0.024760572652404476,0.03682620503157177,0.7402597402597403,0.6493506493506493,0.8227848101265823,1.0875,0.875,1.3125,1.0,1.0,1.0,5.08310625,5.06754828125,5.1004629687500005,6.173555625,6.0699291875,6.2878025937499995,0.09241674472530667,0.07361442408317907,0.10995038785337953,0.3140794223826715,0.2551584171014124,0.38407190635451505
static_adaptive_random_0.5,static,random,0.5,adaptive,8.0,20,80,0.21519839217163722,0.14744967306705126,0.28356404511418265,2.1309854776865693,1.906045791100171,2.379838418877464,2130.985477686569,1906.0457911001706,2379.8384188774635,0.22506681886356877,0.1711026981239905,0.2788361908575362,2.7184687966545007,2.5003992959620107,2.942792546704839,0.9809895833333334,0.9630208333333334,0.9942708333333334,29.02135416666667,26.329114583333332,31.964967447916663,3.9444744167256793,3.6489117332203604,4.255863272621083,0.015625,0.015625,0.015625,0.047720579724724224,0.039783491594420003,0.055720263522318916,0.8831168831168831,0.8133333333333334,0.9487179487179487,1.7,1.425,1.975,1.0,1.0,1.0,5.15684375,5.1350284375,5.177935312500001,6.265443749999999,6.18011628125,6.354931343749999,0.10659965166774174,0.09272195911267547,0.1208042709528653,0.49097472924187724,0.42306451612903223,0.5674813364259731
static_adaptive_random_0.7,static,random,0.7,adaptive,8.0,20,80,0.325362011746424,0.2610124947214953,0.38769847390585005,1.7717076794438094,1.5770854504470477,1.994401115494184,1771.7076794438094,1577.085450447048,1994.4011154941843,0.3348496484299965,0.2765789290540776,0.39194612292041764,2.262339845938606,2.0556319981016626,2.4824160154951596,0.9815104166666666,0.9645833333333333,0.9942708333333334,22.09609375,19.96184895833333,24.80481770833333,3.2554980413402843,2.9702973709992175,3.570238864011219,0.015625,0.015625,0.015625,0.06302048113932227,0.05399078459304018,0.07162446861422396,0.961038961038961,0.9176478238252125,1.0,2.25,1.925,2.55,1.0,1.0,1.0,5.10273125,5.08187703125,5.12112375,6.291768124999999,6.20269425,6.391358421874999,0.11550697070212901,0.09798577923032728,0.13413047160558328,0.6498194945848376,0.5816476031358437,0.7246776326665564
static_adaptive_bsp_0.05,static,bsp,0.05,adaptive,8.0,20,80,0.04514066522876513,0.03369811619161159,0.05737307159019109,3.1091568016577695,2.859661957046644,3.4114890652766423,3109.1568016577708,2859.661957046645,3411.489065276642,0.04495806633572752,0.044397714147033224,0.04563423862147191,3.4272596449557673,3.3317253397605606,3.550876246140077,0.9388020833333334,0.8999869791666667,0.9726627604166667,34.45338541666667,32.510859374999995,36.60263671875,4.945421085906372,4.884816015296055,5.010183887198547,0.015625,0.015625,0.015625,0.027467898103586415,0.021113087916523828,0.03381737523277427,0.6103896103896104,0.5066623376623377,0.7067215189873417,1.0,0.775,1.2375,1.0,1.0,1.0,30.7883,30.688845,30.891116562499995,37.67479625,36.80624725,38.58455776562499,0.040300105427320404,0.030765543579751847,0.05101976305778629,0.2888086642599278,0.23212359943977592,0.34568110483364717
static_adaptive_bsp_0.1,static,bsp,0.1,adaptive,8.0,20,80,0.07395767313198956,0.059914384415678375,0.08784875996760763,2.328332049998757,2.139919496407214,2.541044079292752,2328.3320499987567,2139.919496407213,2541.04407929275,0.0800136069443007,0.07806956085211145,0.08163117567074117,2.962905379201545,2.846348354440228,3.102966909813902,0.9690104166666667,0.934375,0.9942708333333334,24.63046875,22.818769531250002,26.51554036458333,4.292511120882469,4.207285034348813,4.3799213693064125,0.015625,0.015625,0.015625,0.046824519883840246,0.03963567089363104,0.05450304182878843,0.8311688311688312,0.7662337662337663,0.8947368421052632,1.6875,1.425,1.975,1.0,1.0,1.0,30.673849999999998,30.611234999999997,30.74649140625,38.34694125,37.47929298437499,39.222098921874995,0.04692714414639513,0.0408033923654501,0.05337921233183041,0.48736462093862815,0.4374667553191489,0.5390388494867858
static_adaptive_bsp_0.2,static,bsp,0.2,adaptive,8.0,20,80,0.15446540679011386,0.13273083132642463,0.17643919294861682,1.815990948293567,1.6370842957537703,2.0151737088310773,1815.9909482935668,1637.0842957537702,2015.173708831077,0.14359255122352169,0.13929123882355868,0.14773188355211078,2.4875174189831304,2.3575304182095347,2.644616779088046,0.9729166666666667,0.94296875,0.9947916666666666,19.160416666666666,17.615162760416663,20.88439453125,3.662759180405898,3.5526610804252416,3.783692423576192,0.015625,0.015625,0.015625,0.055782431927957885,0.048321503865805894,0.0635145271508232,0.922077922077922,0.8666666666666667,0.9743589743589743,2.0,1.725,2.2878125,1.0,1.0,1.0,30.651881249999995,30.597497187499997,30.706016093749998,37.397616875,36.5243981875,38.294276984374996,0.08361830417712948,0.06825073298372736,0.10201535423028658,0.5776173285198556,0.5326349816529792,0.6270491803278688
static_adaptive_bsp_0.4,static,bsp,0.4,adaptive,8.0,20,80,0.20873854438519368,0.17295603716712774,0.2423168153913202,1.60035568802352,1.467365897962016,1.7588110331624442,1600.3556880235199,1467.3658979620159,1758.8110331624443,0.24094594672508202,0.22987901115083845,0.2516126877448637,2.1875855039641268,2.0390533976551666,2.361432927324796,0.97578125,0.9552083333333334,0.9906315104166666,15.5046875,13.841464843750002,17.37641276041667,3.0495739726785347,2.9056245897453286,3.2080200473664076,0.015625,0.015625,0.015625,0.07589185069907733,0.06665216352859131,0.08496632083206067,0.987012987012987,0.9599864864864864,1.0,2.725,2.3875,3.075,1.0,1.0,1.0,30.6520375,30.56746359375,30.719881406250003,38.286953749999995,37.495897093749996,39.162925734374994,0.13329842329046343,0.11204937280704441,0.15698682202909517,0.7870036101083032,0.7464609692050609,0.8298879646282974
walk_adaptive_none_1,walk,none,1.0,adaptive,8.0,20,80,0.16362411259319418,0.1346660484675728,0.19652526951331065,2.062375243701727,1.8845997316834788,2.2505083512379147,2062.3752437017274,1884.5997316834794,2250.5083512379156,0.16088554230688437,0.14714440742800405,0.17505571927817792,2.950534546396183,2.8159421392639823,3.082423687698193,0.9526041666666666,0.9377604166666667,0.9674479166666666,26.1171875,24.476555989583332,27.78110677083333,4.222440432943262,4.1061126058796695,4.338544092146258,0.015625,0.015625,0.015625,0.09784464707237733,0.0842197450316609,0.11090004922938398,1.0,1.0,1.0,3.5,3.0125,3.9628124999999996,1.0,1.0,1.0,4.9357,4.9202621875,4.952605312499999,6.199476249999999,6.121629171874999,6.293617656249999,0.12868370365602544,0.11622797394771986,0.14213010672446375,1.0,1.0,1.0
walk_adaptive_random_0.15,walk,random,0.15,adaptive,8.0,20,80,0.0370545249245394,0.018494398636359856,0.05598368528814976,3.5272190841729083,3.201321465799131,3.8629929427107594,3527.2190841729084,3201.3214657991316,3862.992942710759,0.03807379915613458,0.03193721010700923,0.045146227395675545,3.832279133197762,3.7429603455536706,3.916965859709274,0.9677083333333334,0.95703125,0.9786458333333334,50.26770833333333,48.268841145833335,52.386660156249995,5.59237370125614,5.502888633903023,5.681745454653801,0.015625,0.015625,0.015625,0.01815626477239839,0.012033665133398654,0.024638683015552113,0.2567099567099567,0.18196754385964908,0.3246780996780997,0.65,0.4375,0.875,1.0,1.0,1.0,5.173568749999999,5.1501796875000005,5.200225937499999,6.735229999999999,6.54186884375,6.950702374999999,0.04557681983808269,0.03394061928465006,0.05717645503262742,0.18571428571428572,0.13702020202020201,0.23052752166951912
walk_adaptive_random_0.3,walk,random,0.3,adaptive,8.0,20,80,0.049751688259650394,0.031111764120109627,0.06993438787943301,3.256550054765306,2.9924223139500965,3.51523206801278,3256.5500547653055,2992.4223139500964,3515.23206801278,0.05483056838689489,0.04641743972154461,0.06456181437899078,3.706946178039197,3.5993118172708667,3.8055344554125017,0.9515625,0.93203125,0.9692708333333332,44.5109375,42.22968098958333,46.942897135416665,5.342990476870943,5.226660366740261,5.457513820672963,0.015625,0.015625,0.015625,0.03221131277547823,0.025817708792785214,0.038728248316978374,0.4235930735930736,0.35177719298245613,0.49742479742479734,1.1625,0.925,1.4,1.0,1.0,1.0,5.0340187499999995,5.009601875,5.056207343750001,6.5294431249999985,6.2872400937499995,6.8234541874999985,0.0622690192358434,0.050571640950121836,0.07579700550796618,0.33214285714285713,0.2762211668928087,0.38780018031308905
walk_adaptive_random_0.5,walk,random,0.5,adaptive,8.0,20,80,0.07869040483381194,0.05729555937553613,0.10016746989996544,2.8034174262101828,2.6068813589803272,3.002619709766261,2803.4174262101833,2606.881358980328,3002.619709766261,0.07887688693449936,0.07077689629773305,0.08786523534165512,3.512102432004471,3.3954762561993017,3.6231353825605033,0.9432291666666666,0.9213411458333333,0.9617252604166666,38.53125,36.69007161458334,40.35983072916666,5.033808631617197,4.94023131215278,5.127914630410107,0.015625,0.015625,0.015625,0.04743666272026318,0.03972991942563352,0.05484858085615077,0.5922077922077922,0.5168831168831168,0.6706221884840307,1.7,1.425,1.9628124999999996,1.0,1.0,1.0,5.132737499999999,5.114584375,5.149845,6.466333125,6.31586609375,6.709693749999999,0.07598852347948402,0.06551444739248406,0.08588256525327054,0.4857142857142857,0.4323339731932377,0.5454713183495471
walk_adaptive_random_0.7,walk,random,0.7,adaptive,8.0,20,80,0.0883788096003417,0.06208475625726896,0.11649614129211268,2.5895482617185666,2.391896942834735,2.7975762416179277,2589.548261718567,2391.896942834736,2797.576241617928,0.10153106729193517,0.09082528271155305,0.11294049505724371,3.3585803824826073,3.2407708472974592,3.4786364392766878,0.9520833333333334,0.9330729166666666,0.9708333333333334,34.01510416666667,31.91220703125,36.079889322916664,4.780795548692194,4.666227114514676,4.8947349988551565,0.015625,0.015625,0.015625,0.0647092763041309,0.0546267054065742,0.07432289394686435,0.7686147186147185,0.7034610828360829,0.840354763491006,2.3125,1.95,2.65,1.0,1.0,1.0,5.0659875,5.038393281249999,5.098617031249999,7.02434,6.4089033593749996,7.966436640624999,0.09266457926865347,0.07893950925437618,0.1080222862981284,0.6607142857142857,0.610894534620582,0.7192464539007092
walk_adaptive_bsp_0.05,walk,bsp,0.05,adaptive,8.0,20,80,0.037956703145667986,0.02684259330305473,0.05213122267950148,3.3187066193136117,3.093909395840435,3.54421980949904,3318.7066193136116,3093.909395840435,3544.21980949904,0.04023890810667743,0.03975028503278109,0.04074170190883067,3.677324486127702,3.5983365749251255,3.760418094861185,0.9533854166666667,0.9288997395833334,0.9760416666666666,40.23046875,39.440279947916665,41.033365885416664,5.314523262158977,5.28932532639287,5.339064393445916,0.015625,0.015625,0.015625,0.02920458780080243,0.02279624689369326,0.036492745997767,0.39805194805194805,0.323963299358869,0.47939806903622684,1.0625,0.825,1.325,1.0,1.0,1.0,30.729025,30.65497203125,30.8115890625,39.72882,38.616954234374994,40.847714624999995,0.03931909115691062,0.03136763171106413,0.04886258583282044,0.30357142857142855,0.2473108504398827,0.36288837744533947
walk_adaptive_bsp_0.1,walk,bsp,0.1,adaptive,8.0,20,80,0.05903409581674766,0.03752503319795801,0.08266113474515574,2.85040950806546,2.643828580837476,3.050931865099791,2850.40950806546,2643.828580837476,3050.931865099792,0.06779980789755188,0.06624999368160936,0.06944575711964845,3.4270975096959093,3.3419919019193607,3.5074544252912676,0.94921875,0.9309895833333334,0.9666666666666666,33.65833333333333,32.44578776041667,34.84673177083334,4.920139461450873,4.872030073877302,4.967506861333997,0.015625,0.015625,0.015625,0.04704845522929654,0.04002479921734189,0.055446308820957524,0.6287878787878788,0.537474947257384,0.7278879385964911,1.7125,1.4621875,2.025,1.0,1.0,1.0,30.77768125,30.710993593750004,30.84638875,39.820128125,39.055144406249994,40.55505771874999,0.06596445541103871,0.05323461342693747,0.08196120455953144,0.48928571428571427,0.4222222222222222,0.5584959132228249
walk_adaptive_bsp_0.2,walk,bsp,0.2,adaptive,8.0,20,80,0.10689619899135083,0.07870783448810596,0.13876099426453037,2.3174774045812674,2.113510784012828,2.533068416092262,2317.4774045812674,2113.510784012829,2533.068416092263,0.10127195770895318,0.09794508963856739,0.10502344154308002,3.1918867252373575,3.071908500310034,3.313902271288211,0.9481770833333334,0.9302083333333334,0.965625,29.83125,28.6186328125,31.038131510416665,4.60185637414078,4.537800022564459,4.660760936400889,0.015625,0.015625,0.015625,0.06902534421495846,0.05853556968955978,0.0803233613625786,0.7904761904761904,0.7035489035087719,0.8675493421052631,2.4875,2.1,2.8875,1.0,1.0,1.0,30.39076875,30.287136875000005,30.496853124999998,38.71268375,37.95610626562499,39.478591484374995,0.10180570228348307,0.08295809562125435,0.12368812973021144,0.7107142857142857,0.6428510063819343,0.767276955602537
walk_adaptive_bsp_0.4,walk,bsp,0.4,adaptive,8.0,20,80,0.13188621252226185,0.11061370561788801,0.15577570052099834,2.1971650027315306,2.0527544022412236,2.3451873106134626,2197.165002731531,2052.7544022412235,2345.1873106134626,0.12639990883464783,0.11824738471870469,0.13406018186190122,3.0800034370205256,2.9770351467017044,3.185421939124563,0.95625,0.9450520833333333,0.9666666666666666,27.86484375,26.394121093749998,29.384147135416665,4.422855089574482,4.336817494864751,4.515720177745189,0.015625,0.015625,0.015625,0.08554021426286837,0.07231580045673465,0.09877923374526115,0.9038961038961039,0.853794522987561,0.9483069620253165,3.075,2.6,3.55,1.0,1.0,1.0,30.743174999999997,30.609887968749998,30.958158593750003,40.403710624999995,38.7238344375,42.762476265625,0.11642409812322256,0.10324322844973517,0.13019938349521495,0.8785714285714286,0.8312164192696475,0.9213144028103044
commute_adaptive_none_1,commute,none,1.0,adaptive,8.0,20,80,0.07810824419069856,0.06837981801890503,0.08806250823117043,2.712701609199969,2.5989606084368453,2.8336541382399654,2712.7016091999694,2598.9606084368456,2833.6541382399655,0.1341727331244847,0.12544755079677927,0.14301751993815293,4.153571049133047,4.0567938179815775,4.244205180863545,0.78359375,0.7692708333333333,0.7986979166666667,28.37682291666667,27.132330729166668,29.759667968749998,4.440459102904863,4.3598542253016035,4.525930337921174,0.015625,0.015625,0.015625,0.08919354094645834,0.07719021450878465,0.10296304211433832,1.0,1.0,1.0,3.2375,2.8125,3.7378124999999995,1.0,1.0,1.0,4.903056250000001,4.8797846875,4.9252653125000005,6.190027499999999,6.048790968749999,6.326245953124999,0.08110799866631438,0.07538577652376006,0.08726706515693819,1.0,1.0,1.0
commute_adaptive_random_0.15,commute,random,0.15,adaptive,8.0,20,80,0.02012242590376565,0.01476758050825469,0.025136459654274808,3.947058303052857,3.724707528212158,4.176861945362262,3947.058303052857,3724.7075282121577,4176.861945362261,0.033949580122661485,0.030754397418226883,0.037217033720963466,4.239386636279326,4.160879113799048,4.320579160895397,0.8997395833333334,0.878125,0.9213606770833332,52.26979166666666,51.01787109375,53.461634114583326,5.673054496901943,5.625678386319834,5.722084643657459,0.015625,0.015625,0.015625,0.015184274123333253,0.011028941636020029,0.019774304501453403,0.2189497716894977,0.16187048135464233,0.2717963963963964,0.55,0.4,0.7125,1.0,1.0,1.0,5.117143749999999,5.09933640625,5.136231875,6.612436874999998,6.479628124999999,6.758136656249999,0.02677057214495729,0.023446253048016206,0.029903102620997376,0.16988416988416988,0.12851132155079462,0.20785067873303167
commute_adaptive_random_0.3,commute,random,0.3,adaptive,8.0,20,80,0.03673994693399081,0.029025962641585697,0.04521269861794007,3.484742092015651,3.314830437321909,3.6787955161639334,3484.742092015651,3314.8304373219084,3678.795516163933,0.050621631291367354,0.04417430197414485,0.058255690677185654,4.237391418448571,4.110705303472368,4.36699347964476,0.8708333333333333,0.8447916666666666,0.8953125,45.782552083333336,43.41333984375,48.0328515625,5.409078985571111,5.302803833601386,5.508882164653696,0.015625,0.015625,0.015625,0.03062248226854595,0.023599105743711227,0.03744613318318996,0.4041095890410959,0.3152942028985507,0.48136454678362567,1.1125,0.8625,1.3625,1.0,1.0,1.0,5.0187937499999995,5.0004240625,5.03623265625,6.321681249999999,6.1342079375,6.574696031249999,0.03914253481483327,0.033264066017952613,0.045215616246883965,0.3436293436293436,0.26951356423078177,0.41954528206425495
commute_adaptive_random_0.5,commute,random,0.5,adaptive,8.0,20,80,0.0476096437707023,0.038299969720437456,0.05793263236992287,3.3120241789193763,3.0849355922824095,3.557895164515444,3312.0241789193765,3084.9355922824097,3557.8951645154443,0.07703001733287598,0.07016224304612977,0.08447646081732346,4.3238694313026595,4.193628132084544,4.449352638894791,0.8184895833333334,0.7973958333333333,0.8411458333333334,38.40182291666667,36.39322265625,40.20783854166667,5.039446782715682,4.936964069554035,5.1309231363783345,0.015625,0.015625,0.015625,0.045152597908398616,0.03690906739629094,0.05348009338213506,0.567351598173516,0.47880788474810215,0.6432881944444443,1.6375,1.325,1.9378124999999997,1.0,1.0,1.0,5.09091875,5.07387640625,5.10919015625,6.234399375,6.162991265625,6.306504062499999,0.05397922076538182,0.04847776804031158,0.05979842070910951,0.5057915057915058,0.4325186635740269,0.5696881403688525
commute_adaptive_random_0.7,commute,random,0.7,adaptive,8.0,20,80,0.05514893083635656,0.046580875628339125,0.06375138506783445,3.1166085642247103,2.958560234604499,3.284962564251672,3116.6085642247103,2958.560234604499,3284.962564251673,0.09961360848320178,0.09281813643764891,0.10691885490422243,4.256757967388623,4.142444462078724,4.366259587291918,0.79609375,0.7783854166666667,0.8132942708333333,33.47708333333333,31.888749999999998,34.998059895833336,4.780581497830639,4.695692934951684,4.860794925464491,0.015625,0.015625,0.015625,0.06089409745062019,0.052315543689721675,0.06974680509904728,0.7299086757990867,0.640312987987988,0.8093464788732393,2.2125,1.8875,2.5375,1.0,1.0,1.0,5.0256687499999995,5.003886249999999,5.048869375000001,6.208441249999999,6.127658359374999,6.287471093749999,0.06241630591115536,0.05694849504133121,0.06831872523489319,0.6833976833976834,0.6204199650457489,0.7488835424329454
commute_adaptive_bsp_0.05,commute,bsp,0.05,adaptive,8.0,20,80,0.02817244595320767,0.020079524933345732,0.0364986414026331,3.774769498891787,3.59271341279291,3.9831536074834997,3774.7694988917874,3592.7134127929103,3983.1536074834994,0.03960596854592911,0.038944450125790724,0.040261323823015074,4.183551457411741,4.048889673286967,4.337934060168769,0.86328125,0.83203125,0.8901041666666666,41.23125,40.14034505208334,42.403378906250005,5.351527544919469,5.315729123890737,5.389935632636719,0.015625,0.015625,0.015625,0.027969863969675,0.022076813701241635,0.03461547607020251,0.3835616438356164,0.3092503306878307,0.46103981550043194,1.025,0.8125,1.2625,1.0,1.0,1.0,30.67499375,30.6285296875,30.71944421875,39.162241249999994,38.346717671875,40.031360125,0.03242896733228114,0.029406427691860994,0.035396767047014235,0.3166023166023166,0.2633537565287264,0.3701932251908397
commute_adaptive_bsp_0.1,commute,bsp,0.1,adaptive,8.0,20,80,0.038753608677925086,0.030830027100901127,0.048018145525896984,3.3345063328974915,3.158208037627118,3.479798657437967,3334.5063328974916,3158.208037627118,3479.7986574379665,0.0666695827330301,0.06373067536661194,0.06944141137272793,4.1364826644841886,4.013556321237637,4.253516366802125,0.8247395833333334,0.7994791666666667,0.84896484375,35.055729166666666,33.58125,36.625553385416666,4.988551662115762,4.923005288564119,5.053506826409647,0.015625,0.015625,0.015625,0.04862862166246661,0.040222123782108904,0.058022394300779594,0.621689497716895,0.5445608108108108,0.6980912162162163,1.7625,1.4621875,2.1,1.0,1.0,1.0,30.9978,30.90882484375,31.08893890625,40.510815625,39.484950562499996,41.495147437499995,0.045306911891868744,0.04072558937009831,0.04954607280710181,0.5444015444015444,0.48287631402370834,0.6050554086176303
commute_adaptive_bsp_0.2,commute,bsp,0.2,adaptive,8.0,20,80,0.053890327427925086,0.04699898533089451,0.06070569337933839,3.011628125521965,2.9119365531104346,3.1060873722345863,3011.6281255219646,2911.9365531104345,3106.0873722345864,0.0959529459731063,0.08952936004734388,0.10179916501999309,4.071501936684477,3.9746609028997977,4.166326650533863,0.8283854166666667,0.8057291666666666,0.8507877604166667,32.08177083333333,30.20359375,34.13877604166667,4.7279335200543695,4.63126146751824,4.835148137942343,0.015625,0.015625,0.015625,0.06032832740043196,0.0514889410645012,0.06969024992610058,0.7278538812785388,0.6451252815315315,0.8102502314814815,2.1875,1.8621875,2.5375,1.0,1.0,1.0,30.538343750000003,30.461394375,30.609653281249997,38.62040749999999,37.855558124999995,39.41781890625,0.05495278327551981,0.048693187575408095,0.06027833128980783,0.6756756756756757,0.6283461574997625,0.7279418807752986
commute_adaptive_bsp_0.4,commute,bsp,0.4,adaptive,8.0,20,80,0.06851700270033069,0.05913892661297134,0.07800101939127319,2.902480721242541,2.7770350715154772,3.049152404916611,2902.480721242541,2777.0350715154773,3049.1524049166114,0.12266494421359153,0.11258491784681912,0.13208951155286328,4.314211388047002,4.1933136645652045,4.43418511606963,0.76484375,0.74375,0.78671875,29.36354166666667,27.747552083333332,31.210690104166662,4.516307041823088,4.409689964994713,4.636395796899053,0.015625,0.015625,0.015625,0.07747586533484485,0.06767215947666316,0.08961962371049192,0.8940639269406393,0.8423052601538091,0.9404395738203958,2.8125,2.45,3.2503124999999997,1.0,1.0,1.0,30.7274625,30.67009765625,30.794071093750002,39.2698975,38.457285093749995,40.05072225,0.07798061568024982,0.06921080914018224,0.08649828432126885,0.8687258687258688,0.8319565632528351,0.9021408397665223
geolife_adaptive_none_1,geolife,none,1.0,adaptive,8.0,47,53,0.31415237970809323,0.25364971855511403,0.38281019390758564,1.5058615989790205,1.287438941218561,1.7313752896329455,6359.308633751107,5438.50768046582,7318.419859223263,0.3426066343184648,0.30397668146323203,0.3872546219530557,2.372267636465597,2.110315661438956,2.6384162365352806,0.9257075471698113,0.8895174343322235,0.9563777515723271,17.299135220125784,15.306770242819349,19.23185872906855,3.1789935405293086,2.9337507521678394,3.393884739241714,0.015625,0.015625,0.015625,0.10720635907603872,0.09301090749917751,0.12086732532680008,1.0,1.0,1.0,3.811320754716981,3.3190133500208594,4.3270833333333325,1.0,1.0,1.0,5.131528301886792,5.110054931972789,5.153943783422459,6.358779245283018,6.233398761538461,6.493703013636363,0.18730825313899332,0.16976504707144519,0.20808161564392025,1.0,1.0,1.0
geolife_adaptive_random_0.15,geolife,random,0.15,adaptive,8.0,47,53,0.025722307693653832,0.00975559474613658,0.045184294442128056,3.1154189916574566,2.837321405444325,3.4136071509041277,13138.400239087814,11971.850451092609,14399.651118144735,0.03750527010610944,0.02773747502549364,0.049131262576085646,3.9680340712621263,3.8640198770656586,4.064603431054836,0.9477201257861635,0.9128916301169591,0.9787431459652827,52.33333333333333,49.4960544418239,54.908909336419754,5.658209868183637,5.5181782068513865,5.778549663019156,0.015625,0.015625,0.015625,0.01854982816397949,0.012344084306513745,0.025480794107921746,0.32666666666666666,0.21967329545454545,0.4519230769230769,0.660377358490566,0.43636363636363634,0.9074074074074074,1.0,1.0,1.0,5.153377358490566,5.135756898584906,5.170901064560439,6.269378301886792,6.168978944811321,6.377857091346154,0.04818389564800843,0.032959563754600525,0.06627898841039566,0.17326732673267325,0.11916045984455959,0.23560826829991108
geolife_adaptive_random_0.3,geolife,random,0.3,adaptive,8.0,47,53,0.0809181086018727,0.047582452416541646,0.1156952518656388,2.638794847436524,2.384872500844978,2.893858271229596,11145.464640654878,10064.983436686342,12230.632974153099,0.06974319608232964,0.05570361016174614,0.08527288207986197,3.7365232824255994,3.5733899957498716,3.9057653806124057,0.9080188679245284,0.8523441021523551,0.9545105542216887,41.80385220125786,38.51790075679394,45.073282047193885,5.179881091990393,5.0039635157494,5.341875703137078,0.015625,0.015625,0.015625,0.03266528458828098,0.024187970912684993,0.04191296459258522,0.56,0.44896722325293753,0.6767090643274855,1.169811320754717,0.8541666666666666,1.5263397129186604,1.0,1.0,1.0,5.163377358490566,5.146319451923077,5.1794263071895426,6.482874528301886,6.2085442129629635,6.937371183035714,0.08892550736602858,0.06682995399660807,0.11443114925285225,0.3069306930693069,0.23527911164465787,0.37968901079385126
geolife_adaptive_random_0.5,geolife,random,0.5,adaptive,8.0,47,53,0.15111640335602777,0.10755341376285929,0.20044807232523063,2.1866515401262148,1.9780464423298334,2.402775006308646,9229.559779162373,8350.167154623758,10141.833752987119,0.14021399042837743,0.1136914628652683,0.17020361425073696,3.247259140886965,3.0594258292895495,3.4337532362381156,0.9241352201257861,0.8870192307692307,0.9568784136047667,31.5687893081761,28.709318494496856,34.38534503229483,4.508974888114008,4.291249065178692,4.704480040818019,0.015625,0.015625,0.015625,0.060071279967407576,0.048941657271156694,0.07079801631289626,0.76,0.6633298611111111,0.8492101648351648,2.1320754716981134,1.7307291666666667,2.520157894736842,1.0,1.0,1.0,5.095933962264151,5.075252070230608,5.117522002262444,6.286831132075472,6.177986316964286,6.4265210185185175,0.13789487797921346,0.11248849183215257,0.16857918637101119,0.5594059405940595,0.49178695778325837,0.6306901737967915
geolife_adaptive_random_0.7,geolife,random,0.7,adaptive,8.0,47,53,0.18619108038235577,0.13934465021077969,0.23485652517668834,1.8911325083549966,1.6904920016420912,2.1144200300093057,7988.317316027532,7146.948338565341,8929.986620692893,0.21707177290329005,0.1889105111989564,0.24882362363584123,2.940809724696667,2.718812029034591,3.1818983718334684,0.9158805031446541,0.874171543617447,0.9549468946232338,24.011006289308174,21.55480478829463,26.377169319968555,3.919559358544019,3.709716215823655,4.112239319048996,0.015625,0.015625,0.015625,0.07324655587690608,0.06174526310936537,0.08478416319922201,0.82,0.7430555555555555,0.8962374213836478,2.6037735849056602,2.1799117647058823,3.036363636363636,1.0,1.0,1.0,5.157669811320754,5.140682338800905,5.17789604368063,6.335104716981132,6.229738572356215,6.452221981424148,0.16825187264615646,0.14970575918008447,0.18672297677058675,0.6831683168316832,0.622026366022429,0.7525800908990135
geolife_adaptive_bsp_0.05,geolife,bsp,0.05,adaptive,8.0,47,53,0.010362676418837974,0.005825745159010931,0.01566829669067146,3.5876846443119423,3.354914601484291,3.8586233556783553,15109.280047400904,14120.716240796159,16280.364091256766,0.044034209308198485,0.04312363634264882,0.04489640615801732,3.7499759087619777,3.617144453195004,3.8808836200811547,0.9205974842767295,0.8769611730101929,0.9602651824618735,36.20754716981132,33.78968942901235,38.720944741532975,5.126665889435389,5.048936327257736,5.204688421751083,0.015625,0.015625,0.015625,0.02851227230103189,0.0217450623717581,0.03576965642110505,0.515,0.4166666666666667,0.6200048076923077,1.0188679245283019,0.7777210884353741,1.2778508771929824,1.0,1.0,1.0,30.839877358490565,30.774855,30.906197439703153,39.29820188679245,38.37624261160713,40.20482465681818,0.03836307705505696,0.03554281470990874,0.040964528738308956,0.26732673267326734,0.2118180988870644,0.3214484126984127
geolife_adaptive_bsp_0.1,geolife,bsp,0.1,adaptive,8.0,47,53,0.02155514850606242,0.005740418163444112,0.04470707556367152,2.723618292135681,2.5446411286223776,2.896997405371108,11485.48174421738,10729.803946855243,12218.519521203028,0.07901247589885044,0.07688880782722404,0.08083072019266024,3.2551389267993622,3.0751433283496605,3.4427924902976286,0.9241352201257861,0.8764543737816765,0.9636440122377622,25.3561320754717,23.529649787347157,27.464584821428573,4.492523042805894,4.4042951998994,4.594472252782368,0.015625,0.015625,0.015625,0.05536513169246722,0.043999082780085075,0.06664717296971381,0.7716666666666667,0.671532883986928,0.859488423028786,2.0,1.5881127450980392,2.403935185185185,1.0,1.0,1.0,30.863188679245283,30.796191176470586,30.94406568627451,38.49668490566037,37.600649026880696,39.53008398027444,0.08301186805166937,0.07496661367366779,0.09665811382399714,0.5247524752475248,0.4456985962014864,0.5904082348812726
geolife_adaptive_bsp_0.2,geolife,bsp,0.2,adaptive,8.0,47,53,0.09446003831838147,0.05533583129365448,0.14053520610515005,2.1350260512414474,1.8962558012330195,2.3822719088942295,9019.617476277506,8009.275050824933,10062.101544448939,0.13691935700941957,0.131165383796701,0.14220809498733658,2.9860768543594025,2.7475455787582646,3.2636783669564724,0.9300314465408804,0.8894383342959826,0.9665882197462589,22.441430817610062,20.804231298379296,24.345761846405228,4.074124920574541,3.9814116795219174,4.172765565118684,0.015625,0.015625,0.015625,0.06492073195462765,0.0525954722566556,0.0775650812770735,0.7966666666666667,0.7058771380892783,0.8765499194847021,2.3207547169811322,1.877430426716141,2.810369225764476,1.0,1.0,1.0,30.832150943396226,30.765232150943394,30.908843506335284,38.61699150943396,37.720145957792205,39.67094994091386,0.1452529757474031,0.1220414498070823,0.1711146911409252,0.6089108910891089,0.5329580745341614,0.6730978260869566
geolife_adaptive_bsp_0.4,geolife,bsp,0.4,adaptive,8.0,47,53,0.2140282629297415,0.14917081554727848,0.27537121424688565,1.5909667203889137,1.4074423749508482,1.7982687675273235,6718.019353707053,5942.215318704335,7592.976803333722,0.22504899598216827,0.21206717317972104,0.23790866871720734,2.57110952436,2.339008201341907,2.807120665192218,0.9331761006289309,0.8987556974544204,0.9608941387559808,19.104166666666668,17.045742424242423,21.151009114583335,3.582694136193519,3.415907450959225,3.7465398888001586,0.015625,0.015625,0.015625,0.08119777000434109,0.06848800497532385,0.09357256850002427,0.8833333333333333,0.8090064858490567,0.9432624113475178,2.9245283018867925,2.43389752127266,3.421491228070175,1.0,1.0,1.0,30.629792452830188,30.56814375,30.695828692307693,38.09513396226415,37.28909176617647,38.8586785780446,0.21930081139636445,0.18993637067168956,0.2493118968392739,0.7673267326732673,0.6961261889844507,0.8305263534291639
