hit,error_cells,peak,logloss,covered95,credible95,entropy,ece,error_m,seed,user,scenario,condition,method,param,attack,side,prior_hit,legitimate,opportunities,complete,reports,utility,raw_completion,coverage,reward,latency_slots,gate_us_p50,gate_us_p95,cap_violations,alpha_true,alpha_model,move_model
0.7902545253710508,0.7314624270474422,0.7848836143266776,0.7377995260092854,1.0,10.666666666666666,1.1623176095950176,0.005370911044373108,731.4624270474424,2000,0,walk,move_true_0_none,none,1,adaptive,8,0.015625,34,1,1,3,1.0,0.029411764705882353,1.0,1,1.0,2.333,3.822899999999999,0,0.6480000000000001,0.6480000000000001,0
0.5511006070378267,1.2425457493866399,0.36693661367200264,1.8372180842839063,1.0,22.708333333333332,3.229824794991844,0.18416399336582412,1242.5457493866395,2000,1,walk,move_true_0_none,none,1,adaptive,8,0.015625,37,0,0,3,nan,0.0,nan,0,1.0,2.3125,3.653499999999999,0,0.6480000000000001,0.6480000000000001,0
0.4648726851851852,1.6437982855975959,0.3959302019748394,1.6959225286343642,1.0,13.1875,2.607836457638838,0.10707275840143626,1643.7982855975963,2000,2,walk,move_true_0_none,none,1,adaptive,8,0.015625,36,2,2,4,1.0,0.05555555555555555,1.0,2,1.0,2.209,2.5545999999999998,0,0.6480000000000001,0.6480000000000001,0
0.19106556939437377,1.9109280765407497,0.2027729107642473,2.572019622746961,1.0,28.395833333333332,4.148739685154103,0.10344673703348789,1910.9280765407495,2000,3,walk,move_true_0_none,none,1,adaptive,8,0.015625,33,1,1,4,1.0,0.030303030303030304,1.0,1,1.0,2.208,2.5959499999999998,0,0.6480000000000001,0.6480000000000001,0
0.958664021164021,0.18098506761297883,0.9590980275709974,0.18874700457894922,1.0,3.4375,0.24687389192127843,0.0004340064069761884,180.98506761297884,2001,0,walk,move_true_0_none,none,1,adaptive,8,0.015625,37,3,3,3,1.0,0.08108108108108109,1.0,3,1.0,2.167,2.4835499999999997,0,0.6480000000000001,0.6480000000000001,0
0.5846354166666666,0.6213291980712319,0.5435979973942767,1.0969581958043342,1.0,8.541666666666666,1.8961498078188634,0.04103741927238987,621.3291980712319,2001,1,walk,move_true_0_none,none,1,adaptive,8,0.015625,36,5,5,7,1.0,0.1388888888888889,1.0,5,1.0,2.167,2.542,0,0.6480000000000001,0.6480000000000001,0
0.3229166666666667,1.5863652197908935,0.38374367848761687,2.024072332898587,1.0,15.041666666666666,2.672845334968381,0.11475805999415106,1586.3652197908934,2001,2,walk,move_true_0_none,none,1,adaptive,8,0.015625,37,4,4,6,1.0,0.10810810810810811,1.0,4,1.0,2.167,2.36065,0,0.6480000000000001,0.6480000000000001,0
0.27179671003823547,1.5920346102479952,0.2751724952066887,1.8843467117659862,1.0,10.916666666666666,2.8496489240503906,0.06983751958515293,1592.0346102479969,2001,3,walk,move_true_0_none,none,1,adaptive,8,0.015625,32,0,0,3,nan,0.0,nan,0,1.0,2.167,2.44365,0,0.6480000000000001,0.6480000000000001,0
0.6875,1.5994468133168678,0.6965550872327878,1.4949667794833648,0.7708333333333334,17.4375,1.7813086968466687,0.009055087232787825,1599.4468133168673,2002,0,walk,move_true_0_none,none,1,adaptive,8,0.015625,39,3,3,3,1.0,0.07692307692307693,1.0,3,1.0,2.167,2.4295999999999998,0,0.6480000000000001,0.6480000000000001,0
0.9231770833333334,0.1822765471736468,0.7602923681372529,0.41645692280829016,1.0,4.416666666666667,0.9269152708928857,0.16288471519608025,182.27654717364678,2002,1,walk,move_true_0_none,none,1,adaptive,8,0.015625,38,6,6,6,1.0,0.15789473684210525,1.0,6,1.0,2.1455,2.4835499999999997,0,0.6480000000000001,0.6480000000000001,0
0.5956597222222223,0.6411644011908902,0.5947960195153728,1.073015397765575,1.0,6.645833333333333,1.483172698883808,0.03299041161319237,641.1644011908904,2002,2,walk,move_true_0_none,none,1,adaptive,8,0.015625,33,2,2,5,1.0,0.06060606060606061,1.0,2,1.0,2.25,2.48565,0,0.6480000000000001,0.6480000000000001,0
0.42463892962809163,1.149304526680615,0.4021034467337948,1.7657328801742311,1.0,15.3125,2.79432613897605,0.19189213041377826,1149.3045266806146,2002,3,walk,move_true_0_none,none,1,adaptive,8,0.015625,39,6,6,8,1.0,0.15384615384615385,1.0,6,1.0,2.125,2.5273,0,0.6480000000000001,0.6480000000000001,0
0.864914021164021,0.20455934983980917,0.8166865642408087,0.36122888229917843,1.0,3.0,0.6021328280041741,0.04822745692321245,204.5593498398091,2003,0,walk,move_true_0_none,none,1,adaptive,8,0.015625,35,5,5,6,1.0,0.14285714285714285,1.0,5,1.0,2.1875,2.8830999999999993,0,0.6480000000000001,0.6480000000000001,0
0.7589127886002887,0.609372650731642,0.751458453759856,0.6872097532778008,1.0,6.229166666666667,1.084481016621137,0.007454334840432533,609.372650731642,2003,1,walk,move_true_0_none,none,1,adaptive,8,0.015625,35,2,2,5,1.0,0.05714285714285714,1.0,2,1.0,2.167,2.5,0,0.6480000000000001,0.6480000000000001,0
0.39319752888850285,1.6500286410944458,0.3161103516260429,2.100368147114697,0.9583333333333334,32.6875,3.781390803491215,0.07716571650145206,1650.0286410944439,2003,2,walk,move_true_0_none,none,1,adaptive,8,0.015625,33,2,2,3,1.0,0.06060606060606061,1.0,2,1.0,2.1455,2.4853,0,0.6480000000000001,0.6480000000000001,0
0.756076388888889,0.28118303378697335,0.7711646973878308,0.4215549221509743,1.0,2.7916666666666665,0.5965669573278973,0.015730231934983067,281.1830337869733,2003,3,walk,move_true_0_none,none,1,adaptive,8,0.015625,40,6,6,7,1.0,0.15,1.0,6,1.0,2.167,2.44395,0,0.6480000000000001,0.6480000000000001,0
0.6550031565656566,0.7097045121566977,0.48102781317631,1.1960708829911813,1.0,10.916666666666666,2.163248152042684,0.17397534338934653,709.7045121566977,2004,0,walk,move_true_0_none,none,1,adaptive,8,0.015625,38,3,3,6,1.0,0.07894736842105263,1.0,3,1.0,2.1665,2.44365,0,0.6480000000000001,0.6480000000000001,0
0.5340677358906526,1.7565356707503916,0.5298254078756403,1.4703622795260352,1.0,10.625,2.0665845325726755,0.0355298576158315,1756.5356707503918,2004,1,walk,move_true_0_none,none,1,adaptive,8,0.015625,35,5,5,13,1.0,0.14285714285714285,1.0,5,1.0,2.167,2.56655,0,0.6480000000000001,0.6480000000000001,0
0.18574996519075468,1.7424007418154135,0.4772588935696131,2.227230169864829,1.0,13.1875,2.4604471261039484,0.3000276275711939,1742.4007418154133,2004,2,walk,move_true_0_none,none,1,adaptive,8,0.015625,37,5,5,7,1.0,0.13513513513513514,1.0,5,1.0,2.167,2.5,0,0.6480000000000001,0.6480000000000001,0
0.3558995980870981,0.9134941770598047,0.5036142349278645,1.6120216722882084,1.0,14.0,2.077009832448273,0.14771463684076647,913.4941770598051,2004,3,walk,move_true_0_none,none,1,adaptive,8,0.015625,35,4,4,6,1.0,0.11428571428571428,1.0,4,1.0,2.1455,2.4982499999999996,0,0.6480000000000001,0.6480000000000001,0
0.048941798941798946,2.4268015135647993,0.17752738082280492,3.1391612462929506,1.0,21.770833333333332,3.9210880831796278,0.12858558188100605,2426.801513564798,2005,0,walk,move_true_0_none,none,1,adaptive,8,0.015625,34,0,0,3,nan,0.0,nan,0,1.0,2.167,2.48565,0,0.6480000000000001,0.6480000000000001,0
0.6699636243386243,0.5272286864046394,0.6349225315622775,0.8768932806801004,1.0,6.9375,1.4116193128004932,0.03504109277634682,527.2286864046392,2005,1,walk,move_true_0_none,none,1,adaptive,8,0.015625,37,5,5,8,1.0,0.13513513513513514,1.0,5,1.0,2.208,2.4295999999999998,0,0.6480000000000001,0.6480000000000001,0
0.3034387949462645,2.087226165270097,0.5600281830790688,2.155711981396658,1.0,16.645833333333332,2.1587735355828017,0.2565893881328042,2087.2261652700995,2005,2,walk,move_true_0_none,none,1,adaptive,8,0.015625,42,4,4,5,1.0,0.09523809523809523,1.0,4,1.0,2.208,2.4166499999999997,0,0.6480000000000001,0.6480000000000001,0
0.489059468448932,1.3711645392609748,0.47994473959675577,1.737698409952169,1.0,20.729166666666668,2.6887422022253964,0.013334997891314293,1371.164539260975,2005,3,walk,move_true_0_none,none,1,adaptive,8,0.015625,38,3,3,6,1.0,0.07894736842105263,1.0,3,1.0,2.25,2.70625,0,0.6480000000000001,0.6480000000000001,0
0.36354018162041674,1.1649990046714493,0.4138072040909834,2.1594553588281826,0.8541666666666666,20.166666666666668,2.9497869293484946,0.1003721106869818,1164.9990046714495,2006,0,walk,move_true_0_none,none,1,adaptive,8,0.015625,33,6,6,7,1.0,0.18181818181818182,1.0,6,1.0,2.208,2.5935499999999996,0,0.6480000000000001,0.6480000000000001,0
0.7456281565656565,0.5713524611101354,0.43470469916160687,1.1395713001854948,1.0,9.166666666666666,2.4985204232096105,0.3109234574040497,571.3524611101353,2006,1,walk,move_true_0_none,none,1,adaptive,8,0.015625,40,2,2,3,1.0,0.05,1.0,2,1.0,2.208,2.5669,0,0.6480000000000001,0.6480000000000001,0
0.014764686635157653,2.430064172387648,0.21987400841565008,3.153463661077692,0.9791666666666666,24.125,3.718283701484273,0.20510932178049243,2430.0641723876474,2006,2,walk,move_true_0_none,none,1,adaptive,8,0.015625,35,4,4,5,1.0,0.11428571428571428,1.0,4,1.0,2.167,2.4023,0,0.6480000000000001,0.6480000000000001,0
0.3960548702838956,2.2127471608774374,0.4271510048337345,2.4781133434024016,0.9583333333333334,23.625,3.086600817772563,0.036559096907301726,2212.747160877438,2006,3,walk,move_true_0_none,none,1,adaptive,8,0.015625,35,4,4,5,1.0,0.11428571428571428,1.0,4,1.0,2.208,2.55395,0,0.6480000000000001,0.6480000000000001,0
0.6282051282051282,0.8981020277063821,0.6396781361226306,1.1926309701862794,0.875,6.541666666666667,1.4234932951784776,0.03316926038298565,898.102027706382,2007,0,walk,move_true_0_none,none,1,adaptive,8,0.015625,33,2,2,5,1.0,0.06060606060606061,1.0,2,1.0,2.167,2.4023,0,0.6480000000000001,0.6480000000000001,0
0.7206462021380752,0.7920010269961081,0.6187943661307383,0.9444979268317629,1.0,11.5625,1.6729977234644158,0.10185183600733705,792.001026996108,2007,1,walk,move_true_0_none,none,1,adaptive,8,0.015625,36,3,3,4,1.0,0.08333333333333333,1.0,3,1.0,2.167,2.458,0,0.6480000000000001,0.6480000000000001,0
0.562943135014636,0.9851214188366576,0.48328262022153395,1.5138613668698613,1.0,18.145833333333332,2.536249668156813,0.07966051479310203,985.1214188366572,2007,2,walk,move_true_0_none,none,1,adaptive,8,0.015625,36,2,2,4,1.0,0.05555555555555555,1.0,2,1.0,2.1875,2.56865,0,0.6480000000000001,0.6480000000000001,0
0.4291666666666667,0.8911340262967625,0.3899349457746175,1.5067879511922648,1.0,9.270833333333334,2.4538452121752443,0.05892593511724562,891.1340262967625,2007,3,walk,move_true_0_none,none,1,adaptive,8,0.015625,36,2,2,5,1.0,0.05555555555555555,1.0,2,1.0,2.125,2.5,0,0.6480000000000001,0.6480000000000001,0
0.2847239737467492,2.1801525247223954,0.32634134226667405,2.6667755608614967,0.9583333333333334,28.75,3.4516224586646818,0.1609467570800827,2180.152524722394,2008,0,walk,move_true_0_none,none,1,adaptive,8,0.015625,37,1,1,4,1.0,0.02702702702702703,1.0,1,1.0,2.1665,2.53925,0,0.6480000000000001,0.6480000000000001,0
0.06069969654528478,1.633562195357838,0.16898029794837188,2.519356609635664,1.0,14.541666666666666,3.640456053431875,0.1307439605718397,1633.5621953578404,2008,1,walk,move_true_0_none,none,1,adaptive,8,0.015625,42,4,4,5,1.0,0.09523809523809523,1.0,4,1.0,2.208,2.8561499999999995,0,0.6480000000000001,0.6480000000000001,0
0.842729377104377,0.5211311812132038,0.8385862554536164,0.5819115826578032,1.0,10.020833333333334,0.9503064309161678,0.0041431216507606455,521.1311812132038,2008,2,walk,move_true_0_none,none,1,adaptive,8,0.015625,38,2,2,2,1.0,0.05263157894736842,1.0,2,1.0,2.167,2.5396,0,0.6480000000000001,0.6480000000000001,0
0.5053530092592592,1.1317967762002572,0.3902847445796486,1.5353054684330907,1.0,19.083333333333332,2.9792764854086218,0.11506826467961075,1131.796776200257,2008,3,walk,move_true_0_none,none,1,adaptive,8,0.015625,39,3,3,4,1.0,0.07692307692307693,1.0,3,1.0,2.125,2.4829,0,0.6480000000000001,0.6480000000000001,0
0.7019097222222221,1.1326930721869906,0.7099567762659268,1.0020394234796013,1.0,11.166666666666666,1.4729471947770747,0.08610647986907438,1132.693072186991,2009,0,walk,move_true_0_none,none,1,adaptive,8,0.015625,38,4,4,5,1.0,0.10526315789473684,1.0,4,1.0,2.2085,2.5399,0,0.6480000000000001,0.6480000000000001,0
0.5719214234839235,0.9834434070837735,0.23034492449165297,1.954828297034027,1.0,29.5,4.0460397347819805,0.3415764989922705,983.4434070837736,2009,1,walk,move_true_0_none,none,1,adaptive,8,0.015625,42,4,4,6,1.0,0.09523809523809523,1.0,4,1.0,2.167,2.458,0,0.6480000000000001,0.6480000000000001,0
0.3247674748497117,1.784372573957005,0.2998705378429399,2.3032766896591563,1.0,19.0625,3.201969837580066,0.1301915544100348,1784.3725739570061,2009,2,walk,move_true_0_none,none,1,adaptive,8,0.015625,36,2,2,4,1.0,0.05555555555555555,1.0,2,1.0,2.1875,2.4976,0,0.6480000000000001,0.6480000000000001,0
0.4598077956527045,1.6421750588441908,0.5312581852901662,2.3483840426996916,0.9166666666666666,22.3125,2.6315448270380233,0.07145038963746174,1642.1750588441907,2009,3,walk,move_true_0_none,none,1,adaptive,8,0.015625,38,4,4,4,1.0,0.10526315789473684,1.0,4,1.0,2.1455,2.58125,0,0.6480000000000001,0.6480000000000001,0
0.788258904255806,0.7518192627326296,0.7777752544028931,0.8355613135745587,1.0,12.104166666666666,1.2773938495731396,0.01048364985291296,751.8192627326295,2000,0,walk,move_true_0_random,random,0.5,adaptive,8,0.015625,34,1,1,2,1.0,0.029411764705882353,1.0,1,1.0,2.208,3.0545999999999998,0,0.6480000000000001,0.6480000000000001,0
0.20531687687909658,1.8444805072140962,0.03596321496588727,3.4610395111494507,1.0,55.625,5.809505386434238,0.1693536619132093,1844.480507214096,2000,1,walk,move_true_0_random,random,0.5,adaptive,8,0.015625,37,0,0,0,nan,0.0,nan,0,nan,2.208,2.56865,0,0.6480000000000001,0.6480000000000001,0
0.4648726851851852,1.6772757665963036,0.39482403248177644,1.5631045297775812,1.0,12.583333333333334,2.3142629875171994,0.08830798335445857,1677.2757665963036,2000,2,walk,move_true_0_random,random,0.5,adaptive,8,0.015625,36,2,2,5,1.0,0.05555555555555555,1.0,2,1.0,2.25,2.7482499999999996,0,0.6480000000000001,0.6480000000000001,0
0.013355591168091166,2.934795816642891,0.03613895311041293,3.95565136834569,1.0,53.6875,5.736444149604584,0.02278336194232176,2934.795816642892,2000,3,walk,move_true_0_random,random,0.5,adaptive,8,0.015625,33,1,0,1,0.0,0.0,0.0,0,1.0,2.208,2.44365,0,0.6480000000000001,0.6480000000000001,0
0.958664021164021,0.18098506761297883,0.959033199827256,0.17851946476235658,1.0,3.4791666666666665,0.249463261232809,0.0003691786632349101,180.98506761297884,2001,0,walk,move_true_0_random,random,0.5,adaptive,8,0.015625,37,3,2,2,0.6666666666666666,0.05405405405405406,1.0,2,1.0,2.208,2.4023,0,0.6480000000000001,0.6480000000000001,0
0.3129340277777778,2.74103769600327,0.1385466421853049,2.9192181835900803,1.0,32.020833333333336,4.4357030122833985,0.21927820820082314,2741.03769600327,2001,1,walk,move_true_0_random,random,0.5,adaptive,8,0.015625,36,5,2,3,0.4,0.05555555555555555,1.0,2,1.0,2.167,2.44395,0,0.6480000000000001,0.6480000000000001,0
0.0,2.5283702767057443,0.11710570379355374,3.365382473807155,0.8958333333333334,28.916666666666668,4.535837335748288,0.11710570379355374,2528.3702767057434,2001,2,walk,move_true_0_random,random,0.5,adaptive,8,0.015625,37,4,1,3,0.25,0.02702702702702703,1.0,1,1.0,2.208,2.5,0,0.6480000000000001,0.6480000000000001,0
0.14124101088374597,2.5282349860541915,0.0914969097239987,2.7130727406395168,1.0,25.020833333333332,4.5089190142554125,0.04974410115974729,2528.2349860541913,2001,3,walk,move_true_0_random,random,0.5,adaptive,8,0.015625,32,0,0,1,nan,0.0,nan,0,1.0,2.1665,2.417,0,0.6480000000000001,0.6480000000000001,0
0.0,4.298948550743408,0.047559334187887194,4.2059289006022045,0.9166666666666666,52.208333333333336,5.651549671966102,0.047559334187887194,4298.948550743408,2002,0,walk,move_true_0_random,random,0.5,adaptive,8,0.015625,39,3,1,1,0.3333333333333333,0.02564102564102564,1.0,1,1.0,2.166,2.4166499999999997,0,0.6480000000000001,0.6480000000000001,0
0.0013020833333333333,2.4271325957684526,0.09215062889558163,3.4482814934845822,0.8333333333333334,22.895833333333332,4.308941478660501,0.0908485455622483,2427.1325957684517,2002,1,walk,move_true_0_random,random,0.5,adaptive,8,0.015625,38,6,1,3,0.16666666666666666,0.02631578947368421,1.0,1,1.0,2.2085,2.6379499999999996,0,0.6480000000000001,0.6480000000000001,0
0.04322916666666666,2.369014042036087,0.10947035690725132,2.7786084133674325,0.9375,14.958333333333334,3.8155839981484525,0.06624119024058465,2369.0140420360867,2002,2,walk,move_true_0_random,random,0.5,adaptive,8,0.015625,33,2,1,3,0.5,0.030303030303030304,1.0,1,1.0,2.208,2.4978999999999996,0,0.6480000000000001,0.6480000000000001,0
0.21891097124388326,2.1645297605957925,0.05520496651056575,3.119232367634792,1.0,36.0625,5.06456808314912,0.16370600473331745,2164.5297605957917,2002,3,walk,move_true_0_random,random,0.5,adaptive,8,0.015625,39,6,2,2,0.3333333333333333,0.05128205128205128,1.0,2,1.0,2.1665,2.458,0,0.6480000000000001,0.6480000000000001,0
0.11838624338624339,1.7431423727532926,0.12762495466799825,2.9987353742750513,0.9791666666666666,31.770833333333332,4.375885896623068,0.07996034434205761,1743.1423727532929,2003,0,walk,move_true_0_random,random,0.5,adaptive,8,0.015625,35,5,2,4,0.4,0.05714285714285714,1.0,2,1.0,2.208,2.5,0,0.6480000000000001,0.6480000000000001,0
0.005192550505050505,1.841891086361019,0.24199322940508464,2.7908620702101197,1.0,13.229166666666666,3.3478453066909855,0.23680067890003412,1841.8910863610224,2003,1,walk,move_true_0_random,random,0.5,adaptive,8,0.015625,35,2,1,2,0.5,0.02857142857142857,1.0,1,1.0,2.166,2.4709499999999998,0,0.6480000000000001,0.6480000000000001,0
0.00922236053833449,2.938840334149314,0.07183001525892445,3.29880234290078,0.9791666666666666,28.833333333333332,4.679998799166607,0.06260765472058996,2938.840334149314,2003,2,walk,move_true_0_random,random,0.5,adaptive,8,0.015625,33,2,1,2,0.5,0.030303030303030304,1.0,1,1.0,2.208,2.417,0,0.6480000000000001,0.6480000000000001,0
0.756076388888889,0.28118303378697335,0.7680468997438794,0.41853791284071645,1.0,2.8333333333333335,0.6030354923321336,0.012890268779058791,281.1830337869733,2003,3,walk,move_true_0_random,random,0.5,adaptive,8,0.015625,40,6,4,5,0.6666666666666666,0.1,1.0,4,1.0,2.208,2.54025,0,0.6480000000000001,0.6480000000000001,0
0.15706845238095243,1.4874337462013443,0.07723412774280956,2.8167975793772686,1.0,28.791666666666668,4.524299061059945,0.07983432463814287,1487.4337462013448,2004,0,walk,move_true_0_random,random,0.5,adaptive,8,0.015625,38,3,1,2,0.3333333333333333,0.02631578947368421,1.0,1,1.0,2.167,2.4433000000000002,0,0.6480000000000001,0.6480000000000001,0
0.015625,3.991621939783874,0.3565646386106687,3.054102637279339,1.0,27.0,3.3814428189063648,0.343571053658003,3991.621939783874,2004,1,walk,move_true_0_random,random,0.5,adaptive,8,0.015625,35,5,3,4,0.6,0.08571428571428572,1.0,3,1.0,2.125,2.5955999999999997,0,0.6480000000000001,0.6480000000000001,0
0.0,3.2296345348032847,0.07303458988276816,4.001150639189869,0.4791666666666667,26.520833333333332,4.583061185773265,0.07303458988276816,3229.6345348032823,2004,2,walk,move_true_0_random,random,0.5,adaptive,8,0.015625,37,5,1,2,0.2,0.02702702702702703,1.0,1,1.0,2.146,2.6061499999999995,0,0.6480000000000001,0.6480000000000001,0
0.32985793142043146,0.9562541567153287,0.520143413920743,1.592888692386878,1.0,15.375,2.0764621720925645,0.19028548250031166,956.2541567153293,2004,3,walk,move_true_0_random,random,0.5,adaptive,8,0.015625,35,4,3,5,0.75,0.08571428571428572,1.0,3,1.0,2.167,2.4853,0,0.6480000000000001,0.6480000000000001,0
0.028718136734441083,2.780562788732508,0.04234245271407364,3.7032136228708965,1.0,50.520833333333336,5.6030913994848754,0.013624315979632562,2780.562788732504,2005,0,walk,move_true_0_random,random,0.5,adaptive,8,0.015625,34,0,0,1,nan,0.0,nan,0,1.0,2.125,2.48565,0,0.6480000000000001,0.6480000000000001,0
0.0329348544973545,2.748078433966318,0.09733597403604884,3.7858411632560167,1.0,39.6875,4.898682999662994,0.0987683297656809,2748.0784339663164,2005,1,walk,move_true_0_random,random,0.5,adaptive,8,0.015625,37,5,3,3,0.6,0.08108108108108109,1.0,3,1.0,2.166,2.5273,0,0.6480000000000001,0.6480000000000001,0
0.19579990605737566,2.2150004356632347,0.2887902574678761,2.124891522992877,1.0,20.020833333333332,2.990752763560827,0.10584211035306239,2215.000435663236,2005,2,walk,move_true_0_random,random,0.5,adaptive,8,0.015625,42,4,2,3,0.5,0.047619047619047616,1.0,2,1.0,2.208,2.458,0,0.6480000000000001,0.6480000000000001,0
0.06316670933606418,2.834692311600121,0.19819131687124936,2.8697540579816354,1.0,35.854166666666664,4.219145260638332,0.17423046953977553,2834.69231160012,2005,3,walk,move_true_0_random,random,0.5,adaptive,8,0.015625,38,3,1,2,0.3333333333333333,0.02631578947368421,1.0,1,1.0,2.1875,2.4853,0,0.6480000000000001,0.6480000000000001,0
0.023197999720775145,2.3346871843863055,0.1241193204937105,3.394640306054416,1.0,35.25,4.576926209648589,0.10092132077293535,2334.687184386304,2006,0,walk,move_true_0_random,random,0.5,adaptive,8,0.015625,33,6,1,3,0.16666666666666666,0.030303030303030304,1.0,1,1.0,2.167,2.417,0,0.6480000000000001,0.6480000000000001,0
0.31134544700457056,3.1629346659584177,0.05679987243025752,3.5002972956006158,0.9375,51.6875,5.537120368393363,0.31630897821430864,3162.9346659584176,2006,1,walk,move_true_0_random,random,0.5,adaptive,8,0.015625,40,2,0,2,0.0,0.0,0.0,0,1.0,2.166,2.4705999999999997,0,0.6480000000000001,0.6480000000000001,0
0.009737730566534914,2.7983326402620308,0.04351689993106888,4.067372517740183,0.8958333333333334,49.958333333333336,5.58916284200442,0.033779169364533956,2798.3326402620314,2006,2,walk,move_true_0_random,random,0.5,adaptive,8,0.015625,35,4,2,2,0.5,0.05714285714285714,1.0,2,1.0,2.167,2.53925,0,0.6480000000000001,0.6480000000000001,0
0.10786042583945116,2.3536118392705148,0.1925742713185461,2.9568979006114504,1.0,26.708333333333332,3.899768241917018,0.1687432806421817,2353.6118392705166,2006,3,walk,move_true_0_random,random,0.5,adaptive,8,0.015625,35,4,2,6,0.5,0.05714285714285714,1.0,2,1.0,2.167,2.56655,0,0.6480000000000001,0.6480000000000001,0
0.048611111111111105,2.558204281517685,0.08258335886132467,3.248294907172434,0.7291666666666666,25.0625,4.394090995207941,0.03397224775021359,2558.2042815176865,2007,0,walk,move_true_0_random,random,0.5,adaptive,8,0.015625,33,2,2,3,1.0,0.06060606060606061,1.0,2,1.0,2.167,2.458,0,0.6480000000000001,0.6480000000000001,0
0.6049512707274803,0.9219846496444905,0.4394612838489746,1.3639278327644073,1.0,14.479166666666666,2.3632429813789324,0.1654899868785059,921.9846496444903,2007,1,walk,move_true_0_random,random,0.5,adaptive,8,0.015625,36,3,1,3,0.3333333333333333,0.027777777777777776,1.0,1,1.0,2.1455,2.45625,0,0.6480000000000001,0.6480000000000001,0
0.021347800483829893,4.376158620342594,0.032101017725595045,3.879228288079666,1.0,56.979166666666664,5.842185799395644,0.010753217241765154,4376.1586203425895,2007,2,walk,move_true_0_random,random,0.5,adaptive,8,0.015625,36,2,0,0,0.0,0.0,0.0,0,nan,2.1665,2.5129499999999996,0,0.6480000000000001,0.6480000000000001,0
0.006610576923076923,2.4325441963330796,0.07088653760967263,3.2157166898410128,1.0,23.958333333333332,4.55482698736317,0.0642759606865957,2432.544196333078,2007,3,walk,move_true_0_random,random,0.5,adaptive,8,0.015625,36,2,2,3,1.0,0.05555555555555555,1.0,2,1.0,2.1455,2.4271999999999996,0,0.6480000000000001,0.6480000000000001,0
0.14998935073087616,3.456410532735218,0.15143833092646589,2.7611967971288665,0.9375,19.375,3.72054204933025,0.08824241320808397,3456.4105327352186,2008,0,walk,move_true_0_random,random,0.5,adaptive,8,0.015625,37,1,0,3,0.0,0.0,0.0,0,1.0,2.167,2.45625,0,0.6480000000000001,0.6480000000000001,0
0.016298662796743937,3.5362270623464283,0.08850001362976238,3.2935227634874527,1.0,28.854166666666668,4.6627526059951565,0.07220135083301842,3536.2270623464306,2008,1,walk,move_true_0_random,random,0.5,adaptive,8,0.015625,42,4,1,2,0.25,0.023809523809523808,1.0,1,1.0,2.125,2.4709499999999998,0,0.6480000000000001,0.6480000000000001,0
0.8333333333333334,0.9914126748741084,0.8368846137913435,0.7080629250508839,1.0,10.645833333333334,0.9915453400016246,0.0035512804580101523,991.4126748741086,2008,2,walk,move_true_0_random,random,0.5,adaptive,8,0.015625,38,2,1,1,0.5,0.02631578947368421,1.0,1,1.0,2.208,3.31655,0,0.6480000000000001,0.6480000000000001,0
0.48107638888888893,1.1583951894049467,0.15964223235537753,2.3192583618043083,1.0,22.4375,4.002703674865288,0.32143415653351143,1158.395189404947,2008,3,walk,move_true_0_random,random,0.5,adaptive,8,0.015625,39,3,2,4,0.6666666666666666,0.05128205128205128,1.0,2,1.0,2.167,2.5788499999999996,0,0.6480000000000001,0.6480000000000001,0
0.2644097222222222,1.9391103036204198,0.24074250823306062,2.7281346147073635,0.8958333333333334,24.166666666666668,3.5962083827667723,0.1478452303242553,1939.1103036204186,2009,0,walk,move_true_0_random,random,0.5,adaptive,8,0.015625,38,4,2,4,0.5,0.05263157894736842,1.0,2,1.0,2.25,2.7916499999999997,0,0.6480000000000001,0.6480000000000001,0
0.15885098697598699,1.2305093927268251,0.14871444238434373,2.6385043862815256,1.0,26.729166666666668,4.075593331610377,0.2084858303504887,1230.5093927268251,2009,1,walk,move_true_0_random,random,0.5,adaptive,8,0.015625,42,4,0,2,0.0,0.0,0.0,0,1.0,2.125,2.5521999999999996,0,0.6480000000000001,0.6480000000000001,0
0.07997580818304502,1.9910512525439081,0.09047764642763616,3.2835928536872268,1.0,32.416666666666664,4.674315304641946,0.11533471707788505,1991.0512525439083,2009,2,walk,move_true_0_random,random,0.5,adaptive,8,0.015625,36,2,2,4,1.0,0.05555555555555555,1.0,2,1.0,2.167,2.45865,0,0.6480000000000001,0.6480000000000001,0
0.0010492922513439908,3.2599071895365506,0.04803337076090444,4.156686823460605,0.9583333333333334,51.5625,5.595677348504637,0.046984078509560455,3259.9071895365487,2009,3,walk,move_true_0_random,random,0.5,adaptive,8,0.015625,38,4,1,2,0.25,0.02631578947368421,1.0,1,1.0,2.167,2.3879499999999996,0,0.6480000000000001,0.6480000000000001,0
0.1450737847222223,1.416508965798046,0.08831471181191407,2.5248518443519066,1.0,24.291666666666668,4.339104835164278,0.056759072910308184,1416.5089657980454,2000,0,walk,move_true_0_bsp,bsp,0.1,adaptive,8,0.015625,34,1,0,2,0.0,0.0,0.0,0,1.0,18.8335,29.6829,0,0.6480000000000001,0.6480000000000001,0
0.09429253472222222,2.580159450886705,0.06585316632623826,2.9497875911515283,1.0,51.708333333333336,5.046790212621311,0.028439368395983978,2580.1594508867042,2000,1,walk,move_true_0_bsp,bsp,0.1,adaptive,8,0.015625,37,0,0,3,nan,0.0,nan,0,1.0,18.021,22.9398,0,0.6480000000000001,0.6480000000000001,0
0.0005208333333333333,3.681216549227077,0.08695913437836801,3.5412909957199843,1.0,26.520833333333332,4.590535810171212,0.08643830104503468,3681.2165492270783,2000,2,walk,move_true_0_bsp,bsp,0.1,adaptive,8,0.015625,36,2,1,1,0.5,0.027777777777777776,1.0,1,1.0,17.4585,19.775,0,0.6480000000000001,0.6480000000000001,0
0.04600694444444444,2.0131029719920583,0.06296920020108641,3.2097879831025025,1.0,28.333333333333332,4.517761279518525,0.01696225575664197,2013.1029719920577,2000,3,walk,move_true_0_bsp,bsp,0.1,adaptive,8,0.015625,33,1,1,3,1.0,0.030303030303030304,1.0,1,1.0,17.646,19.14605,0,0.6480000000000001,0.6480000000000001,0
0.0003255208333333333,3.050437950161576,0.06210412557244276,4.599970679779092,1.0,52.083333333333336,5.515899174978672,0.061778604739109406,3050.437950161575,2001,0,walk,move_true_0_bsp,bsp,0.1,adaptive,8,0.015625,37,3,0,1,0.0,0.0,0.0,0,1.0,17.5415,18.47665,0,0.6480000000000001,0.6480000000000001,0
0.003038194444444444,1.9962936362166455,0.0967426163484487,3.0069849095681014,1.0,15.916666666666666,3.9664577380097916,0.09379557809599577,1996.2936362166445,2001,1,walk,move_true_0_bsp,bsp,0.1,adaptive,8,0.015625,36,5,5,5,1.0,0.1388888888888889,1.0,5,1.0,17.375,18.7228,0,0.6480000000000001,0.6480000000000001,0
0.0,5.495605476728794,0.0926515208075841,4.002263490405047,0.9166666666666666,21.770833333333332,4.228626934524767,0.09265152080758411,5495.605476728794,2001,2,walk,move_true_0_bsp,bsp,0.1,adaptive,8,0.015625,37,4,1,2,0.25,0.02702702702702703,1.0,1,1.0,17.6455,20.193749999999998,0,0.6480000000000001,0.6480000000000001,0
0.07736545138888894,1.8851881224265468,0.07736545138888894,2.618411309409562,1.0,15.520833333333334,3.7775690110927536,0.0,1885.1881224265474,2001,3,walk,move_true_0_bsp,bsp,0.1,adaptive,8,0.015625,32,0,0,10,nan,0.0,nan,0,1.0,17.7085,18.74135,0,0.6480000000000001,0.6480000000000001,0
0.09346788194444444,2.5578114470079263,0.06781390138164237,2.862510940335764,1.0,30.0625,4.547732933473621,0.025653980562802076,2557.8114470079227,2002,0,walk,move_true_0_bsp,bsp,0.1,adaptive,8,0.015625,39,3,0,1,0.0,0.0,0.0,0,1.0,17.479,19.068749999999998,0,0.6480000000000001,0.6480000000000001,0
0.001953125,2.3838118423965073,0.06765173209680207,3.7579128674991105,1.0,45.1875,5.059696284085403,0.06569860709680204,2383.8118423965084,2002,1,walk,move_true_0_bsp,bsp,0.1,adaptive,8,0.015625,38,6,1,1,0.16666666666666666,0.02631578947368421,1.0,1,1.0,17.646,24.243299999999994,0,0.6480000000000001,0.6480000000000001,0
0.12690972222222227,1.7081958102418007,0.08350616406969069,2.7879101873863568,1.0,28.083333333333332,4.513305470100556,0.051040886291912835,1708.1958102418037,2002,2,walk,move_true_0_bsp,bsp,0.1,adaptive,8,0.015625,33,2,0,1,0.0,0.0,0.0,0,1.0,17.5205,18.65625,0,0.6480000000000001,0.6480000000000001,0
0.00826244212962963,1.581773524892659,0.08289279724496895,3.220485768669023,1.0,34.041666666666664,4.904588802135534,0.07953631155132744,1581.7735248926601,2002,3,walk,move_true_0_bsp,bsp,0.1,adaptive,8,0.015625,39,6,2,2,0.3333333333333333,0.05128205128205128,1.0,2,1.0,17.4795,18.48355,0,0.6480000000000001,0.6480000000000001,0
0.0703838045634921,2.308784095974953,0.07007292017909304,2.795046830245049,1.0,21.1875,4.047545500096314,0.00031088438439905164,2308.7840959749537,2003,0,walk,move_true_0_bsp,bsp,0.1,adaptive,8,0.015625,35,5,4,15,0.8,0.11428571428571428,1.0,4,1.0,17.7295,20.94155,0,0.6480000000000001,0.6480000000000001,0
0.07951388888888894,1.755014401005606,0.07609771928848114,2.6026758923318964,1.0,15.1875,3.838776571669951,0.0034161696004078035,1755.0144010056065,2003,1,walk,move_true_0_bsp,bsp,0.1,adaptive,8,0.015625,35,2,2,2,1.0,0.05714285714285714,1.0,2,1.0,18.3125,22.1773,0,0.6480000000000001,0.6480000000000001,0
0.12217881944444449,2.1870290677397812,0.0742965094638987,2.7843784326469874,0.9166666666666666,40.479166666666664,4.913097269817887,0.04788230998054574,2187.0290677397866,2003,2,walk,move_true_0_bsp,bsp,0.1,adaptive,8,0.015625,33,2,0,7,0.0,0.0,0.0,0,1.0,18.979,24.943849999999998,0,0.6480000000000001,0.6480000000000001,0
0.07769097222222227,2.0038328130092373,0.07369343423850633,2.6587862591337275,1.0,18.375,3.944406261771496,0.0039975379837159375,2003.8328130092386,2003,3,walk,move_true_0_bsp,bsp,0.1,adaptive,8,0.015625,40,6,3,4,0.5,0.075,1.0,3,1.0,17.8335,20.49375,0,0.6480000000000001,0.6480000000000001,0
0.15375000000000008,1.7268465450646546,0.07874643201732821,2.6648793879289125,1.0,35.895833333333336,4.884855364025577,0.07500356798267185,1726.8465450646534,2004,0,walk,move_true_0_bsp,bsp,0.1,adaptive,8,0.015625,38,3,0,0,0.0,0.0,0.0,0,nan,17.4375,18.67545,0,0.6480000000000001,0.6480000000000001,0
0.05989583333333335,2.941984998794467,0.06976273757939307,2.958830642776053,1.0,17.5,3.994325226163465,0.00986690424605971,2941.9849987944654,2004,1,walk,move_true_0_bsp,bsp,0.1,adaptive,8,0.015625,35,5,3,10,0.6,0.08571428571428572,1.0,3,1.0,17.5,19.2977,0,0.6480000000000001,0.6480000000000001,0
0.06574074074074077,2.474831507326755,0.07237441266964066,2.8244591422709715,1.0,18.708333333333332,3.979571897863364,0.006633671928899891,2474.8315073267545,2004,2,walk,move_true_0_bsp,bsp,0.1,adaptive,8,0.015625,37,5,5,11,1.0,0.13513513513513514,1.0,5,1.0,17.75,21.0478,0,0.6480000000000001,0.6480000000000001,0
0.07158709490740743,1.7098188281745454,0.07881090663763411,2.927051970043779,1.0,26.229166666666668,4.2893164028774144,0.007223811730226681,1709.8188281745463,2004,3,walk,move_true_0_bsp,bsp,0.1,adaptive,8,0.015625,35,4,2,4,0.5,0.05714285714285714,1.0,2,1.0,17.25,18.135849999999998,0,0.6480000000000001,0.6480000000000001,0
0.003624131944444444,2.7416475458732985,0.0848154983300232,3.50452194196415,1.0,26.958333333333332,4.463215520857189,0.08119136638557876,2741.647545873298,2005,0,walk,move_true_0_bsp,bsp,0.1,adaptive,8,0.015625,34,0,0,1,nan,0.0,nan,0,1.0,17.3955,18.1523,0,0.6480000000000001,0.6480000000000001,0
0.0055859375,2.319507239816367,0.092729835753029,3.037083225613167,1.0,17.708333333333332,4.048001565551647,0.08785610174697106,2319.507239816366,2005,1,walk,move_true_0_bsp,bsp,0.1,adaptive,8,0.015625,37,5,2,3,0.4,0.05405405405405406,1.0,2,1.0,17.3545,18.23565,0,0.6480000000000001,0.6480000000000001,0
0.0013020833333333333,5.499423223456147,0.0872626525382671,4.108448028814246,1.0,56.708333333333336,5.448188435157408,0.08596056920493376,5499.423223456147,2005,2,walk,move_true_0_bsp,bsp,0.1,adaptive,8,0.015625,42,4,0,0,0.0,0.0,0.0,0,nan,17.625,18.62895,0,0.6480000000000001,0.6480000000000001,0
0.010633680555555554,2.5867766440571676,0.08176483026396236,3.235714054931673,1.0,27.3125,4.440344927579996,0.07113114970840678,2586.7766440571695,2005,3,walk,move_true_0_bsp,bsp,0.1,adaptive,8,0.015625,38,3,0,3,0.0,0.0,0.0,0,1.0,17.2705,18.621499999999997,0,0.6480000000000001,0.6480000000000001,0
0.16037471064814826,1.8848844165860346,0.07215686641103214,2.7740888574865212,1.0,39.416666666666664,5.018341861954165,0.08821784423711611,1884.8844165860335,2006,0,walk,move_true_0_bsp,bsp,0.1,adaptive,8,0.015625,33,6,2,4,0.3333333333333333,0.06060606060606061,1.0,2,1.0,17.167,18.3873,0,0.6480000000000001,0.6480000000000001,0
0.08003472222222228,2.133533805554659,0.07986973542116636,2.553904437648994,1.0,13.583333333333334,3.690469946483629,0.0001649868010559219,2133.5338055546595,2006,1,walk,move_true_0_bsp,bsp,0.1,adaptive,8,0.015625,40,2,2,7,1.0,0.05,1.0,2,1.0,17.292,18.8898,0,0.6480000000000001,0.6480000000000001,0
0.009427083333333334,2.287973918287169,0.0869112346304592,3.0760141211084964,1.0,20.708333333333332,4.192222499395046,0.08084918203620754,2287.9739182871685,2006,2,walk,move_true_0_bsp,bsp,0.1,adaptive,8,0.015625,35,4,1,2,0.25,0.02857142857142857,1.0,1,1.0,17.459,18.3603,0,0.6480000000000001,0.6480000000000001,0
0.045138888888888874,2.7925025239673746,0.06908663666849758,3.7852437138969584,0.7916666666666666,21.3125,4.110150467544851,0.023947747779608713,2792.5025239673755,2006,3,walk,move_true_0_bsp,bsp,0.1,adaptive,8,0.015625,35,4,1,3,0.25,0.02857142857142857,1.0,1,1.0,17.375,18.345950000000002,0,0.6480000000000001,0.6480000000000001,0
0.0,5.099240538263117,0.097410052473213,4.133079223746175,0.020833333333333332,21.791666666666668,4.357684725779053,0.097410052473213,5099.240538263125,2007,0,walk,move_true_0_bsp,bsp,0.1,adaptive,8,0.015625,33,2,1,2,0.5,0.030303030303030304,1.0,1,1.0,17.292,17.86065,0,0.6480000000000001,0.6480000000000001,0
0.09093750000000002,2.444900458675366,0.0836574325050704,2.5739553254161227,1.0,20.375,3.956444827776689,0.0072800674949296445,2444.900458675361,2007,1,walk,move_true_0_bsp,bsp,0.1,adaptive,8,0.015625,36,3,2,4,0.6666666666666666,0.05555555555555555,1.0,2,1.0,17.3545,18.5785,0,0.6480000000000001,0.6480000000000001,0
0.08023726851851855,2.1128941938463353,0.07759976324081219,2.8470917151042925,1.0,22.75,4.1366406898209265,0.0026375052777063515,2112.8941938463386,2007,2,walk,move_true_0_bsp,bsp,0.1,adaptive,8,0.015625,36,2,2,4,1.0,0.05555555555555555,1.0,2,1.0,17.2915,18.60055,0,0.6480000000000001,0.6480000000000001,0
0.08159722222222228,1.6777991445160136,0.07904670805801166,2.548181035746525,1.0,13.583333333333334,3.745469241885337,0.002550514164210612,1677.799144516014,2007,3,walk,move_true_0_bsp,bsp,0.1,adaptive,8,0.015625,36,2,2,3,1.0,0.05555555555555555,1.0,2,1.0,17.3335,17.995849999999997,0,0.6480000000000001,0.6480000000000001,0
0.05794270833333335,2.933165028897369,0.0706227245870926,3.1381438021191923,0.8958333333333334,25.1875,4.3164469334692,0.012680016253759243,2933.1650288973638,2008,0,walk,move_true_0_bsp,bsp,0.1,adaptive,8,0.015625,37,1,0,2,0.0,0.0,0.0,0,1.0,17.3125,17.875,0,0.6480000000000001,0.6480000000000001,0
0.07378472222222227,2.1318383618497445,0.07378472222222227,2.643752878666322,1.0,14.520833333333334,3.8141291673878257,0.0,2131.838361849746,2008,1,walk,move_true_0_bsp,bsp,0.1,adaptive,8,0.015625,42,4,2,6,0.5,0.047619047619047616,1.0,2,1.0,17.292,18.1933,0,0.6480000000000001,0.6480000000000001,0
0.00486111111111111,5.314021473302039,0.0841284409505238,3.932056423477515,1.0,27.6875,4.484450577705308,0.07926732983941266,5314.021473302034,2008,2,walk,move_true_0_bsp,bsp,0.1,adaptive,8,0.015625,38,2,0,1,0.0,0.0,0.0,0,1.0,17.334,19.50855,0,0.6480000000000001,0.6480000000000001,0
0.12109375,1.845958166729116,0.0837780454677292,2.5081074518851323,1.0,25.8125,4.310084910168222,0.03731570453227081,1845.9581667291143,2008,3,walk,move_true_0_bsp,bsp,0.1,adaptive,8,0.015625,39,3,1,2,0.3333333333333333,0.02564102564102564,1.0,1,1.0,17.333,18.0932,0,0.6480000000000001,0.6480000000000001,0
0.06336805555555558,2.1755406046008496,0.07416372162656902,2.8524060920433425,1.0,20.375,4.04694006513071,0.010795666071013435,2175.5406046008516,2009,0,walk,move_true_0_bsp,bsp,0.1,adaptive,8,0.015625,38,4,2,9,0.5,0.05263157894736842,1.0,2,1.0,17.292,18.479049999999997,0,0.6480000000000001,0.6480000000000001,0
0.14288339120370377,1.6835001745200442,0.06831343060391076,2.7770891644512457,1.0,39.708333333333336,5.028467886629337,0.07456996059979303,1683.5001745200473,2009,1,walk,move_true_0_bsp,bsp,0.1,adaptive,8,0.015625,42,4,2,2,0.5,0.047619047619047616,1.0,2,1.0,17.375,17.9023,0,0.6480000000000001,0.6480000000000001,0
0.13898871527777784,1.797514518310088,0.08175126778607547,2.6263063107575353,1.0,30.354166666666668,4.626537321046453,0.057237447491702335,1797.5145183100915,2009,2,walk,move_true_0_bsp,bsp,0.1,adaptive,8,0.015625,36,2,2,2,1.0,0.05555555555555555,1.0,2,1.0,17.208,18.3898,0,0.6480000000000001,0.6480000000000001,0
0.12569754464285718,2.293279110924234,0.07727243310543619,2.730572417766693,1.0,26.666666666666668,4.488337150278871,0.04842511153742094,2293.279110924234,2009,3,walk,move_true_0_bsp,bsp,0.1,adaptive,8,0.015625,38,4,2,3,0.5,0.05263157894736842,1.0,2,1.0,17.2705,18.7455,0,0.6480000000000001,0.6480000000000001,0
0.31392776196500105,1.3783897545945063,0.29425727282229835,1.952232352683632,1.0,15.166666666666666,3.0702808753813096,0.11499646816398779,1378.3897545945063,2000,0,walk,move_true_0.1_none,none,1,adaptive,8,0.015625,34,0,0,5,nan,0.0,nan,0,1.0,2.208,2.9254499999999997,0,0.6480000000000001,0.6480000000000001,0.1
0.0635768769363269,2.2070819717125567,0.11609353500519577,3.755652661240521,0.8125,36.791666666666664,4.868103768467804,0.09803479686007048,2207.081971712559,2000,1,walk,move_true_0.1_none,none,1,adaptive,8,0.015625,37,2,2,4,1.0,0.05405405405405406,1.0,2,1.0,2.166,2.4705999999999997,0,0.6480000000000001,0.6480000000000001,0.1
0.3963541666666666,1.9523797986683833,0.328287518041902,1.9252377103600677,1.0,14.104166666666666,2.9924231014297558,0.16908245261445567,1952.3797986683833,2000,2,walk,move_true_0.1_none,none,1,adaptive,8,0.015625,36,2,2,6,1.0,0.05555555555555555,1.0,2,1.0,2.208,2.44365,0,0.6480000000000001,0.6480000000000001,0.1
0.1485143049155146,1.2077011201945531,0.2968156617855957,2.242775177039151,1.0,15.895833333333334,3.2571379151726636,0.1483013568700812,1207.7011201945534,2000,3,walk,move_true_0.1_none,none,1,adaptive,8,0.015625,33,2,2,5,1.0,0.06060606060606061,1.0,2,1.0,2.166,2.4835499999999997,0,0.6480000000000001,0.6480000000000001,0.1
0.33366402116402116,0.8117118782917697,0.5142838925490096,1.5237763491781775,1.0,8.5,2.1752977099463187,0.22559311395814216,811.7118782917697,2001,0,walk,move_true_0.1_none,none,1,adaptive,8,0.015625,37,4,4,9,1.0,0.10810810810810811,1.0,4,1.0,2.167,2.4295999999999998,0,0.6480000000000001,0.6480000000000001,0.1
0.5060887896825397,0.6754301777778666,0.2354731249353468,1.9998851754719842,1.0,18.020833333333332,3.646685015768591,0.29269986697883266,675.4301777778663,2001,1,walk,move_true_0.1_none,none,1,adaptive,8,0.015625,36,6,6,9,1.0,0.16666666666666666,1.0,6,1.0,2.1455,2.4829,0,0.6480000000000001,0.6480000000000001,0.1
0.3958333333333333,1.6660877492624468,0.22803171343099835,2.5652786489367383,1.0,27.9375,4.1495802562928725,0.16780161990233497,1666.0877492624477,2001,2,walk,move_true_0.1_none,none,1,adaptive,8,0.015625,37,5,5,6,1.0,0.13513513513513514,1.0,5,1.0,2.125,2.56655,0,0.6480000000000001,0.6480000000000001,0.1
0.3148730435156519,1.3129298168528096,0.29992347188687846,1.8484520717913204,1.0,13.833333333333334,3.1189187731244776,0.12549026410433214,1312.92981685281,2001,3,walk,move_true_0.1_none,none,1,adaptive,8,0.015625,32,2,2,5,1.0,0.0625,1.0,2,1.0,2.125,2.8169,0,0.6480000000000001,0.6480000000000001,0.1
0.375,2.0751136054997805,0.38876774035247835,2.2281940367988766,0.9791666666666666,21.3125,3.147648994606937,0.1590971615658259,2075.113605499782,2002,0,walk,move_true_0.1_none,none,1,adaptive,8,0.015625,39,4,4,8,1.0,0.10256410256410256,1.0,4,1.0,2.125,2.5248999999999997,0,0.6480000000000001,0.6480000000000001,0.1
0.208984375,1.0926697119325006,0.3694833887570505,1.9908575824493218,1.0,12.291666666666666,2.890049537516633,0.23763561410743603,1092.6697119325001,2002,1,walk,move_true_0.1_none,none,1,adaptive,8,0.015625,38,5,5,8,1.0,0.13157894736842105,1.0,5,1.0,2.166,3.7357499999999986,0,0.6480000000000001,0.6480000000000001,0.1
0.2689236111111111,1.0691595132045253,0.2448098942997784,2.4509737117519212,0.875,16.145833333333332,3.576065240084155,0.17490401550439313,1069.1595132045256,2002,2,walk,move_true_0.1_none,none,1,adaptive,8,0.015625,33,2,2,6,1.0,0.06060606060606061,1.0,2,1.0,2.25,2.65165,0,0.6480000000000001,0.6480000000000001,0.1
0.23046461640211638,1.7301365702465485,0.17245239317977093,2.5635741147380897,1.0,26.625,4.2534594321401356,0.18298002541857872,1730.1365702465494,2002,3,walk,move_true_0.1_none,none,1,adaptive,8,0.015625,39,5,5,7,1.0,0.1282051282051282,1.0,5,1.0,2.2915,2.8147999999999995,0,0.6480000000000001,0.6480000000000001,0.1
0.1218584656084656,1.4766080968421924,0.34593074751370384,3.229981919390448,0.7708333333333334,12.25,2.8955234737896287,0.2305203974322443,1476.608096842193,2003,0,walk,move_true_0.1_none,none,1,adaptive,8,0.015625,35,5,5,9,1.0,0.14285714285714285,1.0,5,1.0,2.2915,2.73565,0,0.6480000000000001,0.6480000000000001,0.1
0.48446180555555557,0.7831681413644636,0.3014711547782113,1.6495506352708953,1.0,13.125,3.165665486681011,0.3430218401769318,783.1681413644636,2003,1,walk,move_true_0.1_none,none,1,adaptive,8,0.015625,35,2,2,5,1.0,0.05714285714285714,1.0,2,1.0,2.3545,3.08125,0,0.6480000000000001,0.6480000000000001,0.1
0.6688301850916267,1.000954646451941,0.41706293937256694,1.9121354165545876,0.9791666666666666,29.4375,3.3512823904163604,0.2517672457190599,1000.9546464519411,2003,2,walk,move_true_0.1_none,none,1,adaptive,8,0.015625,33,4,4,10,1.0,0.12121212121212122,1.0,4,1.0,2.333,2.9709499999999998,0,0.6480000000000001,0.6480000000000001,0.1
0.21440972222222224,0.9247855801826432,0.3692219321622183,1.6030186724485362,1.0,9.8125,2.689880599970427,0.17916992197367287,924.7855801826435,2003,3,walk,move_true_0.1_none,none,1,adaptive,8,0.015625,40,5,5,10,1.0,0.125,1.0,5,1.0,2.292,2.8722499999999997,0,0.6480000000000001,0.6480000000000001,0.1
0.3137152777777778,1.4738015256893926,0.22478392151078877,2.377437175190224,1.0,18.1875,3.687169564291626,0.19674781739296945,1473.801525689393,2004,0,walk,move_true_0.1_none,none,1,adaptive,8,0.015625,38,4,4,7,1.0,0.10526315789473684,1.0,4,1.0,2.292,2.5955999999999997,0,0.6480000000000001,0.6480000000000001,0.1
0.3814794146825397,1.2874346340396787,0.3050624759135406,2.1013442602378523,1.0,15.708333333333334,3.296230539311472,0.14927554760648057,1287.4346340396787,2004,1,walk,move_true_0.1_none,none,1,adaptive,8,0.015625,35,4,4,8,1.0,0.11428571428571428,1.0,4,1.0,2.333,2.7185499999999996,0,0.6480000000000001,0.6480000000000001,0.1
0.08566261574074074,1.7509649110831997,0.18687804137854191,2.3754118796795227,1.0,19.041666666666668,3.8367190214499907,0.10121542563780118,1750.9649110832,2004,2,walk,move_true_0.1_none,none,1,adaptive,8,0.015625,37,5,5,6,1.0,0.13513513513513514,1.0,5,1.0,2.417,3.8568,0,0.6480000000000001,0.6480000000000001,0.1
0.27175925925925926,1.1750379832837394,0.26710354990533935,2.1551538145489446,0.9583333333333334,15.0625,3.373285599799138,0.11604627837797472,1175.0379832837395,2004,3,walk,move_true_0.1_none,none,1,adaptive,8,0.015625,35,5,5,8,1.0,0.14285714285714285,1.0,5,1.0,2.375,2.625,0,0.6480000000000001,0.6480000000000001,0.1
0.18783068783068782,1.9493301716740659,0.2345092749418285,2.869577154155691,1.0,27.395833333333332,4.0786895277437,0.2352459997408691,1949.3301716740664,2005,0,walk,move_true_0.1_none,none,1,adaptive,8,0.015625,34,2,2,6,1.0,0.058823529411764705,1.0,2,1.0,2.3125,2.83125,0,0.6480000000000001,0.6480000000000001,0.1
0.5487681878306878,0.6387846250842514,0.23180756590417018,1.7964142729851507,1.0,15.541666666666666,3.490076910022259,0.3169606219265177,638.7846250842513,2005,1,walk,move_true_0.1_none,none,1,adaptive,8,0.015625,37,5,5,9,1.0,0.13513513513513514,1.0,5,1.0,2.25,2.6205,0,0.6480000000000001,0.6480000000000001,0.1
0.18783068783068782,2.993156642688675,0.22787069251027922,3.237545939791328,0.8125,24.895833333333332,3.878566292663406,0.14392817575451655,2993.1566426886748,2005,2,walk,move_true_0.1_none,none,1,adaptive,8,0.015625,42,6,6,7,1.0,0.14285714285714285,1.0,6,1.0,2.3125,2.7205999999999997,0,0.6480000000000001,0.6480000000000001,0.1
0.10485046184198726,2.3295259501487817,0.19302233337982802,3.161150781282815,1.0,30.208333333333332,4.199382164494399,0.13917141191584492,2329.5259501487835,2005,3,walk,move_true_0.1_none,none,1,adaptive,8,0.015625,38,3,3,5,1.0,0.07894736842105263,1.0,3,1.0,2.25,2.6646,0,0.6480000000000001,0.6480000000000001,0.1
0.12570947570947572,2.0648881770761993,0.194764823734794,3.028730571049771,0.9375,26.208333333333332,4.1158975053893885,0.1660932953011357,2064.8881770762,2006,0,walk,move_true_0.1_none,none,1,adaptive,8,0.015625,33,5,5,9,1.0,0.15151515151515152,1.0,5,1.0,2.25,2.6523,0,0.6480000000000001,0.6480000000000001,0.1
0.087109375,1.1499461462498626,0.15403412833355104,2.6480798375368853,1.0,31.541666666666668,4.55002235564261,0.09889885320858954,1149.9461462498627,2006,1,walk,move_true_0.1_none,none,1,adaptive,8,0.015625,40,2,2,3,1.0,0.05,1.0,2,1.0,2.25,2.69155,0,0.6480000000000001,0.6480000000000001,0.1
0.15260416666666668,1.337553747665435,0.24192203619459374,2.393528557258432,1.0,21.3125,3.6353623053644895,0.26696115327349174,1337.5537476654351,2006,2,walk,move_true_0.1_none,none,1,adaptive,8,0.015625,35,4,4,6,1.0,0.11428571428571428,1.0,4,1.0,2.334,3.3977999999999997,0,0.6480000000000001,0.6480000000000001,0.1
0.1469337951753206,2.8721689217840574,0.2788012899736044,3.6240544103565413,0.8333333333333334,27.958333333333332,3.84082024803485,0.14282982295397026,2872.1689217840576,2006,3,walk,move_true_0.1_none,none,1,adaptive,8,0.015625,35,4,4,7,1.0,0.11428571428571428,1.0,4,1.0,2.354,3.0494499999999993,0,0.6480000000000001,0.6480000000000001,0.1
0.125,1.6512930392046161,0.16794403119866774,2.785884217588968,0.9583333333333334,17.791666666666668,3.8580839530693463,0.04294403119866774,1651.2930392046164,2007,0,walk,move_true_0.1_none,none,1,adaptive,8,0.015625,33,2,2,5,1.0,0.06060606060606061,1.0,2,1.0,2.2915,2.75,0,0.6480000000000001,0.6480000000000001,0.1
0.6076332276570048,0.7553926021871161,0.36067412053735265,1.7742025283479057,1.0,19.3125,3.3180452990772356,0.38951818970139457,755.392602187116,2007,1,walk,move_true_0.1_none,none,1,adaptive,8,0.015625,36,3,3,5,1.0,0.08333333333333333,1.0,3,1.0,2.292,2.56865,0,0.6480000000000001,0.6480000000000001,0.1
0.20911458333333333,1.895849601133543,0.2586116464119455,2.3728974467712063,1.0,22.375,3.712964346147247,0.1697875043536502,1895.849601133544,2007,2,walk,move_true_0.1_none,none,1,adaptive,8,0.015625,36,2,2,6,1.0,0.05555555555555555,1.0,2,1.0,2.333,2.7773,0,0.6480000000000001,0.6480000000000001,0.1
0.6883680555555557,0.6865071255123502,0.22156557062152257,1.8606460291844984,1.0,19.4375,3.7838154518496463,0.5033543183402064,686.50712551235,2007,3,walk,move_true_0.1_none,none,1,adaptive,8,0.015625,36,2,2,6,1.0,0.05555555555555555,1.0,2,1.0,2.2915,2.625,0,0.6480000000000001,0.6480000000000001,0.1
0.16736937830687829,1.995414544976587,0.2902764247565973,2.5859491912637558,0.9583333333333334,27.083333333333332,3.707937448983401,0.16746430702740578,1995.4145449765886,2008,0,walk,move_true_0.1_none,none,1,adaptive,8,0.015625,37,3,3,5,1.0,0.08108108108108109,1.0,3,1.0,2.3955,3.5620499999999993,0,0.6480000000000001,0.6480000000000001,0.1
0.27760416666666665,1.7580329846112441,0.198381967546046,2.6426406634810182,1.0,17.145833333333332,3.728061811268861,0.23864876942888488,1758.0329846112445,2008,1,walk,move_true_0.1_none,none,1,adaptive,8,0.015625,42,4,4,7,1.0,0.09523809523809523,1.0,4,1.0,2.334,2.7580999999999993,0,0.6480000000000001,0.6480000000000001,0.1
0.2605034722222222,1.0668874025527133,0.33157930635693406,1.896142896044408,1.0,23.416666666666668,3.3876773219136385,0.1706681672070521,1066.8874025527134,2008,2,walk,move_true_0.1_none,none,1,adaptive,8,0.015625,38,2,2,3,1.0,0.05263157894736842,1.0,2,1.0,2.334,2.7478999999999996,0,0.6480000000000001,0.6480000000000001,0.1
0.3624131944444444,1.6590996284914263,0.3894027213736156,1.8477138273732059,1.0,18.416666666666668,3.0227741994887634,0.26287269744869174,1659.0996284914263,2008,3,walk,move_true_0.1_none,none,1,adaptive,8,0.015625,39,3,3,5,1.0,0.07692307692307693,1.0,3,1.0,2.3125,2.70625,0,0.6480000000000001,0.6480000000000001,0.1
0.042187499999999996,1.824378996674022,0.21928629557140067,2.476223591426509,1.0,21.791666666666668,3.8789131524348512,0.17709879557140062,1824.3789966740223,2009,0,walk,move_true_0.1_none,none,1,adaptive,8,0.015625,38,3,3,5,1.0,0.07894736842105263,1.0,3,1.0,2.3545,2.73565,0,0.6480000000000001,0.6480000000000001,0.1
0.1050760582010582,1.3096542305777563,0.16232519188655897,2.7239159559873882,1.0,31.208333333333332,4.375182098570732,0.13773834200307344,1309.6542305777564,2009,1,walk,move_true_0.1_none,none,1,adaptive,8,0.015625,42,2,2,4,1.0,0.047619047619047616,1.0,2,1.0,2.3125,2.625,0,0.6480000000000001,0.6480000000000001,0.1
0.3758515211640212,1.6790064571005683,0.3367826636606319,2.07220548234514,1.0,21.9375,3.4612754432666324,0.13504975456474863,1679.006457100568,2009,2,walk,move_true_0.1_none,none,1,adaptive,8,0.015625,36,2,2,7,1.0,0.05555555555555555,1.0,2,1.0,2.25,2.94395,0,0.6480000000000001,0.6480000000000001,0.1
0.3560790293047711,1.7067626391638306,0.3066699663499264,2.530694253512826,0.9166666666666666,26.5,3.660770758362002,0.14168763795102834,1706.7626391638307,2009,3,walk,move_true_0.1_none,none,1,adaptive,8,0.015625,38,3,3,8,1.0,0.07894736842105263,1.0,3,1.0,2.291,2.8130499999999996,0,0.6480000000000001,0.6480000000000001,0.1
0.02226109529833439,1.9399769959618025,0.0891668046709746,3.1204712901277456,1.0,28.041666666666668,4.62248928302743,0.06690570937264022,1939.9769959618054,2000,0,walk,move_true_0.1_random,random,0.5,adaptive,8,0.015625,34,0,0,2,nan,0.0,nan,0,1.0,2.334,3.1897999999999995,0,0.6480000000000001,0.6480000000000001,0.1
0.10524354360299355,1.9048235856431779,0.037252857984555236,3.7876131308234875,0.9791666666666666,51.5,5.640903957493781,0.06799068561843834,1904.8235856431795,2000,1,walk,move_true_0.1_random,random,0.5,adaptive,8,0.015625,37,2,0,1,0.0,0.0,0.0,0,1.0,2.375,2.6666499999999997,0,0.6480000000000001,0.6480000000000001,0.1
0.4588541666666666,1.8603363787760898,0.3338326288471933,1.8337969078688188,1.0,14.8125,2.9939601815359738,0.16846680831223684,1860.33637877609,2000,2,walk,move_true_0.1_random,random,0.5,adaptive,8,0.015625,36,2,2,6,1.0,0.05555555555555555,1.0,2,1.0,2.3125,2.7622999999999998,0,0.6480000000000001,0.6480000000000001,0.1
0.001171875,3.194878204571723,0.04831190617239631,4.634091615651459,0.6041666666666666,42.020833333333336,5.314618365285894,0.04714003117239631,3194.878204571721,2000,3,walk,move_true_0.1_random,random,0.5,adaptive,8,0.015625,33,2,0,1,0.0,0.0,0.0,0,1.0,2.25,2.542,0,0.6480000000000001,0.6480000000000001,0.1
0.1669973544973545,0.9783785449584363,0.29259005188030457,2.0105426791807317,1.0,14.270833333333334,3.3231408298446694,0.13496270417218956,978.3785449584365,2001,0,walk,move_true_0.1_random,random,0.5,adaptive,8,0.015625,37,4,2,3,0.5,0.05405405405405406,0.3333333333333333,2,1.0,2.3335,2.94155,0,0.6480000000000001,0.6480000000000001,0.1
0.0837673611111111,3.1287204015031187,0.1687065967372017,3.1572852299388248,1.0,32.979166666666664,4.438150713664306,0.1234523636672696,3128.720401503117,2001,1,walk,move_true_0.1_random,random,0.5,adaptive,8,0.015625,36,6,3,5,0.5,0.08333333333333333,1.0,3,1.0,2.25,2.6646,0,0.6480000000000001,0.6480000000000001,0.1
0.0,4.20869797031767,0.0401229111636346,3.928707466017977,0.8958333333333334,45.208333333333336,5.524893013973101,0.0401229111636346,4208.697970317667,2001,2,walk,move_true_0.1_random,random,0.5,adaptive,8,0.015625,37,5,1,2,0.2,0.02702702702702703,0.5,1,1.0,2.291,2.5,0,0.6480000000000001,0.6480000000000001,0.1
0.08669321895424836,2.5856831540551624,0.12262905472058527,3.266493405288335,1.0,31.041666666666668,4.713454664011663,0.035935835766336896,2585.683154055158,2001,3,walk,move_true_0.1_random,random,0.5,adaptive,8,0.015625,32,2,1,3,0.5,0.03125,0.5,1,1.0,2.333,3.0066999999999995,0,0.6480000000000001,0.6480000000000001,0.1
0.0,4.99900644734407,0.03595795638884089,4.099852286791842,0.9791666666666666,54.458333333333336,5.7466973261543925,0.035957956388840896,4999.006447344072,2002,0,walk,move_true_0.1_random,random,0.5,adaptive,8,0.015625,39,4,1,1,0.25,0.02564102564102564,0.3333333333333333,1,1.0,2.3125,2.8018499999999995,0,0.6480000000000001,0.6480000000000001,0.1
0.083984375,2.7413209933580354,0.17810439137210976,2.780634258830647,0.9791666666666666,23.1875,4.062528188206954,0.1530707245662622,2741.320993358035,2002,1,walk,move_true_0.1_random,random,0.5,adaptive,8,0.015625,38,5,1,6,0.2,0.02631578947368421,0.5,1,1.0,2.292,2.83125,0,0.6480000000000001,0.6480000000000001,0.1
0.0008680555555555555,3.2128210907204338,0.12337109156738917,4.950933732428024,0.5416666666666666,22.9375,4.368276126439832,0.12250303601183361,3212.821090720435,2002,2,walk,move_true_0.1_random,random,0.5,adaptive,8,0.015625,33,2,1,5,0.5,0.030303030303030304,0.5,1,1.0,2.25,2.5,0,0.6480000000000001,0.6480000000000001,0.1
0.14713128306878306,2.2239873771355985,0.045064891399590495,3.4695257817923957,1.0,44.3125,5.4596424938722405,0.10206639166919257,2223.9873771355983,2002,3,walk,move_true_0.1_random,random,0.5,adaptive,8,0.015625,39,5,2,2,0.4,0.05128205128205128,0.5,2,1.0,2.292,2.6498999999999997,0,0.6480000000000001,0.6480000000000001,0.1
0.00033068783068783067,2.8073565129533,0.06922664910971983,4.8816113699468255,0.6458333333333334,35.645833333333336,4.955755455321513,0.06889596127903201,2807.3565129533,2003,0,walk,move_true_0.1_random,random,0.5,adaptive,8,0.015625,35,5,2,3,0.4,0.05714285714285714,0.3333333333333333,2,1.0,2.375,2.708,0,0.6480000000000001,0.6480000000000001,0.1
0.016145833333333335,1.9898748122806775,0.12015973704267892,2.711586388885508,1.0,19.4375,4.188589091951715,0.10401390370934559,1989.8748122806771,2003,1,walk,move_true_0.1_random,random,0.5,adaptive,8,0.015625,35,2,1,2,0.5,0.02857142857142857,0.5,1,1.0,2.333,2.9814499999999997,0,0.6480000000000001,0.6480000000000001,0.1
0.6063301850916267,1.1823755617123444,0.32341791395923153,2.092653522821406,0.9791666666666666,23.166666666666668,3.5410377611512662,0.28291227113239525,1182.3755617123447,2003,2,walk,move_true_0.1_random,random,0.5,adaptive,8,0.015625,33,4,3,5,0.75,0.09090909090909091,1.0,3,1.0,2.333,2.8869499999999997,0,0.6480000000000001,0.6480000000000001,0.1
0.026909722222222224,1.172828656145792,0.2918358029009129,2.0896650509337453,1.0,11.5,3.0568960453947356,0.26584583860275895,1172.8286561457924,2003,3,walk,move_true_0.1_random,random,0.5,adaptive,8,0.015625,40,5,4,6,0.8,0.1,1.0,4,1.0,2.354,4.611949999999998,0,0.6480000000000001,0.6480000000000001,0.1
0.12716224747474747,2.815625660793461,0.040781843867638536,3.587713822544733,1.0,39.895833333333336,5.359525277734513,0.08638040360710893,2815.625660793461,2004,0,walk,move_true_0.1_random,random,0.5,adaptive,8,0.015625,38,4,2,2,0.5,0.05263157894736842,0.6666666666666666,2,1.0,2.416,2.80395,0,0.6480000000000001,0.6480000000000001,0.1
0.375,3.621336759753302,0.11151315673380936,2.9476334061948095,0.9583333333333334,29.8125,4.548235591830932,0.30995293860915485,3621.336759753305,2004,1,walk,move_true_0.1_random,random,0.5,adaptive,8,0.015625,35,4,2,4,0.5,0.05714285714285714,0.6666666666666666,2,1.0,2.292,2.8147999999999995,0,0.6480000000000001,0.6480000000000001,0.1
0.0,2.8520924578530855,0.059721797835926634,3.3520636769485908,0.9791666666666666,32.666666666666664,4.991332968498734,0.059721797835926634,2852.0924578530835,2004,2,walk,move_true_0.1_random,random,0.5,adaptive,8,0.015625,37,5,1,1,0.2,0.02702702702702703,1.0,1,1.0,2.354,2.6943,0,0.6480000000000001,0.6480000000000001,0.1
0.25033068783068785,1.4234752422420527,0.1925826559928728,2.457047399481272,1.0,24.708333333333332,3.9885482857041246,0.19774144275594832,1423.4752422420527,2004,3,walk,move_true_0.1_random,random,0.5,adaptive,8,0.015625,35,5,4,5,0.8,0.11428571428571428,1.0,4,1.0,2.417,3.5602999999999994,0,0.6480000000000001,0.6480000000000001,0.1
0.0009259259259259259,2.804759649707574,0.031024066967614283,4.319164250511312,0.875,58.270833333333336,5.887458208101048,0.030098141041688356,2804.759649707576,2005,0,walk,move_true_0.1_random,random,0.5,adaptive,8,0.015625,34,2,0,0,0.0,0.0,0.0,0,nan,2.292,2.917,0,0.6480000000000001,0.6480000000000001,0.1
0.001893187830687831,2.5619220151818536,0.05515957129746838,3.802976335418249,0.8333333333333334,42.229166666666664,5.189272342439065,0.05326638346678054,2561.922015181855,2005,1,walk,move_true_0.1_random,random,0.5,adaptive,8,0.015625,37,5,3,3,0.6,0.08108108108108109,0.5,3,1.0,2.292,2.56865,0,0.6480000000000001,0.6480000000000001,0.1
0.2294973544973545,2.7868739217488225,0.1503334376206738,3.260972693785273,0.8958333333333334,29.791666666666668,4.368659987373721,0.15964832506599605,2786.8739217488232,2005,2,walk,move_true_0.1_random,random,0.5,adaptive,8,0.015625,42,6,2,2,0.3333333333333333,0.047619047619047616,0.5,2,1.0,2.4165,2.8021999999999996,0,0.6480000000000001,0.6480000000000001,0.1
0.06318379517532059,2.960925374875186,0.10709854836996292,3.3903043553304433,1.0,40.020833333333336,4.886015606186262,0.07294444247133945,2960.9253748751853,2005,3,walk,move_true_0.1_random,random,0.5,adaptive,8,0.015625,38,3,1,1,0.3333333333333333,0.02631578947368421,0.3333333333333333,1,1.0,2.375,2.75,0,0.6480000000000001,0.6480000000000001,0.1
0.0007094757094757094,3.580858992029496,0.043486661738003446,4.36304281575095,0.8541666666666666,48.1875,5.53195918826237,0.04277718602852773,3580.858992029496,2006,0,walk,move_true_0.1_random,random,0.5,adaptive,8,0.015625,33,5,1,2,0.2,0.030303030303030304,0.5,1,1.0,2.291,2.5693,0,0.6480000000000001,0.6480000000000001,0.1
0.041666666666666664,3.7874039213779995,0.044724346429196433,3.7260780170795145,0.9583333333333334,53.4375,5.64236029221327,0.0063931026974634415,3787.403921378,2006,1,walk,move_true_0.1_random,random,0.5,adaptive,8,0.015625,40,2,0,2,0.0,0.0,0.0,0,1.0,2.666,5.527299999999999,0,0.6480000000000001,0.6480000000000001,0.1
0.006770833333333333,2.3870558957906893,0.03749581024745006,3.9332791694655582,1.0,51.895833333333336,5.678335288745216,0.030724976914116724,2387.0558957906896,2006,2,walk,move_true_0.1_random,random,0.5,adaptive,8,0.015625,35,4,2,2,0.5,0.05714285714285714,0.5,2,1.0,2.3545,2.8045999999999998,0,0.6480000000000001,0.6480000000000001,0.1
0.021933795175320597,2.5450107555212944,0.18902000028072527,3.513253926327365,0.9166666666666666,28.916666666666668,4.22772445846346,0.16708620510540464,2545.010755521296,2006,3,walk,move_true_0.1_random,random,0.5,adaptive,8,0.015625,35,4,2,6,0.5,0.05714285714285714,1.0,2,1.0,2.333,2.9692,0,0.6480000000000001,0.6480000000000001,0.1
0.0,3.61367640553626,0.06504179247570199,3.7868530009575276,1.0,33.166666666666664,4.995195104432166,0.06504179247570199,3613.67640553626,2007,0,walk,move_true_0.1_random,random,0.5,adaptive,8,0.015625,33,2,1,2,0.5,0.030303030303030304,0.5,1,1.0,2.417,4.981249999999998,0,0.6480000000000001,0.6480000000000001,0.1
0.21301517210144927,1.1246386899496186,0.24081055514569474,2.4979451190155584,0.9791666666666666,19.208333333333332,3.537549047416888,0.02779538304424542,1124.6386899496188,2007,1,walk,move_true_0.1_random,random,0.5,adaptive,8,0.015625,36,3,1,4,0.3333333333333333,0.027777777777777776,0.5,1,1.0,2.458,3.31655,0,0.6480000000000001,0.6480000000000001,0.1
0.0007812499999999999,3.7805386449408527,0.12305418773946451,3.6980760511609465,0.9583333333333334,31.291666666666668,4.528222963409536,0.1222729377394645,3780.538644940852,2007,2,walk,move_true_0.1_random,random,0.5,adaptive,8,0.015625,36,2,0,2,0.0,0.0,0.0,0,1.0,2.5,5.0785,0,0.6480000000000001,0.6480000000000001,0.1
0.003507691158900836,2.437885411932545,0.07466865884789722,3.307002497210851,1.0,26.4375,4.71022117129519,0.0711609676889964,2437.8854119325456,2007,3,walk,move_true_0.1_random,random,0.5,adaptive,8,0.015625,36,2,2,4,1.0,0.05555555555555555,1.0,2,1.0,2.416,3.2916499999999997,0,0.6480000000000001,0.6480000000000001,0.1
0.25070271164021163,1.91481610857557,0.27783841638799006,2.421229685133492,0.9791666666666666,19.166666666666668,3.5759533519728173,0.19064979352277797,1914.8161085755698,2008,0,walk,move_true_0.1_random,random,0.5,adaptive,8,0.015625,37,3,2,4,0.6666666666666666,0.05405405405405406,1.0,2,1.0,2.4795,4.074999999999999,0,0.6480000000000001,0.6480000000000001,0.1
0.0005208333333333333,3.6883422240487285,0.06047394324302601,3.3492066470631774,1.0,33.666666666666664,5.030152112915389,0.05995310990969268,3688.342224048732,2008,1,walk,move_true_0.1_random,random,0.5,adaptive,8,0.015625,42,4,1,2,0.25,0.023809523809523808,0.5,1,1.0,2.333,3.1187499999999995,0,0.6480000000000001,0.6480000000000001,0.1
0.0,3.254709547368046,0.06408640870757154,3.299437860360339,1.0,33.8125,4.99621973163734,0.06408640870757154,3254.709547368048,2008,2,walk,move_true_0.1_random,random,0.5,adaptive,8,0.015625,38,2,0,1,0.0,0.0,0.0,0,1.0,2.375,3.2181999999999995,0,0.6480000000000001,0.6480000000000001,0.1
0.5455729166666666,1.0028496284914263,0.19210246077547588,2.3669139582585044,1.0,23.875,4.040481114005403,0.41675495009283875,1002.8496284914263,2008,3,walk,move_true_0.1_random,random,0.5,adaptive,8,0.015625,39,3,2,4,0.6666666666666666,0.05128205128205128,1.0,2,1.0,2.25,3.431149999999999,0,0.6480000000000001,0.6480000000000001,0.1
0.0005208333333333333,2.0897150353442866,0.19244021107455522,3.078385745973226,0.9791666666666666,24.9375,3.921441974731612,0.19191937774122192,2089.715035344289,2009,0,walk,move_true_0.1_random,random,0.5,adaptive,8,0.015625,38,3,1,4,0.3333333333333333,0.02631578947368421,0.5,1,1.0,2.292,2.95625,0,0.6480000000000001,0.6480000000000001,0.1
0.2717427248677249,1.8749696024379905,0.027809467804600887,3.77429766319384,1.0,57.895833333333336,5.918109719769181,0.243933257063124,1874.9696024379907,2009,1,walk,move_true_0.1_random,random,0.5,adaptive,8,0.015625,42,2,0,0,0.0,0.0,0.0,0,nan,2.292,2.7727999999999997,0,0.6480000000000001,0.6480000000000001,0.1
0.18835152116402118,1.4498397904339015,0.05195120074184912,3.2474919978449717,1.0,47.104166666666664,5.500410015312219,0.13640032042217207,1449.8397904339015,2009,2,walk,move_true_0.1_random,random,0.5,adaptive,8,0.015625,36,2,2,3,1.0,0.05555555555555555,1.0,2,1.0,2.2915,2.67895,0,0.6480000000000001,0.6480000000000001,0.1
0.0011939718335067173,2.8400014888261693,0.08006970613986421,3.7590254810175807,0.9375,33.833333333333336,4.901034720333635,0.07887573430635748,2840.0014888261667,2009,3,walk,move_true_0.1_random,random,0.5,adaptive,8,0.015625,38,3,1,2,0.3333333333333333,0.02631578947368421,0.5,1,1.0,2.709,5.270499999999998,0,0.6480000000000001,0.6480000000000001,0.1
0.009671585648148148,1.9408736928713697,0.08659396288194922,2.8419264767993213,1.0,30.270833333333332,4.712272552424176,0.07692237723380108,1940.873692871369,2000,0,walk,move_true_0.1_bsp,bsp,0.1,adaptive,8,0.015625,34,0,0,5,nan,0.0,nan,0,1.0,21.1665,65.82095,0,0.6480000000000001,0.6480000000000001,0.1
0.0244140625,2.4126761792471076,0.05584073464077032,3.6833497444402017,0.9166666666666666,36.270833333333336,5.001663896196264,0.03142667214077032,2412.6761792471098,2000,1,walk,move_true_0.1_bsp,bsp,0.1,adaptive,8,0.015625,37,2,1,7,0.5,0.02702702702702703,0.5,1,1.0,18.5,27.012599999999996,0,0.6480000000000001,0.6480000000000001,0.1
0.18802083333333333,2.7907464669377986,0.08128564748569242,3.1226278373638245,1.0,23.833333333333332,4.51260336627358,0.10673518584764091,2790.7464669377982,2000,2,walk,move_true_0.1_bsp,bsp,0.1,adaptive,8,0.015625,36,2,1,6,0.5,0.027777777777777776,1.0,1,1.0,17.750500000000002,18.958,0,0.6480000000000001,0.6480000000000001,0.1
0.002560763888888889,2.2358547992409337,0.06682758504310589,3.458743532340352,1.0,38.916666666666664,5.163316208409338,0.06426682115421699,2235.8547992409344,2000,3,walk,move_true_0.1_bsp,bsp,0.1,adaptive,8,0.015625,33,2,1,5,0.5,0.030303030303030304,1.0,1,1.0,17.75,18.55395,0,0.6480000000000001,0.6480000000000001,0.1
0.0003255208333333333,4.048322718673377,0.05593579589374928,4.513598675700645,0.9375,47.333333333333336,5.4668337655045685,0.055610275060415944,4048.32271867338,2001,0,walk,move_true_0.1_bsp,bsp,0.1,adaptive,8,0.015625,37,4,2,3,0.5,0.05405405405405406,0.6666666666666666,2,1.0,17.4375,18.7581,0,0.6480000000000001,0.6480000000000001,0.1
0.006088789682539683,1.776244122981358,0.08661268402978782,2.749748145059453,1.0,20.0625,4.297469153269627,0.08052389434724815,1776.244122981361,2001,1,walk,move_true_0.1_bsp,bsp,0.1,adaptive,8,0.015625,36,6,5,12,0.8333333333333334,0.1388888888888889,1.0,5,1.0,18.1875,21.6044,0,0.6480000000000001,0.6480000000000001,0.1
0.0,4.272162075425164,0.08883230127790549,3.7179813549691616,0.9791666666666666,20.666666666666668,4.283155573085071,0.08883230127790548,4272.162075425172,2001,2,walk,move_true_0.1_bsp,bsp,0.1,adaptive,8,0.015625,37,5,1,7,0.2,0.02702702702702703,0.5,1,1.0,17.9165,19.08365,0,0.6480000000000001,0.6480000000000001,0.1
0.23752170138888887,1.5904519512362203,0.08429826043681683,2.7289262151613616,1.0,21.625,4.3438397805789934,0.1573901076187387,1590.4519512362206,2001,3,walk,move_true_0.1_bsp,bsp,0.1,adaptive,8,0.015625,32,2,0,9,0.0,0.0,0.0,0,1.0,18.3125,21.4897,0,0.6480000000000001,0.6480000000000001,0.1
0.008152821780593957,3.7769061462088,0.07207510645028493,3.949055619329414,1.0,28.895833333333332,4.64112536636144,0.06392228466969098,3776.9061462088043,2002,0,walk,move_true_0.1_bsp,bsp,0.1,adaptive,8,0.015625,39,4,0,5,0.0,0.0,0.0,0,1.0,18.0,19.1205,0,0.6480000000000001,0.6480000000000001,0.1
0.333984375,2.0703736904095797,0.07257209716057127,3.6273513550953695,1.0,39.8125,4.9578249103082985,0.2614122778394287,2070.37369040958,2002,1,walk,move_true_0.1_bsp,bsp,0.1,adaptive,8,0.015625,38,5,2,8,0.4,0.05263157894736842,0.5,2,1.0,18.0,19.65055,0,0.6480000000000001,0.6480000000000001,0.1
0.25156249999999997,1.526040406578382,0.07375492599254788,2.930985989506182,1.0,36.854166666666664,5.028063549416512,0.1778075740074521,1526.0404065783816,2002,2,walk,move_true_0.1_bsp,bsp,0.1,adaptive,8,0.015625,33,2,1,4,0.5,0.030303030303030304,0.5,1,1.0,18.1455,22.318849999999998,0,0.6480000000000001,0.6480000000000001,0.1
0.0027994791666666667,3.183395322327509,0.07230413729824087,3.6241638920504045,0.9583333333333334,37.958333333333336,5.112014563283423,0.0695046581315742,3183.3953223275093,2002,3,walk,move_true_0.1_bsp,bsp,0.1,adaptive,8,0.015625,39,5,2,3,0.4,0.05128205128205128,0.5,2,1.0,18.6875,32.8544,0,0.6480000000000001,0.6480000000000001,0.1
0.0036675347222222218,2.7571858003222434,0.07539852083372116,3.6996432384236555,0.8958333333333334,27.5,4.598623224359055,0.07173098611149893,2757.1858003222455,2003,0,walk,move_true_0.1_bsp,bsp,0.1,adaptive,8,0.015625,35,5,4,11,0.8,0.11428571428571428,0.6666666666666666,4,1.0,18.5625,26.90625,0,0.6480000000000001,0.6480000000000001,0.1
0.02786458333333333,1.7866403635866857,0.08582515273585904,2.552803234258125,1.0,18.0625,4.148978446534643,0.057960569402525704,1786.6403635866857,2003,1,walk,move_true_0.1_bsp,bsp,0.1,adaptive,8,0.015625,35,2,2,9,1.0,0.05714285714285714,1.0,2,1.0,17.458,20.2624,0,0.6480000000000001,0.6480000000000001,0.1
0.09796006944444445,3.026508960145591,0.07614266375793137,2.9122177910054083,0.9166666666666666,26.791666666666668,4.576007013804001,0.02181740568651308,3026.5089601455907,2003,2,walk,move_true_0.1_bsp,bsp,0.1,adaptive,8,0.015625,33,4,2,10,0.5,0.06060606060606061,1.0,2,1.0,17.375,19.2875,0,0.6480000000000001,0.6480000000000001,0.1
0.0021701388888888886,2.5812233622804395,0.07545758952315296,2.8026046653667973,1.0,21.604166666666668,4.348026208104554,0.07328745063426408,2581.2233622804397,2003,3,walk,move_true_0.1_bsp,bsp,0.1,adaptive,8,0.015625,40,5,3,7,0.6,0.075,0.6666666666666666,3,1.0,17.229,18.4398,0,0.6480000000000001,0.6480000000000001,0.1
0.001171875,2.361726734014367,0.07433795349735378,3.2644306162434753,1.0,37.270833333333336,5.05476324749398,0.07316607849735378,2361.7267340143676,2004,0,walk,move_true_0.1_bsp,bsp,0.1,adaptive,8,0.015625,38,4,3,3,0.75,0.07894736842105263,1.0,3,1.0,17.1665,17.8456,0,0.6480000000000001,0.6480000000000001,0.1
0.005425347222222221,2.587047610403196,0.07648721886039057,2.9366883168339126,1.0,20.125,4.286127741933808,0.07106187163816836,2587.0476104031977,2004,1,walk,move_true_0.1_bsp,bsp,0.1,adaptive,8,0.015625,35,4,3,10,0.75,0.08571428571428572,1.0,3,1.0,17.1875,18.2318,0,0.6480000000000001,0.6480000000000001,0.1
0.6689959490740741,0.9661132006227375,0.07683477382073632,2.773042338991147,1.0,23.9375,4.462124147702282,0.5921611752533378,966.1132006227375,2004,2,walk,move_true_0.1_bsp,bsp,0.1,adaptive,8,0.015625,37,5,4,10,0.8,0.10810810810810811,1.0,4,1.0,17.2295,17.92895,0,0.6480000000000001,0.6480000000000001,0.1
0.0018880208333333336,2.5206909709852847,0.07252767520421483,3.4706853387123275,0.9166666666666666,32.5,4.872166738441202,0.07063965437088149,2520.690970985283,2004,3,walk,move_true_0.1_bsp,bsp,0.1,adaptive,8,0.015625,35,5,2,8,0.4,0.05714285714285714,0.5,2,1.0,17.354,18.9045,0,0.6480000000000001,0.6480000000000001,0.1
0.0008463541666666667,2.685386253365493,0.07671544594928702,3.7061882675258038,0.875,35.333333333333336,4.939938981188603,0.07586909178262034,2685.386253365492,2005,0,walk,move_true_0.1_bsp,bsp,0.1,adaptive,8,0.015625,34,2,0,5,0.0,0.0,0.0,0,1.0,17.125,18.1079,0,0.6480000000000001,0.6480000000000001,0.1
0.007096354166666666,2.1948107702856468,0.08478691182097092,2.8901066996177307,1.0,19.145833333333332,4.207105299798383,0.07769055765430427,2194.8107702856464,2005,1,walk,move_true_0.1_bsp,bsp,0.1,adaptive,8,0.015625,37,5,3,10,0.6,0.08108108108108109,0.5,3,1.0,17.167,17.9251,0,0.6480000000000001,0.6480000000000001,0.1
0.0013020833333333333,4.719750930516884,0.08341435159329014,4.907102389671237,0.625,46.541666666666664,5.293971421163385,0.0821122682599568,4719.750930516883,2005,2,walk,move_true_0.1_bsp,bsp,0.1,adaptive,8,0.015625,42,6,0,0,0.0,0.0,0.0,0,nan,17.166,18.1373,0,0.6480000000000001,0.6480000000000001,0.1
0.0006510416666666666,2.9472019322381544,0.07427564886857854,2.9716928378784826,1.0,26.145833333333332,4.509421868370889,0.07362460720191187,2947.201932238156,2005,3,walk,move_true_0.1_bsp,bsp,0.1,adaptive,8,0.015625,38,3,0,5,0.0,0.0,0.0,0,1.0,17.084,19.6648,0,0.6480000000000001,0.6480000000000001,0.1
0.0014973958333333332,2.8200643106887013,0.06268446246755863,3.3575698958175284,1.0,45.8125,5.342346284044709,0.061187066634225296,2820.0643106886996,2006,0,walk,move_true_0.1_bsp,bsp,0.1,adaptive,8,0.015625,33,5,3,6,0.6,0.09090909090909091,1.0,3,1.0,17.1875,18.27665,0,0.6480000000000001,0.6480000000000001,0.1
0.10794270833333335,1.129112812916529,0.07180599231671492,3.0009626716997215,1.0,38.270833333333336,5.1753095095105985,0.0528033826832851,1129.1128129165293,2006,1,walk,move_true_0.1_bsp,bsp,0.1,adaptive,8,0.015625,40,2,2,2,1.0,0.05,1.0,2,1.0,17.3125,20.852199999999996,0,0.6480000000000001,0.6480000000000001,0.1
0.006770833333333333,2.2338332382299035,0.0761201423111026,3.115358099675247,1.0,25.125,4.556917528710508,0.06934930897776927,2233.833238229902,2006,2,walk,move_true_0.1_bsp,bsp,0.1,adaptive,8,0.015625,35,4,1,5,0.25,0.02857142857142857,0.5,1,1.0,17.291,18.03925,0,0.6480000000000001,0.6480000000000001,0.1
0.024305555555555556,3.7641444035080234,0.07383805627404945,3.4694948665209147,1.0,27.270833333333332,4.607308544102308,0.04953250071849389,3764.1444035080217,2006,3,walk,move_true_0.1_bsp,bsp,0.1,adaptive,8,0.015625,35,4,1,7,0.25,0.02857142857142857,0.5,1,1.0,17.209,18.78125,0,0.6480000000000001,0.6480000000000001,0.1
0.0,5.187076968958073,0.09526611001095038,4.031929001058519,1.0,28.229166666666668,4.706106815086291,0.09526611001095038,5187.076968958072,2007,0,walk,move_true_0.1_bsp,bsp,0.1,adaptive,8,0.015625,33,2,1,3,0.5,0.030303030303030304,0.5,1,1.0,17.1455,18.345950000000002,0,0.6480000000000001,0.6480000000000001,0.1
0.19934895833333333,3.2345880335351986,0.0713029198835533,3.2993756416000437,1.0,30.166666666666668,4.742453219541762,0.13221270511644667,3234.588033535199,2007,1,walk,move_true_0.1_bsp,bsp,0.1,adaptive,8,0.015625,36,3,1,3,0.3333333333333333,0.027777777777777776,0.5,1,1.0,17.291,18.1625,0,0.6480000000000001,0.6480000000000001,0.1
0.0018229166666666665,4.363390070243213,0.0688027284150261,4.159427014000102,0.7708333333333334,31.645833333333332,4.832612417927083,0.06697981174835944,4363.390070243212,2007,2,walk,move_true_0.1_bsp,bsp,0.1,adaptive,8,0.015625,36,2,2,6,1.0,0.05555555555555555,1.0,2,1.0,17.1665,18.2455,0,0.6480000000000001,0.6480000000000001,0.1
0.0008680555555555555,3.7749756904399256,0.06720990246933585,3.3882031903488308,0.8958333333333334,22.958333333333332,4.537744997216827,0.0663418469137803,3774.9756904399255,2007,3,walk,move_true_0.1_bsp,bsp,0.1,adaptive,8,0.015625,36,2,2,6,1.0,0.05555555555555555,1.0,2,1.0,17.292,19.6455,0,0.6480000000000001,0.6480000000000001,0.1
0.0032552083333333335,3.6987890202954894,0.06071459437720933,3.1129522628294235,0.8541666666666666,34.979166666666664,5.00380387354668,0.05745938604387601,3698.789020295489,2008,0,walk,move_true_0.1_bsp,bsp,0.1,adaptive,8,0.015625,37,3,0,3,0.0,0.0,0.0,0,1.0,17.6875,24.350549999999995,0,0.6480000000000001,0.6480000000000001,0.1
0.03862847222222222,3.361467012902441,0.07683020862726075,3.4124198771367964,1.0,29.416666666666668,4.838671470707433,0.038201736405038524,3361.467012902443,2008,1,walk,move_true_0.1_bsp,bsp,0.1,adaptive,8,0.015625,42,4,0,1,0.0,0.0,0.0,0,1.0,17.4165,18.3124,0,0.6480000000000001,0.6480000000000001,0.1
0.28133680555555557,3.0908658121980292,0.07040394072258743,3.0466026935051502,1.0,34.4375,4.9739105190684905,0.2109328648329681,3090.8658121980297,2008,2,walk,move_true_0.1_bsp,bsp,0.1,adaptive,8,0.015625,38,2,0,2,0.0,0.0,0.0,0,1.0,17.396,18.1376,0,0.6480000000000001,0.6480000000000001,0.1
0.12630208333333334,3.11743296182476,0.08337231949863445,2.607111228252965,1.0,26.354166666666668,4.409732950587716,0.04292976383469887,3117.43296182476,2008,3,walk,move_true_0.1_bsp,bsp,0.1,adaptive,8,0.015625,39,3,1,1,0.3333333333333333,0.02564102564102564,0.5,1,1.0,17.2705,18.31635,0,0.6480000000000001,0.6480000000000001,0.1
0.0005208333333333333,2.554809616013934,0.07340158349913148,3.3525062062179103,1.0,27.979166666666668,4.681073534214955,0.07288075016579815,2554.809616013936,2009,0,walk,move_true_0.1_bsp,bsp,0.1,adaptive,8,0.015625,38,3,2,7,0.6666666666666666,0.05263157894736842,1.0,2,1.0,17.208,18.63135,0,0.6480000000000001,0.6480000000000001,0.1
0.3133463541666667,1.3498679927409347,0.06183588736680287,3.03445352037652,1.0,36.729166666666664,5.08235726882342,0.25151046679986383,1349.8679927409348,2009,1,walk,move_true_0.1_bsp,bsp,0.1,adaptive,8,0.015625,42,2,0,2,0.0,0.0,0.0,0,1.0,17.5205,19.1647,0,0.6480000000000001,0.6480000000000001,0.1
0.16751302083333333,1.5170511531167847,0.07835391345563604,2.7404109698414927,1.0,31.666666666666668,4.810173885953513,0.08915910737769729,1517.0511531167851,2009,2,walk,move_true_0.1_bsp,bsp,0.1,adaptive,8,0.015625,36,2,2,9,1.0,0.05555555555555555,1.0,2,1.0,17.375,20.74595,0,0.6480000000000001,0.6480000000000001,0.1
0.08554997519841269,2.085320005944212,0.07117372726773488,2.902207291592467,1.0,28.458333333333332,4.591796888066758,0.014376247930677813,2085.3200059442133,2009,3,walk,move_true_0.1_bsp,bsp,0.1,adaptive,8,0.015625,38,3,2,8,0.6666666666666666,0.05263157894736842,1.0,2,1.0,17.458,21.175549999999994,0,0.6480000000000001,0.6480000000000001,0.1
0.25142776196500105,1.4101148232933538,0.16978083075359196,2.459075727842058,1.0,23.541666666666668,4.012743859461729,0.13605961428311222,1410.114823293354,2000,0,walk,move_true_0.6_none,none,1,adaptive,8,0.015625,34,5,5,12,1.0,0.14705882352941177,1.0,5,1.0,2.2915,3.3249999999999993,0,0.6480000000000001,0.6480000000000001,0.6
0.0010768769363268883,3.6747624212731256,0.06030287979505619,4.173054171537455,0.8125,39.729166666666664,5.178015739562139,0.05922600285872931,3674.7624212731266,2000,1,walk,move_true_0.6_none,none,1,adaptive,8,0.015625,37,1,1,5,1.0,0.02702702702702703,1.0,1,1.0,2.25,3.0647999999999995,0,0.6480000000000001,0.6480000000000001,0.6
0.20885416666666667,2.1312957625896494,0.08712121240443055,2.944677171960905,1.0,28.041666666666668,4.647198577067143,0.12173295426223611,2131.295762589651,2000,2,walk,move_true_0.6_none,none,1,adaptive,8,0.015625,36,2,2,4,1.0,0.05555555555555555,1.0,2,1.0,2.208,2.58125,0,0.6480000000000001,0.6480000000000001,0.6
0.02649049539170507,2.6038995521964123,0.06810279242467188,3.6067424957214267,1.0,39.708333333333336,5.121529469355895,0.0416122970329668,2603.899552196412,2000,3,walk,move_true_0.6_none,none,1,adaptive,8,0.015625,33,2,2,3,1.0,0.06060606060606061,1.0,2,1.0,2.25,2.69365,0,0.6480000000000001,0.6480000000000001,0.6
0.10449735449735449,2.6218285190161628,0.12549695865093852,3.0427500461027694,1.0,30.5,4.590897698934761,0.0858804957870052,2621.828519016164,2001,0,walk,move_true_0.6_none,none,1,adaptive,8,0.015625,37,4,4,7,1.0,0.10810810810810811,1.0,4,1.0,2.209,2.55395,0,0.6480000000000001,0.6480000000000001,0.6
0.339422123015873,0.9608808282545303,0.08537089538022673,2.81277855203589,1.0,31.020833333333332,4.758464597040644,0.2540512276356463,960.8808282545306,2001,1,walk,move_true_0.6_none,none,1,adaptive,8,0.015625,36,6,6,8,1.0,0.16666666666666666,1.0,6,1.0,2.166,2.708,0,0.6480000000000001,0.6480000000000001,0.6
0.041666666666666664,2.7395576257744696,0.10412091208214995,3.2698729193280003,0.9791666666666666,29.708333333333332,4.5594613139192885,0.06245424541548333,2739.55762577447,2001,2,walk,move_true_0.6_none,none,1,adaptive,8,0.015625,37,7,7,9,1.0,0.1891891891891892,1.0,7,1.0,2.208,2.5,0,0.6480000000000001,0.6480000000000001,0.6
0.14710988562091504,2.147337948465441,0.13866300316406915,3.03145708279234,1.0,27.333333333333332,4.357535060517089,0.05936810146296025,2147.3379484654433,2001,3,walk,move_true_0.6_none,none,1,adaptive,8,0.015625,32,5,5,10,1.0,0.15625,1.0,5,1.0,2.167,2.839349999999999,0,0.6480000000000001,0.6480000000000001,0.6
0.16666666666666666,2.7305667403648157,0.08621524209990754,3.161969119182773,0.9583333333333334,31.541666666666668,4.787745212587822,0.08045142456675912,2730.5667403648154,2002,0,walk,move_true_0.6_none,none,1,adaptive,8,0.015625,39,5,5,7,1.0,0.1282051282051282,1.0,5,1.0,2.2085,2.6897999999999995,0,0.6480000000000001,0.6480000000000001,0.6
0.10481770833333333,2.3423862983659887,0.07686832656645635,3.211946450799239,1.0,38.145833333333336,5.003203807692109,0.06946051187938784,2342.38629836599,2002,1,walk,move_true_0.6_none,none,1,adaptive,8,0.015625,38,4,4,7,1.0,0.10526315789473684,1.0,4,1.0,2.1665,2.6376,0,0.6480000000000001,0.6480000000000001,0.6
0.10225694444444444,1.1702518124980383,0.19689736885437928,2.251510288202236,1.0,20.625,3.864471322002144,0.14775052300212865,1170.2518124980386,2002,2,walk,move_true_0.6_none,none,1,adaptive,8,0.015625,33,2,2,6,1.0,0.06060606060606061,1.0,2,1.0,2.167,2.5,0,0.6480000000000001,0.6480000000000001,0.6
0.1054646164021164,1.9763268835598924,0.09753788740419927,3.0106064457044703,1.0,32.6875,4.7488472598015505,0.06983587556600691,1976.3268835598944,2002,3,walk,move_true_0.6_none,none,1,adaptive,8,0.015625,39,5,5,8,1.0,0.1282051282051282,1.0,5,1.0,2.209,2.625,0,0.6480000000000001,0.6480000000000001,0.6
0.1357473544973545,1.663362310619161,0.12033742614895876,3.127934006014138,0.9375,26.166666666666668,4.382544747127588,0.04593559731926331,1663.362310619161,2003,0,walk,move_true_0.6_none,none,1,adaptive,8,0.015625,35,7,7,11,1.0,0.2,1.0,7,1.0,2.1455,2.4166499999999997,0,0.6480000000000001,0.6480000000000001,0.6
0.005295138888888888,2.166278101422758,0.12226597756292722,3.0847176374495238,0.9583333333333334,28.3125,4.44213633268843,0.11697083867403828,2166.278101422758,2003,1,walk,move_true_0.6_none,none,1,adaptive,8,0.015625,35,4,4,5,1.0,0.11428571428571428,1.0,4,1.0,2.1455,2.4166499999999997,0,0.6480000000000001,0.6480000000000001,0.6
0.08459105465684413,2.538172967064356,0.1075632972579897,3.3775909149820813,0.9791666666666666,41.770833333333336,5.0143950502181935,0.05138779808774324,2538.1729670643563,2003,2,walk,move_true_0.6_none,none,1,adaptive,8,0.015625,33,3,3,4,1.0,0.09090909090909091,1.0,3,1.0,2.208,2.8834499999999994,0,0.6480000000000001,0.6480000000000001,0.6
0.3151041666666667,1.7725344626839334,0.11795534132547493,2.749501456760845,1.0,27.104166666666668,4.441890060926093,0.19714882534119174,1772.5344626839335,2003,3,walk,move_true_0.6_none,none,1,adaptive,8,0.015625,40,5,5,8,1.0,0.125,1.0,5,1.0,2.1875,2.56655,0,0.6480000000000001,0.6480000000000001,0.6
0.06302083333333333,2.6085501754987463,0.08141644556692572,3.4295704139291003,0.9166666666666666,29.25,4.71760495762332,0.047895341776367804,2608.550175498747,2004,0,walk,move_true_0.6_none,none,1,adaptive,8,0.015625,38,5,5,8,1.0,0.13157894736842105,1.0,5,1.0,2.167,2.4443,0,0.6480000000000001,0.6480000000000001,0.6
0.13321552579365079,1.638983550502853,0.14001728426525206,3.034575107251726,0.9791666666666666,24.666666666666668,4.233727727610108,0.20758732182392978,1638.9835505028534,2004,1,walk,move_true_0.6_none,none,1,adaptive,8,0.015625,35,3,3,9,1.0,0.08571428571428572,1.0,3,1.0,2.1455,2.69155,0,0.6480000000000001,0.6480000000000001,0.6
0.06691261574074074,2.1821939293754458,0.11219137829079562,3.1225912493766477,0.9791666666666666,26.0625,4.440578794067986,0.0925771337517514,2182.1939293754463,2004,2,walk,move_true_0.6_none,none,1,adaptive,8,0.015625,37,8,8,10,1.0,0.21621621621621623,1.0,8,1.0,2.167,2.417,0,0.6480000000000001,0.6480000000000001,0.6
0.06531986531986532,1.624474802189473,0.11197176398730636,2.8087460529154344,1.0,26.8125,4.454107216550095,0.05830220463275832,1624.474802189473,2004,3,walk,move_true_0.6_none,none,1,adaptive,8,0.015625,35,4,4,9,1.0,0.11428571428571428,1.0,4,1.0,2.125,2.458,0,0.6480000000000001,0.6480000000000001,0.6
0.021164021164021163,3.324125298962228,0.07682351447393107,3.8092067627278285,0.9166666666666666,33.916666666666664,4.9073514270668,0.05565949330990989,3324.1252989622267,2005,0,walk,move_true_0.6_none,none,1,adaptive,8,0.015625,34,2,2,5,1.0,0.058823529411764705,1.0,2,1.0,2.167,2.417,0,0.6480000000000001,0.6480000000000001,0.6
0.2779348544973545,1.2131591200776128,0.0866782265718203,2.715418529858109,1.0,30.145833333333332,4.745859572202375,0.1912566279255342,1213.1591200776134,2005,1,walk,move_true_0.6_none,none,1,adaptive,8,0.015625,37,4,4,8,1.0,0.10810810810810811,1.0,4,1.0,2.208,2.9250999999999996,0,0.6480000000000001,0.6480000000000001,0.6
0.3349598132748681,2.163182374765249,0.20394891765806245,2.503825119758594,1.0,26.020833333333332,3.9720134451598406,0.17225684307835853,2163.182374765249,2005,2,walk,move_true_0.6_none,none,1,adaptive,8,0.015625,42,5,5,6,1.0,0.11904761904761904,1.0,5,1.0,2.125,2.58125,0,0.6480000000000001,0.6480000000000001,0.6
0.06318379517532059,2.0809333757188484,0.13001090675844815,2.7977021885632127,1.0,28.104166666666668,4.310904377809296,0.07585821010829903,2080.93337571885,2005,3,walk,move_true_0.6_none,none,1,adaptive,8,0.015625,38,2,2,6,1.0,0.05263157894736842,1.0,2,1.0,2.208,2.5,0,0.6480000000000001,0.6480000000000001,0.6
0.10487614237614239,2.677806878904757,0.09102796188989237,3.3779822298252657,0.9791666666666666,38.729166666666664,4.987608459367871,0.11647314429425519,2677.806878904756,2006,0,walk,move_true_0.6_none,none,1,adaptive,8,0.015625,33,5,5,8,1.0,0.15151515151515152,1.0,5,1.0,2.2085,2.5273,0,0.6480000000000001,0.6480000000000001,0.6
0.063671875,2.473353024206727,0.06374166898101713,3.4425640770421064,0.9583333333333334,43.479166666666664,5.256626415115971,0.02908998044093602,2473.353024206727,2006,1,walk,move_true_0.6_none,none,1,adaptive,8,0.015625,40,3,3,5,1.0,0.075,1.0,3,1.0,2.125,2.5129499999999996,0,0.6480000000000001,0.6480000000000001,0.6
0.07968750000000001,2.5889478445555514,0.07042128400471505,3.5339570816828787,0.9791666666666666,36.5,5.012492341709819,0.03674591432734267,2588.9478445555496,2006,2,walk,move_true_0.6_none,none,1,adaptive,8,0.015625,35,3,3,3,1.0,0.08571428571428572,1.0,3,1.0,2.167,2.5119499999999997,0,0.6480000000000001,0.6480000000000001,0.6
0.0011004618419872658,2.839429203681949,0.0578652959771302,3.8184653368732193,0.9583333333333334,42.604166666666664,5.275435294202645,0.05676483413514294,2839.4292036819493,2006,3,walk,move_true_0.6_none,none,1,adaptive,8,0.015625,35,2,2,6,1.0,0.05714285714285714,1.0,2,1.0,2.1875,2.9146,0,0.6480000000000001,0.6480000000000001,0.6
0.0625,2.821347874091226,0.07823118701023625,3.3924304242700862,1.0,32.0625,4.86370975396967,0.09873491754508967,2821.3478740912255,2007,0,walk,move_true_0.6_none,none,1,adaptive,8,0.015625,33,2,2,6,1.0,0.06060606060606061,1.0,2,1.0,2.167,2.4853,0,0.6480000000000001,0.6480000000000001,0.6
0.1492998943236715,1.477393936872078,0.1016605495105176,2.7604997284904726,1.0,30.229166666666668,4.6575662430188745,0.04894679750583203,1477.3939368720787,2007,1,walk,move_true_0.6_none,none,1,adaptive,8,0.015625,36,5,5,6,1.0,0.1388888888888889,1.0,5,1.0,2.125,2.4853,0,0.6480000000000001,0.6480000000000001,0.6
0.021614583333333336,2.837491659246076,0.07613798956211189,3.743595988345214,0.8958333333333334,33.979166666666664,4.908581769600504,0.05452340622877855,2837.491659246076,2007,2,walk,move_true_0.6_none,none,1,adaptive,8,0.015625,36,2,2,7,1.0,0.05555555555555555,1.0,2,1.0,2.208,2.5126,0,0.6480000000000001,0.6480000000000001,0.6
0.04253472222222223,2.599413257467423,0.09145160100857075,3.4997507123058824,0.875,35.541666666666664,4.883709800961358,0.07791191166235396,2599.4132574674236,2007,3,walk,move_true_0.6_none,none,1,adaptive,8,0.015625,36,2,2,5,1.0,0.05555555555555555,1.0,2,1.0,2.1455,2.52665,0,0.6480000000000001,0.6480000000000001,0.6
0.16216104497354497,1.2203941056540777,0.15755440175114002,2.4436565595582938,0.9791666666666666,20.916666666666668,4.007451097123455,0.09354108121578185,1220.3941056540777,2008,0,walk,move_true_0.6_none,none,1,adaptive,8,0.015625,37,2,2,5,1.0,0.05405405405405406,1.0,2,1.0,2.1455,2.4982499999999996,0,0.6480000000000001,0.6480000000000001,0.6
0.07447916666666667,3.6042621868430147,0.0988828671268326,4.191747274168496,0.6666666666666666,29.6875,4.7100339025897275,0.05528395055205687,3604.2621868430156,2008,1,walk,move_true_0.6_none,none,1,adaptive,8,0.015625,42,2,2,5,1.0,0.047619047619047616,1.0,2,1.0,2.167,2.77665,0,0.6480000000000001,0.6480000000000001,0.6
0.15112847222222223,1.6153733263405383,0.16170814921320045,2.601496588760617,1.0,24.208333333333332,4.0927968930649685,0.1162695350208458,1615.373326340539,2008,2,walk,move_true_0.6_none,none,1,adaptive,8,0.015625,38,3,3,3,1.0,0.07894736842105263,1.0,3,1.0,2.125,2.4853,0,0.6480000000000001,0.6480000000000001,0.6
0.02734375,4.566077266218724,0.1118378464686821,3.554994826220479,1.0,33.645833333333336,4.745360415459646,0.08449409646868215,4566.077266218725,2008,3,walk,move_true_0.6_none,none,1,adaptive,8,0.015625,39,1,1,4,1.0,0.02564102564102564,1.0,1,1.0,2.125,2.4023,0,0.6480000000000001,0.6480000000000001,0.6
0.22968750000000002,1.8071196852958165,0.12967022829789496,2.668726763766396,1.0,28.020833333333332,4.377807914363317,0.11519711034752335,1807.1196852958165,2009,0,walk,move_true_0.6_none,none,1,adaptive,8,0.015625,38,3,3,7,1.0,0.07894736842105263,1.0,3,1.0,2.208,2.4982499999999996,0,0.6480000000000001,0.6480000000000001,0.6
0.16844411375661375,2.0779559171274546,0.07657079315644715,3.410932330555998,1.0,34.354166666666664,4.898378039526081,0.10406642768213148,2077.955917127456,2009,1,walk,move_true_0.6_none,none,1,adaptive,8,0.015625,42,6,6,6,1.0,0.14285714285714285,1.0,6,1.0,2.125,2.375,0,0.6480000000000001,0.6480000000000001,0.6
0.043190230841440524,1.893240597542536,0.0639297050991165,3.2640204215990463,1.0,41.5625,5.236122887477746,0.020739474257675975,1893.2405975425365,2009,2,walk,move_true_0.6_none,none,1,adaptive,8,0.015625,36,2,2,6,1.0,0.05555555555555555,1.0,2,1.0,2.167,2.42895,0,0.6480000000000001,0.6480000000000001,0.6
0.038346749611284495,2.3138371476274235,0.06841948393300776,3.3558575571043323,1.0,37.083333333333336,5.028333345191824,0.04180543044409599,2313.8371476274237,2009,3,walk,move_true_0.6_none,none,1,adaptive,8,0.015625,38,2,2,5,1.0,0.05263157894736842,1.0,2,1.0,2.25,3.1351999999999998,0,0.6480000000000001,0.6480000000000001,0.6
0.25142776196500105,1.632108836108211,0.13588280334401712,2.8434005313390665,1.0,29.395833333333332,4.433341671127402,0.147178372503235,1632.1088361082118,2000,0,walk,move_true_0.6_random,random,0.5,adaptive,8,0.015625,34,5,4,8,0.8,0.11764705882352941,0.8,4,1.0,2.208,3.2017499999999997,0,0.6480000000000001,0.6480000000000001,0.6
0.04274354360299356,3.1890438588131094,0.026716940099538965,4.083356670481187,0.9375,53.083333333333336,5.788573227112901,0.016026603503454594,3189.0438588131087,2000,1,walk,move_true_0.6_random,random,0.5,adaptive,8,0.015625,37,1,1,2,1.0,0.02702702702702703,1.0,1,1.0,2.167,2.6624999999999996,0,0.6480000000000001,0.6480000000000001,0.6
0.12552083333333333,2.350108760658997,0.0985098712864229,2.7490397751748454,1.0,28.5,4.606992108884252,0.08925442174746329,2350.108760658998,2000,2,walk,move_true_0.6_random,random,0.5,adaptive,8,0.015625,36,2,2,4,1.0,0.05555555555555555,1.0,2,1.0,2.25,3.0084499999999994,0,0.6480000000000001,0.6480000000000001,0.6
0.001171875,2.8023916268045403,0.03972152256440867,3.759817160621068,1.0,48.333333333333336,5.561909093202939,0.03854964756440867,2802.3916268045396,2000,3,walk,move_true_0.6_random,random,0.5,adaptive,8,0.015625,33,2,0,2,0.0,0.0,0.0,0,1.0,2.208,2.56865,0,0.6480000000000001,0.6480000000000001,0.6
0.08366402116402116,2.876664561856305,0.11196780784043782,3.443165993380635,0.9583333333333334,35.166666666666664,4.762152967490759,0.093864391017205,2876.664561856304,2001,0,walk,move_true_0.6_random,random,0.5,adaptive,8,0.015625,37,4,3,5,0.75,0.08108108108108109,0.75,3,1.0,2.167,2.4166499999999997,0,0.6480000000000001,0.6480000000000001,0.6
0.00043402777777777775,3.9140712755937668,0.06470239866556131,4.101287822064177,0.8958333333333334,41.270833333333336,5.201935711038442,0.06426837088778353,3914.0712755937693,2001,1,walk,move_true_0.6_random,random,0.5,adaptive,8,0.015625,36,6,2,4,0.3333333333333333,0.05555555555555555,0.5,2,1.0,2.167,2.5545999999999998,0,0.6480000000000001,0.6480000000000001,0.6
0.0625,3.433861510846983,0.05211289603455288,3.9962006803014174,0.8958333333333334,46.416666666666664,5.4159839619520405,0.037025442591089704,3433.861510846984,2001,2,walk,move_true_0.6_random,random,0.5,adaptive,8,0.015625,37,7,2,3,0.2857142857142857,0.05405405405405406,0.4,2,1.0,2.1455,2.4023,0,0.6480000000000001,0.6480000000000001,0.6
0.10544321895424837,2.0139633064771725,0.05709055130811031,3.6105513334588486,1.0,46.75,5.400326273871431,0.10104648690943648,2013.9633064771726,2001,3,walk,move_true_0.6_random,random,0.5,adaptive,8,0.015625,32,5,3,3,0.6,0.09375,0.6,3,1.0,2.3125,3.1999999999999993,0,0.6480000000000001,0.6480000000000001,0.6
0.0,4.987236693232796,0.057124909292234016,3.655800699983704,0.9791666666666666,41.375,5.278789105775266,0.057124909292234016,4987.236693232794,2002,0,walk,move_true_0.6_random,random,0.5,adaptive,8,0.015625,39,5,2,4,0.4,0.05128205128205128,0.5,2,1.0,2.2295,2.6103,0,0.6480000000000001,0.6480000000000001,0.6
0.0006510416666666666,4.230104161249764,0.05022580647938794,3.921609899262894,1.0,45.0,5.452275331933445,0.04957476481272127,4230.104161249765,2002,1,walk,move_true_0.6_random,random,0.5,adaptive,8,0.015625,38,4,1,2,0.25,0.02631578947368421,0.25,1,1.0,2.208,2.5669,0,0.6480000000000001,0.6480000000000001,0.6
0.06336805555555557,2.3218317256715646,0.0744136213647091,3.142524514336381,0.9583333333333334,33.6875,4.935211345680453,0.011045565809153543,2321.831725671566,2002,2,walk,move_true_0.6_random,random,0.5,adaptive,8,0.015625,33,2,1,3,0.5,0.030303030303030304,0.5,1,1.0,2.208,2.44395,0,0.6480000000000001,0.6480000000000001,0.6
0.022131283068783068,2.977311907392411,0.06751840326726906,3.6343606008221934,0.9791666666666666,39.770833333333336,5.1158521974823055,0.04538712019848598,2977.3119073924104,2002,3,walk,move_true_0.6_random,random,0.5,adaptive,8,0.015625,39,5,2,3,0.4,0.05128205128205128,0.5,2,1.0,2.208,2.6379499999999996,0,0.6480000000000001,0.6480000000000001,0.6
0.021164021164021163,3.0033949497249632,0.052919163639186806,3.8556501268313617,0.9583333333333334,41.9375,5.2580909945713294,0.031755142475165636,3003.3949497249637,2003,0,walk,move_true_0.6_random,random,0.5,adaptive,8,0.015625,35,7,2,5,0.2857142857142857,0.05714285714285714,0.3333333333333333,2,1.0,2.208,2.44395,0,0.6480000000000001,0.6480000000000001,0.6
0.17239583333333333,1.7053374919661202,0.07828836423269138,3.0053072866313166,1.0,34.270833333333336,4.911322434677069,0.12551532964803191,1705.33749196612,2003,1,walk,move_true_0.6_random,random,0.5,adaptive,8,0.015625,35,4,2,2,0.5,0.05714285714285714,0.6666666666666666,2,1.0,2.2295,2.6933000000000002,0,0.6480000000000001,0.6480000000000001,0.6
0.0012577213235107972,2.4152764368071895,0.05049399022709152,3.4611077807258437,0.9791666666666666,41.208333333333336,5.283367034647906,0.04923626890358072,2415.2764368071903,2003,2,walk,move_true_0.6_random,random,0.5,adaptive,8,0.015625,33,3,2,4,0.6666666666666666,0.06060606060606061,0.6666666666666666,2,1.0,2.1875,2.5959499999999998,0,0.6480000000000001,0.6480000000000001,0.6
0.10677083333333333,1.7373645868625447,0.08826307585211207,2.855147724335431,1.0,28.854166666666668,4.625761495794163,0.06517285502942453,1737.3645868625451,2003,3,walk,move_true_0.6_random,random,0.5,adaptive,8,0.015625,40,5,4,5,0.8,0.1,1.0,4,1.0,2.167,2.4443,0,0.6480000000000001,0.6480000000000001,0.6
0.04531700937950938,2.1025889272532035,0.038920485768467426,3.4770553248429135,1.0,44.604166666666664,5.497629848284599,0.00639652361104195,2102.5889272532027,2004,0,walk,move_true_0.6_random,random,0.5,adaptive,8,0.015625,38,5,3,3,0.6,0.07894736842105263,0.6666666666666666,3,1.0,2.167,2.4295999999999998,0,0.6480000000000001,0.6480000000000001,0.6
0.0,4.105736363038518,0.036022082325814477,3.7703970402573646,0.8541666666666666,50.020833333333336,5.634430645678454,0.036022082325814477,4105.736363038519,2004,1,walk,move_true_0.6_random,random,0.5,adaptive,8,0.015625,35,3,2,4,0.6666666666666666,0.05714285714285714,1.0,2,1.0,2.167,2.4709499999999998,0,0.6480000000000001,0.6480000000000001,0.6
0.020833333333333332,3.6338257272197367,0.0749382069146491,3.7528748547827466,0.9791666666666666,41.104166666666664,5.144392887701169,0.0798339925691033,3633.825727219735,2004,2,walk,move_true_0.6_random,random,0.5,adaptive,8,0.015625,37,8,2,2,0.25,0.05405405405405406,0.5,2,1.0,2.1665,2.375,0,0.6480000000000001,0.6480000000000001,0.6
0.0419973544973545,2.4263819414064867,0.058947754005827656,3.413645223234971,1.0,43.708333333333336,5.283927402869404,0.03654369769096891,2426.381941406487,2004,3,walk,move_true_0.6_random,random,0.5,adaptive,8,0.015625,35,4,3,4,0.75,0.08571428571428572,0.75,3,1.0,2.208,2.8998999999999997,0,0.6480000000000001,0.6480000000000001,0.6
0.04259259259259259,2.980296556401854,0.06445437333588651,3.4515390766468492,1.0,36.958333333333336,5.092893751156502,0.021861780743293924,2980.296556401852,2005,0,walk,move_true_0.6_random,random,0.5,adaptive,8,0.015625,34,2,0,3,0.0,0.0,0.0,0,1.0,2.208,2.4853,0,0.6480000000000001,0.6480000000000001,0.6
0.001893187830687831,3.094208452043944,0.029225487336744686,3.9747439272173044,0.9375,52.041666666666664,5.74473950819743,0.027332299506056857,3094.2084520439453,2005,1,walk,move_true_0.6_random,random,0.5,adaptive,8,0.015625,37,4,2,2,0.5,0.05405405405405406,0.5,2,1.0,2.1665,2.4166499999999997,0,0.6480000000000001,0.6480000000000001,0.6
0.2724598132748681,2.22906315935209,0.1046745866705404,2.878379636704502,1.0,36.3125,4.788644201828168,0.1677852266043277,2229.0631593520898,2005,2,walk,move_true_0.6_random,random,0.5,adaptive,8,0.015625,42,5,2,2,0.4,0.047619047619047616,0.5,2,1.0,2.125,2.4982499999999996,0,0.6480000000000001,0.6480000000000001,0.6
0.0006837951753205989,3.43361338266666,0.0274713520099393,3.8750002962155445,1.0,56.208333333333336,5.838033779253259,0.0267875568346187,3433.6133826666596,2005,3,walk,move_true_0.6_random,random,0.5,adaptive,8,0.015625,38,2,0,1,0.0,0.0,0.0,0,1.0,2.1665,2.5545999999999998,0,0.6480000000000001,0.6480000000000001,0.6
0.04237614237614238,3.7945737586014996,0.053565624520252604,3.81740978682299,1.0,45.625,5.37954732965292,0.0592401085440622,3794.5737586015,2006,0,walk,move_true_0.6_random,random,0.5,adaptive,8,0.015625,33,5,2,4,0.4,0.06060606060606061,0.4,2,1.0,2.167,2.45865,0,0.6480000000000001,0.6480000000000001,0.6
0.0,4.536235166169872,0.02346632215197479,4.159807652425301,0.9375,59.791666666666664,5.963698874156672,0.02346632215197479,4536.235166169873,2006,1,walk,move_true_0.6_random,random,0.5,adaptive,8,0.015625,40,3,0,0,0.0,0.0,0.0,0,nan,2.167,2.6795999999999998,0,0.6480000000000001,0.6480000000000001,0.6
0.07968750000000001,2.353761785542471,0.026776733979811094,3.85038000359731,1.0,56.791666666666664,5.883221041320492,0.052910766020188904,2353.761785542471,2006,2,walk,move_true_0.6_random,random,0.5,adaptive,8,0.015625,35,3,1,1,0.3333333333333333,0.02857142857142857,0.3333333333333333,1,1.0,2.167,2.4166499999999997,0,0.6480000000000001,0.6480000000000001,0.6
0.08443379517532061,2.834578843907084,0.07248659534371604,3.619185031360543,0.9583333333333334,37.625,5.015461255030105,0.07543570320982458,2834.5788439070834,2006,3,walk,move_true_0.6_random,random,0.5,adaptive,8,0.015625,35,2,2,6,1.0,0.05714285714285714,1.0,2,1.0,2.167,2.5248999999999997,0,0.6480000000000001,0.6480000000000001,0.6
0.041666666666666664,2.9991330363016804,0.05793433283410162,3.5968271253258006,0.9791666666666666,41.229166666666664,5.249936701931433,0.07053989904172418,2999.1330363016805,2007,0,walk,move_true_0.6_random,random,0.5,adaptive,8,0.015625,33,2,2,4,1.0,0.06060606060606061,1.0,2,1.0,2.166,2.44365,0,0.6480000000000001,0.6480000000000001,0.6
0.25207767210144927,1.1392283826742544,0.11433748979638785,2.534903931137557,1.0,31.229166666666668,4.565725829481541,0.15076748391360803,1139.2283826742548,2007,1,walk,move_true_0.6_random,random,0.5,adaptive,8,0.015625,36,5,2,3,0.4,0.05555555555555555,0.4,2,1.0,2.166,2.375,0,0.6480000000000001,0.6480000000000001,0.6
0.0007812499999999999,4.364618182143513,0.046455169324099876,4.421328681153632,0.7916666666666666,44.083333333333336,5.402069951918048,0.04567391932409987,4364.61818214351,2007,2,walk,move_true_0.6_random,random,0.5,adaptive,8,0.015625,36,2,0,1,0.0,0.0,0.0,0,1.0,2.2085,2.55395,0,0.6480000000000001,0.6480000000000001,0.6
0.08684102449223417,2.0871054551190085,0.05405647017575374,3.1650091173877843,1.0,38.75,5.228138823551508,0.032784554316480426,2087.105455119009,2007,3,walk,move_true_0.6_random,random,0.5,adaptive,8,0.015625,36,2,2,3,1.0,0.05555555555555555,1.0,2,1.0,2.2295,2.9829,0,0.6480000000000001,0.6480000000000001,0.6
0.0007027116402116402,5.7995167904652805,0.04624121084011853,3.612457991675731,0.9583333333333334,44.5625,5.430298738314872,0.045538499199906886,5799.516790465278,2008,0,walk,move_true_0.6_random,random,0.5,adaptive,8,0.015625,37,2,0,1,0.0,0.0,0.0,0,1.0,2.208,2.66425,0,0.6480000000000001,0.6480000000000001,0.6
0.12552083333333333,3.29906261706785,0.06218687833225431,4.006456466022315,0.8958333333333334,41.291666666666664,5.233973272995613,0.09645806468859063,3299.0626170678515,2008,1,walk,move_true_0.6_random,random,0.5,adaptive,8,0.015625,42,2,1,3,0.5,0.023809523809523808,0.5,1,1.0,2.166,2.40165,0,0.6480000000000001,0.6480000000000001,0.6
0.052083333333333336,2.292307326143328,0.11305503293945533,2.981780834240997,1.0,37.1875,4.8037281457447385,0.08977865447885197,2292.3073261433274,2008,2,walk,move_true_0.6_random,random,0.5,adaptive,8,0.015625,38,3,2,2,0.6666666666666666,0.05263157894736842,0.6666666666666666,2,1.0,2.167,2.5,0,0.6480000000000001,0.6480000000000001,0.6
0.21223958333333334,1.9461859808192947,0.050236762236565376,3.354119827611985,1.0,43.875,5.412716208812452,0.166253169309077,1946.1859808192942,2008,3,walk,move_true_0.6_random,random,0.5,adaptive,8,0.015625,39,1,0,2,0.0,0.0,0.0,0,1.0,2.1455,2.4853,0,0.6480000000000001,0.6480000000000001,0.6
0.16718750000000002,1.7167991019747753,0.0755724753763826,3.0450445828768307,1.0,37.291666666666664,5.008090693843266,0.11520164970460967,1716.7991019747758,2009,0,walk,move_true_0.6_random,random,0.5,adaptive,8,0.015625,38,3,2,3,0.6666666666666666,0.05263157894736842,0.6666666666666666,2,1.0,2.1665,2.625,0,0.6480000000000001,0.6480000000000001,0.6
0.02174272486772487,2.5956556982970924,0.03525970533322813,3.7202490051886983,1.0,48.145833333333336,5.558662881589368,0.013516980465503259,2595.6556982970933,2009,1,walk,move_true_0.6_random,random,0.5,adaptive,8,0.015625,42,6,1,1,0.16666666666666666,0.023809523809523808,0.16666666666666666,1,1.0,2.167,2.7622999999999998,0,0.6480000000000001,0.6480000000000001,0.6
0.06402356417477385,2.8388051266226504,0.03197681064497359,3.733899353735787,1.0,49.6875,5.655535365159582,0.03204675352980026,2838.80512662265,2009,2,walk,move_true_0.6_random,random,0.5,adaptive,8,0.015625,36,2,2,3,1.0,0.05555555555555555,1.0,2,1.0,2.167,2.417,0,0.6480000000000001,0.6480000000000001,0.6
0.005360638500173384,2.769506147298797,0.050651348540912404,4.015661380538589,0.8958333333333334,39.9375,5.236535244349576,0.045290710040739014,2769.5061472987977,2009,3,walk,move_true_0.6_random,random,0.5,adaptive,8,0.015625,38,2,1,3,0.5,0.02631578947368421,0.5,1,1.0,2.166,2.5,0,0.6480000000000001,0.6480000000000001,0.6
0.004463252314814815,4.873093298444576,0.07276403356247464,4.321857809822532,0.6666666666666666,31.520833333333332,4.814023986970667,0.06830078124765983,4873.093298444575,2000,0,walk,move_true_0.6_bsp,bsp,0.1,adaptive,8,0.015625,34,5,2,10,0.4,0.058823529411764705,0.4,2,1.0,18.354,23.435299999999998,0,0.6480000000000001,0.6480000000000001,0.6
0.004014756944444445,3.17333917523373,0.04963497585197571,3.878053592195585,0.8958333333333334,43.25,5.332577636487729,0.04562021890753126,3173.3391752337297,2000,1,walk,move_true_0.6_bsp,bsp,0.1,adaptive,8,0.015625,37,1,1,6,1.0,0.02702702702702703,1.0,1,1.0,18.3955,23.103499999999997,0,0.6480000000000001,0.6480000000000001,0.6
0.16718750000000002,2.240282470650545,0.07044342378435416,3.1231411092224284,1.0,31.270833333333332,4.858684448141668,0.09674407621564585,2240.2824706505453,2000,2,walk,move_true_0.6_bsp,bsp,0.1,adaptive,8,0.015625,36,2,1,6,0.5,0.027777777777777776,0.5,1,1.0,17.708,20.828849999999996,0,0.6480000000000001,0.6480000000000001,0.6
0.002560763888888889,3.1279646284345795,0.052805919367134836,3.7021568985793833,1.0,41.958333333333336,5.291127243335675,0.05024515547824595,3127.964628434578,2000,3,walk,move_true_0.6_bsp,bsp,0.1,adaptive,8,0.015625,33,2,2,5,1.0,0.06060606060606061,1.0,2,1.0,17.333,18.3397,0,0.6480000000000001,0.6480000000000001,0.6
0.0003255208333333333,5.202226782387194,0.044327621549532514,4.233866644873983,0.8125,44.520833333333336,5.379955212203268,0.04400210071619918,5202.2267823871925,2001,0,walk,move_true_0.6_bsp,bsp,0.1,adaptive,8,0.015625,37,4,3,8,0.75,0.08108108108108109,0.75,3,1.0,17.333,18.149549999999998,0,0.6480000000000001,0.6480000000000001,0.6
0.15192212301587302,1.9897354334782584,0.07080913497549386,3.4311274465655788,0.9166666666666666,31.604166666666668,4.862233570669431,0.08527965470704581,1989.7354334782585,2001,1,walk,move_true_0.6_bsp,bsp,0.1,adaptive,8,0.015625,36,6,5,10,0.8333333333333334,0.1388888888888889,1.0,5,1.0,17.1875,18.45845,0,0.6480000000000001,0.6480000000000001,0.6
0.0,3.773289662507335,0.056861376456983054,3.9718754969638606,0.8958333333333334,35.9375,5.085200590327299,0.056861376456983054,3773.2896625073336,2001,2,walk,move_true_0.6_bsp,bsp,0.1,adaptive,8,0.015625,37,7,4,9,0.5714285714285714,0.10810810810810811,0.6,4,1.0,17.333,17.9853,0,0.6480000000000001,0.6480000000000001,0.6
0.03439670138888889,2.722908745579487,0.06290302903369557,3.321411643435359,1.0,34.9375,5.006405308165391,0.06600632764480668,2722.908745579487,2001,3,walk,move_true_0.6_bsp,bsp,0.1,adaptive,8,0.015625,32,5,1,8,0.2,0.03125,0.2,1,1.0,17.541,21.708999999999996,0,0.6480000000000001,0.6480000000000001,0.6
0.10919448844726061,2.305902832460721,0.059717316369655105,3.342956029172669,1.0,35.125,5.019531001386778,0.04947717207760551,2305.902832460721,2002,0,walk,move_true_0.6_bsp,bsp,0.1,adaptive,8,0.015625,39,5,3,7,0.6,0.07692307692307693,0.75,3,1.0,17.7915,22.3978,0,0.6480000000000001,0.6480000000000001,0.6
0.021484375,3.8076917601076175,0.061023748545712804,3.9271467101874187,1.0,44.395833333333336,5.239216917634695,0.039539373545712804,3807.691760107618,2002,1,walk,move_true_0.6_bsp,bsp,0.1,adaptive,8,0.015625,38,4,2,7,0.5,0.05263157894736842,0.5,2,1.0,17.396,18.372600000000002,0,0.6480000000000001,0.6480000000000001,0.6
0.1890625,1.3324437835977034,0.07630721541025161,2.8272748687056546,1.0,29.395833333333332,4.725756511670615,0.11275528458974837,1332.443783597704,2002,2,walk,move_true_0.6_bsp,bsp,0.1,adaptive,8,0.015625,33,2,1,11,0.5,0.030303030303030304,0.5,1,1.0,17.3545,18.45,0,0.6480000000000001,0.6480000000000001,0.6
0.0027994791666666667,3.455327976059634,0.04113907151695331,4.009408633306712,0.9791666666666666,51.0625,5.649403026631634,0.038339592350286646,3455.3279760596342,2002,3,walk,move_true_0.6_bsp,bsp,0.1,adaptive,8,0.015625,39,5,3,3,0.6,0.07692307692307693,0.75,3,1.0,17.3125,18.935299999999998,0,0.6480000000000001,0.6480000000000001,0.6
0.02639480744949495,2.7215510230969113,0.053039106131433596,3.6764644443251897,1.0,41.041666666666664,5.282451237837027,0.06414429868193865,2721.5510230969116,2003,0,walk,move_true_0.6_bsp,bsp,0.1,adaptive,8,0.015625,35,7,3,10,0.42857142857142855,0.08571428571428572,0.5,3,1.0,17.334,18.1229,0,0.6480000000000001,0.6480000000000001,0.6
0.10946180555555556,2.1481313048454402,0.06817173861196953,3.2224224280973384,1.0,33.291666666666664,4.923877617346166,0.04129006694358603,2148.1313048454417,2003,1,walk,move_true_0.6_bsp,bsp,0.1,adaptive,8,0.015625,35,4,3,6,0.75,0.08571428571428572,0.6666666666666666,3,1.0,17.6665,20.429049999999997,0,0.6480000000000001,0.6480000000000001,0.6
0.022699652777777777,2.9136564669689657,0.04544444131995059,3.760208940499471,0.8958333333333334,45.25,5.396708376188646,0.02274478854217281,2913.6564669689674,2003,2,walk,move_true_0.6_bsp,bsp,0.1,adaptive,8,0.015625,33,3,2,8,0.6666666666666666,0.06060606060606061,0.6666666666666666,2,1.0,17.5,18.862499999999997,0,0.6480000000000001,0.6480000000000001,0.6
0.2026909722222222,2.326500939107113,0.07066215881238574,3.32114950427011,0.9583333333333334,32.458333333333336,4.864980855869013,0.13202881340983647,2326.500939107113,2003,3,walk,move_true_0.6_bsp,bsp,0.1,adaptive,8,0.015625,40,5,2,4,0.4,0.05,0.6666666666666666,2,1.0,17.459,19.226749999999996,0,0.6480000000000001,0.6480000000000001,0.6
0.0005208333333333333,2.824228152847226,0.06621142113978344,3.4320898095269747,1.0,38.1875,5.117819163901897,0.06569058780645011,2824.2281528472267,2004,0,walk,move_true_0.6_bsp,bsp,0.1,adaptive,8,0.015625,38,5,5,6,1.0,0.13157894736842105,1.0,5,1.0,17.417,18.21885,0,0.6480000000000001,0.6480000000000001,0.6
0.005425347222222221,5.75276941870597,0.07276196988982019,4.6025598781098465,0.625,32.041666666666664,4.875711258872083,0.06733662266759798,5752.769418705963,2004,1,walk,move_true_0.6_bsp,bsp,0.1,adaptive,8,0.015625,35,3,2,9,0.6666666666666666,0.05714285714285714,0.5,2,1.0,17.542,20.95395,0,0.6480000000000001,0.6480000000000001,0.6
0.025245949074074073,3.211593892191402,0.06872974898034527,3.7963951120720387,0.875,36.395833333333336,5.0706795686861375,0.04348379990627118,3211.5938921914017,2004,2,walk,move_true_0.6_bsp,bsp,0.1,adaptive,8,0.015625,37,8,3,5,0.375,0.08108108108108109,0.5,3,1.0,17.4585,18.2353,0,0.6480000000000001,0.6480000000000001,0.6
0.0435546875,2.5461984395891655,0.04963103827706435,3.53027836880084,1.0,44.083333333333336,5.356924923234715,0.006076350777064347,2546.198439589166,2004,3,walk,move_true_0.6_bsp,bsp,0.1,adaptive,8,0.015625,35,4,2,6,0.5,0.05714285714285714,0.5,2,1.0,17.5205,18.825,0,0.6480000000000001,0.6480000000000001,0.6
0.0216796875,3.9692828211141697,0.06941280767595491,4.170251082294563,0.7708333333333334,35.520833333333336,5.007103108032964,0.047733120175954914,3969.282821114168,2005,0,walk,move_true_0.6_bsp,bsp,0.1,adaptive,8,0.015625,34,2,1,7,0.5,0.029411764705882353,0.5,1,1.0,17.291,18.083,0,0.6480000000000001,0.6480000000000001,0.6
0.06959635416666667,2.3691704958208426,0.06166965539519429,3.3255664304090344,1.0,34.208333333333336,4.9935764362831145,0.007926698771472377,2369.170495820843,2005,1,walk,move_true_0.6_bsp,bsp,0.1,adaptive,8,0.015625,37,4,3,7,0.75,0.08108108108108109,0.75,3,1.0,17.333,18.02665,0,0.6480000000000001,0.6480000000000001,0.6
0.0013020833333333333,5.159159259661834,0.05676984506631535,3.9040897643060077,0.9583333333333334,50.916666666666664,5.531287410846368,0.05546776173298201,5159.159259661834,2005,2,walk,move_true_0.6_bsp,bsp,0.1,adaptive,8,0.015625,42,5,2,3,0.4,0.047619047619047616,0.5,2,1.0,17.458,18.1604,0,0.6480000000000001,0.6480000000000001,0.6
0.0006510416666666666,4.213193087162863,0.05199477225702496,3.793196612415514,0.9375,45.0625,5.394032785770819,0.051343730590358294,4213.193087162863,2005,3,walk,move_true_0.6_bsp,bsp,0.1,adaptive,8,0.015625,38,2,0,3,0.0,0.0,0.0,0,1.0,17.584,19.960649999999998,0,0.6480000000000001,0.6480000000000001,0.6
0.043164062499999996,3.2587924377080912,0.042489157136853896,3.8043501544894327,1.0,48.166666666666664,5.525909985731032,0.009008238696479438,3258.792437708091,2006,0,walk,move_true_0.6_bsp,bsp,0.1,adaptive,8,0.015625,33,5,3,5,0.6,0.09090909090909091,0.6,3,1.0,17.2705,18.98125,0,0.6480000000000001,0.6480000000000001,0.6
0.063671875,2.2895986401337507,0.04597458979708297,3.4585879235937456,1.0,44.333333333333336,5.39169121688863,0.017697285202917024,2289.598640133751,2006,1,walk,move_true_0.6_bsp,bsp,0.1,adaptive,8,0.015625,40,3,3,6,1.0,0.075,1.0,3,1.0,17.4585,22.4125,0,0.6480000000000001,0.6480000000000001,0.6
0.07968750000000001,2.247788579747246,0.07348608488830506,3.219969853949404,0.9791666666666666,30.854166666666668,4.7993234486479945,0.006201415111694937,2247.788579747246,2006,2,walk,move_true_0.6_bsp,bsp,0.1,adaptive,8,0.015625,35,3,2,3,0.6666666666666666,0.05714285714285714,0.6666666666666666,2,1.0,17.3125,18.10855,0,0.6480000000000001,0.6480000000000001,0.6
0.024305555555555556,2.850276923793357,0.061826666155345766,3.9030704757432564,0.9166666666666666,33.3125,4.931541508808439,0.03752111059979021,2850.2769237933576,2006,3,walk,move_true_0.6_bsp,bsp,0.1,adaptive,8,0.015625,35,2,2,8,1.0,0.05714285714285714,1.0,2,1.0,17.25,18.1772,0,0.6480000000000001,0.6480000000000001,0.6
0.0,4.388960349069734,0.07525814074905969,4.121357547033663,0.9166666666666666,34.229166666666664,4.932875244614732,0.07525814074905969,4388.960349069733,2007,0,walk,move_true_0.6_bsp,bsp,0.1,adaptive,8,0.015625,33,2,1,6,0.5,0.030303030303030304,1.0,1,1.0,17.334,18.03475,0,0.6480000000000001,0.6480000000000001,0.6
0.0033420138888888887,5.408679477825184,0.060620967302137736,3.523429955406103,1.0,38.708333333333336,5.1461938509227645,0.05727895341324885,5408.679477825184,2007,1,walk,move_true_0.6_bsp,bsp,0.1,adaptive,8,0.015625,36,5,2,3,0.4,0.05555555555555555,0.4,2,1.0,17.167,18.14815,0,0.6480000000000001,0.6480000000000001,0.6
0.08463541666666667,2.7713082689970765,0.05683347369938951,3.4874293791133772,0.9791666666666666,38.9375,5.154330884169417,0.02780194296727716,2771.3082689970774,2007,2,walk,move_true_0.6_bsp,bsp,0.1,adaptive,8,0.015625,36,2,2,9,1.0,0.05555555555555555,1.0,2,1.0,17.25,18.20625,0,0.6480000000000001,0.6480000000000001,0.6
0.031076388888888886,2.3002697858324956,0.060622646789262234,3.216299303006206,1.0,39.333333333333336,5.176502397564765,0.029546257900373348,2300.269785832496,2007,3,walk,move_true_0.6_bsp,bsp,0.1,adaptive,8,0.015625,36,2,2,4,1.0,0.05555555555555555,1.0,2,1.0,17.5,18.917099999999998,0,0.6480000000000001,0.6480000000000001,0.6
0.0006510416666666666,2.732318942289144,0.0648291365891908,3.2475227364496626,0.9375,38.729166666666664,5.103004953835748,0.06417809492252415,2732.3189422891446,2008,0,walk,move_true_0.6_bsp,bsp,0.1,adaptive,8,0.015625,37,2,0,4,0.0,0.0,0.0,0,1.0,17.3955,18.5897,0,0.6480000000000001,0.6480000000000001,0.6
0.025607638888888885,5.643293822560762,0.056525106203246106,4.574031917644992,0.6041666666666666,41.0,5.260456101812574,0.03091746731435722,5643.29382256076,2008,1,walk,move_true_0.6_bsp,bsp,0.1,adaptive,8,0.015625,42,2,1,2,0.5,0.023809523809523808,0.5,1,1.0,17.3335,18.28925,0,0.6480000000000001,0.6480000000000001,0.6
0.005295138888888888,2.118159892341461,0.0681644918291933,3.0265986558666125,1.0,36.3125,5.008281954010844,0.06286935294030442,2118.1598923414613,2008,2,walk,move_true_0.6_bsp,bsp,0.1,adaptive,8,0.015625,38,3,0,4,0.0,0.0,0.0,0,1.0,17.4375,17.9853,0,0.6480000000000001,0.6480000000000001,0.6
0.02734375,2.638973696643095,0.06529607436182862,3.4240719860953646,1.0,40.520833333333336,5.187337898261163,0.03795232436182861,2638.973696643095,2008,3,walk,move_true_0.6_bsp,bsp,0.1,adaptive,8,0.015625,39,1,1,2,1.0,0.02564102564102564,1.0,1,1.0,17.3545,18.67095,0,0.6480000000000001,0.6480000000000001,0.6
0.042187499999999996,2.6632001997064547,0.06884056859316419,3.2194297973311214,1.0,36.020833333333336,5.02362551615703,0.026653068593164197,2663.200199706455,2009,0,walk,move_true_0.6_bsp,bsp,0.1,adaptive,8,0.015625,38,3,2,6,0.6666666666666666,0.05263157894736842,0.6666666666666666,2,1.0,17.25,18.70865,0,0.6480000000000001,0.6480000000000001,0.6
0.0008463541666666667,3.396832454004564,0.039584036819626946,3.77314397593762,0.9375,47.25,5.510626188597453,0.03873768265296028,3396.8324540045633,2009,1,walk,move_true_0.6_bsp,bsp,0.1,adaptive,8,0.015625,42,6,4,4,0.6666666666666666,0.09523809523809523,0.6666666666666666,4,1.0,17.4375,19.6374,0,0.6480000000000001,0.6480000000000001,0.6
0.14733072916666667,2.3582942433628795,0.05919975627324387,3.6243874814009795,0.9166666666666666,40.020833333333336,5.207898680871213,0.09229763956008946,2358.2942433628814,2009,2,walk,move_true_0.6_bsp,bsp,0.1,adaptive,8,0.015625,36,2,2,6,1.0,0.05555555555555555,1.0,2,1.0,17.4585,18.87895,0,0.6480000000000001,0.6480000000000001,0.6
0.029622395833333332,3.4446381997188715,0.05266379203292131,3.8489540636409765,0.9583333333333334,41.5625,5.263134823583382,0.023041396199587977,3444.638199718871,2009,3,walk,move_true_0.6_bsp,bsp,0.1,adaptive,8,0.015625,38,2,2,6,1.0,0.05263157894736842,1.0,2,1.0,17.375,18.39605,0,0.6480000000000001,0.6480000000000001,0.6
0.043094428631667715,2.5608551758164126,0.0750771053807149,3.2678523742014516,1.0,36.645833333333336,4.978235844168611,0.031982676749047166,2560.8551758164117,2000,0,walk,move_true_0.9_none,none,1,adaptive,8,0.015625,34,2,2,6,1.0,0.058823529411764705,1.0,2,1.0,2.209,3.0504499999999997,0,0.6480000000000001,0.6480000000000001,0.9
0.02191021026966022,2.352324922776548,0.06907531076441148,3.308838740928623,1.0,41.791666666666664,5.164731275134247,0.04716510049475126,2352.3249227765486,2000,1,walk,move_true_0.9_none,none,1,adaptive,8,0.015625,37,2,2,3,1.0,0.05405405405405406,1.0,2,1.0,2.167,2.5693,0,0.6480000000000001,0.6480000000000001,0.9
0.042187499999999996,4.059385103985135,0.06387256712086521,3.7575193754806246,0.9375,38.541666666666664,5.105563505161311,0.022074584792880825,4059.3851039851356,2000,2,walk,move_true_0.9_none,none,1,adaptive,8,0.015625,36,5,5,8,1.0,0.1388888888888889,1.0,5,1.0,2.167,2.44365,0,0.6480000000000001,0.6480000000000001,0.9
0.02649049539170507,2.354136862807506,0.0850146681987926,3.4857263079220093,1.0,39.520833333333336,4.987547585909712,0.08811989472766006,2354.136862807506,2000,3,walk,move_true_0.9_none,none,1,adaptive,8,0.015625,33,2,2,3,1.0,0.06060606060606061,1.0,2,1.0,2.1665,2.48565,0,0.6480000000000001,0.6480000000000001,0.9
0.00033068783068783067,3.7887423351752916,0.10194499031824478,3.610851838005662,0.8125,33.125,4.705143168833851,0.10161430248755693,3788.742335175292,2001,0,walk,move_true_0.9_none,none,1,adaptive,8,0.015625,37,4,4,9,1.0,0.10810810810810811,1.0,4,1.0,2.125,2.5,0,0.6480000000000001,0.6480000000000001,0.9
0.22136656746031746,1.5548029084769572,0.09542243272372213,2.814999829339664,1.0,31.4375,4.721309628554138,0.13519606247233049,1554.802908476958,2001,1,walk,move_true_0.9_none,none,1,adaptive,8,0.015625,36,7,7,9,1.0,0.19444444444444445,1.0,7,1.0,2.167,2.4685499999999996,0,0.6480000000000001,0.6480000000000001,0.9
0.020833333333333332,3.9282977585527905,0.07572931741572296,4.2355704016233835,0.7291666666666666,35.166666666666664,4.946420617832777,0.05489598408238964,3928.2977585527897,2001,2,walk,move_true_0.9_none,none,1,adaptive,8,0.015625,37,3,3,6,1.0,0.08108108108108109,1.0,3,1.0,2.166,2.375,0,0.6480000000000001,0.6480000000000001,0.9
0.14710988562091504,2.3915902018586057,0.1184879554695454,3.415517532428788,0.8541666666666666,26.666666666666668,4.344371456968197,0.06443350479245909,2391.590201858606,2001,3,walk,move_true_0.9_none,none,1,adaptive,8,0.015625,32,3,3,10,1.0,0.09375,1.0,3,1.0,2.25,3.0896999999999992,0,0.6480000000000001,0.6480000000000001,0.9
0.020833333333333332,2.489513190626186,0.052850082251638585,3.5551793097160256,0.9166666666666666,40.916666666666664,5.2775270868938176,0.032016748918305235,2489.5131906261863,2002,0,walk,move_true_0.9_none,none,1,adaptive,8,0.015625,39,1,1,6,1.0,0.02564102564102564,1.0,1,1.0,2.208,2.5935499999999996,0,0.6480000000000001,0.6480000000000001,0.9
0.06315104166666667,2.038222856627851,0.09038241930966971,2.9410758426726518,1.0,34.666666666666664,4.828053564479448,0.02723137764300303,2038.222856627851,2002,1,walk,move_true_0.9_none,none,1,adaptive,8,0.015625,38,3,3,6,1.0,0.07894736842105263,1.0,3,1.0,2.1455,2.541,0,0.6480000000000001,0.6480000000000001,0.9
0.2689236111111111,1.2121011252531453,0.10455140508450123,2.6084177376970583,1.0,31.875,4.702671096294046,0.1741741222445933,1212.1011252531457,2002,2,walk,move_true_0.9_none,none,1,adaptive,8,0.015625,33,2,2,4,1.0,0.06060606060606061,1.0,2,1.0,2.167,2.4166499999999997,0,0.6480000000000001,0.6480000000000001,0.9
0.08403604497354498,2.416766075568921,0.07057151871393028,3.2853805594500414,0.9791666666666666,35.791666666666664,4.9864107468901055,0.026748811668940012,2416.7660755689203,2002,3,walk,move_true_0.9_none,none,1,adaptive,8,0.015625,39,4,4,7,1.0,0.10256410256410256,1.0,4,1.0,2.2085,2.55395,0,0.6480000000000001,0.6480000000000001,0.9
0.0576223544973545,1.7392109138581482,0.12169962125753538,2.9693130404341486,0.9791666666666666,24.0625,4.281661983732544,0.06407726676018087,1739.2109138581484,2003,0,walk,move_true_0.9_none,none,1,adaptive,8,0.015625,35,7,7,13,1.0,0.2,1.0,7,1.0,2.167,2.52455,0,0.6480000000000001,0.6480000000000001,0.9
0.053906249999999996,2.8650475146523795,0.08931884768918369,3.51409449107812,0.9375,30.0,4.706825086223911,0.056398107201179916,2865.047514652379,2003,1,walk,move_true_0.9_none,none,1,adaptive,8,0.015625,35,3,3,7,1.0,0.08571428571428572,1.0,3,1.0,2.209,2.458,0,0.6480000000000001,0.6480000000000001,0.9
0.16792438799017748,1.9438496951007826,0.07704920700084787,3.067959111054225,0.9791666666666666,33.6875,4.885348504469371,0.11032310452310302,1943.8496951007837,2003,2,walk,move_true_0.9_none,none,1,adaptive,8,0.015625,33,1,1,5,1.0,0.030303030303030304,1.0,1,1.0,2.375,4.08125,0,0.6480000000000001,0.6480000000000001,0.9
0.1484375,2.0824335039039785,0.07525606049193337,3.127771652502544,0.9791666666666666,34.541666666666664,4.936309504467213,0.07318143950806662,2082.4335039039793,2003,3,walk,move_true_0.9_none,none,1,adaptive,8,0.015625,40,4,4,7,1.0,0.1,1.0,4,1.0,2.25,3.4670999999999994,0,0.6480000000000001,0.6480000000000001,0.9
0.08385416666666667,2.539548498535891,0.06060854629853062,3.49000149933646,0.9791666666666666,38.229166666666664,5.130802488621319,0.08649816921199886,2539.548498535891,2004,0,walk,move_true_0.9_none,none,1,adaptive,8,0.015625,38,5,5,6,1.0,0.13157894736842105,1.0,5,1.0,2.25,2.55395,0,0.6480000000000001,0.6480000000000001,0.9
0.027312748015873013,3.020626608395387,0.06939609972225445,3.4824712714402044,0.9791666666666666,34.1875,4.975223324311344,0.04208335170638148,3020.6266083953856,2004,1,walk,move_true_0.9_none,none,1,adaptive,8,0.015625,35,3,3,6,1.0,0.08571428571428572,1.0,3,1.0,2.3125,3.30395,0,0.6480000000000001,0.6480000000000001,0.9
0.08774594907407407,2.0505046400336426,0.06516046450017511,3.430630224898236,0.9375,37.333333333333336,5.0631047252589365,0.061263689712840595,2050.504640033643,2004,2,walk,move_true_0.9_none,none,1,adaptive,8,0.015625,37,6,6,8,1.0,0.16216216216216217,1.0,6,1.0,2.208,2.5248999999999997,0,0.6480000000000001,0.6480000000000001,0.9
0.02365319865319865,2.7557538033187683,0.07093301982563065,3.585570602654562,1.0,36.8125,5.066635757061246,0.04727982117243198,2755.753803318769,2004,3,walk,move_true_0.9_none,none,1,adaptive,8,0.015625,35,3,3,6,1.0,0.08571428571428572,1.0,3,1.0,2.292,2.8851999999999998,0,0.6480000000000001,0.6480000000000001,0.9
0.10449735449735449,2.2728115183765287,0.09940339820094246,3.254142636406223,0.8958333333333334,31.4375,4.646393742065311,0.03368735621028173,2272.8115183765294,2005,0,walk,move_true_0.9_none,none,1,adaptive,8,0.015625,34,2,2,5,1.0,0.058823529411764705,1.0,2,1.0,2.25,2.83125,0,0.6480000000000001,0.6480000000000001,0.9
0.0435598544973545,2.4653578872088118,0.05959413704962762,3.587576479403289,0.9791666666666666,38.1875,5.122197900451501,0.016034282552273117,2465.3578872088124,2005,1,walk,move_true_0.9_none,none,1,adaptive,8,0.015625,37,3,3,7,1.0,0.08108108108108109,1.0,3,1.0,2.25,3.1919,0,0.6480000000000001,0.6480000000000001,0.9
0.08495981327486811,3.536196281966399,0.07533520190469252,3.5465558671411315,0.9791666666666666,43.6875,5.182516630307288,0.02751028196203058,3536.1962819663972,2005,2,walk,move_true_0.9_none,none,1,adaptive,8,0.015625,42,3,3,3,1.0,0.07142857142857142,1.0,3,1.0,2.1875,2.67895,0,0.6480000000000001,0.6480000000000001,0.9
0.14651712850865392,3.3311325725988503,0.12156007579381778,3.4192752620151077,0.8958333333333334,33.083333333333336,4.593070712120368,0.12438727666188527,3331.1325725988495,2005,3,walk,move_true_0.9_none,none,1,adaptive,8,0.015625,38,2,2,7,1.0,0.05263157894736842,1.0,2,1.0,2.208,2.5955999999999997,0,0.6480000000000001,0.6480000000000001,0.9
0.04237614237614238,2.9439948956402655,0.09353891339681884,3.377444825501185,0.9583333333333334,34.75,4.790258456601643,0.08381163038515636,2943.9948956402663,2006,0,walk,move_true_0.9_none,none,1,adaptive,8,0.015625,33,5,5,12,1.0,0.15151515151515152,1.0,5,1.0,2.4375,3.1646,0,0.6480000000000001,0.6480000000000001,0.9
0.19127604166666667,1.467291175693106,0.07603885232906199,3.1195389524202852,1.0,42.1875,5.130185976918814,0.13620228366095286,1467.2911756931062,2006,1,walk,move_true_0.9_none,none,1,adaptive,8,0.015625,40,4,4,6,1.0,0.1,1.0,4,1.0,2.5,4.0,0,0.6480000000000001,0.6480000000000001,0.9
0.1282986111111111,1.8825518398822354,0.08232909633983042,3.008228402970809,1.0,41.458333333333336,5.120452734229158,0.0459695147712807,1882.5518398822358,2006,2,walk,move_true_0.9_none,none,1,adaptive,8,0.015625,35,2,2,2,1.0,0.05714285714285714,1.0,2,1.0,2.333,3.1061499999999995,0,0.6480000000000001,0.6480000000000001,0.9
0.1469337951753206,2.6820513456222623,0.04925090053624284,3.5205133799773516,1.0,48.333333333333336,5.517573420731174,0.10698618139117244,2682.0513456222625,2006,3,walk,move_true_0.9_none,none,1,adaptive,8,0.015625,35,3,3,3,1.0,0.08571428571428572,1.0,3,1.0,2.25,2.7874999999999996,0,0.6480000000000001,0.6480000000000001,0.9
0.020833333333333332,2.296640889288475,0.08819956681147506,3.2648883668804074,0.9791666666666666,35.8125,4.914032909619446,0.08139476960254999,2296.6408892884756,2007,0,walk,move_true_0.9_none,none,1,adaptive,8,0.015625,33,3,3,6,1.0,0.09090909090909091,1.0,3,1.0,2.292,3.0101999999999998,0,0.6480000000000001,0.6480000000000001,0.9
0.055549894323671495,2.6129602169521124,0.11708491959466828,3.2042713946022445,1.0,26.166666666666668,4.381334077451712,0.08612615992734424,2612.9602169521118,2007,1,walk,move_true_0.9_none,none,1,adaptive,8,0.015625,36,5,5,9,1.0,0.1388888888888889,1.0,5,1.0,2.333,2.9023,0,0.6480000000000001,0.6480000000000001,0.9
0.04244791666666667,2.2395889789723493,0.06912405291296005,3.368639945993388,0.9583333333333334,36.895833333333336,5.040572822647965,0.02667613624629338,2239.58897897235,2007,2,walk,move_true_0.9_none,none,1,adaptive,8,0.015625,36,2,2,6,1.0,0.05555555555555555,1.0,2,1.0,2.25,2.708,0,0.6480000000000001,0.6480000000000001,0.9
0.049479166666666664,1.7595518513474169,0.07253708238183228,3.0927244596162655,1.0,34.145833333333336,4.945681292583779,0.023057915715165616,1759.551851347417,2007,3,walk,move_true_0.9_none,none,1,adaptive,8,0.015625,36,2,2,5,1.0,0.05555555555555555,1.0,2,1.0,2.5,3.3435499999999996,0,0.6480000000000001,0.6480000000000001,0.9
0.2732721560846561,1.6063101531359953,0.1388425847818652,2.696155895330224,0.9791666666666666,31.6875,4.473522120517461,0.1344295713027909,1606.3101531359964,2008,0,walk,move_true_0.9_none,none,1,adaptive,8,0.015625,37,5,5,5,1.0,0.13513513513513514,1.0,5,1.0,2.25,3.1163499999999993,0,0.6480000000000001,0.6480000000000001,0.9
0.0328125,2.5382397714982745,0.06695306461890564,3.4376969488148643,1.0,38.520833333333336,5.134634976403925,0.03414056461890563,2538.239771498275,2008,1,walk,move_true_0.9_none,none,1,adaptive,8,0.015625,42,1,1,3,1.0,0.023809523809523808,1.0,1,1.0,2.166,2.8579,0,0.6480000000000001,0.6480000000000001,0.9
0.06779513888888888,2.1432254380616,0.11836933806214546,3.056992291143223,0.9583333333333334,29.083333333333332,4.4114214854982805,0.08142110305382826,2143.2254380616,2008,2,walk,move_true_0.9_none,none,1,adaptive,8,0.015625,38,4,4,7,1.0,0.10526315789473684,1.0,4,1.0,2.125,2.52665,0,0.6480000000000001,0.6480000000000001,0.9
0.19661458333333334,1.6536777826461615,0.12035208488799642,2.7127691528323776,1.0,32.770833333333336,4.598350901420688,0.14150029890483892,1653.6777826461619,2008,3,walk,move_true_0.9_none,none,1,adaptive,8,0.015625,39,2,2,4,1.0,0.05128205128205128,1.0,2,1.0,2.1665,2.56655,0,0.6480000000000001,0.6480000000000001,0.9
0.021354166666666664,4.027658948169976,0.05865653034058343,3.9253952444237865,0.9166666666666666,43.979166666666664,5.335856307785684,0.03730236367391677,4027.658948169976,2009,0,walk,move_true_0.9_none,none,1,adaptive,8,0.015625,38,2,2,5,1.0,0.05263157894736842,1.0,2,1.0,2.167,2.4853,0,0.6480000000000001,0.6480000000000001,0.9
0.06530333092833092,2.672313225615993,0.06830420150728261,3.4215576287252385,1.0,37.770833333333336,5.033756392350013,0.03261333559594607,2672.313225615993,2009,1,walk,move_true_0.9_none,none,1,adaptive,8,0.015625,42,6,6,8,1.0,0.14285714285714285,1.0,6,1.0,2.208,2.4166499999999997,0,0.6480000000000001,0.6480000000000001,0.9
0.022356897508107185,3.1917359643312095,0.07590009476732894,3.7844086033920514,0.875,34.520833333333336,4.888678773139567,0.05354319725922176,3191.7359643312097,2009,2,walk,move_true_0.9_none,none,1,adaptive,8,0.015625,36,2,2,8,1.0,0.05555555555555555,1.0,2,1.0,2.167,2.9226999999999994,0,0.6480000000000001,0.6480000000000001,0.9
0.08001341627795117,1.9239158855294038,0.054863532943199116,3.2029582429123575,1.0,43.875,5.337951309779278,0.025149883334752054,1923.9158855294042,2009,3,walk,move_true_0.9_none,none,1,adaptive,8,0.015625,38,2,2,2,1.0,0.05263157894736842,1.0,2,1.0,2.1665,2.5,0,0.6480000000000001,0.6480000000000001,0.9
0.02226109529833439,2.7965972593543746,0.050284783765151476,3.5967784668741367,0.9791666666666666,41.979166666666664,5.336294117332614,0.06005841397441245,2796.597259354375,2000,0,walk,move_true_0.9_random,random,0.5,adaptive,8,0.015625,34,2,2,5,1.0,0.058823529411764705,1.0,2,1.0,2.291,3.2044999999999995,0,0.6480000000000001,0.6480000000000001,0.9
0.02191021026966022,3.5619544887646026,0.03591255136411927,3.8109180249505,1.0,48.354166666666664,5.591622991263218,0.014002341094459053,3561.954488764601,2000,1,walk,move_true_0.9_random,random,0.5,adaptive,8,0.015625,37,2,0,2,0.0,0.0,0.0,0,1.0,2.2295,2.6351999999999998,0,0.6480000000000001,0.6480000000000001,0.9
0.021354166666666664,3.5667334831332833,0.045519171401267024,3.5867556471697886,0.9791666666666666,42.625,5.37389375330864,0.024165004734600367,3566.733483133284,2000,2,walk,move_true_0.9_random,random,0.5,adaptive,8,0.015625,36,5,3,6,0.6,0.08333333333333333,0.6,3,1.0,2.1875,2.458,0,0.6480000000000001,0.6480000000000001,0.9
0.02200520833333333,3.4939431966605237,0.031551862892225446,3.910310613033463,1.0,53.3125,5.751476747192995,0.009546654558892115,3493.943196660523,2000,3,walk,move_true_0.9_random,random,0.5,adaptive,8,0.015625,33,2,0,1,0.0,0.0,0.0,0,1.0,2.25,2.55395,0,0.6480000000000001,0.6480000000000001,0.9
0.0419973544973545,2.9247575435204776,0.06781483019062938,3.57625142684433,0.9791666666666666,44.895833333333336,5.257188033219372,0.05075417800261561,2924.757543520478,2001,0,walk,move_true_0.9_random,random,0.5,adaptive,8,0.015625,37,4,2,5,0.5,0.05405405405405406,0.5,2,1.0,2.167,2.5248999999999997,0,0.6480000000000001,0.6480000000000001,0.9
0.02126736111111111,3.1884561916849052,0.06423598553136858,3.6350379217437836,1.0,40.916666666666664,5.159042669235209,0.06982529362681417,3188.456191684905,2001,1,walk,move_true_0.9_random,random,0.5,adaptive,8,0.015625,36,7,3,5,0.42857142857142855,0.08333333333333333,0.6,3,1.0,2.167,2.52665,0,0.6480000000000001,0.6480000000000001,0.9
0.041666666666666664,3.774653924226538,0.04542139025572456,3.999027172404075,0.9791666666666666,47.020833333333336,5.466925102607584,0.013355131892719481,3774.653924226539,2001,2,walk,move_true_0.9_random,random,0.5,adaptive,8,0.015625,37,3,1,3,0.3333333333333333,0.02702702702702703,0.3333333333333333,1,1.0,2.125,2.4166499999999997,0,0.6480000000000001,0.6480000000000001,0.9
0.04294321895424837,3.2720919583439962,0.03472191017798076,3.9157497070389073,1.0,53.8125,5.709660666154915,0.02238743460713587,3272.0919583439954,2001,3,walk,move_true_0.9_random,random,0.5,adaptive,8,0.015625,32,3,2,2,0.6666666666666666,0.0625,0.6666666666666666,2,1.0,2.2705,2.910399999999999,0,0.6480000000000001,0.6480000000000001,0.9
0.0,4.348426924543763,0.037073986400737204,4.165343233359489,0.9583333333333334,47.666666666666664,5.575271146878717,0.037073986400737204,4348.426924543762,2002,0,walk,move_true_0.9_random,random,0.5,adaptive,8,0.015625,39,1,1,2,1.0,0.02564102564102564,1.0,1,1.0,2.3545,3.5357499999999993,0,0.6480000000000001,0.6480000000000001,0.9
0.083984375,2.4792869853935176,0.04184894651278545,3.5205979258950575,0.9791666666666666,49.208333333333336,5.601630733180184,0.04213542848721455,2479.2869853935176,2002,1,walk,move_true_0.9_random,random,0.5,adaptive,8,0.015625,38,3,1,2,0.3333333333333333,0.02631578947368421,0.3333333333333333,1,1.0,2.2295,2.92895,0,0.6480000000000001,0.6480000000000001,0.9
0.16753472222222224,1.792408080360073,0.0601728033038812,3.087841019018155,0.9791666666666666,38.0625,5.156431029343682,0.10736191891834101,1792.4080803600734,2002,2,walk,move_true_0.9_random,random,0.5,adaptive,8,0.015625,33,2,1,3,0.5,0.030303030303030304,0.5,1,1.0,2.333,2.9955,0,0.6480000000000001,0.6480000000000001,0.9
0.0007027116402116402,5.2303074064462125,0.03397974421525595,4.308396085781245,0.875,52.145833333333336,5.718699016542218,0.03327703257504431,5230.307406446213,2002,3,walk,move_true_0.9_random,random,0.5,adaptive,8,0.015625,39,4,1,2,0.25,0.02564102564102564,0.3333333333333333,1,1.0,2.2085,2.8291499999999994,0,0.6480000000000001,0.6480000000000001,0.9
0.06283068783068783,2.6973958650469307,0.033664567932756524,3.774071898354523,0.9583333333333334,52.125,5.692681626827472,0.035677647282968274,2697.3958650469312,2003,0,walk,move_true_0.9_random,random,0.5,adaptive,8,0.015625,35,7,2,4,0.2857142857142857,0.05714285714285714,0.3333333333333333,2,1.0,2.167,2.58125,0,0.6480000000000001,0.6480000000000001,0.9
0.17239583333333333,1.8924214027214863,0.0622201188085475,3.4328461007006372,0.9791666666666666,40.333333333333336,5.187534518121274,0.13107709503647466,1892.4214027214869,2003,1,walk,move_true_0.9_random,random,0.5,adaptive,8,0.015625,35,3,2,4,0.6666666666666666,0.05714285714285714,0.6666666666666666,2,1.0,2.208,3.028849999999999,0,0.6480000000000001,0.6480000000000001,0.9
0.04292438799017747,2.9096843665620438,0.033908059520768814,3.7873766716675927,0.9791666666666666,51.3125,5.682959433828086,0.009016328469408655,2909.6843665620454,2003,2,walk,move_true_0.9_random,random,0.5,adaptive,8,0.015625,33,1,1,2,1.0,0.030303030303030304,1.0,1,1.0,2.208,2.58365,0,0.6480000000000001,0.6480000000000001,0.9
0.0234375,2.9074442279714745,0.08911682056507957,3.4472799863711123,0.9791666666666666,33.354166666666664,4.785062915198914,0.06567932056507957,2907.444227971475,2003,3,walk,move_true_0.9_random,random,0.5,adaptive,8,0.015625,40,4,3,5,0.75,0.075,0.75,3,1.0,2.1455,2.67895,0,0.6480000000000001,0.6480000000000001,0.9
0.17726145382395384,1.9325083813604305,0.047537862109704766,3.4238531805093326,1.0,40.166666666666664,5.297668535465593,0.12972359171424905,1932.5083813604306,2004,0,walk,move_true_0.9_random,random,0.5,adaptive,8,0.015625,38,5,3,5,0.6,0.07894736842105263,0.6,3,1.0,2.1875,2.45625,0,0.6480000000000001,0.6480000000000001,0.9
0.10416666666666667,3.702002363487585,0.03229706121489956,3.7769827313034896,0.8333333333333334,52.645833333333336,5.742408046232476,0.07186960545176711,3702.002363487585,2004,1,walk,move_true_0.9_random,random,0.5,adaptive,8,0.015625,35,3,2,3,0.6666666666666666,0.05714285714285714,1.0,2,1.0,2.167,2.5126,0,0.6480000000000001,0.6480000000000001,0.9
0.0,3.734068757829878,0.03646052348481948,3.9339237638786906,0.9791666666666666,51.4375,5.679141766982951,0.03646052348481948,3734.0687578298785,2004,2,walk,move_true_0.9_random,random,0.5,adaptive,8,0.015625,37,6,1,1,0.16666666666666666,0.02702702702702703,0.16666666666666666,1,1.0,2.1665,2.4972499999999997,0,0.6480000000000001,0.6480000000000001,0.9
0.021164021164021163,4.790375641924917,0.032544396173724816,4.082906927561889,0.8333333333333334,50.395833333333336,5.666709378845282,0.011380375009703653,4790.375641924917,2004,3,walk,move_true_0.9_random,random,0.5,adaptive,8,0.015625,35,3,2,3,0.6666666666666666,0.05714285714285714,0.6666666666666666,2,1.0,2.208,2.8018499999999995,0,0.6480000000000001,0.6480000000000001,0.9
0.021164021164021163,3.2769061446933514,0.053580350534123196,3.5259031093241795,0.9583333333333334,40.041666666666664,5.2224364017294205,0.03241632937010203,3276.9061446933515,2005,0,walk,move_true_0.9_random,random,0.5,adaptive,8,0.015625,34,2,0,3,0.0,0.0,0.0,0,1.0,2.166,2.4982499999999996,0,0.6480000000000001,0.6480000000000001,0.9
0.022726521164021168,3.917024267454028,0.03513378462416942,4.423529432629771,0.8541666666666666,49.25,5.619117382223712,0.012407263460148255,3917.0242674540273,2005,1,walk,move_true_0.9_random,random,0.5,adaptive,8,0.015625,37,3,1,2,0.3333333333333333,0.02702702702702703,0.3333333333333333,1,1.0,2.167,2.58125,0,0.6480000000000001,0.6480000000000001,0.9
0.1474598132748681,3.314629919209692,0.03866639700007286,3.65249960049723,1.0,50.520833333333336,5.6328646064403065,0.10879341627479526,3314.6299192096903,2005,2,walk,move_true_0.9_random,random,0.5,adaptive,8,0.015625,42,3,0,1,0.0,0.0,0.0,0,1.0,2.167,2.55395,0,0.6480000000000001,0.6480000000000001,0.9
0.08401712850865393,3.247180791888555,0.032302992953949,3.861534575418689,1.0,56.5,5.793893270748829,0.05754528984959784,3247.180791888554,2005,3,walk,move_true_0.9_random,random,0.5,adaptive,8,0.015625,38,2,1,1,0.5,0.02631578947368421,0.5,1,1.0,2.1665,2.44365,0,0.6480000000000001,0.6480000000000001,0.9
0.06320947570947572,3.6745922946371263,0.0442046758552008,3.9992004180164895,0.9375,45.770833333333336,5.46975936041937,0.024540517561430306,3674.592294637127,2006,0,walk,move_true_0.9_random,random,0.5,adaptive,8,0.015625,33,5,1,5,0.2,0.030303030303030304,0.25,1,1.0,2.208,2.5521999999999996,0,0.6480000000000001,0.6480000000000001,0.9
0.125,2.6995454283410587,0.027092891215054826,3.935209422236684,0.9583333333333334,56.1875,5.829158945079335,0.09790710878494517,2699.5454283410595,2006,1,walk,move_true_0.9_random,random,0.5,adaptive,8,0.015625,40,4,0,2,0.0,0.0,0.0,0,1.0,2.167,2.8147999999999995,0,0.6480000000000001,0.6480000000000001,0.9
0.0484375,2.576685012547855,0.02663217118396596,3.865032300265966,1.0,57.708333333333336,5.89877830136041,0.021805328816034045,2576.6850125478554,2006,2,walk,move_true_0.9_random,random,0.5,adaptive,8,0.015625,35,2,1,1,0.5,0.02857142857142857,1.0,1,1.0,2.208,2.459,0,0.6480000000000001,0.6480000000000001,0.9
0.04276712850865393,3.0407159037381106,0.051306837956314404,3.5833216757613187,1.0,44.791666666666664,5.358954865620679,0.01681755770921906,3040.71590373811,2006,3,walk,move_true_0.9_random,random,0.5,adaptive,8,0.015625,35,3,3,6,1.0,0.08571428571428572,1.0,3,1.0,2.1455,2.6379499999999996,0,0.6480000000000001,0.6480000000000001,0.9
0.10416666666666667,3.220465623048565,0.06059596673641477,3.6316073886581304,0.9583333333333334,44.729166666666664,5.327283225512907,0.06144559306140449,3220.4656230485666,2007,0,walk,move_true_0.9_random,random,0.5,adaptive,8,0.015625,33,3,3,3,1.0,0.09090909090909091,1.0,3,1.0,2.209,3.0914499999999996,0,0.6480000000000001,0.6480000000000001,0.9
0.07499433876811594,3.0477901326549373,0.07051393474662608,3.4799203066147624,1.0,40.541666666666664,5.120706654670845,0.012698898792056471,3047.790132654938,2007,1,walk,move_true_0.9_random,random,0.5,adaptive,8,0.015625,36,5,2,3,0.4,0.05555555555555555,0.4,2,1.0,2.25,2.5683000000000002,0,0.6480000000000001,0.6480000000000001,0.9
0.0007812499999999999,3.3756371424715628,0.0403460784797101,3.8350072195059934,1.0,48.145833333333336,5.546285643718162,0.039564828479710094,3375.637142471562,2007,2,walk,move_true_0.9_random,random,0.5,adaptive,8,0.015625,36,2,0,1,0.0,0.0,0.0,0,1.0,2.208,2.4853,0,0.6480000000000001,0.6480000000000001,0.9
0.07121602449223417,1.9609361073251934,0.04988783173596939,3.4344077076625723,0.9791666666666666,42.229166666666664,5.3550332530136435,0.02132819275626478,1960.9361073251932,2007,3,walk,move_true_0.9_random,random,0.5,adaptive,8,0.015625,36,2,2,3,1.0,0.05555555555555555,1.0,2,1.0,2.375,3.0084499999999994,0,0.6480000000000001,0.6480000000000001,0.9
0.28195271164021163,1.6396338347126964,0.1064904829522728,2.865924633321045,0.9791666666666666,33.604166666666664,4.6738600466274525,0.1754622286879389,1639.6338347126975,2008,0,walk,move_true_0.9_random,random,0.5,adaptive,8,0.015625,37,5,3,4,0.6,0.08108108108108109,0.75,3,1.0,2.292,2.8459499999999998,0,0.6480000000000001,0.6480000000000001,0.9
0.0005208333333333333,3.8723349408720615,0.038227632645753164,3.8664320175721336,0.9583333333333334,50.333333333333336,5.5957454390703845,0.03770679931241983,3872.334940872062,2008,1,walk,move_true_0.9_random,random,0.5,adaptive,8,0.015625,42,1,0,1,0.0,0.0,0.0,0,1.0,2.2705,2.5955999999999997,0,0.6480000000000001,0.6480000000000001,0.9
0.08333333333333333,2.6190428574054296,0.05557451895105422,3.491301501332234,0.9791666666666666,46.8125,5.37428359021229,0.04793549140141686,2619.0428574054313,2008,2,walk,move_true_0.9_random,random,0.5,adaptive,8,0.015625,38,4,2,2,0.5,0.05263157894736842,0.6666666666666666,2,1.0,2.292,2.5545999999999998,0,0.6480000000000001,0.6480000000000001,0.9
0.25390625,1.3742785254216574,0.07177774379573149,3.0433604887666745,1.0,39.979166666666664,5.125726033447881,0.18212850620426854,1374.2785254216572,2008,3,walk,move_true_0.9_random,random,0.5,adaptive,8,0.015625,39,2,1,3,0.5,0.02564102564102564,0.5,1,1.0,2.25,2.58125,0,0.6480000000000001,0.6480000000000001,0.9
0.0005208333333333333,4.705527299614105,0.02987723311691566,4.101303946318371,1.0,57.041666666666664,5.867435235272411,0.02935639978358233,4705.527299614104,2009,0,walk,move_true_0.9_random,random,0.5,adaptive,8,0.015625,38,2,1,1,0.5,0.02631578947368421,0.5,1,1.0,2.2915,2.6376,0,0.6480000000000001,0.6480000000000001,0.9
0.05141444203944204,2.6828339104006034,0.0319088783957815,3.8769468636276017,1.0,50.354166666666664,5.642773502502481,0.019505563643660535,2682.8339104006036,2009,1,walk,move_true_0.9_random,random,0.5,adaptive,8,0.015625,42,6,1,1,0.16666666666666666,0.023809523809523808,0.16666666666666666,1,1.0,2.209,2.7335499999999997,0,0.6480000000000001,0.6480000000000001,0.9
0.022356897508107185,2.636184851096888,0.04863950617755955,3.4865374568928726,1.0,42.041666666666664,5.340866938460465,0.026282608669452368,2636.184851096887,2009,2,walk,move_true_0.9_random,random,0.5,adaptive,8,0.015625,36,2,2,5,1.0,0.05555555555555555,1.0,2,1.0,2.208,2.5,0,0.6480000000000001,0.6480000000000001,0.9
0.047027305166840054,2.339260977418038,0.0318468027579839,3.8525981468663297,0.9791666666666666,53.354166666666664,5.720889616177473,0.015180502408856149,2339.2609774180387,2009,3,walk,move_true_0.9_random,random,0.5,adaptive,8,0.015625,38,2,1,2,0.5,0.02631578947368421,0.5,1,1.0,2.084,2.36065,0,0.6480000000000001,0.6480000000000001,0.9
0.04612991898148148,2.3964693610370964,0.05634268733625081,3.459314464121624,1.0,38.020833333333336,5.155091877558863,0.010212768354769324,2396.4693610370964,2000,0,walk,move_true_0.9_bsp,bsp,0.1,adaptive,8,0.015625,34,2,2,9,1.0,0.058823529411764705,1.0,2,1.0,17.292,20.28795,0,0.6480000000000001,0.6480000000000001,0.9
0.06651475694444443,2.785106013677671,0.05338940931626235,3.5121835633517993,1.0,43.0,5.313131467750268,0.01312534762818209,2785.1060136776705,2000,1,walk,move_true_0.9_bsp,bsp,0.1,adaptive,8,0.015625,37,2,1,4,0.5,0.02702702702702703,0.5,1,1.0,17.354,19.747600000000002,0,0.6480000000000001,0.6480000000000001,0.9
0.021354166666666664,3.4831955846767433,0.044364186659071915,3.702320863323488,0.9583333333333334,46.229166666666664,5.493477376745758,0.02301001999240525,3483.195584676742,2000,2,walk,move_true_0.9_bsp,bsp,0.1,adaptive,8,0.015625,36,5,4,6,0.8,0.1111111111111111,0.8,4,1.0,17.292,18.694300000000002,0,0.6480000000000001,0.6480000000000001,0.9
0.04422743055555556,3.1988280179445794,0.04460716673029991,3.7467023136422744,1.0,47.395833333333336,5.513501888426568,0.0003797361747443495,3198.828017944581,2000,3,walk,move_true_0.9_bsp,bsp,0.1,adaptive,8,0.015625,33,2,1,4,0.5,0.030303030303030304,0.5,1,1.0,17.0835,18.0228,0,0.6480000000000001,0.6480000000000001,0.9
0.021158854166666668,3.685331282057282,0.04240844052006426,3.763088160892474,0.9791666666666666,46.541666666666664,5.492977286071085,0.021249586353397593,3685.331282057283,2001,0,walk,move_true_0.9_bsp,bsp,0.1,adaptive,8,0.015625,37,4,2,6,0.5,0.05405405405405406,0.5,2,1.0,17.1875,17.8603,0,0.6480000000000001,0.6480000000000001,0.9
0.11025545634920635,1.825344626597734,0.06897961058216719,3.080328752434457,1.0,31.458333333333332,4.866537101858487,0.04127584576703915,1825.3446265977338,2001,1,walk,move_true_0.9_bsp,bsp,0.1,adaptive,8,0.015625,36,7,5,11,0.7142857142857143,0.1388888888888889,0.8,5,1.0,17.042,18.21645,0,0.6480000000000001,0.6480000000000001,0.9
0.0,4.153040766143755,0.054053471729227316,4.185194081939161,0.9375,40.333333333333336,5.227413102685293,0.054053471729227316,4153.040766143756,2001,2,walk,move_true_0.9_bsp,bsp,0.1,adaptive,8,0.015625,37,3,3,8,1.0,0.08108108108108109,1.0,3,1.0,17.1875,17.98565,0,0.6480000000000001,0.6480000000000001,0.9
0.062174479166666664,3.025967554720804,0.06913255443870943,3.5738530989298725,0.9166666666666666,33.895833333333336,4.9482645362724025,0.006958075272042767,3025.9675547208044,2001,3,walk,move_true_0.9_bsp,bsp,0.1,adaptive,8,0.015625,32,3,1,5,0.3333333333333333,0.03125,0.3333333333333333,1,1.0,17.167,19.29355,0,0.6480000000000001,0.6480000000000001,0.9
0.005027821780593958,4.140614823126888,0.051009682679752165,3.846643824331176,0.9791666666666666,46.25,5.432147297463682,0.045981860899158206,4140.614823126886,2002,0,walk,move_true_0.9_bsp,bsp,0.1,adaptive,8,0.015625,39,1,1,4,1.0,0.02564102564102564,1.0,1,1.0,17.146,18.393649999999997,0,0.6480000000000001,0.6480000000000001,0.9
0.042317708333333336,2.596319107785508,0.06967573482752928,3.3057609858566597,0.9583333333333334,38.3125,5.070064525976339,0.027358026494195945,2596.3191077855076,2002,1,walk,move_true_0.9_bsp,bsp,0.1,adaptive,8,0.015625,38,3,2,7,0.6666666666666666,0.05263157894736842,0.6666666666666666,2,1.0,17.896,18.595950000000002,0,0.6480000000000001,0.6480000000000001,0.9
0.25156249999999997,1.3592082659943874,0.06320723121770175,3.0107777453487894,1.0,40.479166666666664,5.211617347652427,0.18835526878229822,1359.208265994388,2002,2,walk,move_true_0.9_bsp,bsp,0.1,adaptive,8,0.015625,33,2,1,2,0.5,0.030303030303030304,0.5,1,1.0,19.311999999999998,29.246149999999993,0,0.6480000000000001,0.6480000000000001,0.9
0.0031467013888888886,4.69405504853345,0.04854757626220365,4.334203030084463,0.7708333333333334,45.3125,5.3865811836960225,0.04540087487331476,4694.05504853345,2002,3,walk,move_true_0.9_bsp,bsp,0.1,adaptive,8,0.015625,39,4,3,6,0.75,0.07692307692307693,0.6666666666666666,3,1.0,18.229,22.92915,0,0.6480000000000001,0.6480000000000001,0.9
0.12866753472222223,1.823851680788805,0.04134742114776988,3.458723856010914,1.0,47.979166666666664,5.542479201290804,0.08732011357445234,1823.8516807888057,2003,0,walk,move_true_0.9_bsp,bsp,0.1,adaptive,8,0.015625,35,7,4,7,0.5714285714285714,0.11428571428571428,0.5,4,1.0,18.061999999999998,19.2998,0,0.6480000000000001,0.6480000000000001,0.9
0.15546875000000002,2.2132005547526292,0.06623213855281816,2.995554942526187,1.0,33.479166666666664,4.952178495127513,0.09340327811384852,2213.20055475263,2003,1,walk,move_true_0.9_bsp,bsp,0.1,adaptive,8,0.015625,35,3,2,5,0.6666666666666666,0.05714285714285714,0.6666666666666666,2,1.0,18.3125,19.829150000000002,0,0.6480000000000001,0.6480000000000001,0.9
0.08363715277777778,2.7535618081995135,0.05530298198593103,3.3523026281635846,0.9166666666666666,38.979166666666664,5.123492977049313,0.028334170791846747,2753.561808199513,2003,2,walk,move_true_0.9_bsp,bsp,0.1,adaptive,8,0.015625,33,1,1,6,1.0,0.030303030303030304,1.0,1,1.0,18.0,19.24165,0,0.6480000000000001,0.6480000000000001,0.9
0.11935763888888888,2.6299916243929227,0.06484236592041606,3.404938706969794,1.0,37.0,5.071640903343499,0.05451527296847281,2629.9916243929224,2003,3,walk,move_true_0.9_bsp,bsp,0.1,adaptive,8,0.015625,40,4,3,6,0.75,0.075,0.75,3,1.0,17.311999999999998,18.77105,0,0.6480000000000001,0.6480000000000001,0.9
0.042187499999999996,2.9736357150095594,0.050724424178469146,3.571763674459182,1.0,42.125,5.339002347298888,0.008536924178469149,2973.635715009559,2004,0,walk,move_true_0.9_bsp,bsp,0.1,adaptive,8,0.015625,38,5,5,5,1.0,0.13157894736842105,1.0,5,1.0,17.229,18.2749,0,0.6480000000000001,0.6480000000000001,0.9
0.10959201388888888,2.5404935567268896,0.05731672175581335,3.33856551086512,0.9791666666666666,38.9375,5.1673640516186,0.052275292133075524,2540.4935567268903,2004,1,walk,move_true_0.9_bsp,bsp,0.1,adaptive,8,0.015625,35,3,3,7,1.0,0.08571428571428572,1.0,3,1.0,17.188000000000002,18.2749,0,0.6480000000000001,0.6480000000000001,0.9
0.025245949074074073,2.5702367010023655,0.057895587756576126,3.6139389439002545,0.9583333333333334,37.625,5.134312102695284,0.03264963868250205,2570.2367010023668,2004,2,walk,move_true_0.9_bsp,bsp,0.1,adaptive,8,0.015625,37,6,4,8,0.6666666666666666,0.10810810810810811,0.6666666666666666,4,1.0,17.417,18.52665,0,0.6480000000000001,0.6480000000000001,0.9
0.0018880208333333336,2.727625796601146,0.04053697121503019,3.945117389853927,0.9791666666666666,48.479166666666664,5.562797228391268,0.03864895038169686,2727.625796601146,2004,3,walk,move_true_0.9_bsp,bsp,0.1,adaptive,8,0.015625,35,3,3,4,1.0,0.08571428571428572,1.0,3,1.0,17.5835,18.49375,0,0.6480000000000001,0.6480000000000001,0.9
0.04251302083333333,2.8057112302660934,0.05253477992000247,3.7798806904405566,0.9791666666666666,40.541666666666664,5.259559399994579,0.010021759086669135,2805.711230266094,2005,0,walk,move_true_0.9_bsp,bsp,0.1,adaptive,8,0.015625,34,2,2,7,1.0,0.058823529411764705,1.0,2,1.0,17.708,18.3603,0,0.6480000000000001,0.6480000000000001,0.9
0.08522135416666667,2.8780719959234795,0.05500030822320524,3.568656220305812,0.9791666666666666,37.145833333333336,5.119766206905614,0.030221045943461432,2878.07199592348,2005,1,walk,move_true_0.9_bsp,bsp,0.1,adaptive,8,0.015625,37,3,2,9,0.6666666666666666,0.05405405405405406,0.6666666666666666,2,1.0,17.833,18.8579,0,0.6480000000000001,0.6480000000000001,0.9
0.06380208333333333,4.889647336962336,0.04604062667943904,3.8220369305568993,0.9583333333333334,49.4375,5.559646344216072,0.01776145665389429,4889.647336962336,2005,2,walk,move_true_0.9_bsp,bsp,0.1,adaptive,8,0.015625,42,3,2,3,0.6666666666666666,0.047619047619047616,1.0,2,1.0,17.813000000000002,21.8421,0,0.6480000000000001,0.6480000000000001,0.9
0.16731770833333334,3.2991463119408473,0.06047181366625758,3.4688392058529085,1.0,44.208333333333336,5.314874725214063,0.10684589466707577,3299.1463119408486,2005,3,walk,move_true_0.9_bsp,bsp,0.1,adaptive,8,0.015625,38,2,0,2,0.0,0.0,0.0,0,1.0,18.125,20.237499999999997,0,0.6480000000000001,0.6480000000000001,0.9
0.0014973958333333332,3.202444497043876,0.05088212494621359,3.7229339920325946,0.9583333333333334,42.291666666666664,5.270601841584714,0.049384729112880256,3202.4444970438767,2006,0,walk,move_true_0.9_bsp,bsp,0.1,adaptive,8,0.015625,33,5,4,10,0.8,0.12121212121212122,1.0,4,1.0,17.8335,20.466549999999998,0,0.6480000000000001,0.6480000000000001,0.9
0.03502604166666667,3.766357490716695,0.0472404055060662,3.3955741809458715,1.0,43.0625,5.319258316326192,0.012214363839399537,3766.357490716695,2006,1,walk,move_true_0.9_bsp,bsp,0.1,adaptive,8,0.015625,40,4,3,6,0.75,0.075,0.75,3,1.0,18.000500000000002,23.61525,0,0.6480000000000001,0.6480000000000001,0.9
0.10746527777777777,1.8333737210689334,0.06829746718846334,3.041028859377357,1.0,32.125,4.878937329978609,0.039167810589314435,1833.373721068934,2006,2,walk,move_true_0.9_bsp,bsp,0.1,adaptive,8,0.015625,35,2,1,4,0.5,0.02857142857142857,1.0,1,1.0,18.292,21.597699999999996,0,0.6480000000000001,0.6480000000000001,0.9
0.1558159722222222,2.53042252300997,0.05918347086176911,3.35480401321569,1.0,38.583333333333336,5.1477940452802855,0.0966325013604531,2530.4225230099705,2006,3,walk,move_true_0.9_bsp,bsp,0.1,adaptive,8,0.015625,35,3,1,6,0.3333333333333333,0.02857142857142857,0.5,1,1.0,17.979,19.2581,0,0.6480000000000001,0.6480000000000001,0.9
0.020833333333333332,2.4009754487833526,0.06565365379852058,3.2749180803560822,1.0,31.666666666666668,4.897407739683557,0.04482032046518724,2400.9754487833543,2007,0,walk,move_true_0.9_bsp,bsp,0.1,adaptive,8,0.015625,33,3,1,6,0.3333333333333333,0.030303030303030304,0.5,1,1.0,17.875,18.635849999999998,0,0.6480000000000001,0.6480000000000001,0.9
0.0033420138888888887,4.049304114615448,0.06073514152715701,3.8241267250682323,0.9375,39.041666666666664,5.176913379668437,0.05739312763826813,4049.304114615448,2007,1,walk,move_true_0.9_bsp,bsp,0.1,adaptive,8,0.015625,36,5,2,4,0.4,0.05555555555555555,0.4,2,1.0,17.8125,19.068649999999998,0,0.6480000000000001,0.6480000000000001,0.9
0.04348958333333333,2.9970368450492537,0.05424459009373184,3.477706127428766,0.9583333333333334,39.375,5.193985447602199,0.010755006760398506,2997.036845049253,2007,2,walk,move_true_0.9_bsp,bsp,0.1,adaptive,8,0.015625,36,2,2,7,1.0,0.05555555555555555,1.0,2,1.0,18.25,24.307999999999996,0,0.6480000000000001,0.6480000000000001,0.9
0.045138888888888895,2.5709868331093664,0.04280479659390207,3.750297320895767,0.9583333333333334,43.041666666666664,5.401146654376472,0.0023340922949868226,2570.986833109366,2007,3,walk,move_true_0.9_bsp,bsp,0.1,adaptive,8,0.015625,36,2,2,6,1.0,0.05555555555555555,1.0,2,1.0,18.1045,23.8421,0,0.6480000000000001,0.6480000000000001,0.9
0.0032552083333333335,2.9907786449220404,0.05056565341936651,3.5879985446043636,0.9375,44.0625,5.338035481943958,0.04731044508603318,2990.77864492204,2008,0,walk,move_true_0.9_bsp,bsp,0.1,adaptive,8,0.015625,37,5,1,5,0.2,0.02702702702702703,0.25,1,1.0,17.875,19.2522,0,0.6480000000000001,0.6480000000000001,0.9
0.03602430555555555,2.6749371011426213,0.06140751045868021,3.5685354502801956,0.9583333333333334,37.4375,5.11683772735456,0.02538320490312467,2674.9371011426206,2008,1,walk,move_true_0.9_bsp,bsp,0.1,adaptive,8,0.015625,42,1,0,4,0.0,0.0,0.0,0,1.0,17.959,19.6023,0,0.6480000000000001,0.6480000000000001,0.9
0.08862847222222221,3.8302056312058124,0.04524952237119179,4.051219386135021,0.8958333333333334,50.104166666666664,5.560032815046018,0.04337894985103042,3830.205631205812,2008,2,walk,move_true_0.9_bsp,bsp,0.1,adaptive,8,0.015625,38,4,1,2,0.25,0.02631578947368421,0.3333333333333333,1,1.0,17.958,21.33795,0,0.6480000000000001,0.6480000000000001,0.9
0.28168402777777773,1.5887564844304378,0.06167818874747947,3.1300100853710684,1.0,41.770833333333336,5.243235824007276,0.22000583903029827,1588.7564844304372,2008,3,walk,move_true_0.9_bsp,bsp,0.1,adaptive,8,0.015625,39,2,1,3,0.5,0.02564102564102564,0.5,1,1.0,17.7915,18.79595,0,0.6480000000000001,0.6480000000000001,0.9
0.12552083333333333,2.3939985700884963,0.05007914664123706,3.4807837733524916,0.9375,42.6875,5.3330510476216,0.07544168669209628,2393.9985700884968,2009,0,walk,move_true_0.9_bsp,bsp,0.1,adaptive,8,0.015625,38,2,2,5,1.0,0.05263157894736842,1.0,2,1.0,17.811999999999998,18.693649999999998,0,0.6480000000000001,0.6480000000000001,0.9
0.0018880208333333336,3.8742268093617915,0.04113853596217235,3.7728880945205567,0.9791666666666666,45.125,5.444098474006381,0.03925051512883902,3874.2268093617913,2009,1,walk,move_true_0.9_bsp,bsp,0.1,adaptive,8,0.015625,42,6,4,5,0.6666666666666666,0.09523809523809523,0.6666666666666666,4,1.0,17.5835,20.17895,0,0.6480000000000001,0.6480000000000001,0.9
0.16816406250000002,1.9309454086451892,0.05442129344114868,3.2157465539107704,1.0,38.979166666666664,5.182315258018151,0.11374276905885132,1930.9454086451906,2009,2,walk,move_true_0.9_bsp,bsp,0.1,adaptive,8,0.015625,36,2,2,7,1.0,0.05555555555555555,1.0,2,1.0,17.625,19.17095,0,0.6480000000000001,0.6480000000000001,0.9
0.04698350694444444,2.98806237706834,0.04447853385735038,3.4418855231857974,1.0,42.6875,5.339607670213856,0.002504973087094057,2988.0623770683396,2009,3,walk,move_true_0.9_bsp,bsp,0.1,adaptive,8,0.015625,38,2,2,6,1.0,0.05263157894736842,1.0,2,1.0,17.291,18.90165,0,0.6480000000000001,0.6480000000000001,0.9
0.10559442863166772,2.032596600569893,0.06203935790447199,3.3712037298272186,1.0,36.604166666666664,5.101866574297003,0.04355507072719572,2032.5966005698945,2000,0,walk,delivery_0.5_none,none,1,adaptive,8,0.015625,34,1,1,3,1.0,0.029411764705882353,1.0,1,1.0,2.417,4.2307999999999995,0,0.36000000000000004,0.36000000000000004,0.3
0.0010768769363268883,2.6347558479320443,0.04964674811288183,3.6915885121751466,1.0,47.041666666666664,5.429283212820064,0.048569871176554945,2634.7558479320446,2000,1,walk,delivery_0.5_none,none,1,adaptive,8,0.015625,37,0,0,2,nan,0.0,nan,0,1.0,2.333,2.9023,0,0.36000000000000004,0.36000000000000004,0.3
0.021354166666666664,4.23501789405502,0.048176842107969735,3.7927799123460173,0.9583333333333334,45.125,5.385564119913032,0.026822675441303068,4235.017894055017,2000,2,walk,delivery_0.5_none,none,1,adaptive,8,0.015625,36,0,0,1,nan,0.0,nan,0,1.0,2.292,2.67895,0,0.36000000000000004,0.36000000000000004,0.3
0.023514304915514594,3.4719637916423554,0.04842848731773503,3.918398183016278,1.0,50.75,5.566654604820157,0.02491418240222044,3471.9637916423567,2000,3,walk,delivery_0.5_none,none,1,adaptive,8,0.015625,33,0,0,2,nan,0.0,nan,0,1.0,2.333,3.0494499999999993,0,0.36000000000000004,0.36000000000000004,0.3
0.18783068783068782,1.1960475950780347,0.2022315566973528,2.37731138935489,1.0,23.375,4.014102893075042,0.07664702025188903,1196.0475950780344,2001,0,walk,delivery_0.5_none,none,1,adaptive,8,0.015625,37,2,2,3,1.0,0.05405405405405406,1.0,2,1.0,2.25,2.6372999999999998,0,0.36000000000000004,0.36000000000000004,0.3
0.04210069444444444,3.4282833427488515,0.032098691070409656,3.8632059469069167,0.9791666666666666,54.916666666666664,5.8225466303841635,0.01000200337403478,3428.2833427488513,2001,1,walk,delivery_0.5_none,none,1,adaptive,8,0.015625,36,3,3,3,1.0,0.08333333333333333,1.0,3,1.0,2.292,3.3540499999999995,0,0.36000000000000004,0.36000000000000004,0.3
0.0,4.326667273543448,0.03720317324523568,3.971400056627927,1.0,46.104166666666664,5.54593394436251,0.03720317324523568,4326.667273543445,2001,2,walk,delivery_0.5_none,none,1,adaptive,8,0.015625,37,1,1,2,1.0,0.02702702702702703,1.0,1,1.0,2.208,2.65165,0,0.36000000000000004,0.36000000000000004,0.3
0.17002655228758168,1.7430119200619887,0.14370927210464318,3.0204390514588955,1.0,27.104166666666668,4.323750379326017,0.2215548187239548,1743.0119200619895,2001,3,walk,delivery_0.5_none,none,1,adaptive,8,0.015625,32,2,2,5,1.0,0.0625,1.0,2,1.0,2.333,3.8291499999999994,0,0.36000000000000004,0.36000000000000004,0.3
0.25,2.711124077844046,0.15094329327260878,2.894379125099468,0.9375,30.8125,4.466369362117434,0.1508308321490548,2711.124077844046,2002,0,walk,delivery_0.5_none,none,1,adaptive,8,0.015625,39,3,3,3,1.0,0.07692307692307693,1.0,3,1.0,2.2085,2.7455,0,0.36000000000000004,0.36000000000000004,0.3
0.18815104166666666,1.1518563066618899,0.15735454730800671,2.628779240704287,0.9583333333333334,20.5,3.9495928602072454,0.2815732081026488,1151.85630666189,2002,1,walk,delivery_0.5_none,none,1,adaptive,8,0.015625,38,3,3,5,1.0,0.07894736842105263,1.0,3,1.0,2.208,2.7601999999999998,0,0.36000000000000004,0.36000000000000004,0.3
0.16475694444444444,1.2305210255603756,0.15197989080918523,2.5870843734521265,1.0,27.1875,4.363181671817944,0.17638976006172538,1230.5210255603754,2002,2,walk,delivery_0.5_none,none,1,adaptive,8,0.015625,33,3,3,3,1.0,0.09090909090909091,1.0,3,1.0,2.167,2.52665,0,0.36000000000000004,0.36000000000000004,0.3
0.0012979497354497355,3.3980551177220337,0.04295526224434909,3.6599095833706397,0.9791666666666666,44.833333333333336,5.437363497131012,0.041657312508899355,3398.0551177220345,2002,3,walk,delivery_0.5_none,none,1,adaptive,8,0.015625,39,3,3,3,1.0,0.07692307692307693,1.0,3,1.0,2.167,2.7038499999999996,0,0.36000000000000004,0.36000000000000004,0.3
0.10102513227513227,1.7241066660184423,0.22050446313984298,2.991436214444429,0.9375,18.916666666666668,3.719620841607666,0.14447933086471074,1724.1066660184426,2003,0,walk,delivery_0.5_none,none,1,adaptive,8,0.015625,35,4,4,6,1.0,0.11428571428571428,1.0,4,1.0,2.208,2.584,0,0.36000000000000004,0.36000000000000004,0.3
0.0005208333333333333,3.697711289040075,0.029417236085970373,4.131810907143114,1.0,57.145833333333336,5.871975887364066,0.02889640275263704,3697.7112890400736,2003,1,walk,delivery_0.5_none,none,1,adaptive,8,0.015625,35,1,1,1,1.0,0.02857142857142857,1.0,1,1.0,2.209,2.8851999999999998,0,0.36000000000000004,0.36000000000000004,0.3
0.1262577213235108,2.130822386456202,0.05646011092563231,3.3458984355323373,0.9791666666666666,41.020833333333336,5.231029457289006,0.06979761039787849,2130.8223864562037,2003,2,walk,delivery_0.5_none,none,1,adaptive,8,0.015625,33,2,2,2,1.0,0.06060606060606061,1.0,2,1.0,2.167,2.5942,0,0.36000000000000004,0.36000000000000004,0.3
0.006076388888888889,2.1958775067215233,0.17781008674764923,3.1767454469769594,0.9583333333333334,18.666666666666668,3.8403476647858956,0.1717336978587604,2195.8775067215224,2003,3,walk,delivery_0.5_none,none,1,adaptive,8,0.015625,40,3,3,4,1.0,0.075,1.0,3,1.0,2.208,2.5959499999999998,0,0.36000000000000004,0.36000000000000004,0.3
0.18802083333333333,2.092841354518113,0.06902593989490614,3.218341074903346,1.0,30.8125,4.828658627155164,0.11899489343842719,2092.8413545181106,2004,0,walk,delivery_0.5_none,none,1,adaptive,8,0.015625,38,2,2,3,1.0,0.05263157894736842,1.0,2,1.0,2.167,2.5129499999999996,0,0.36000000000000004,0.36000000000000004,0.3
0.027312748015873013,2.830502821468313,0.0827406022205954,3.828966646012509,0.9583333333333334,28.604166666666668,4.727500978487645,0.055427854204722384,2830.5028214683152,2004,1,walk,delivery_0.5_none,none,1,adaptive,8,0.015625,35,3,3,5,1.0,0.08571428571428572,1.0,3,1.0,2.1875,2.7209499999999998,0,0.36000000000000004,0.36000000000000004,0.3
0.02316261574074074,2.8610844031415357,0.04334760472494654,3.6181372865599,0.9791666666666666,47.3125,5.570648803191427,0.0201849889842058,2861.0844031415363,2004,2,walk,delivery_0.5_none,none,1,adaptive,8,0.015625,37,1,1,1,1.0,0.02702702702702703,1.0,1,1.0,2.25,2.4853,0,0.36000000000000004,0.36000000000000004,0.3
0.1278198653198653,1.6077928646331918,0.21473133323453486,2.708305522032687,1.0,19.916666666666668,3.848296511026837,0.15023357152580608,1607.7928646331923,2004,3,walk,delivery_0.5_none,none,1,adaptive,8,0.015625,35,3,3,7,1.0,0.08571428571428572,1.0,3,1.0,2.208,2.62085,0,0.36000000000000004,0.36000000000000004,0.3
0.021164021164021163,2.4864209237416,0.05818370252420851,3.5545202896656654,0.9791666666666666,42.854166666666664,5.269492966954211,0.037019681360187344,2486.4209237416007,2005,0,walk,delivery_0.5_none,none,1,adaptive,8,0.015625,34,0,0,2,nan,0.0,nan,0,1.0,2.125,2.55395,0,0.36000000000000004,0.36000000000000004,0.3
0.0036292989417989418,2.1614642470600165,0.078779166217563,3.471086128624688,1.0,30.25,4.766955732185218,0.07514986727576406,2161.464247060017,2005,1,walk,delivery_0.5_none,none,1,adaptive,8,0.015625,37,4,4,6,1.0,0.10810810810810811,1.0,4,1.0,2.167,2.8830999999999993,0,0.36000000000000004,0.36000000000000004,0.3
0.27151712850865395,2.1629397719224914,0.17291381398169658,2.4284152193968422,1.0,25.958333333333332,4.075953397343274,0.12925583481550204,2162.939771922492,2005,2,walk,delivery_0.5_none,none,1,adaptive,8,0.015625,42,2,2,3,1.0,0.047619047619047616,1.0,2,1.0,2.2295,2.69365,0,0.36000000000000004,0.36000000000000004,0.3
0.0006837951753205989,3.0990983998384363,0.06336277706977086,3.744004224641896,0.9375,42.3125,5.23437050291704,0.06267898189445026,3099.0983998384363,2005,3,walk,delivery_0.5_none,none,1,adaptive,8,0.015625,38,1,1,2,1.0,0.02631578947368421,1.0,1,1.0,2.1875,2.667,0,0.36000000000000004,0.36000000000000004,0.3
0.10487614237614239,1.9652766886147164,0.059392859943387194,3.2150670283434644,0.9791666666666666,39.458333333333336,5.220386617366076,0.045483282432755186,1965.2766886147174,2006,0,walk,delivery_0.5_none,none,1,adaptive,8,0.015625,33,2,2,3,1.0,0.06060606060606061,1.0,2,1.0,2.208,2.6351999999999998,0,0.36000000000000004,0.36000000000000004,0.3
0.0,5.596711197968642,0.05580433761682435,4.148305908653105,0.8333333333333334,42.520833333333336,5.348620311508302,0.05580433761682436,5596.711197968642,2006,1,walk,delivery_0.5_none,none,1,adaptive,8,0.015625,40,3,3,5,1.0,0.075,1.0,3,1.0,2.208,2.6358499999999996,0,0.36000000000000004,0.36000000000000004,0.3
0.1734375,1.1826994583865298,0.1302464157870052,2.9162851561408996,0.9583333333333334,27.75,4.336245910988347,0.07108754382537064,1182.6994583865296,2006,2,walk,delivery_0.5_none,none,1,adaptive,8,0.015625,35,4,4,7,1.0,0.11428571428571428,1.0,4,1.0,2.167,2.52665,0,0.36000000000000004,0.36000000000000004,0.3
0.04276712850865393,3.4363472007276887,0.04383368731431011,3.6631620735595387,0.9791666666666666,43.229166666666664,5.381444603334692,0.0010665588056561759,3436.3472007276887,2006,3,walk,delivery_0.5_none,none,1,adaptive,8,0.015625,35,3,3,4,1.0,0.08571428571428572,1.0,3,1.0,2.1665,2.48565,0,0.36000000000000004,0.36000000000000004,0.3
0.041666666666666664,1.9726316421542671,0.10742727222634622,3.039756463130542,0.9583333333333334,25.4375,4.436569795942969,0.06576060555967954,1972.6316421542672,2007,0,walk,delivery_0.5_none,none,1,adaptive,8,0.015625,33,1,1,4,1.0,0.030303030303030304,1.0,1,1.0,2.166,2.4853,0,0.36000000000000004,0.36000000000000004,0.3
0.2104110054347826,1.6496907154097318,0.09568135751697275,2.9340652430877427,0.9791666666666666,31.208333333333332,4.707857949667614,0.12859765383619942,1649.6907154097319,2007,1,walk,delivery_0.5_none,none,1,adaptive,8,0.015625,36,4,4,6,1.0,0.1111111111111111,1.0,4,1.0,2.125,2.4709499999999998,0,0.36000000000000004,0.36000000000000004,0.3
0.06328125,2.0267758682885275,0.052409876574796614,3.492227514218277,1.0,44.708333333333336,5.402701583062819,0.01087137342520339,2026.7758682885294,2007,2,walk,delivery_0.5_none,none,1,adaptive,8,0.015625,36,2,2,2,1.0,0.05555555555555555,1.0,2,1.0,2.166,2.52455,0,0.36000000000000004,0.36000000000000004,0.3
0.16666666666666666,1.6943822955219596,0.05474855799354187,3.193480804072305,0.9791666666666666,45.916666666666664,5.381171961039936,0.1119181086731248,1694.38229552196,2007,3,walk,delivery_0.5_none,none,1,adaptive,8,0.015625,36,2,2,2,1.0,0.05555555555555555,1.0,2,1.0,2.167,2.7629499999999996,0,0.36000000000000004,0.36000000000000004,0.3
0.0007027116402116402,3.4602958297520043,0.051230225367886774,3.7064501305474256,0.9583333333333334,42.604166666666664,5.381353693444635,0.05052751372767514,3460.295829752003,2008,0,walk,delivery_0.5_none,none,1,adaptive,8,0.015625,37,0,0,2,nan,0.0,nan,0,1.0,2.166,2.459,0,0.36000000000000004,0.36000000000000004,0.3
0.0625,2.806707945813333,0.060420152122511624,3.1976786230088226,1.0,36.895833333333336,5.109234471550544,0.011977590855802559,2806.7079458133326,2008,1,walk,delivery_0.5_none,none,1,adaptive,8,0.015625,42,2,2,3,1.0,0.047619047619047616,1.0,2,1.0,2.125,2.4433000000000002,0,0.36000000000000004,0.36000000000000004,0.3
0.026128472222222223,1.669021124742726,0.251071540737224,2.6804617012884404,0.9375,18.5,3.4745758085183076,0.22826097406997545,1669.021124742727,2008,2,walk,delivery_0.5_none,none,1,adaptive,8,0.015625,38,4,4,5,1.0,0.10526315789473684,1.0,4,1.0,2.167,2.5396,0,0.36000000000000004,0.36000000000000004,0.3
0.045572916666666664,5.713678780712978,0.09003217153055958,4.1824011436613056,0.8125,41.25,4.989365903015929,0.0579946195236,5713.678780712973,2008,3,walk,delivery_0.5_none,none,1,adaptive,8,0.015625,39,1,1,4,1.0,0.02564102564102564,1.0,1,1.0,2.1665,2.58365,0,0.36000000000000004,0.36000000000000004,0.3
0.0005208333333333333,4.162293845498817,0.03154585842487095,4.083286859363904,1.0,56.208333333333336,5.846069068981959,0.031025025091537612,4162.293845498817,2009,0,walk,delivery_0.5_none,none,1,adaptive,8,0.015625,38,2,2,2,1.0,0.05263157894736842,1.0,2,1.0,2.125,2.6085499999999997,0,0.36000000000000004,0.36000000000000004,0.3
0.21358300264550265,2.0226327129531616,0.044280548908782,3.519665442678679,1.0,49.25,5.578897042140768,0.17870257812085533,2022.6327129531621,2009,1,walk,delivery_0.5_none,none,1,adaptive,8,0.015625,42,1,1,2,1.0,0.023809523809523808,1.0,1,1.0,2.167,2.6085499999999997,0,0.36000000000000004,0.36000000000000004,0.3
0.06335152116402117,3.034564414850276,0.04886620465874706,3.774979548598317,1.0,46.083333333333336,5.352337712076211,0.014485316505274107,3034.564414850276,2009,2,walk,delivery_0.5_none,none,1,adaptive,8,0.015625,36,0,0,2,nan,0.0,nan,0,1.0,2.167,2.5955999999999997,0,0.36000000000000004,0.36000000000000004,0.3
0.0011939718335067173,2.423470079600427,0.04920892889874571,3.582789837916429,0.9791666666666666,44.541666666666664,5.4058310608341635,0.048014957065239,2423.4700796004267,2009,3,walk,delivery_0.5_none,none,1,adaptive,8,0.015625,38,2,2,3,1.0,0.05263157894736842,1.0,2,1.0,2.166,2.4982499999999996,0,0.36000000000000004,0.36000000000000004,0.3
0.02226109529833439,2.8812102043741774,0.08906479705619502,3.1212429491280633,0.9791666666666666,30.333333333333332,4.692268441915146,0.06680370175786061,2881.2102043741784,2000,0,walk,delivery_0.5_random,random,0.5,adaptive,8,0.015625,34,1,1,3,1.0,0.029411764705882353,1.0,1,1.0,2.479,6.12325,0,0.36000000000000004,0.36000000000000004,0.3
0.02191021026966022,2.535103894081467,0.022133212743580006,4.02395050015519,0.9791666666666666,59.520833333333336,5.9530549705169165,0.00022300247391978759,2535.1038940814683,2000,1,walk,delivery_0.5_random,random,0.5,adaptive,8,0.015625,37,0,0,0,nan,0.0,nan,0,nan,2.208,2.6523,0,0.36000000000000004,0.36000000000000004,0.3
0.0005208333333333333,3.116383236291146,0.0323173101168279,3.7682291982442906,1.0,47.854166666666664,5.579196121304669,0.03179647678349457,3116.3832362911457,2000,2,walk,delivery_0.5_random,random,0.5,adaptive,8,0.015625,36,0,0,1,nan,0.0,nan,0,1.0,2.208,2.55395,0,0.36000000000000004,0.36000000000000004,0.3
0.0026809715821812592,3.1142951345327976,0.0268900529239567,3.913725150545186,0.9791666666666666,54.916666666666664,5.791328781297003,0.024209081341775438,3114.295134532799,2000,3,walk,delivery_0.5_random,random,0.5,adaptive,8,0.015625,33,0,0,1,nan,0.0,nan,0,1.0,2.167,2.458,0,0.36000000000000004,0.36000000000000004,0.3
0.18783068783068782,1.3206609050467222,0.18070960441873365,2.49458335906288,1.0,25.3125,4.194601765972207,0.06077829296466889,1320.6609050467225,2001,0,walk,delivery_0.5_random,random,0.5,adaptive,8,0.015625,37,2,2,2,1.0,0.05405405405405406,1.0,2,1.0,2.167,2.5,0,0.36000000000000004,0.36000000000000004,0.3
0.00043402777777777775,3.811729067774852,0.05995576452878954,3.8437017578643835,0.75,41.333333333333336,5.186216584662273,0.059521736751011765,3811.729067774853,2001,1,walk,delivery_0.5_random,random,0.5,adaptive,8,0.015625,36,3,1,4,0.3333333333333333,0.027777777777777776,0.3333333333333333,1,1.0,2.208,2.5959499999999998,0,0.36000000000000004,0.36000000000000004,0.3
0.0,5.6078545930856585,0.03127508200179709,3.8067250019940357,1.0,45.583333333333336,5.59963997356537,0.03127508200179709,5607.854593085661,2001,2,walk,delivery_0.5_random,random,0.5,adaptive,8,0.015625,37,1,1,2,1.0,0.02702702702702703,1.0,1,1.0,2.167,2.5,0,0.36000000000000004,0.36000000000000004,0.3
0.025086076097105506,3.096942647201056,0.053175507727790505,3.901087661538696,0.9583333333333334,35.208333333333336,5.110243962284714,0.028089431630685,3096.942647201057,2001,3,walk,delivery_0.5_random,random,0.5,adaptive,8,0.015625,32,2,1,2,0.5,0.03125,0.5,1,1.0,2.167,2.8726,0,0.36000000000000004,0.36000000000000004,0.3
0.020833333333333332,5.200011283970158,0.03453116558952233,3.884654963801925,0.9583333333333334,52.708333333333336,5.65713520779731,0.03687481095798177,5200.011283970158,2002,0,walk,delivery_0.5_random,random,0.5,adaptive,8,0.015625,39,3,1,2,0.3333333333333333,0.02564102564102564,0.5,1,1.0,2.166,2.61065,0,0.36000000000000004,0.36000000000000004,0.3
0.0006510416666666666,2.712095581885133,0.03136359842588308,3.9733169417309395,0.9791666666666666,50.75,5.649013191063347,0.03071255675921641,2712.0955818851326,2002,1,walk,delivery_0.5_random,random,0.5,adaptive,8,0.015625,38,3,1,2,0.3333333333333333,0.02631578947368421,0.3333333333333333,1,1.0,2.125,2.45625,0,0.36000000000000004,0.36000000000000004,0.3
0.14739583333333334,2.3581146512549025,0.11890602396642802,3.4561997121204064,1.0,45.375,5.090093705777936,0.1419310315624813,2358.1146512549017,2002,2,walk,delivery_0.5_random,random,0.5,adaptive,8,0.015625,33,3,2,3,0.6666666666666666,0.06060606060606061,0.5,2,1.0,2.1875,2.3603,0,0.36000000000000004,0.36000000000000004,0.3
0.022131283068783068,3.2203755235522866,0.03089276463678069,3.9816330428694306,1.0,50.458333333333336,5.683622426985257,0.008761481567997623,3220.375523552287,2002,3,walk,delivery_0.5_random,random,0.5,adaptive,8,0.015625,39,3,2,2,0.6666666666666666,0.05128205128205128,0.6666666666666666,2,1.0,2.1455,2.5126,0,0.36000000000000004,0.36000000000000004,0.3
0.0419973544973545,3.4128650261565077,0.08013654368944846,3.8483558519920127,0.9166666666666666,51.25,5.462003336248672,0.05063918919209396,3412.865026156509,2003,0,walk,delivery_0.5_random,random,0.5,adaptive,8,0.015625,35,4,1,2,0.25,0.02857142857142857,0.3333333333333333,1,1.0,2.167,2.5,0,0.36000000000000004,0.36000000000000004,0.3
0.0005208333333333333,4.256999112274074,0.023458660587509086,4.2505869613274845,1.0,59.979166666666664,5.966189675080682,0.022937827254175754,4256.9991122740685,2003,1,walk,delivery_0.5_random,random,0.5,adaptive,8,0.015625,35,1,0,0,0.0,0.0,0.0,0,nan,2.167,2.8414499999999996,0,0.36000000000000004,0.36000000000000004,0.3
0.0012577213235107972,3.2539443400165275,0.021948738129653884,4.032885457051448,0.9791666666666666,58.770833333333336,5.950541629657569,0.020691016806143086,3253.944340016529,2003,2,walk,delivery_0.5_random,random,0.5,adaptive,8,0.015625,33,2,1,1,0.5,0.030303030303030304,0.5,1,1.0,2.208,2.65165,0,0.36000000000000004,0.36000000000000004,0.3
0.006076388888888889,2.5226928279519343,0.10873751032354279,3.4385464242836465,0.9791666666666666,26.3125,4.4713510737082345,0.10266112143465389,2522.692827951933,2003,3,walk,delivery_0.5_random,random,0.5,adaptive,8,0.015625,40,3,2,2,0.6666666666666666,0.05,0.6666666666666666,2,1.0,2.1665,2.4982499999999996,0,0.36000000000000004,0.36000000000000004,0.3
0.06302083333333333,3.4348934893375573,0.03707342644506741,3.7454283801941486,1.0,45.770833333333336,5.550302470374003,0.025947406888265915,3434.8934893375595,2004,0,walk,delivery_0.5_random,random,0.5,adaptive,8,0.015625,38,2,1,1,0.5,0.02631578947368421,0.5,1,1.0,2.125,2.417,0,0.36000000000000004,0.36000000000000004,0.3
0.041666666666666664,4.909971217425515,0.04545609173535065,4.031862055080762,0.9791666666666666,43.8125,5.399528616150106,0.003789425068683988,4909.971217425515,2004,1,walk,delivery_0.5_random,random,0.5,adaptive,8,0.015625,35,3,2,3,0.6666666666666666,0.05714285714285714,0.6666666666666666,2,1.0,2.166,2.5669,0,0.36000000000000004,0.36000000000000004,0.3
0.02316261574074074,3.972369269923871,0.02070991470646409,4.184237917183254,0.7916666666666666,60.125,5.981994185315089,0.0024527010342766478,3972.3692699238686,2004,2,walk,delivery_0.5_random,random,0.5,adaptive,8,0.015625,37,1,0,0,0.0,0.0,0.0,0,nan,2.209,2.7188499999999998,0,0.36000000000000004,0.36000000000000004,0.3
0.14865319865319865,1.5511438011100103,0.20931535129250334,2.6211485611990306,1.0,20.875,3.9099300529679852,0.11934695998731722,1551.143801110011,2004,3,walk,delivery_0.5_random,random,0.5,adaptive,8,0.015625,35,3,3,6,1.0,0.08571428571428572,1.0,3,1.0,2.25,2.8585499999999997,0,0.36000000000000004,0.36000000000000004,0.3
0.021164021164021163,2.632953122227189,0.045696059462919277,3.7294669129371005,0.9791666666666666,40.145833333333336,5.302432509682108,0.02453203829889811,2632.9531222271876,2005,0,walk,delivery_0.5_random,random,0.5,adaptive,8,0.015625,34,0,0,2,nan,0.0,nan,0,1.0,2.1875,2.4709499999999998,0,0.36000000000000004,0.36000000000000004,0.3
0.08522652116402117,1.8488378578549265,0.042574616009628086,3.70699965042713,1.0,45.270833333333336,5.388909882939633,0.04265190515439308,1848.837857854927,2005,1,walk,delivery_0.5_random,random,0.5,adaptive,8,0.015625,37,4,2,2,0.5,0.05405405405405406,0.6666666666666666,2,1.0,2.167,2.5273,0,0.36000000000000004,0.36000000000000004,0.3
0.41735046184198726,1.999847540156946,0.1250324085809507,2.5588063348589998,1.0,30.354166666666668,4.465582678840909,0.30485151506800817,1999.8475401569465,2005,2,walk,delivery_0.5_random,random,0.5,adaptive,8,0.015625,42,2,1,1,0.5,0.023809523809523808,1.0,1,1.0,2.166,2.5248999999999997,0,0.36000000000000004,0.36000000000000004,0.3
0.0006837951753205989,3.987464711774061,0.022727620433595535,4.102417832556742,1.0,60.083333333333336,5.973419408685605,0.022043825258274936,3987.464711774061,2005,3,walk,delivery_0.5_random,random,0.5,adaptive,8,0.015625,38,1,0,0,0.0,0.0,0.0,0,nan,2.1665,2.5,0,0.36000000000000004,0.36000000000000004,0.3
0.021542809042809044,4.989276853518172,0.025197838863145753,4.245620280343094,0.8125,55.3125,5.8212160240670405,0.00365502982033671,4989.27685351817,2006,0,walk,delivery_0.5_random,random,0.5,adaptive,8,0.015625,33,2,0,2,0.0,0.0,0.0,0,1.0,2.167,2.5248999999999997,0,0.36000000000000004,0.36000000000000004,0.3
0.0,6.000852522103337,0.023000939929536623,4.162798474300863,0.9166666666666666,56.9375,5.859259037713762,0.023000939929536623,6000.852522103333,2006,1,walk,delivery_0.5_random,random,0.5,adaptive,8,0.015625,40,3,0,1,0.0,0.0,0.0,0,1.0,2.2085,3.005699999999999,0,0.36000000000000004,0.36000000000000004,0.3
0.06927083333333334,2.7074818761384782,0.027309762631146248,4.220493597524714,0.9166666666666666,54.479166666666664,5.7771976141302765,0.041961070702187096,2707.481876138478,2006,2,walk,delivery_0.5_random,random,0.5,adaptive,8,0.015625,35,4,2,2,0.5,0.05714285714285714,0.6666666666666666,2,1.0,2.166,2.5273,0,0.36000000000000004,0.36000000000000004,0.3
0.04276712850865393,3.7691734045627654,0.03565422756953122,3.722425816511228,1.0,45.916666666666664,5.504491145208025,0.007112900939122711,3769.173404562764,2006,3,walk,delivery_0.5_random,random,0.5,adaptive,8,0.015625,35,3,2,3,0.6666666666666666,0.05714285714285714,1.0,2,1.0,2.167,2.6369499999999997,0,0.36000000000000004,0.36000000000000004,0.3
0.0,4.853901187559205,0.021779929856443225,4.265379400155733,1.0,59.875,5.9736784470128015,0.021779929856443225,4853.901187559205,2007,0,walk,delivery_0.5_random,random,0.5,adaptive,8,0.015625,33,1,0,0,0.0,0.0,0.0,0,nan,2.1875,2.4023,0,0.36000000000000004,0.36000000000000004,0.3
0.043744338768115947,1.9041757830077166,0.053862915044949077,3.444116645408691,0.9791666666666666,39.229166666666664,5.228527658426612,0.010118576276833114,1904.1757830077165,2007,1,walk,delivery_0.5_random,random,0.5,adaptive,8,0.015625,36,4,2,3,0.5,0.05555555555555555,0.5,2,1.0,2.125,2.48565,0,0.36000000000000004,0.36000000000000004,0.3
0.021614583333333336,2.3939220665263217,0.03657669709905339,3.5952260491551304,1.0,43.416666666666664,5.431053153549797,0.01496211376572005,2393.922066526322,2007,2,walk,delivery_0.5_random,random,0.5,adaptive,8,0.015625,36,2,0,1,0.0,0.0,0.0,0,1.0,2.167,2.458,0,0.36000000000000004,0.36000000000000004,0.3
0.1875,2.6873018494153627,0.033244784747572066,3.7242749641562765,1.0,47.895833333333336,5.5717383875621005,0.15425521525242794,2687.3018494153625,2007,3,walk,delivery_0.5_random,random,0.5,adaptive,8,0.015625,36,2,2,2,1.0,0.05555555555555555,1.0,2,1.0,2.1665,2.65165,0,0.36000000000000004,0.36000000000000004,0.3
0.0007027116402116402,3.8370298587175857,0.0411504234557878,3.973756201790195,0.9583333333333334,39.6875,5.332897928382049,0.04044771181557616,3837.0298587175857,2008,0,walk,delivery_0.5_random,random,0.5,adaptive,8,0.015625,37,0,0,1,nan,0.0,nan,0,1.0,2.166,2.45865,0,0.36000000000000004,0.36000000000000004,0.3
0.0,4.1440532973676545,0.019841984111626083,4.133992375559683,0.9375,60.166666666666664,5.984335916924262,0.019841984111626083,4144.053297367654,2008,1,walk,delivery_0.5_random,random,0.5,adaptive,8,0.015625,42,2,0,0,0.0,0.0,0.0,0,nan,2.1665,2.5545999999999998,0,0.36000000000000004,0.36000000000000004,0.3
0.026128472222222223,1.9485296219301993,0.14294291422558167,2.8648655812353088,1.0,29.458333333333332,4.455155514457721,0.11681444200335943,1948.5296219301993,2008,2,walk,delivery_0.5_random,random,0.5,adaptive,8,0.015625,38,4,2,2,0.5,0.05263157894736842,0.5,2,1.0,2.125,2.4023,0,0.36000000000000004,0.36000000000000004,0.3
0.00390625,3.7413198221567128,0.022142382774858426,4.080373033880592,1.0,59.979166666666664,5.975100927672266,0.018236132774858426,3741.3198221567122,2008,3,walk,delivery_0.5_random,random,0.5,adaptive,8,0.015625,39,1,0,0,0.0,0.0,0.0,0,nan,2.166,2.45865,0,0.36000000000000004,0.36000000000000004,0.3
0.0005208333333333333,5.379054244723794,0.022919876569882102,4.190661747553752,1.0,59.395833333333336,5.959921401369385,0.02239904323654877,5379.05424472379,2009,0,walk,delivery_0.5_random,random,0.5,adaptive,8,0.015625,38,2,1,1,0.5,0.02631578947368421,0.5,1,1.0,2.167,2.49585,0,0.36000000000000004,0.36000000000000004,0.3
0.0009093915343915343,2.5303252669297738,0.021048308239769806,3.9984372266704544,1.0,59.9375,5.970808342353869,0.020138916705378273,2530.325266929775,2009,1,walk,delivery_0.5_random,random,0.5,adaptive,8,0.015625,42,1,0,0,0.0,0.0,0.0,0,nan,2.167,2.8830999999999993,0,0.36000000000000004,0.36000000000000004,0.3
0.08418485449735451,4.62359717919037,0.029852956622566425,3.7946961634965493,0.9583333333333334,50.916666666666664,5.675746637100602,0.05433189787478807,4623.597179190369,2009,2,walk,delivery_0.5_random,random,0.5,adaptive,8,0.015625,36,0,0,1,nan,0.0,nan,0,1.0,2.1875,2.5914499999999996,0,0.36000000000000004,0.36000000000000004,0.3
0.0011939718335067173,2.4395784599342525,0.0329228918818324,3.7841480228820283,1.0,53.083333333333336,5.6861481990867695,0.031728920048325684,2439.5784599342537,2009,3,walk,delivery_0.5_random,random,0.5,adaptive,8,0.015625,38,2,1,2,0.5,0.02631578947368421,0.5,1,1.0,2.125,2.625,0,0.36000000000000004,0.36000000000000004,0.3
0.0009765625,3.2036530488244437,0.039686689586487654,3.738766727596437,0.9791666666666666,55.104166666666664,5.730774152048806,0.038710127086487654,3203.653048824444,2000,0,walk,delivery_0.5_bsp,bsp,0.1,adaptive,8,0.015625,34,1,0,0,0.0,0.0,0.0,0,nan,17.5,20.63355,0,0.36000000000000004,0.36000000000000004,0.3
0.0035807291666666665,2.787361209466398,0.043675087377455714,3.828122941441162,0.9583333333333334,42.833333333333336,5.364305949545471,0.04009435821078905,2787.3612094663963,2000,1,walk,delivery_0.5_bsp,bsp,0.1,adaptive,8,0.015625,37,0,0,2,nan,0.0,nan,0,1.0,17.333,18.54165,0,0.36000000000000004,0.36000000000000004,0.3
0.0005208333333333333,3.663524359523382,0.043821375804427735,3.840406392966637,0.9583333333333334,47.791666666666664,5.520913641325687,0.043300542471094404,3663.524359523382,2000,2,walk,delivery_0.5_bsp,bsp,0.1,adaptive,8,0.015625,36,0,0,1,nan,0.0,nan,0,1.0,17.417,18.193649999999998,0,0.36000000000000004,0.36000000000000004,0.3
0.005164930555555555,3.3528730954444046,0.02578554328652524,3.912043521252155,1.0,57.9375,5.904041502512645,0.02062061273096968,3352.873095444405,2000,3,walk,delivery_0.5_bsp,bsp,0.1,adaptive,8,0.015625,33,0,0,0,nan,0.0,nan,0,nan,17.333,18.19155,0,0.36000000000000004,0.36000000000000004,0.3
0.024645543981481482,1.8876341268514594,0.06827384315551174,3.4810388473002996,1.0,33.979166666666664,4.947642509534236,0.043628299174030265,1887.6341268514595,2001,0,walk,delivery_0.5_bsp,bsp,0.1,adaptive,8,0.015625,37,2,0,3,0.0,0.0,0.0,0,1.0,17.3125,17.7623,0,0.36000000000000004,0.36000000000000004,0.3
0.00043402777777777775,2.9205521458272905,0.05590951392494925,3.365262523528109,0.9791666666666666,39.979166666666664,5.182275141833525,0.05547548614717147,2920.552145827291,2001,1,walk,delivery_0.5_bsp,bsp,0.1,adaptive,8,0.015625,36,3,3,6,1.0,0.08333333333333333,1.0,3,1.0,17.311999999999998,18.43355,0,0.36000000000000004,0.36000000000000004,0.3
0.0,3.818694591764285,0.02581598971656263,4.088031570244233,1.0,55.979166666666664,5.881082109740073,0.02581598971656263,3818.694591764286,2001,2,walk,delivery_0.5_bsp,bsp,0.1,adaptive,8,0.015625,37,1,1,1,1.0,0.02702702702702703,1.0,1,1.0,17.291,17.845950000000002,0,0.36000000000000004,0.36000000000000004,0.3
0.1476779513888889,1.8618340738193957,0.08149000508735761,2.904211963826503,0.9791666666666666,25.958333333333332,4.5747124008928415,0.06618794630153128,1861.8340738193963,2001,3,walk,delivery_0.5_bsp,bsp,0.1,adaptive,8,0.015625,32,2,0,9,0.0,0.0,0.0,0,1.0,17.3125,19.799899999999997,0,0.36000000000000004,0.36000000000000004,0.3
0.008152821780593957,3.700215942751542,0.046211417735717485,3.5936299838546852,1.0,44.583333333333336,5.367834078323599,0.03805859595512353,3700.2159427515435,2002,0,walk,delivery_0.5_bsp,bsp,0.1,adaptive,8,0.015625,39,3,1,3,0.3333333333333333,0.02564102564102564,0.5,1,1.0,17.396,18.8954,0,0.36000000000000004,0.36000000000000004,0.3
0.0006510416666666666,2.749073280169762,0.045939957966252075,3.6794672156817647,1.0,53.333333333333336,5.661053482476565,0.045288916299585404,2749.073280169761,2002,1,walk,delivery_0.5_bsp,bsp,0.1,adaptive,8,0.015625,38,3,1,1,0.3333333333333333,0.02631578947368421,0.3333333333333333,1,1.0,17.3125,18.4647,0,0.36000000000000004,0.36000000000000004,0.3
0.22725694444444444,0.954632677912057,0.06777149306799092,2.793104178292299,1.0,34.75,5.017339197081828,0.1594854513764535,954.6326779120569,2002,2,walk,delivery_0.5_bsp,bsp,0.1,adaptive,8,0.015625,33,3,2,2,0.6666666666666666,0.06060606060606061,1.0,2,1.0,17.354,17.9853,0,0.36000000000000004,0.36000000000000004,0.3
0.12779947916666667,1.5712858961668246,0.0401467592870559,3.5602081821702445,1.0,47.208333333333336,5.512429963866926,0.08765271987961078,1571.2858961668253,2002,3,walk,delivery_0.5_bsp,bsp,0.1,adaptive,8,0.015625,39,3,3,3,1.0,0.07692307692307693,1.0,3,1.0,17.25,18.31655,0,0.36000000000000004,0.36000000000000004,0.3
0.0027994791666666667,3.75742772766084,0.05865667691312099,4.309678215597532,0.9166666666666666,41.958333333333336,5.224522661045953,0.05585719774645433,3757.4277276608386,2003,0,walk,delivery_0.5_bsp,bsp,0.1,adaptive,8,0.015625,35,4,1,2,0.25,0.02857142857142857,0.3333333333333333,1,1.0,17.2085,18.0785,0,0.36000000000000004,0.36000000000000004,0.3
0.0005208333333333333,3.7356684719973465,0.036157740650639016,3.8582447734652576,0.9791666666666666,49.9375,5.6267500787838145,0.035636907317305684,3735.668471997349,2003,1,walk,delivery_0.5_bsp,bsp,0.1,adaptive,8,0.015625,35,1,1,3,1.0,0.02857142857142857,1.0,1,1.0,17.459,20.004049999999996,0,0.36000000000000004,0.36000000000000004,0.3
0.13311631944444444,1.8979028372963107,0.06468684321775502,3.2431401354857634,0.9166666666666666,39.0,5.1155743282837465,0.07676280956002277,1897.9028372963114,2003,2,walk,delivery_0.5_bsp,bsp,0.1,adaptive,8,0.015625,33,2,2,5,1.0,0.06060606060606061,1.0,2,1.0,17.375,18.5942,0,0.36000000000000004,0.36000000000000004,0.3
0.06727430555555557,2.6543930910942914,0.04172142193789491,3.573657825187066,1.0,45.354166666666664,5.461701654154726,0.029719550284327326,2654.3930910942922,2003,3,walk,delivery_0.5_bsp,bsp,0.1,adaptive,8,0.015625,40,3,1,2,0.3333333333333333,0.025,0.3333333333333333,1,1.0,17.25,18.5375,0,0.36000000000000004,0.36000000000000004,0.3
0.017881944444444447,2.098823838171795,0.05212394124946413,3.4049034169211008,1.0,40.791666666666664,5.297706506021413,0.03424199680501969,2098.823838171794,2004,0,walk,delivery_0.5_bsp,bsp,0.1,adaptive,8,0.015625,38,2,2,2,1.0,0.05263157894736842,1.0,2,1.0,17.521,18.041,0,0.36000000000000004,0.36000000000000004,0.3
0.04709201388888889,2.802803601671441,0.063661000938579,3.415943015902167,1.0,32.833333333333336,4.968052119621956,0.01656898704969011,2802.803601671438,2004,1,walk,delivery_0.5_bsp,bsp,0.1,adaptive,8,0.015625,35,3,3,7,1.0,0.08571428571428572,1.0,3,1.0,17.292,18.77105,0,0.36000000000000004,0.36000000000000004,0.3
0.04399594907407408,2.4796803617234238,0.04359066337478384,3.610356160730181,1.0,46.708333333333336,5.4744192125004005,0.00040528569929024205,2479.680361723423,2004,2,walk,delivery_0.5_bsp,bsp,0.1,adaptive,8,0.015625,37,1,1,1,1.0,0.02702702702702703,1.0,1,1.0,17.2295,18.2749,0,0.36000000000000004,0.36000000000000004,0.3
0.0435546875,1.7666297087381972,0.0555286359097086,3.303837915592911,1.0,40.145833333333336,5.180235735757542,0.011973948409708592,1766.629708738198,2004,3,walk,delivery_0.5_bsp,bsp,0.1,adaptive,8,0.015625,35,3,1,4,0.3333333333333333,0.02857142857142857,0.3333333333333333,1,1.0,17.6045,19.9795,0,0.36000000000000004,0.36000000000000004,0.3
0.08365885416666667,3.189115791453521,0.040236933471795876,3.724342209981869,1.0,45.145833333333336,5.474102957837556,0.043421920694870796,3189.11579145352,2005,0,walk,delivery_0.5_bsp,bsp,0.1,adaptive,8,0.015625,34,0,0,3,nan,0.0,nan,0,1.0,17.667,21.35635,0,0.36000000000000004,0.36000000000000004,0.3
0.003624131944444444,2.623421658239955,0.07003725111150298,3.9155295974174944,0.875,35.395833333333336,5.025245944044735,0.06641311916705854,2623.4216582399554,2005,1,walk,delivery_0.5_bsp,bsp,0.1,adaptive,8,0.015625,37,4,2,3,0.5,0.05405405405405406,0.6666666666666666,2,1.0,17.6455,22.002099999999995,0,0.36000000000000004,0.36000000000000004,0.3
0.0013020833333333333,5.103853628292564,0.028613009890285934,4.021361440044779,1.0,56.604166666666664,5.847894331993072,0.027310926556952598,5103.8536282925625,2005,2,walk,delivery_0.5_bsp,bsp,0.1,adaptive,8,0.015625,42,2,1,2,0.5,0.023809523809523808,1.0,1,1.0,17.4795,18.854049999999997,0,0.36000000000000004,0.36000000000000004,0.3
0.208984375,3.096078697419147,0.055251004806664956,3.2787113675007755,1.0,43.5,5.301962963737961,0.15373337019333505,3096.0786974191474,2005,3,walk,delivery_0.5_bsp,bsp,0.1,adaptive,8,0.015625,38,1,0,1,0.0,0.0,0.0,0,1.0,17.521,19.2704,0,0.36000000000000004,0.36000000000000004,0.3
0.04381510416666667,3.142538251782383,0.035123664323855004,3.6963237730413403,0.9791666666666666,49.916666666666664,5.619972541387225,0.008691439842811658,3142.538251782385,2006,0,walk,delivery_0.5_bsp,bsp,0.1,adaptive,8,0.015625,33,2,2,5,1.0,0.06060606060606061,1.0,2,1.0,17.5,18.970950000000002,0,0.36000000000000004,0.36000000000000004,0.3
0.006944444444444444,4.238202576918346,0.03728699550575442,3.7838227179836603,0.9791666666666666,45.791666666666664,5.556991186193701,0.030342551061309977,4238.202576918347,2006,1,walk,delivery_0.5_bsp,bsp,0.1,adaptive,8,0.015625,40,3,2,3,0.6666666666666666,0.05,0.6666666666666666,2,1.0,17.7705,21.862499999999997,0,0.36000000000000004,0.36000000000000004,0.3
0.15260416666666668,1.2323711848755698,0.05944960877732632,3.0796920888353214,1.0,39.708333333333336,5.169839675965597,0.09315455788934035,1232.3711848755697,2006,2,walk,delivery_0.5_bsp,bsp,0.1,adaptive,8,0.015625,35,4,3,3,0.75,0.08571428571428572,0.6666666666666666,3,1.0,17.3545,18.1796,0,0.36000000000000004,0.36000000000000004,0.3
0.0026041666666666665,4.968931468300153,0.03611110860351447,4.3106901545397545,0.5625,48.020833333333336,5.560524299348699,0.033506941936847806,4968.931468300152,2006,3,walk,delivery_0.5_bsp,bsp,0.1,adaptive,8,0.015625,35,3,3,4,1.0,0.08571428571428572,1.0,3,1.0,17.2915,21.20865,0,0.36000000000000004,0.36000000000000004,0.3
0.0,3.4506380923275946,0.07322954626281293,3.850655967005233,0.9583333333333334,29.6875,4.802898129006375,0.07322954626281293,3450.6380923275974,2007,0,walk,delivery_0.5_bsp,bsp,0.1,adaptive,8,0.015625,33,1,0,3,0.0,0.0,0.0,0,1.0,17.333,17.917,0,0.36000000000000004,0.36000000000000004,0.3
0.0033420138888888887,2.273746129001126,0.054179854157214845,3.623730307360221,0.9791666666666666,35.416666666666664,5.086513609313621,0.05083784026832596,2273.7461290011274,2007,1,walk,delivery_0.5_bsp,bsp,0.1,adaptive,8,0.015625,36,4,3,3,0.75,0.08333333333333333,0.75,3,1.0,17.25,18.42895,0,0.36000000000000004,0.36000000000000004,0.3
0.04296875,3.46050785496243,0.042608253392109885,4.233495861862632,0.8541666666666666,44.395833333333336,5.443078006375408,0.00036049660789011506,3460.5078549624336,2007,2,walk,delivery_0.5_bsp,bsp,0.1,adaptive,8,0.015625,36,2,2,4,1.0,0.05555555555555555,1.0,2,1.0,17.25,18.5204,0,0.36000000000000004,0.36000000000000004,0.3
0.10416666666666667,2.371380036815355,0.03798709063985966,3.5122894863232457,0.9791666666666666,46.895833333333336,5.523842176397675,0.066179576026807,2371.3800368153557,2007,3,walk,delivery_0.5_bsp,bsp,0.1,adaptive,8,0.015625,36,2,2,2,1.0,0.05555555555555555,1.0,2,1.0,17.375,19.9897,0,0.36000000000000004,0.36000000000000004,0.3
0.042317708333333336,3.3248226397042675,0.02650681912259464,3.9412893182830095,0.9791666666666666,58.875,5.934390294133678,0.015810889210738695,3324.8226397042667,2008,0,walk,delivery_0.5_bsp,bsp,0.1,adaptive,8,0.015625,37,0,0,0,nan,0.0,nan,0,nan,17.583,21.825,0,0.36000000000000004,0.36000000000000004,0.3
0.020833333333333332,4.836348410716354,0.0428139440505619,3.6182646440282373,1.0,40.1875,5.323636068595408,0.021980610717228566,4836.348410716352,2008,1,walk,delivery_0.5_bsp,bsp,0.1,adaptive,8,0.015625,42,2,1,3,0.5,0.023809523809523808,0.5,1,1.0,17.541,18.8432,0,0.36000000000000004,0.36000000000000004,0.3
0.17196180555555554,1.7583662402781934,0.032776777213744966,3.5880206337915364,1.0,54.416666666666664,5.794890129667685,0.1391850283418106,1758.3662402781945,2008,2,walk,delivery_0.5_bsp,bsp,0.1,adaptive,8,0.015625,38,4,1,1,0.25,0.02631578947368421,0.25,1,1.0,17.917,19.952199999999998,0,0.36000000000000004,0.36000000000000004,0.3
0.05147569444444444,4.3084200358312374,0.024717935957038268,4.062158018637859,0.9166666666666666,58.291666666666664,5.9147559661535665,0.026757758487406174,4308.420035831238,2008,3,walk,delivery_0.5_bsp,bsp,0.1,adaptive,8,0.015625,39,1,1,1,1.0,0.02564102564102564,1.0,1,1.0,17.708,21.7123,0,0.36000000000000004,0.36000000000000004,0.3
0.0005208333333333333,2.8282920844362796,0.04952696391822562,3.4593378100028827,1.0,44.458333333333336,5.374491534105917,0.04900613058489229,2828.2920844362798,2009,0,walk,delivery_0.5_bsp,bsp,0.1,adaptive,8,0.015625,38,2,2,3,1.0,0.05263157894736842,1.0,2,1.0,17.667,19.2228,0,0.36000000000000004,0.36000000000000004,0.3
0.0003255208333333333,3.9660173279017363,0.030035158160169485,3.9684287454509217,1.0,53.833333333333336,5.79121389480887,0.029709637326836152,3966.017327901738,2009,1,walk,delivery_0.5_bsp,bsp,0.1,adaptive,8,0.015625,42,1,1,1,1.0,0.023809523809523808,1.0,1,1.0,17.542,18.98925,0,0.36000000000000004,0.36000000000000004,0.3
0.2508463541666667,2.0594998279735504,0.033777174426732226,3.600752495970301,1.0,50.208333333333336,5.632693844952022,0.21706917973993445,2059.4998279735505,2009,2,walk,delivery_0.5_bsp,bsp,0.1,adaptive,8,0.015625,36,0,0,1,nan,0.0,nan,0,1.0,17.3955,18.67095,0,0.36000000000000004,0.36000000000000004,0.3
0.0009765625,3.33179662334604,0.04942113821392135,3.8358441273415296,0.9375,42.625,5.318744175888154,0.04844457571392135,3331.7966233460397,2009,3,walk,delivery_0.5_bsp,bsp,0.1,adaptive,8,0.015625,38,2,1,5,0.5,0.02631578947368421,0.5,1,1.0,17.208,18.7,0,0.36000000000000004,0.36000000000000004,0.3
0.043094428631667715,2.2287277973856714,0.07864219509281613,3.3823165431745053,1.0,39.791666666666664,5.108237335705565,0.05793564272655125,2228.727797385672,2000,0,walk,delivery_0.7_none,none,1,adaptive,8,0.015625,34,1,1,2,1.0,0.029411764705882353,1.0,1,1.0,2.291,3.0416499999999997,0,0.504,0.504,0.3
0.0635768769363269,2.368190438159758,0.05840945889126554,3.4973285601017956,0.9791666666666666,44.708333333333336,5.3794068798526204,0.03596120870832571,2368.1904381597583,2000,1,walk,delivery_0.7_none,none,1,adaptive,8,0.015625,37,1,1,2,1.0,0.02702702702702703,1.0,1,1.0,2.1875,2.7353,0,0.504,0.504,0.3
0.22393973214285715,1.3988160547294521,0.1284591415584201,2.651621019201827,1.0,22.395833333333332,4.205094536453791,0.10883158974281,1398.8160547294526,2000,2,walk,delivery_0.7_none,none,1,adaptive,8,0.015625,36,2,2,5,1.0,0.05555555555555555,1.0,2,1.0,2.208,2.583,0,0.504,0.504,0.3
0.0659875623344242,2.3516841891240357,0.09995889223606437,3.312329160533114,0.9791666666666666,40.583333333333336,4.919725712195914,0.09062532041558834,2351.684189124036,2000,3,walk,delivery_0.7_none,none,1,adaptive,8,0.015625,33,0,0,5,nan,0.0,nan,0,1.0,2.167,2.5101999999999998,0,0.504,0.504,0.3
0.5419973544973545,0.6953413275078759,0.22850949869485151,2.131928876528845,1.0,19.833333333333332,3.762869323129287,0.33327952246916964,695.3413275078759,2001,0,walk,delivery_0.7_none,none,1,adaptive,8,0.015625,37,2,2,5,1.0,0.05405405405405406,1.0,2,1.0,2.125,2.375,0,0.504,0.504,0.3
0.29775545634920636,0.8751340618950937,0.09533101995941273,2.615806089156021,1.0,29.0625,4.703709223007759,0.2024244363897936,875.1340618950935,2001,1,walk,delivery_0.7_none,none,1,adaptive,8,0.015625,36,6,6,6,1.0,0.16666666666666666,1.0,6,1.0,2.166,2.49585,0,0.504,0.504,0.3
0.3125,2.0054174382834367,0.07158425735367091,3.0636748293612626,1.0,42.645833333333336,5.29213961840263,0.2409157426463291,2005.4174382834371,2001,2,walk,delivery_0.7_none,none,1,adaptive,8,0.015625,37,3,3,4,1.0,0.08108108108108109,1.0,3,1.0,2.167,2.4146,0,0.504,0.504,0.3
0.12835988562091502,1.7708593645651032,0.2172061042355944,2.6467509327655416,1.0,22.4375,3.8076735508598527,0.1172609026653089,1770.8593645651035,2001,3,walk,delivery_0.7_none,none,1,adaptive,8,0.015625,32,3,3,7,1.0,0.09375,1.0,3,1.0,2.166,2.7455,0,0.504,0.504,0.3
0.25,2.580093814781203,0.22391032681617418,2.883007550955344,0.9375,28.0,4.090446738531444,0.146505503438815,2580.0938147812035,2002,0,walk,delivery_0.7_none,none,1,adaptive,8,0.015625,39,3,3,4,1.0,0.07692307692307693,1.0,3,1.0,2.125,2.6624999999999996,0,0.504,0.504,0.3
0.146484375,1.217930741563011,0.19288369167397343,2.4014240520923065,0.9791666666666666,18.458333333333332,3.722566798067287,0.20146141530979753,1217.930741563011,2002,1,walk,delivery_0.7_none,none,1,adaptive,8,0.015625,38,4,4,8,1.0,0.10526315789473684,1.0,4,1.0,2.084,2.65165,0,0.504,0.504,0.3
0.14874131944444444,1.495105902891581,0.15756059368563075,2.570325499137131,1.0,24.520833333333332,4.237438926369374,0.19020961035287584,1495.1059028915815,2002,2,walk,delivery_0.7_none,none,1,adaptive,8,0.015625,33,3,3,3,1.0,0.09090909090909091,1.0,3,1.0,2.125,2.4433000000000002,0,0.504,0.504,0.3
0.022131283068783068,2.7027395760104356,0.08098160215472833,3.3328090949742832,1.0,36.3125,4.951519171195686,0.05885031908594527,2702.7395760104364,2002,3,walk,delivery_0.7_none,none,1,adaptive,8,0.015625,39,5,5,6,1.0,0.1282051282051282,1.0,5,1.0,2.125,2.4853,0,0.504,0.504,0.3
0.10102513227513227,1.3984209946362165,0.23765628182436913,2.507222976146807,1.0,17.270833333333332,3.6055352175817323,0.16163114954923688,1398.4209946362168,2003,0,walk,delivery_0.7_none,none,1,adaptive,8,0.015625,35,4,4,8,1.0,0.11428571428571428,1.0,4,1.0,2.208,2.6226,0,0.504,0.504,0.3
0.1046875,2.8428635901309884,0.059160349755906734,3.568465877129711,0.9583333333333334,43.3125,5.305175884072319,0.04552715024409326,2842.8635901309867,2003,1,walk,delivery_0.7_none,none,1,adaptive,8,0.015625,35,2,2,4,1.0,0.05714285714285714,1.0,2,1.0,2.167,2.4705999999999997,0,0.504,0.504,0.3
0.20959105465684413,1.9170577424051638,0.15626453728608883,2.8976234060649144,0.9791666666666666,32.1875,4.479194251233541,0.09144212357739208,1917.0577424051646,2003,2,walk,delivery_0.7_none,none,1,adaptive,8,0.015625,33,4,4,7,1.0,0.12121212121212122,1.0,4,1.0,2.208,2.7608499999999996,0,0.504,0.504,0.3
0.11024305555555557,1.4634913806517407,0.20263928922631183,2.629853427323678,0.9583333333333334,15.354166666666666,3.564084665342268,0.12187159053469587,1463.4913806517413,2003,3,walk,delivery_0.7_none,none,1,adaptive,8,0.015625,40,3,3,7,1.0,0.075,1.0,3,1.0,2.167,2.5959499999999998,0,0.504,0.504,0.3
0.22968750000000002,1.9944650930925425,0.07148549632079934,3.220565780979809,1.0,30.666666666666668,4.8343811170311435,0.15820200367920065,1994.4650930925427,2004,0,walk,delivery_0.7_none,none,1,adaptive,8,0.015625,38,4,4,5,1.0,0.10526315789473684,1.0,4,1.0,2.167,2.66525,0,0.504,0.504,0.3
0.048146081349206345,2.4739395645588416,0.10507100914184787,3.5092574776183745,0.9791666666666666,25.229166666666668,4.496192325717538,0.05692492779264147,2473.9395645588415,2004,1,walk,delivery_0.7_none,none,1,adaptive,8,0.015625,35,3,3,6,1.0,0.08571428571428572,1.0,3,1.0,2.25,3.0669,0,0.504,0.504,0.3
0.02316261574074074,2.2260508998431416,0.08690580126745819,3.170751145986021,1.0,33.083333333333336,4.861468512021986,0.06374318552671747,2226.0508998431415,2004,2,walk,delivery_0.7_none,none,1,adaptive,8,0.015625,37,3,3,4,1.0,0.08108108108108109,1.0,3,1.0,2.167,2.55395,0,0.504,0.504,0.3
0.1574487433862434,1.6432897981938697,0.23047705704994045,2.570068382725178,1.0,18.5625,3.7198198394364934,0.10771581366369702,1643.2897981938706,2004,3,walk,delivery_0.7_none,none,1,adaptive,8,0.015625,35,4,4,10,1.0,0.11428571428571428,1.0,4,1.0,2.2915,2.92895,0,0.504,0.504,0.3
0.06342592592592593,2.0453169026825293,0.15912403319076354,2.989813948452657,0.9583333333333334,24.583333333333332,4.18991973412952,0.13658574922783798,2045.3169026825296,2005,0,walk,delivery_0.7_none,none,1,adaptive,8,0.015625,34,0,0,6,nan,0.0,nan,0,1.0,2.208,3.433549999999999,0,0.504,0.504,0.3
0.18188450727513228,1.6021325295159403,0.08216530471976309,3.2681036878924075,1.0,30.875,4.78302809341963,0.09971920255536919,1602.132529515941,2005,1,walk,delivery_0.7_none,none,1,adaptive,8,0.015625,37,4,4,5,1.0,0.10810810810810811,1.0,4,1.0,2.167,2.5920999999999994,0,0.504,0.504,0.3
0.29235046184198726,2.294201502750528,0.1973940735756925,2.442028450470328,0.9791666666666666,24.875,3.9324052786036408,0.12582102721875954,2294.201502750529,2005,2,walk,delivery_0.7_none,none,1,adaptive,8,0.015625,42,3,3,4,1.0,0.07142857142857142,1.0,3,1.0,2.167,2.75,0,0.504,0.504,0.3
0.06318379517532059,2.58471813983748,0.07448240457926121,3.106779343809068,1.0,37.541666666666664,4.934167832339361,0.027712880606130235,2584.7181398374805,2005,3,walk,delivery_0.7_none,none,1,adaptive,8,0.015625,38,1,1,4,1.0,0.02631578947368421,1.0,1,1.0,2.166,2.5273,0,0.504,0.504,0.3
0.2715428090428091,1.4398440867064037,0.18787107374936987,2.6870602833953936,0.9791666666666666,28.833333333333332,4.257157462811313,0.12075874572357337,1439.844086706404,2006,0,walk,delivery_0.7_none,none,1,adaptive,8,0.015625,33,6,6,9,1.0,0.18181818181818182,1.0,6,1.0,2.2705,2.7209499999999998,0,0.504,0.504,0.3
0.0,3.704819725030154,0.10816401208944332,3.805249815964514,0.8541666666666666,26.291666666666668,4.496952384841578,0.1081640120894433,3704.819725030154,2006,1,walk,delivery_0.7_none,none,1,adaptive,8,0.015625,40,4,4,7,1.0,0.1,1.0,4,1.0,2.208,2.6376,0,0.504,0.504,0.3
0.25368023620401337,1.1383082383744898,0.16707908757068435,2.552068475775361,0.9583333333333334,26.666666666666668,4.216635512455974,0.11373540128102033,1138.3082383744897,2006,2,walk,delivery_0.7_none,none,1,adaptive,8,0.015625,35,4,4,6,1.0,0.11428571428571428,1.0,4,1.0,2.208,2.67895,0,0.504,0.504,0.3
0.0011004618419872658,4.1196857663474455,0.05217537971358627,3.8505853309218563,0.9791666666666666,44.833333333333336,5.421166763544902,0.05107491787159899,4119.68576634745,2006,3,walk,delivery_0.7_none,none,1,adaptive,8,0.015625,35,4,4,4,1.0,0.11428571428571428,1.0,4,1.0,2.25,2.5,0,0.504,0.504,0.3
0.10416666666666667,1.933670696436988,0.10648872457521158,3.0668807296728087,1.0,27.125,4.504543769990507,0.05257920265026312,1933.670696436988,2007,0,walk,delivery_0.7_none,none,1,adaptive,8,0.015625,33,2,2,5,1.0,0.06060606060606061,1.0,2,1.0,2.125,2.52665,0,0.504,0.504,0.3
0.16874433876811593,1.4792779719793436,0.09349173565001649,2.9211677774755955,1.0,31.3125,4.75305389427704,0.15950956535192864,1479.2779719793434,2007,1,walk,delivery_0.7_none,none,1,adaptive,8,0.015625,36,5,5,7,1.0,0.1388888888888889,1.0,5,1.0,2.208,2.61065,0,0.504,0.504,0.3
0.12578124999999998,1.7958090446691513,0.11598897434030003,3.3373884071069178,0.875,29.729166666666668,4.5421436939337925,0.06885120681508962,1795.809044669152,2007,2,walk,delivery_0.7_none,none,1,adaptive,8,0.015625,36,2,2,5,1.0,0.05555555555555555,1.0,2,1.0,2.125,2.4829,0,0.504,0.504,0.3
0.0625,1.6675035589056797,0.1315146733574122,2.722824488401535,0.9791666666666666,20.291666666666668,4.108920765860243,0.14372366624041952,1667.5035589056813,2007,3,walk,delivery_0.7_none,none,1,adaptive,8,0.015625,36,2,2,5,1.0,0.05555555555555555,1.0,2,1.0,2.1455,2.417,0,0.504,0.504,0.3
0.26632771164021163,1.5557383888061285,0.1823826143846168,2.971711188441796,0.8958333333333334,21.145833333333332,3.9720684836566846,0.14578220951531273,1555.7383888061286,2008,0,walk,delivery_0.7_none,none,1,adaptive,8,0.015625,37,3,3,4,1.0,0.08108108108108109,1.0,3,1.0,2.1455,2.7205999999999997,0,0.504,0.504,0.3
0.34010416666666665,0.7996539366398768,0.12000791172468474,2.3638185751184846,1.0,20.458333333333332,4.249364681335744,0.22009625494198193,799.6539366398769,2008,1,walk,delivery_0.7_none,none,1,adaptive,8,0.015625,42,3,3,6,1.0,0.07142857142857142,1.0,3,1.0,2.166,2.5683000000000002,0,0.504,0.504,0.3
0.026128472222222223,1.8282650587063383,0.25309372489896614,2.843558814156614,0.9375,18.833333333333332,3.527945815469957,0.22901292539620968,1828.2650587063388,2008,2,walk,delivery_0.7_none,none,1,adaptive,8,0.015625,38,4,4,4,1.0,0.10526315789473684,1.0,4,1.0,2.167,2.375,0,0.504,0.504,0.3
0.048177083333333336,4.803213136507114,0.09708120776137934,3.9181356054773318,0.9166666666666666,40.104166666666664,4.95382176571398,0.06424268650516418,4803.213136507114,2008,3,walk,delivery_0.7_none,none,1,adaptive,8,0.015625,39,1,1,4,1.0,0.02564102564102564,1.0,1,1.0,2.125,2.4853,0,0.504,0.504,0.3
0.0005208333333333333,3.28667763261917,0.060418656566496344,3.8987609470824,0.9375,45.291666666666664,5.379367935388984,0.059897823233163006,3286.6776326191707,2009,0,walk,delivery_0.7_none,none,1,adaptive,8,0.015625,38,2,2,4,1.0,0.05263157894736842,1.0,2,1.0,2.125,2.5126,0,0.504,0.504,0.3
0.0009093915343915343,3.3802089569659093,0.037068190390640285,3.831465888497677,1.0,52.104166666666664,5.711109023921325,0.03615879885624875,3380.2089569659106,2009,1,walk,delivery_0.7_none,none,1,adaptive,8,0.015625,42,1,1,1,1.0,0.023809523809523808,1.0,1,1.0,2.125,2.55395,0,0.504,0.504,0.3
0.2091848544973545,1.7734048758655936,0.11307562593185964,2.7794657119443866,1.0,30.791666666666668,4.593612322740149,0.10679572051665771,1773.4048758655938,2009,2,walk,delivery_0.7_none,none,1,adaptive,8,0.015625,36,1,1,4,1.0,0.027777777777777776,1.0,1,1.0,2.208,2.7608499999999996,0,0.504,0.504,0.3
0.0011939718335067173,2.363111822543663,0.07874709916031489,3.694154557403854,0.9583333333333334,35.020833333333336,4.965930890853891,0.07755312732680818,2363.111822543664,2009,3,walk,delivery_0.7_none,none,1,adaptive,8,0.015625,38,2,2,5,1.0,0.05263157894736842,1.0,2,1.0,2.167,2.52455,0,0.504,0.504,0.3
0.06392776196500105,2.1021887515082622,0.051566880942873344,3.4220433542181077,1.0,38.3125,5.2154472415683015,0.012360881022127707,2102.188751508263,2000,0,walk,delivery_0.7_random,random,0.5,adaptive,8,0.015625,34,1,1,2,1.0,0.029411764705882353,1.0,1,1.0,2.3125,3.0931999999999995,0,0.504,0.504,0.3
0.0010768769363268883,2.5560598228080145,0.03239417509579592,3.8978426979383207,0.9791666666666666,53.479166666666664,5.713262340217949,0.03131729815946903,2556.059822808016,2000,1,walk,delivery_0.7_random,random,0.5,adaptive,8,0.015625,37,1,0,1,0.0,0.0,0.0,0,1.0,2.3125,2.7626,0,0.504,0.504,0.3
0.0005208333333333333,2.7251282262018464,0.16654009347140195,2.6458364240797434,1.0,20.75,3.931627508653873,0.16601926013806864,2725.128226201847,2000,2,walk,delivery_0.7_random,random,0.5,adaptive,8,0.015625,36,2,2,5,1.0,0.05555555555555555,1.0,2,1.0,2.417,3.1358499999999996,0,0.504,0.504,0.3
0.001171875,3.040148180576772,0.02307001092415448,4.028476252959826,1.0,59.854166666666664,5.965786613650309,0.021898135924154485,3040.1481805767744,2000,3,walk,delivery_0.7_random,random,0.5,adaptive,8,0.015625,33,0,0,0,nan,0.0,nan,0,nan,2.25,2.56865,0,0.504,0.504,0.3
0.3544973544973545,1.0008751037940742,0.18116953314109197,2.360088850386417,1.0,25.854166666666668,4.210457188165518,0.21463633661233159,1000.8751037940742,2001,0,walk,delivery_0.7_random,random,0.5,adaptive,8,0.015625,37,2,2,3,1.0,0.05405405405405406,1.0,2,1.0,2.208,2.375,0,0.504,0.504,0.3
0.22960069444444442,2.7161944634384017,0.0371310293592323,3.627735079677601,1.0,48.875,5.608981815291263,0.19246966508521213,2716.194463438402,2001,1,walk,delivery_0.7_random,random,0.5,adaptive,8,0.015625,36,6,2,2,0.3333333333333333,0.05555555555555555,0.6666666666666666,2,1.0,2.1875,2.58125,0,0.504,0.504,0.3
0.0,5.192297168045823,0.024910688973462627,4.3117902266470765,1.0,54.8125,5.85344233254042,0.024910688973462627,5192.2971680458195,2001,2,walk,delivery_0.7_random,random,0.5,adaptive,8,0.015625,37,3,1,1,0.3333333333333333,0.02702702702702703,1.0,1,1.0,2.125,2.40165,0,0.504,0.504,0.3
0.024193218954248367,3.677626706275498,0.02558280743237747,4.625727124715943,0.625,56.25,5.887554716082569,0.001389588478129103,3677.626706275496,2001,3,walk,delivery_0.7_random,random,0.5,adaptive,8,0.015625,32,3,1,1,0.3333333333333333,0.03125,0.3333333333333333,1,1.0,2.209,2.866999999999999,0,0.504,0.504,0.3
0.0,5.2918371350691915,0.036950047342447716,3.8992847587115165,0.9375,52.0625,5.642077323491622,0.036950047342447716,5291.837135069191,2002,0,walk,delivery_0.7_random,random,0.5,adaptive,8,0.015625,39,3,1,2,0.3333333333333333,0.02564102564102564,0.5,1,1.0,2.209,2.6498999999999997,0,0.504,0.504,0.3
0.0006510416666666666,2.5508790884661843,0.05880189336754088,3.3769176535558167,0.9791666666666666,39.583333333333336,5.2737502605231805,0.058150851700874216,2550.8790884661844,2002,1,walk,delivery_0.7_random,random,0.5,adaptive,8,0.015625,38,4,1,2,0.25,0.02631578947368421,0.25,1,1.0,2.167,2.45625,0,0.504,0.504,0.3
0.1467013888888889,2.9166356432278526,0.16329754420538808,3.35709197418315,0.8958333333333334,21.479166666666668,4.136011656715255,0.18907612379958405,2916.635643227854,2002,2,walk,delivery_0.7_random,random,0.5,adaptive,8,0.015625,33,3,2,4,0.6666666666666666,0.06060606060606061,0.5,2,1.0,2.2295,2.44365,0,0.504,0.504,0.3
0.0012979497354497355,3.8937463645759602,0.03514878405154014,4.0031816334244565,1.0,49.9375,5.645142338366251,0.03385083431609041,3893.746364575958,2002,3,walk,delivery_0.7_random,random,0.5,adaptive,8,0.015625,39,5,2,2,0.4,0.05128205128205128,0.5,2,1.0,2.25,2.5396,0,0.504,0.504,0.3
0.0419973544973545,3.1728943986492344,0.08260278091200601,3.8388280370097285,0.8958333333333334,50.208333333333336,5.4273664566041,0.05310542641465152,3172.8943986492345,2003,0,walk,delivery_0.7_random,random,0.5,adaptive,8,0.015625,35,4,1,2,0.25,0.02857142857142857,0.3333333333333333,1,1.0,2.209,2.5,0,0.504,0.504,0.3
0.0005208333333333333,4.189338112976526,0.0249966251953412,4.119807149216696,1.0,58.75,5.9303941406016145,0.024475791862007868,4189.338112976523,2003,1,walk,delivery_0.7_random,random,0.5,adaptive,8,0.015625,35,2,0,0,0.0,0.0,0.0,0,nan,2.292,3.14955,0,0.504,0.504,0.3
0.08459105465684413,2.1922526013935566,0.1113524438731472,3.3356779579598643,0.9791666666666666,40.520833333333336,5.006790588651538,0.059573889216303105,2192.252601393557,2003,2,walk,delivery_0.7_random,random,0.5,adaptive,8,0.015625,33,4,3,3,0.75,0.09090909090909091,1.0,3,1.0,2.208,2.7353,0,0.504,0.504,0.3
0.026909722222222224,2.4932300454024947,0.1112092255089852,3.419324064857271,0.9375,26.104166666666668,4.459113078640822,0.08429950328676293,2493.2300454024935,2003,3,walk,delivery_0.7_random,random,0.5,adaptive,8,0.015625,40,3,2,2,0.6666666666666666,0.05,0.6666666666666666,2,1.0,2.167,2.6523,0,0.504,0.504,0.3
0.002162247474747475,3.0586952200986866,0.04346023303303659,3.734953948493263,1.0,44.416666666666664,5.471748266023307,0.04129798555828911,3058.6952200986875,2004,0,walk,delivery_0.7_random,random,0.5,adaptive,8,0.015625,38,4,2,2,0.5,0.05263157894736842,0.6666666666666666,2,1.0,2.166,2.58365,0,0.504,0.504,0.3
0.041666666666666664,4.876420829018353,0.02752153078202715,4.070306254307246,0.9791666666666666,53.520833333333336,5.803414473127074,0.014145135884639518,4876.420829018355,2004,1,walk,delivery_0.7_random,random,0.5,adaptive,8,0.015625,35,3,2,2,0.6666666666666666,0.05714285714285714,0.6666666666666666,2,1.0,2.208,2.5545999999999998,0,0.504,0.504,0.3
0.0,3.8989000464567636,0.06593549095324718,3.9835024023851417,0.8958333333333334,35.208333333333336,5.01411947510194,0.06593549095324718,3898.9000464567666,2004,2,walk,delivery_0.7_random,random,0.5,adaptive,8,0.015625,37,3,1,2,0.3333333333333333,0.02702702702702703,0.5,1,1.0,2.208,3.597799999999999,0,0.504,0.504,0.3
0.1278198653198653,1.5283078291017917,0.2078348169424865,2.661600790982854,1.0,21.1875,3.939273029150121,0.14036165112253698,1528.3078291017925,2004,3,walk,delivery_0.7_random,random,0.5,adaptive,8,0.015625,35,4,3,5,0.75,0.08571428571428572,0.75,3,1.0,2.2915,2.7353,0,0.504,0.504,0.3
0.021164021164021163,2.3848846063339386,0.04979291421664742,3.581763690599816,1.0,39.166666666666664,5.28945290093425,0.028628893052626263,2384.884606333938,2005,0,walk,delivery_0.7_random,random,0.5,adaptive,8,0.015625,34,0,0,1,nan,0.0,nan,0,1.0,2.333,3.0,0,0.504,0.504,0.3
0.06439318783068783,1.8090570603040455,0.04534013093319644,3.637043378393468,1.0,45.0,5.373239947426014,0.01905305689749139,1809.0570603040458,2005,1,walk,delivery_0.7_random,random,0.5,adaptive,8,0.015625,37,4,2,2,0.5,0.05405405405405406,0.6666666666666666,2,1.0,2.208,2.69365,0,0.504,0.504,0.3
0.41735046184198726,2.0084769893730523,0.15260373204599978,2.4150442337230977,1.0,27.875,4.234584582544184,0.2772384958089242,2008.4769893730527,2005,2,walk,delivery_0.7_random,random,0.5,adaptive,8,0.015625,42,3,2,2,0.6666666666666666,0.047619047619047616,1.0,2,1.0,2.209,2.90055,0,0.504,0.504,0.3
0.042350461841987264,3.659074409987525,0.024255024818574642,3.9041210531204036,1.0,58.645833333333336,5.930487562563599,0.01809543702341262,3659.074409987525,2005,3,walk,delivery_0.7_random,random,0.5,adaptive,8,0.015625,38,1,0,0,0.0,0.0,0.0,0,nan,2.209,2.67895,0,0.504,0.504,0.3
0.1673761423761424,2.7718994006961517,0.13649873235246987,3.222471059788234,0.9791666666666666,34.833333333333336,4.5583428515232525,0.15375910763654962,2771.8994006961525,2006,0,walk,delivery_0.7_random,random,0.5,adaptive,8,0.015625,33,6,3,6,0.5,0.09090909090909091,0.5,3,1.0,2.209,2.67895,0,0.504,0.504,0.3
0.020833333333333332,3.0997302554714143,0.0641497703240601,4.0398822005016255,0.9166666666666666,42.875,5.1937569127149645,0.06475544197702325,3099.730255471413,2006,1,walk,delivery_0.7_random,random,0.5,adaptive,8,0.015625,40,4,1,2,0.25,0.025,0.3333333333333333,1,1.0,2.167,2.8294999999999995,0,0.504,0.504,0.3
0.017187499999999998,1.7965882166509648,0.07205012705150106,3.2781756712222587,0.9583333333333334,36.125,4.953739201897684,0.05486262705150107,1796.5882166509655,2006,2,walk,delivery_0.7_random,random,0.5,adaptive,8,0.015625,35,4,2,3,0.5,0.05714285714285714,0.6666666666666666,2,1.0,2.208,2.5273,0,0.504,0.504,0.3
0.04276712850865393,2.872605134103575,0.0510044394866073,3.4126024828550245,1.0,42.229166666666664,5.33305827811427,0.008237310977953374,2872.605134103576,2006,3,walk,delivery_0.7_random,random,0.5,adaptive,8,0.015625,35,4,3,4,0.75,0.08571428571428572,1.0,3,1.0,2.166,2.5273,0,0.504,0.504,0.3
0.0,4.7319252420077325,0.03773493646240539,3.922996512100289,1.0,43.729166666666664,5.435537385255226,0.03773493646240539,4731.925242007731,2007,0,walk,delivery_0.7_random,random,0.5,adaptive,8,0.015625,33,2,1,2,0.5,0.030303030303030304,0.5,1,1.0,2.1875,2.417,0,0.504,0.504,0.3
0.02291100543478261,1.9713227772405675,0.06122308918963232,3.4265341547908044,0.9791666666666666,36.3125,5.104836592442018,0.0383120837548497,1971.3227772405692,2007,1,walk,delivery_0.7_random,random,0.5,adaptive,8,0.015625,36,5,2,2,0.4,0.05555555555555555,0.4,2,1.0,2.1665,2.583,0,0.504,0.504,0.3
0.0007812499999999999,3.8977623257697793,0.02640446839424743,4.070095837004064,1.0,58.5,5.917745052100753,0.02562321839424743,3897.762325769781,2007,2,walk,delivery_0.7_random,random,0.5,adaptive,8,0.015625,36,2,0,0,0.0,0.0,0.0,0,nan,2.167,2.55395,0,0.504,0.504,0.3
0.003507691158900836,2.1333959670134317,0.04933070418004834,3.615870556570666,0.9791666666666666,34.75,5.12902455238169,0.0458230130211475,2133.395967013433,2007,3,walk,delivery_0.7_random,random,0.5,adaptive,8,0.015625,36,2,2,4,1.0,0.05555555555555555,1.0,2,1.0,2.208,2.7916499999999997,0,0.504,0.504,0.3
0.06320271164021164,3.2828205237462935,0.11640779390458877,3.5460613900199074,0.9166666666666666,29.0,4.617806170484889,0.06735455562284269,3282.820523746294,2008,0,walk,delivery_0.7_random,random,0.5,adaptive,8,0.015625,37,3,1,3,0.3333333333333333,0.02702702702702703,0.5,1,1.0,2.208,2.6226,0,0.504,0.504,0.3
0.12552083333333333,2.10981146611995,0.0631250903425983,3.184133090868144,1.0,38.166666666666664,5.154883529095855,0.13298657083806256,2109.8114661199506,2008,1,walk,delivery_0.7_random,random,0.5,adaptive,8,0.015625,42,3,0,2,0.0,0.0,0.0,0,1.0,2.209,2.56865,0,0.504,0.504,0.3
0.0625,2.500349235553145,0.1363400348421747,2.86283418326045,0.9583333333333334,29.25,4.467029999296536,0.08705263242188964,2500.349235553145,2008,2,walk,delivery_0.7_random,random,0.5,adaptive,8,0.015625,38,4,2,2,0.5,0.05263157894736842,0.5,2,1.0,2.2705,2.55395,0,0.504,0.504,0.3
0.2955729166666667,1.949025245185226,0.08810202515244801,3.464478186023928,0.9791666666666666,31.145833333333332,4.777110854798504,0.3195891477549282,1949.0252451852255,2008,3,walk,delivery_0.7_random,random,0.5,adaptive,8,0.015625,39,1,0,2,0.0,0.0,0.0,0,1.0,2.292,3.0938499999999998,0,0.504,0.504,0.3
0.0005208333333333333,3.9720474735386238,0.05867565505141198,4.611988048702217,0.8125,40.8125,5.208003345750826,0.05815482171807865,3972.047473538623,2009,0,walk,delivery_0.7_random,random,0.5,adaptive,8,0.015625,38,2,1,3,0.5,0.02631578947368421,0.5,1,1.0,2.3335,2.83125,0,0.504,0.504,0.3
0.0009093915343915343,2.785696798201712,0.023095353105357947,3.953543148802556,1.0,59.479166666666664,5.954188511702832,0.022185961570966414,2785.6967982017136,2009,1,walk,delivery_0.7_random,random,0.5,adaptive,8,0.015625,42,1,0,0,0.0,0.0,0.0,0,nan,2.2705,3.0623999999999993,0,0.504,0.504,0.3
0.000851521164021164,2.409735957065807,0.06805100854348516,3.17473689361678,1.0,33.4375,4.89353924740347,0.06719948737946398,2409.7359570658077,2009,2,walk,delivery_0.7_random,random,0.5,adaptive,8,0.015625,36,1,1,3,1.0,0.027777777777777776,1.0,1,1.0,2.209,2.61065,0,0.504,0.504,0.3
0.0011939718335067173,2.8904008454807872,0.026526542231473618,4.011873182395476,0.9791666666666666,57.020833333333336,5.872376386101345,0.025332570397966898,2890.4008454807877,2009,3,walk,delivery_0.7_random,random,0.5,adaptive,8,0.015625,38,2,1,1,0.5,0.02631578947368421,0.5,1,1.0,2.25,2.58125,0,0.504,0.504,0.3
0.01833767361111111,2.5926021631377347,0.07417292026652558,3.539500945560514,0.9166666666666666,27.6875,4.694715184511094,0.05583524665541447,2592.6021631377357,2000,0,walk,delivery_0.7_bsp,bsp,0.1,adaptive,8,0.015625,34,1,0,5,0.0,0.0,0.0,0,1.0,17.417,20.808649999999997,0,0.504,0.504,0.3
0.10774739583333333,2.4721283432796315,0.04712365149815421,3.816443566491055,0.9375,44.958333333333336,5.395016811828178,0.06062374433517912,2472.128343279632,2000,1,walk,delivery_0.7_bsp,bsp,0.1,adaptive,8,0.015625,37,1,1,3,1.0,0.02702702702702703,1.0,1,1.0,17.416,18.7171,0,0.504,0.504,0.3
0.01115451388888889,2.339090313960303,0.06561838526318069,3.4495100574986353,0.9583333333333334,37.9375,5.112416022385099,0.05446387137429179,2339.090313960303,2000,2,walk,delivery_0.7_bsp,bsp,0.1,adaptive,8,0.015625,36,2,1,4,0.5,0.027777777777777776,0.5,1,1.0,17.2705,18.1898,0,0.504,0.504,0.3
0.0033420138888888887,2.65096872079346,0.05709087904071785,3.6747353903926037,0.9791666666666666,44.541666666666664,5.33768309263155,0.05374886515182897,2650.96872079346,2000,3,walk,delivery_0.7_bsp,bsp,0.1,adaptive,8,0.015625,33,0,0,4,nan,0.0,nan,0,1.0,17.2085,17.85855,0,0.504,0.504,0.3
0.004969618055555555,3.5043818530685003,0.043202965810723,3.624456809108606,1.0,51.895833333333336,5.634956253223383,0.03823334775516744,3504.3818530685003,2001,0,walk,delivery_0.7_bsp,bsp,0.1,adaptive,8,0.015625,37,2,0,0,0.0,0.0,0.0,0,nan,17.271,17.8603,0,0.504,0.504,0.3
0.089422123015873,1.6871254034429757,0.07440899320838266,2.910099137972972,1.0,27.604166666666668,4.702950215688907,0.015013129807490339,1687.1254034429758,2001,1,walk,delivery_0.7_bsp,bsp,0.1,adaptive,8,0.015625,36,6,6,8,1.0,0.16666666666666666,1.0,6,1.0,17.1455,18.2956,0,0.504,0.504,0.3
0.14583333333333334,2.8164757743273405,0.05297877132508183,3.474586923656174,0.875,42.0625,5.3145068829130695,0.0928545620082515,2816.4757743273426,2001,2,walk,delivery_0.7_bsp,bsp,0.1,adaptive,8,0.015625,37,3,3,3,1.0,0.08108108108108109,1.0,3,1.0,17.25,18.1796,0,0.504,0.504,0.3
0.1476779513888889,1.8618340738193957,0.07936470881553363,2.9279258552248177,0.9791666666666666,26.708333333333332,4.598782015203858,0.06831324257335526,1861.8340738193963,2001,3,walk,delivery_0.7_bsp,bsp,0.1,adaptive,8,0.015625,32,3,0,7,0.0,0.0,0.0,0,1.0,17.354,19.54815,0,0.504,0.504,0.3
0.008152821780593957,5.197130159397553,0.056151398191437406,4.203888842045208,0.8125,39.708333333333336,5.215110869939527,0.04799857641084345,5197.130159397553,2002,0,walk,delivery_0.7_bsp,bsp,0.1,adaptive,8,0.015625,39,3,0,3,0.0,0.0,0.0,0,1.0,17.2085,18.6919,0,0.504,0.504,0.3
0.0006510416666666666,2.6797674847442416,0.07144922218206781,3.0979759617112577,0.9791666666666666,30.708333333333332,4.803503861365107,0.07079818051540114,2679.767484744241,2002,1,walk,delivery_0.7_bsp,bsp,0.1,adaptive,8,0.015625,38,4,2,9,0.5,0.05263157894736842,0.5,2,1.0,17.1455,18.35855,0,0.504,0.504,0.3
0.21124131944444446,1.0096506823792442,0.07960737958752993,2.687854027428586,1.0,28.0625,4.704159534556907,0.13163393985691454,1009.6506823792439,2002,2,walk,delivery_0.7_bsp,bsp,0.1,adaptive,8,0.015625,33,3,2,8,0.6666666666666666,0.06060606060606061,1.0,2,1.0,17.313000000000002,18.25,0,0.504,0.504,0.3
0.013042534722222221,3.460932928395346,0.060486605741077386,4.226522905383684,0.9166666666666666,39.9375,5.22601565854017,0.047444071018855165,3460.932928395345,2002,3,walk,delivery_0.7_bsp,bsp,0.1,adaptive,8,0.015625,39,5,3,5,0.6,0.07692307692307693,0.75,3,1.0,17.375,18.3022,0,0.504,0.504,0.3
0.0027994791666666667,2.793832260122883,0.05665231259128256,4.161232722567791,0.8333333333333334,40.291666666666664,5.2263340982278725,0.053852833424615894,2793.8322601228842,2003,0,walk,delivery_0.7_bsp,bsp,0.1,adaptive,8,0.015625,35,4,1,5,0.25,0.02857142857142857,0.3333333333333333,1,1.0,17.1455,18.0,0,0.504,0.504,0.3
0.0005208333333333333,3.6719213547553786,0.03038457688794811,4.028217346000042,0.9375,54.75,5.830112799350791,0.02986374355461478,3671.921354755384,2003,1,walk,delivery_0.7_bsp,bsp,0.1,adaptive,8,0.015625,35,2,2,2,1.0,0.05714285714285714,1.0,2,1.0,17.25,19.65635,0,0.504,0.504,0.3
0.002907986111111111,2.5647041699558257,0.05703476641307681,3.4999280300707203,0.9166666666666666,41.020833333333336,5.239254095592435,0.054126780301965695,2564.7041699558263,2003,2,walk,delivery_0.7_bsp,bsp,0.1,adaptive,8,0.015625,33,4,3,6,0.75,0.09090909090909091,1.0,3,1.0,17.125,18.3229,0,0.504,0.504,0.3
0.02560763888888889,3.423764852583068,0.056157046446973446,3.848367850938017,1.0,41.3125,5.232219575245312,0.030549407558084548,3423.764852583065,2003,3,walk,delivery_0.7_bsp,bsp,0.1,adaptive,8,0.015625,40,3,1,4,0.3333333333333333,0.025,0.3333333333333333,1,1.0,17.167,18.27105,0,0.504,0.504,0.3
0.04809027777777777,3.438287212452897,0.036396574594321794,3.6346500325488846,1.0,44.0625,5.492301842299585,0.011693703183455981,3438.2872124528963,2004,0,walk,delivery_0.7_bsp,bsp,0.1,adaptive,8,0.015625,38,4,4,5,1.0,0.10526315789473684,1.0,4,1.0,17.208,18.2854,0,0.504,0.504,0.3
0.1929253472222222,3.183686773651759,0.06473212988802741,3.8194307021626233,0.9791666666666666,32.604166666666664,5.003108345673304,0.12819321733419478,3183.6867736517584,2004,1,walk,delivery_0.7_bsp,bsp,0.1,adaptive,8,0.015625,35,3,3,5,1.0,0.08571428571428572,1.0,3,1.0,17.959,25.285099999999993,0,0.504,0.504,0.3
0.35649594907407406,1.2061987575833573,0.0678080170173979,3.0580293401174177,1.0,33.354166666666664,4.97674256089533,0.2886879320566762,1206.198757583358,2004,2,walk,delivery_0.7_bsp,bsp,0.1,adaptive,8,0.015625,37,3,2,3,0.6666666666666666,0.05405405405405406,1.0,2,1.0,17.792,19.76195,0,0.504,0.504,0.3
0.11260850694444445,2.084735916387057,0.05072639745860378,3.3427686256551383,1.0,39.583333333333336,5.222533052482348,0.061882109485840664,2084.735916387058,2004,3,walk,delivery_0.7_bsp,bsp,0.1,adaptive,8,0.015625,35,4,3,5,0.75,0.08571428571428572,0.75,3,1.0,17.5415,19.585199999999997,0,0.504,0.504,0.3
0.12532552083333334,2.083857107678924,0.04324778552674232,3.6837991203161042,0.9791666666666666,51.8125,5.650841749853501,0.08207773530659102,2083.857107678925,2005,0,walk,delivery_0.7_bsp,bsp,0.1,adaptive,8,0.015625,34,0,0,1,nan,0.0,nan,0,1.0,17.333,17.9706,0,0.504,0.504,0.3
0.013476562499999999,3.3109770294419003,0.07498219464244973,3.849006738159504,0.8958333333333334,36.708333333333336,5.031599758882943,0.06150563214244973,3310.977029441899,2005,1,walk,delivery_0.7_bsp,bsp,0.1,adaptive,8,0.015625,37,4,1,1,0.25,0.02702702702702703,0.3333333333333333,1,1.0,17.354,18.599899999999998,0,0.504,0.504,0.3
0.20963541666666666,4.731738385689934,0.05777434649880375,3.4069248452180214,1.0,47.354166666666664,5.442776691135421,0.1518610701678629,4731.738385689935,2005,2,walk,delivery_0.7_bsp,bsp,0.1,adaptive,8,0.015625,42,3,1,2,0.3333333333333333,0.023809523809523808,0.5,1,1.0,17.375,18.1068,0,0.504,0.504,0.3
0.146484375,2.285704065160008,0.057841362683723696,3.2214132081468354,1.0,40.104166666666664,5.152277774742205,0.0886430123162763,2285.704065160008,2005,3,walk,delivery_0.7_bsp,bsp,0.1,adaptive,8,0.015625,38,1,0,3,0.0,0.0,0.0,0,1.0,17.1875,18.3148,0,0.504,0.504,0.3
0.0021484374999999997,4.05376333324508,0.05312262776256863,3.8878080868520866,0.9791666666666666,44.395833333333336,5.359308832152156,0.050974190262568636,4053.763333245084,2006,0,walk,delivery_0.7_bsp,bsp,0.1,adaptive,8,0.015625,33,6,2,5,0.3333333333333333,0.06060606060606061,0.5,2,1.0,17.25,18.310299999999998,0,0.504,0.504,0.3
0.0,6.942819901777849,0.041424811732816945,4.881342733754451,0.5625,46.020833333333336,5.528637406197128,0.041424811732816945,6942.819901777846,2006,1,walk,delivery_0.7_bsp,bsp,0.1,adaptive,8,0.015625,40,4,3,4,0.75,0.075,1.0,3,1.0,17.479,19.12335,0,0.504,0.504,0.3
0.14917534722222223,2.118159246609863,0.06480605724349804,3.0910746186192815,1.0,34.729166666666664,4.962358459456032,0.08436928997872417,2118.1592466098637,2006,2,walk,delivery_0.7_bsp,bsp,0.1,adaptive,8,0.015625,35,4,3,4,0.75,0.08571428571428572,0.6666666666666666,3,1.0,17.333,17.9853,0,0.504,0.504,0.3
0.0026041666666666665,4.429815078668807,0.04820380929749112,4.63129330682808,0.875,45.041666666666664,5.370969980834239,0.04559964263082445,4429.8150786688075,2006,3,walk,delivery_0.7_bsp,bsp,0.1,adaptive,8,0.015625,35,4,3,6,0.75,0.08571428571428572,1.0,3,1.0,17.542,20.1523,0,0.504,0.504,0.3
0.0,2.9537830853958145,0.060697332802100844,3.586098775831019,1.0,32.5625,4.940924526702925,0.060697332802100844,2953.783085395813,2007,0,walk,delivery_0.7_bsp,bsp,0.1,adaptive,8,0.015625,33,2,1,6,0.5,0.030303030303030304,0.5,1,1.0,17.375,18.292,0,0.504,0.504,0.3
0.0033420138888888887,2.3169851604237035,0.06155080836366089,3.293401944354311,1.0,42.395833333333336,5.217024080763132,0.05820879447477201,2316.985160423705,2007,1,walk,delivery_0.7_bsp,bsp,0.1,adaptive,8,0.015625,36,5,3,3,0.6,0.08333333333333333,0.6,3,1.0,17.5,19.870849999999997,0,0.504,0.504,0.3
0.0013020833333333333,5.371164866817279,0.055081742177309684,3.8219599629612753,1.0,34.604166666666664,5.005554917647655,0.05377965884397635,5371.164866817275,2007,2,walk,delivery_0.7_bsp,bsp,0.1,adaptive,8,0.015625,36,2,2,5,1.0,0.05555555555555555,1.0,2,1.0,17.3545,19.229049999999997,0,0.504,0.504,0.3
0.14583333333333334,1.28585190112151,0.06515400606377592,2.8930816488806648,0.9791666666666666,35.916666666666664,5.065814789929351,0.08067932726955741,1285.8519011215099,2007,3,walk,delivery_0.7_bsp,bsp,0.1,adaptive,8,0.015625,36,2,2,3,1.0,0.05555555555555555,1.0,2,1.0,17.5625,20.451749999999997,0,0.504,0.504,0.3
0.0006510416666666666,4.142672668420899,0.06230831155917063,4.123732311754034,0.8958333333333334,45.416666666666664,5.340011313430337,0.06165726989250397,4142.672668420901,2008,0,walk,delivery_0.7_bsp,bsp,0.1,adaptive,8,0.015625,37,3,0,2,0.0,0.0,0.0,0,1.0,17.4585,21.7397,0,0.504,0.504,0.3
0.24696180555555555,2.5062503547650965,0.0681341758636613,3.1969418947454717,1.0,32.0625,4.946757278410476,0.17882762969189425,2506.2503547650963,2008,1,walk,delivery_0.7_bsp,bsp,0.1,adaptive,8,0.015625,42,3,1,4,0.3333333333333333,0.023809523809523808,0.5,1,1.0,17.5625,18.643649999999997,0,0.504,0.504,0.3
0.15112847222222223,1.800557139023826,0.06234353289808428,3.0187221219694345,1.0,41.5,5.198639074648103,0.08878493932413793,1800.5571390238258,2008,2,walk,delivery_0.7_bsp,bsp,0.1,adaptive,8,0.015625,38,4,0,1,0.0,0.0,0.0,0,1.0,17.334,18.33125,0,0.504,0.504,0.3
0.07491319444444444,4.520787430625172,0.041250921232462816,3.729051726536749,1.0,52.583333333333336,5.629470165114966,0.033662273211981626,4520.787430625168,2008,3,walk,delivery_0.7_bsp,bsp,0.1,adaptive,8,0.015625,39,1,1,1,1.0,0.02564102564102564,1.0,1,1.0,17.292,18.1205,0,0.504,0.504,0.3
0.1046875,2.392566362384691,0.06386959053951757,3.197895244728581,1.0,35.4375,4.995056364641431,0.040817909460482436,2392.5663623846913,2009,0,walk,delivery_0.7_bsp,bsp,0.1,adaptive,8,0.015625,38,2,2,5,1.0,0.05263157894736842,1.0,2,1.0,17.209,18.4979,0,0.504,0.504,0.3
0.0003255208333333333,3.8846034150829762,0.051596624077698806,4.055813800055319,0.7916666666666666,40.729166666666664,5.26177161005302,0.05127110324436548,3884.603415082978,2009,1,walk,delivery_0.7_bsp,bsp,0.1,adaptive,8,0.015625,42,1,0,3,0.0,0.0,0.0,0,1.0,17.5415,19.025,0,0.504,0.504,0.3
0.10501302083333335,2.0883935834441543,0.05407540259361787,3.242910710455286,1.0,44.479166666666664,5.340875346238196,0.05093761823971547,2088.393583444155,2009,2,walk,delivery_0.7_bsp,bsp,0.1,adaptive,8,0.015625,36,1,1,1,1.0,0.027777777777777776,1.0,1,1.0,17.3125,18.604049999999997,0,0.504,0.504,0.3
0.042643229166666664,3.197023581140714,0.055748191578662,3.5291291955390123,1.0,42.3125,5.261844903843316,0.013104962411995333,3197.023581140714,2009,3,walk,delivery_0.7_bsp,bsp,0.1,adaptive,8,0.015625,38,2,2,4,1.0,0.05263157894736842,1.0,2,1.0,17.208,18.375,0,0.504,0.504,0.3
0.2305944286316677,1.399877073275623,0.14631458085552668,2.677272712563305,0.9791666666666666,25.791666666666668,4.300810016851424,0.10757465572873036,1399.8770732756232,2000,0,walk,delivery_1.0_none,none,1,adaptive,8,0.015625,34,2,2,6,1.0,0.058823529411764705,1.0,2,1.0,2.292,3.2290499999999995,0,0.7200000000000001,0.7200000000000001,0.3
0.16774354360299357,2.1191790375321498,0.18084102405055658,3.1688524996237803,0.9375,31.458333333333332,4.334345523801396,0.084596193999964,2119.1790375321493,2000,1,walk,delivery_1.0_none,none,1,adaptive,8,0.015625,37,2,2,4,1.0,0.05405405405405406,1.0,2,1.0,2.167,2.5273,0,0.7200000000000001,0.7200000000000001,0.3
0.26614583333333336,0.932683968135346,0.25739533756325755,2.0520069835842913,1.0,12.645833333333334,3.275703855882229,0.23707105419285468,932.6839681353462,2000,2,walk,delivery_1.0_none,none,1,adaptive,8,0.015625,36,2,2,8,1.0,0.05555555555555555,1.0,2,1.0,2.1665,2.48565,0,0.7200000000000001,0.7200000000000001,0.3
0.06518097158218127,2.0100649739071934,0.12627798930377035,3.1430762802787915,0.9583333333333334,29.229166666666668,4.492033093529078,0.07740673027417601,2010.0649739071935,2000,3,walk,delivery_1.0_none,none,1,adaptive,8,0.015625,33,1,1,7,1.0,0.030303030303030304,1.0,1,1.0,2.1665,2.417,0,0.7200000000000001,0.7200000000000001,0.3
0.708664021164021,0.5556327935521733,0.2736207554399554,1.9035615809486066,0.9791666666666666,16.708333333333332,3.46573687515489,0.45483493239073236,555.6327935521732,2001,0,walk,delivery_1.0_none,none,1,adaptive,8,0.015625,37,2,2,5,1.0,0.05405405405405406,1.0,2,1.0,2.125,2.4709499999999998,0,0.7200000000000001,0.7200000000000001,0.3
0.401922123015873,0.822744090525064,0.21597044732543003,2.2197572497709004,1.0,20.458333333333332,3.787653637160074,0.2816086056313363,822.7440905250636,2001,1,walk,delivery_1.0_none,none,1,adaptive,8,0.015625,36,7,7,11,1.0,0.19444444444444445,1.0,7,1.0,2.167,2.4835499999999997,0,0.7200000000000001,0.7200000000000001,0.3
0.3125,2.0679174382834367,0.2255097267050898,2.5211531379848577,1.0,21.729166666666668,3.797897602648348,0.17166824921732116,2067.917438283437,2001,2,walk,delivery_1.0_none,none,1,adaptive,8,0.015625,37,4,4,7,1.0,0.10810810810810811,1.0,4,1.0,2.208,2.5959499999999998,0,0.7200000000000001,0.7200000000000001,0.3
0.18987304351565185,1.59794745206288,0.2156187119187509,2.5030556352989417,0.9791666666666666,18.625,3.6708762512553323,0.10912214197300792,1597.94745206288,2001,3,walk,delivery_1.0_none,none,1,adaptive,8,0.015625,32,4,4,7,1.0,0.125,1.0,4,1.0,2.208,2.5545999999999998,0,0.7200000000000001,0.7200000000000001,0.3
0.22916666666666666,1.823026984320193,0.2448509673705135,2.5823940520589823,0.9583333333333334,22.75,3.834938751823572,0.10481600260344594,1823.0269843201932,2002,0,walk,delivery_1.0_none,none,1,adaptive,8,0.015625,39,4,4,7,1.0,0.10256410256410256,1.0,4,1.0,2.208,2.8141499999999997,0,0.7200000000000001,0.7200000000000001,0.3
0.083984375,1.3076627371747873,0.21260764335516402,2.2650887016889043,1.0,15.3125,3.482950613630137,0.128623268355164,1307.6627371747873,2002,1,walk,delivery_1.0_none,none,1,adaptive,8,0.015625,38,5,5,9,1.0,0.13157894736842105,1.0,5,1.0,2.208,2.5129499999999996,0,0.7200000000000001,0.7200000000000001,0.3
0.3001736111111111,0.8858709470840201,0.26942709605954346,2.121656794601206,1.0,14.625,3.315644583153572,0.15393597110383464,885.87094708402,2002,2,walk,delivery_1.0_none,none,1,adaptive,8,0.015625,33,3,3,10,1.0,0.09090909090909091,1.0,3,1.0,2.1875,2.4853,0,0.7200000000000001,0.7200000000000001,0.3
0.08463128306878308,3.1767613284433924,0.09727478282317271,3.5485584625164233,1.0,37.104166666666664,4.8944078133422275,0.05436560595871587,3176.7613284433914,2002,3,walk,delivery_1.0_none,none,1,adaptive,8,0.015625,39,6,6,6,1.0,0.15384615384615385,1.0,6,1.0,2.125,2.5129499999999996,0,0.7200000000000001,0.7200000000000001,0.3
0.1218584656084656,1.814879747371921,0.23904230794854978,2.7418554176699157,1.0,20.0625,3.7441403898008985,0.1421838423400842,1814.8797473719214,2003,0,walk,delivery_1.0_none,none,1,adaptive,8,0.015625,35,6,6,9,1.0,0.17142857142857143,1.0,6,1.0,2.167,2.4443,0,0.7200000000000001,0.7200000000000001,0.3
0.4427951388888889,0.9979001369762397,0.25405102410468366,2.125139583436899,1.0,19.604166666666668,3.670813281797382,0.18874411478420525,997.9001369762399,2003,1,walk,delivery_1.0_none,none,1,adaptive,8,0.015625,35,4,4,7,1.0,0.11428571428571428,1.0,4,1.0,2.166,2.45865,0,0.7200000000000001,0.7200000000000001,0.3
0.19396605465684413,1.8797058003465503,0.18973087551187393,2.586105111170002,0.9791666666666666,24.041666666666668,4.03156023456346,0.09836481718509256,1879.7058003465518,2003,2,walk,delivery_1.0_none,none,1,adaptive,8,0.015625,33,4,4,9,1.0,0.12121212121212122,1.0,4,1.0,2.1665,2.6351999999999998,0,0.7200000000000001,0.7200000000000001,0.3
0.1310763888888889,1.6034959984236317,0.22014482928148782,2.5339251218091565,1.0,15.3125,3.519587477666253,0.1265649906600813,1603.4959984236318,2003,3,walk,delivery_1.0_none,none,1,adaptive,8,0.015625,40,6,6,9,1.0,0.15,1.0,6,1.0,2.333,3.116999999999999,0,0.7200000000000001,0.7200000000000001,0.3
0.16718750000000002,1.8551253781288122,0.16913854614114446,2.609559640561974,1.0,19.791666666666668,3.94165275520063,0.14562178921506316,1855.1253781288121,2004,0,walk,delivery_1.0_none,none,1,adaptive,8,0.015625,38,6,6,9,1.0,0.15789473684210525,1.0,6,1.0,2.25,2.8858499999999996,0,0.7200000000000001,0.7200000000000001,0.3
0.1852988591269841,1.5503341712754628,0.12874487163281745,2.9714764883152607,1.0,32.5,4.64476931739715,0.14245758156341862,1550.3341712754643,2004,1,walk,delivery_1.0_none,none,1,adaptive,8,0.015625,35,4,4,4,1.0,0.11428571428571428,1.0,4,1.0,2.334,2.70865,0,0.7200000000000001,0.7200000000000001,0.3
0.02316261574074074,2.866025127760789,0.14924322985041885,3.7334052251559178,0.7708333333333334,22.9375,4.195335029686231,0.1260806141096781,2866.0251277607895,2004,2,walk,delivery_1.0_none,none,1,adaptive,8,0.015625,37,4,4,9,1.0,0.10810810810810811,1.0,4,1.0,2.292,2.5959499999999998,0,0.7200000000000001,0.7200000000000001,0.3
0.14865319865319865,1.5654760386629933,0.24220554562949578,2.4833897933521825,1.0,19.854166666666668,3.7395826943010344,0.12823984697629712,1565.4760386629941,2004,3,walk,delivery_1.0_none,none,1,adaptive,8,0.015625,35,4,4,7,1.0,0.11428571428571428,1.0,4,1.0,2.3335,2.6372999999999998,0,0.7200000000000001,0.7200000000000001,0.3
0.08366402116402116,2.253414564583584,0.09293150058229864,3.1609921785790367,1.0,37.229166666666664,4.968683096024225,0.051593081947686296,2253.4145645835847,2005,0,walk,delivery_1.0_none,none,1,adaptive,8,0.015625,34,0,0,3,nan,0.0,nan,0,1.0,2.3545,3.4664499999999996,0,0.7200000000000001,0.7200000000000001,0.3
0.026198743386243385,1.7868984377464951,0.12748315096176918,2.74041736112194,0.9791666666666666,19.8125,4.103150959484332,0.10128440757552593,1786.8984377464956,2005,1,walk,delivery_1.0_none,none,1,adaptive,8,0.015625,37,5,5,8,1.0,0.13513513513513514,1.0,5,1.0,2.416,3.2703999999999995,0,0.7200000000000001,0.7200000000000001,0.3
0.37568379517532063,2.0328847576075066,0.32410204929796843,1.9238660715611962,1.0,19.770833333333332,3.235261862608367,0.16171605165786287,2032.8847576075068,2005,2,walk,delivery_1.0_none,none,1,adaptive,8,0.015625,42,6,6,8,1.0,0.14285714285714285,1.0,6,1.0,2.458,4.054049999999998,0,0.7200000000000001,0.7200000000000001,0.3
0.06318379517532059,3.4113915961900614,0.08795847296924499,3.563007573320855,1.0,45.0625,5.21320864959275,0.1012442349190145,3411.3915961900625,2005,3,walk,delivery_1.0_none,none,1,adaptive,8,0.015625,38,1,1,2,1.0,0.02631578947368421,1.0,1,1.0,2.333,2.8728999999999996,0,0.7200000000000001,0.7200000000000001,0.3
0.1673761423761424,1.4311545867950717,0.2271396295896986,2.5204557194930346,0.9583333333333334,22.520833333333332,3.781589275620371,0.10891849896814071,1431.154586795072,2006,0,walk,delivery_1.0_none,none,1,adaptive,8,0.015625,33,7,7,13,1.0,0.21212121212121213,1.0,7,1.0,2.3125,2.8459499999999998,0,0.7200000000000001,0.7200000000000001,0.3
0.03435639880952381,3.9372093192295243,0.11248752445662129,3.589513216018775,0.8958333333333334,27.354166666666668,4.478660617106183,0.07813112564709745,3937.2093192295215,2006,1,walk,delivery_1.0_none,none,1,adaptive,8,0.015625,40,6,6,9,1.0,0.15,1.0,6,1.0,2.4375,3.7437499999999995,0,0.7200000000000001,0.7200000000000001,0.3
0.1942708333333333,1.2978632926573717,0.11857147051103567,2.9772906501921415,0.9583333333333334,29.979166666666668,4.580745288801352,0.10508605130525205,1297.8632926573719,2006,2,walk,delivery_1.0_none,none,1,adaptive,8,0.015625,35,4,4,5,1.0,0.11428571428571428,1.0,4,1.0,2.3955,2.8603,0,0.7200000000000001,0.7200000000000001,0.3
0.1469337951753206,1.8866167479209306,0.18410177490115076,2.713796147682039,0.9791666666666666,23.208333333333332,3.9781532671131425,0.13110490369184205,1886.616747920931,2006,3,walk,delivery_1.0_none,none,1,adaptive,8,0.015625,35,4,4,9,1.0,0.11428571428571428,1.0,4,1.0,2.333,3.1057999999999995,0,0.7200000000000001,0.7200000000000001,0.3
0.10416666666666667,2.019556860502305,0.14778725777839088,2.9957559939738285,0.9583333333333334,26.125,4.273589319028729,0.1411622716393408,2019.556860502306,2007,0,walk,delivery_1.0_none,none,1,adaptive,8,0.015625,33,2,2,6,1.0,0.06060606060606061,1.0,2,1.0,2.3335,2.6376,0,0.7200000000000001,0.7200000000000001,0.3
0.06457767210144928,2.0060637752807415,0.13976372963242586,2.8816554664001934,1.0,26.5625,4.322849821280587,0.07518605753097655,2006.0637752807418,2007,1,walk,delivery_1.0_none,none,1,adaptive,8,0.015625,36,5,5,6,1.0,0.1388888888888889,1.0,5,1.0,2.5,4.318749999999999,0,0.7200000000000001,0.7200000000000001,0.3
0.08411458333333333,2.061052986247645,0.13050851531772215,3.2938807029082855,0.875,27.020833333333332,4.37380447173034,0.06775340030599002,2061.0529862476455,2007,2,walk,delivery_1.0_none,none,1,adaptive,8,0.015625,36,2,2,7,1.0,0.05555555555555555,1.0,2,1.0,2.417,3.670949999999999,0,0.7200000000000001,0.7200000000000001,0.3
0.1467013888888889,1.5182031123476787,0.17079739846978148,2.3473517138552418,1.0,20.854166666666668,3.886570416794004,0.1088025326025977,1518.203112347679,2007,3,walk,delivery_1.0_none,none,1,adaptive,8,0.015625,36,2,2,6,1.0,0.05555555555555555,1.0,2,1.0,2.416,2.81865,0,0.7200000000000001,0.7200000000000001,0.3
0.20382771164021163,1.5778369505877334,0.2192216602083267,2.793867050040266,0.875,19.666666666666668,3.767323972835698,0.07597087133939183,1577.8369505877336,2008,0,walk,delivery_1.0_none,none,1,adaptive,8,0.015625,37,3,3,6,1.0,0.08108108108108109,1.0,3,1.0,2.333,2.8579,0,0.7200000000000001,0.7200000000000001,0.3
0.36093749999999997,0.9841308799040006,0.14231273515072604,2.4189876537482715,1.0,22.3125,4.174814928585545,0.21862476484927398,984.1308799040006,2008,1,walk,delivery_1.0_none,none,1,adaptive,8,0.015625,42,5,5,7,1.0,0.11904761904761904,1.0,5,1.0,2.354,2.8858499999999996,0,0.7200000000000001,0.7200000000000001,0.3
0.17196180555555554,1.5008120265530547,0.34012693181022163,2.6343903751144464,0.9166666666666666,15.354166666666666,2.991698102288705,0.1681651262546661,1500.8120265530551,2008,2,walk,delivery_1.0_none,none,1,adaptive,8,0.015625,38,4,4,8,1.0,0.10526315789473684,1.0,4,1.0,2.3125,2.6103,0,0.7200000000000001,0.7200000000000001,0.3
0.5421006944444444,1.1501571791365608,0.2779261379035614,2.696305568567016,0.7708333333333334,14.25,3.259777866031103,0.3473079136402863,1150.1571791365607,2008,3,walk,delivery_1.0_none,none,1,adaptive,8,0.015625,39,1,1,5,1.0,0.02564102564102564,1.0,1,1.0,2.333,2.65165,0,0.7200000000000001,0.7200000000000001,0.3
0.0005208333333333333,1.9686188824709012,0.111920310568916,2.939243013920949,1.0,27.708333333333332,4.5346510097536585,0.1113994772355827,1968.6188824709025,2009,0,walk,delivery_1.0_none,none,1,adaptive,8,0.015625,38,2,2,6,1.0,0.05263157894736842,1.0,2,1.0,2.375,2.8879499999999996,0,0.7200000000000001,0.7200000000000001,0.3
0.0009093915343915343,2.5488095625876457,0.08595162884949732,3.5787698476658183,1.0,35.708333333333336,4.928814454563239,0.08504223731510575,2548.809562587645,2009,1,walk,delivery_1.0_none,none,1,adaptive,8,0.015625,42,2,2,5,1.0,0.047619047619047616,1.0,2,1.0,2.5,4.4682,0,0.7200000000000001,0.7200000000000001,0.3
0.12585152116402118,1.9200119104453848,0.09684721494262342,3.077176649088092,1.0,35.375,4.883253756440474,0.04748113958102554,1920.0119104453852,2009,2,walk,delivery_1.0_none,none,1,adaptive,8,0.015625,36,2,2,5,1.0,0.05555555555555555,1.0,2,1.0,2.4585,3.1334499999999994,0,0.7200000000000001,0.7200000000000001,0.3
0.1685790293047711,1.9649599510575328,0.10343076319856209,3.218676677406314,0.8541666666666666,31.520833333333332,4.672689136401027,0.11472698622950021,1964.9599510575345,2009,3,walk,delivery_1.0_none,none,1,adaptive,8,0.015625,38,3,3,6,1.0,0.07894736842105263,1.0,3,1.0,2.458,3.3998999999999997,0,0.7200000000000001,0.7200000000000001,0.3
0.043094428631667715,2.1363100900786596,0.05768729474773166,3.357666817902215,1.0,39.0,5.180220582430443,0.017578096970347224,2136.310090078661,2000,0,walk,delivery_1.0_random,random,0.5,adaptive,8,0.015625,34,2,2,4,1.0,0.058823529411764705,1.0,2,1.0,2.375,3.464349999999999,0,0.7200000000000001,0.7200000000000001,0.3
0.14691021026966022,2.309869317726377,0.10621110654843703,3.4200159647660215,1.0,41.0625,5.011189597009382,0.09641104782737207,2309.869317726377,2000,1,walk,delivery_1.0_random,random,0.5,adaptive,8,0.015625,37,2,1,1,0.5,0.02702702702702703,0.5,1,1.0,2.375,2.833,0,0.7200000000000001,0.7200000000000001,0.3
0.16197916666666667,1.3885126516302038,0.1740088955759894,2.4611443678122384,1.0,16.895833333333332,3.79290378271749,0.20915713177976672,1388.5126516302043,2000,2,walk,delivery_1.0_random,random,0.5,adaptive,8,0.015625,36,2,2,5,1.0,0.05555555555555555,1.0,2,1.0,2.3125,2.625,0,0.7200000000000001,0.7200000000000001,0.3
0.0860143049155146,2.31433352174512,0.05470929893033836,3.4031296256687154,1.0,42.979166666666664,5.296952092884989,0.07577305262068453,2314.333521745121,2000,3,walk,delivery_1.0_random,random,0.5,adaptive,8,0.015625,33,1,0,3,0.0,0.0,0.0,0,1.0,2.3125,2.65165,0,0.7200000000000001,0.7200000000000001,0.3
0.43783068783068785,0.9167674586170355,0.18286372408836452,2.3401671862770397,1.0,24.6875,4.145233947898139,0.2845234032053934,916.7674586170355,2001,0,walk,delivery_1.0_random,random,0.5,adaptive,8,0.015625,37,2,2,3,1.0,0.05405405405405406,1.0,2,1.0,2.3545,3.15165,0,0.7200000000000001,0.7200000000000001,0.3
0.2712673611111111,2.513109794734333,0.09256749621414913,3.183351870362378,0.9791666666666666,37.6875,4.934280767701737,0.21247128727493617,2513.1097947343337,2001,1,walk,delivery_1.0_random,random,0.5,adaptive,8,0.015625,36,7,2,4,0.2857142857142857,0.05555555555555555,0.6666666666666666,2,1.0,2.542,3.58365,0,0.7200000000000001,0.7200000000000001,0.3
0.0,4.326667273543448,0.03720317324523568,3.971400056627927,1.0,46.104166666666664,5.54593394436251,0.03720317324523568,4326.667273543445,2001,2,walk,delivery_1.0_random,random,0.5,adaptive,8,0.015625,37,4,1,2,0.25,0.02702702702702703,1.0,1,1.0,2.459,3.36065,0,0.7200000000000001,0.7200000000000001,0.3
0.024193218954248367,3.6894839602465583,0.029935111906196726,4.6213447644574766,0.625,55.145833333333336,5.841165942104767,0.005741892951948356,3689.483960246558,2001,3,walk,delivery_1.0_random,random,0.5,adaptive,8,0.015625,32,4,1,1,0.25,0.03125,0.3333333333333333,1,1.0,2.5,4.349899999999999,0,0.7200000000000001,0.7200000000000001,0.3
0.0,5.0096402124521315,0.03339621145073229,4.105554999905189,0.9375,54.875,5.774760415945444,0.03339621145073229,5009.640212452133,2002,0,walk,delivery_1.0_random,random,0.5,adaptive,8,0.015625,39,4,1,1,0.25,0.02564102564102564,0.5,1,1.0,2.333,2.7773,0,0.7200000000000001,0.7200000000000001,0.3
0.083984375,2.37437625607036,0.0563405596686238,3.499505286672349,0.9791666666666666,46.979166666666664,5.425855029549846,0.04925800462161703,2374.3762560703603,2002,1,walk,delivery_1.0_random,random,0.5,adaptive,8,0.015625,38,5,1,2,0.2,0.02631578947368421,0.25,1,1.0,2.3125,2.6523,0,0.7200000000000001,0.7200000000000001,0.3
0.14739583333333334,2.6600499516474225,0.13258355547566586,3.4225425903354947,1.0,35.520833333333336,4.743311650716204,0.17435453583931715,2660.0499516474215,2002,2,walk,delivery_1.0_random,random,0.5,adaptive,8,0.015625,33,3,2,4,0.6666666666666666,0.06060606060606061,0.5,2,1.0,2.333,2.583,0,0.7200000000000001,0.7200000000000001,0.3
0.0012979497354497355,3.600543846202069,0.062154157664291554,3.688080626811178,1.0,46.229166666666664,5.354806989306781,0.060856207928841805,3600.5438462020697,2002,3,walk,delivery_1.0_random,random,0.5,adaptive,8,0.015625,39,6,3,3,0.5,0.07692307692307693,0.5,3,1.0,2.2705,2.7353,0,0.7200000000000001,0.7200000000000001,0.3
0.0419973544973545,4.390503599406752,0.09758591916873909,4.365711592810094,0.7708333333333334,44.479166666666664,5.209076500408682,0.06808856467138459,4390.503599406748,2003,0,walk,delivery_1.0_random,random,0.5,adaptive,8,0.015625,35,6,3,4,0.5,0.08571428571428572,0.5,3,1.0,2.5205,3.639799999999999,0,0.7200000000000001,0.7200000000000001,0.3
0.19279513888888888,1.6662489647682834,0.19485065988991024,2.449816305228338,1.0,23.125,4.095262708544438,0.11848277655737198,1666.248964768284,2003,1,walk,delivery_1.0_random,random,0.5,adaptive,8,0.015625,35,4,2,3,0.5,0.05714285714285714,0.6666666666666666,2,1.0,2.4165,3.2311499999999995,0,0.7200000000000001,0.7200000000000001,0.3
0.1262577213235108,1.970234804529132,0.11401840022750033,3.141320508227047,0.9791666666666666,38.041666666666664,4.896302123223951,0.06739510440806633,1970.2348045291337,2003,2,walk,delivery_1.0_random,random,0.5,adaptive,8,0.015625,33,4,3,4,0.75,0.09090909090909091,1.0,3,1.0,2.334,2.8851999999999998,0,0.7200000000000001,0.7200000000000001,0.3
0.1310763888888889,1.6298408550612022,0.13448857744265447,2.8917603087555155,1.0,20.916666666666668,4.1235945138192776,0.09046656955839466,1629.840855061203,2003,3,walk,delivery_1.0_random,random,0.5,adaptive,8,0.015625,40,6,4,6,0.6666666666666666,0.1,0.8,4,1.0,2.334,2.83125,0,0.7200000000000001,0.7200000000000001,0.3
0.042187499999999996,2.414147441752672,0.056107257740815875,3.34544713144831,1.0,34.5625,5.077655975757958,0.013919757740815877,2414.147441752673,2004,0,walk,delivery_1.0_random,random,0.5,adaptive,8,0.015625,38,6,3,5,0.5,0.07894736842105263,0.75,3,1.0,2.333,2.7353,0,0.7200000000000001,0.7200000000000001,0.3
0.041666666666666664,4.616974974277076,0.03534564239391671,3.8895726249995395,1.0,46.854166666666664,5.591029207804845,0.006321024272749956,4616.974974277076,2004,1,walk,delivery_1.0_random,random,0.5,adaptive,8,0.015625,35,4,2,3,0.5,0.05714285714285714,0.5,2,1.0,2.417,3.1649,0,0.7200000000000001,0.7200000000000001,0.3
0.1898292824074074,1.9353645202207848,0.05136610947275392,3.258488662823112,1.0,37.875,5.190596060340892,0.14284732073677034,1935.3645202207852,2004,2,walk,delivery_1.0_random,random,0.5,adaptive,8,0.015625,37,4,1,2,0.25,0.02702702702702703,0.5,1,1.0,2.4375,2.875,0,0.7200000000000001,0.7200000000000001,0.3
0.1278198653198653,1.666718429732071,0.21009850787776194,2.7333609102508802,1.0,20.916666666666668,3.909619407487129,0.14560074616903315,1666.7184297320712,2004,3,walk,delivery_1.0_random,random,0.5,adaptive,8,0.015625,35,4,3,5,0.75,0.08571428571428572,0.75,3,1.0,2.375,2.8459499999999998,0,0.7200000000000001,0.7200000000000001,0.3
0.0419973544973545,2.993537921252949,0.0693918842141145,3.9977093278012377,0.8541666666666666,35.395833333333336,4.985390175905402,0.027394529716759996,2993.5379212529497,2005,0,walk,delivery_1.0_random,random,0.5,adaptive,8,0.015625,34,0,0,3,nan,0.0,nan,0,1.0,2.2915,2.625,0,0.7200000000000001,0.7200000000000001,0.3
0.045295965608465605,2.818372307225618,0.061700495899495285,3.3442013198568143,1.0,34.979166666666664,5.003411099624267,0.07614920104131404,2818.3723072256194,2005,1,walk,delivery_1.0_random,random,0.5,adaptive,8,0.015625,37,5,3,3,0.6,0.08108108108108109,0.75,3,1.0,2.375,2.667,0,0.7200000000000001,0.7200000000000001,0.3
0.35485046184198726,2.1054947862374767,0.18248913123001168,2.341031274402376,1.0,26.541666666666668,4.07255952143239,0.18835117951323269,2105.494786237478,2005,2,walk,delivery_1.0_random,random,0.5,adaptive,8,0.015625,42,6,4,5,0.6666666666666666,0.09523809523809523,0.6666666666666666,4,1.0,2.375,2.73565,0,0.7200000000000001,0.7200000000000001,0.3
0.06318379517532059,2.9262612191561046,0.031148219865641123,3.7065135768633,1.0,54.5,5.775388971689931,0.03203557530967947,2926.2612191561057,2005,3,walk,delivery_1.0_random,random,0.5,adaptive,8,0.015625,38,1,0,1,0.0,0.0,0.0,0,1.0,2.334,2.709,0,0.7200000000000001,0.7200000000000001,0.3
0.10487614237614239,2.943176649990781,0.15720804847427575,3.2427824932466165,0.9791666666666666,37.458333333333336,4.5940296966843865,0.0886896787974637,2943.1766499907803,2006,0,walk,delivery_1.0_random,random,0.5,adaptive,8,0.015625,33,7,4,7,0.5714285714285714,0.12121212121212122,0.5,4,1.0,2.459,3.41425,0,0.7200000000000001,0.7200000000000001,0.3
0.041666666666666664,4.237078595678211,0.08796942366780602,3.782823967131149,0.8958333333333334,30.854166666666668,4.76866727605289,0.0750736168520806,4237.078595678211,2006,1,walk,delivery_1.0_random,random,0.5,adaptive,8,0.015625,40,6,1,3,0.16666666666666666,0.025,0.2,1,1.0,2.333,2.7601999999999998,0,0.7200000000000001,0.7200000000000001,0.3
0.006770833333333333,1.9484902669016966,0.07198191144846562,3.4728924160847523,0.9375,35.5625,4.956930115466373,0.06521107811513231,1948.4902669016974,2006,2,walk,delivery_1.0_random,random,0.5,adaptive,8,0.015625,35,4,2,3,0.5,0.05714285714285714,0.6666666666666666,2,1.0,2.292,2.70625,0,0.7200000000000001,0.7200000000000001,0.3
0.0011004618419872658,3.477392980540033,0.0610490256480657,3.5407052133595567,1.0,39.708333333333336,5.18465354083341,0.059948563806078436,3477.3929805400344,2006,3,walk,delivery_1.0_random,random,0.5,adaptive,8,0.015625,35,4,3,4,0.75,0.08571428571428572,1.0,3,1.0,2.292,2.6891499999999997,0,0.7200000000000001,0.7200000000000001,0.3
0.0,5.047900522475396,0.03110021086934213,4.357757751603635,0.9791666666666666,52.3125,5.718872820595913,0.03110021086934213,5047.900522475394,2007,0,walk,delivery_1.0_random,random,0.5,adaptive,8,0.015625,33,2,1,2,0.5,0.030303030303030304,0.5,1,1.0,2.333,2.6795999999999998,0,0.7200000000000001,0.7200000000000001,0.3
0.0020776721014492752,2.0674939902180958,0.09098411413281458,3.091660591314573,0.9583333333333334,29.979166666666668,4.660435440767366,0.08890644203136529,2067.4939902180968,2007,1,walk,delivery_1.0_random,random,0.5,adaptive,8,0.015625,36,5,2,3,0.4,0.05555555555555555,0.4,2,1.0,2.25,2.55395,0,0.7200000000000001,0.7200000000000001,0.3
0.12578124999999998,2.1394082737059343,0.029069734214703807,3.7691213689233964,1.0,55.833333333333336,5.850574156412459,0.09671151578529619,2139.4082737059352,2007,2,walk,delivery_1.0_random,random,0.5,adaptive,8,0.015625,36,2,0,0,0.0,0.0,0.0,0,nan,2.333,2.6103,0,0.7200000000000001,0.7200000000000001,0.3
0.16666666666666666,1.6943822955219596,0.05474855799354187,3.193480804072305,0.9791666666666666,45.916666666666664,5.381171961039936,0.1119181086731248,1694.38229552196,2007,3,walk,delivery_1.0_random,random,0.5,adaptive,8,0.015625,36,2,2,2,1.0,0.05555555555555555,1.0,2,1.0,2.333,3.1919,0,0.7200000000000001,0.7200000000000001,0.3
0.06320271164021164,3.240296203967851,0.13134446418018933,3.509495225814886,0.8125,24.916666666666668,4.363800028164222,0.0681417525399777,3240.29620396785,2008,0,walk,delivery_1.0_random,random,0.5,adaptive,8,0.015625,37,3,1,4,0.3333333333333333,0.02702702702702703,0.5,1,1.0,2.5,3.3579,0,0.7200000000000001,0.7200000000000001,0.3
0.041666666666666664,3.0531335109122115,0.06997151591910995,3.2739000155308737,1.0,37.958333333333336,5.111129562336439,0.05869417650931951,3053.133510912212,2008,1,walk,delivery_1.0_random,random,0.5,adaptive,8,0.015625,42,5,1,3,0.2,0.023809523809523808,0.3333333333333333,1,1.0,2.4165,2.9149,0,0.7200000000000001,0.7200000000000001,0.3
0.026128472222222223,1.9287660736595116,0.14745176761132492,2.874938864592042,1.0,29.583333333333332,4.446506582233233,0.12132329538910268,1928.7660736595114,2008,2,walk,delivery_1.0_random,random,0.5,adaptive,8,0.015625,38,4,2,2,0.5,0.05263157894736842,0.5,2,1.0,2.333,2.67895,0,0.7200000000000001,0.7200000000000001,0.3
0.00390625,5.173280307477662,0.06187530787992377,3.623890553881599,1.0,34.375,5.005588133307945,0.05796905787992376,5173.280307477665,2008,3,walk,delivery_1.0_random,random,0.5,adaptive,8,0.015625,39,1,0,2,0.0,0.0,0.0,0,1.0,2.3335,2.65055,0,0.7200000000000001,0.7200000000000001,0.3
0.18802083333333333,2.470682726758915,0.045738033443764814,3.497303714883472,1.0,44.125,5.422848599109353,0.14228279988956852,2470.682726758915,2009,0,walk,delivery_1.0_random,random,0.5,adaptive,8,0.015625,38,2,1,2,0.5,0.02631578947368421,0.5,1,1.0,2.333,2.61065,0,0.7200000000000001,0.7200000000000001,0.3
0.005249669312169312,3.0044384669059467,0.03949602669419442,3.7973267160191355,1.0,55.833333333333336,5.785537373490642,0.034246357382025104,3004.4384669059473,2009,1,walk,delivery_1.0_random,random,0.5,adaptive,8,0.015625,42,2,0,0,0.0,0.0,0.0,0,nan,2.292,2.9835499999999997,0,0.7200000000000001,0.7200000000000001,0.3
0.04251818783068784,2.7763366754129812,0.04421600836705314,3.7540844780724942,1.0,49.125,5.572126803387305,0.001697820536365302,2776.3366754129797,2009,2,walk,delivery_1.0_random,random,0.5,adaptive,8,0.015625,36,2,2,3,1.0,0.05555555555555555,1.0,2,1.0,2.3125,2.75,0,0.7200000000000001,0.7200000000000001,0.3
0.0011939718335067173,2.9097953128370784,0.03887569755661134,4.145508072910218,0.9166666666666666,51.395833333333336,5.629413965033161,0.037681725723104624,2909.795312837079,2009,3,walk,delivery_1.0_random,random,0.5,adaptive,8,0.015625,38,3,1,2,0.3333333333333333,0.02631578947368421,0.3333333333333333,1,1.0,2.334,2.7916499999999997,0,0.7200000000000001,0.7200000000000001,0.3
0.0205078125,2.3392065395755064,0.08056701668087697,2.968966512499241,1.0,25.145833333333332,4.544706991852462,0.060059204180876964,2339.2065395755058,2000,0,walk,delivery_1.0_bsp,bsp,0.1,adaptive,8,0.015625,34,2,0,9,0.0,0.0,0.0,0,1.0,18.5625,21.054049999999997,0,0.7200000000000001,0.7200000000000001,0.3
0.0244140625,3.795311349725939,0.06178963970555303,3.883198274344789,0.875,37.916666666666664,5.104932802264861,0.03737557720555303,3795.3113497259365,2000,1,walk,delivery_1.0_bsp,bsp,0.1,adaptive,8,0.015625,37,2,1,4,0.5,0.02702702702702703,0.5,1,1.0,18.167,19.3978,0,0.7200000000000001,0.7200000000000001,0.3
0.07864583333333333,1.6276524154764347,0.08048405658420028,2.6770978593850927,1.0,22.645833333333332,4.450285837809611,0.0018382232508669567,1627.652415476435,2000,2,walk,delivery_1.0_bsp,bsp,0.1,adaptive,8,0.015625,36,2,0,7,0.0,0.0,0.0,0,1.0,18.166,18.917,0,0.7200000000000001,0.7200000000000001,0.3
0.04683159722222222,3.0935451924827735,0.06610129562975665,3.820993706711416,0.8541666666666666,35.1875,5.025016372476638,0.01926969840753443,3093.5451924827735,2000,3,walk,delivery_1.0_bsp,bsp,0.1,adaptive,8,0.015625,33,1,1,8,1.0,0.030303030303030304,1.0,1,1.0,18.125,19.193749999999998,0,0.7200000000000001,0.7200000000000001,0.3
0.23297887731481481,1.7990174184766667,0.06905893271569678,2.986379485349452,1.0,26.270833333333332,4.631643999838315,0.16391994459911804,1799.0174184766674,2001,0,walk,delivery_1.0_bsp,bsp,0.1,adaptive,8,0.015625,37,2,0,5,0.0,0.0,0.0,0,1.0,17.3955,18.46885,0,0.7200000000000001,0.7200000000000001,0.3
0.15192212301587302,1.2533367697945026,0.07989395970165265,2.791599744378521,1.0,26.875,4.662103504644519,0.07619482998088704,1253.336769794503,2001,1,walk,delivery_1.0_bsp,bsp,0.1,adaptive,8,0.015625,36,7,5,13,0.7142857142857143,0.1388888888888889,0.6666666666666666,5,1.0,17.417,18.407999999999998,0,0.7200000000000001,0.7200000000000001,0.3
0.125,3.931491617483518,0.07399857195304177,3.355709398634307,0.8958333333333334,33.145833333333336,4.918637682577853,0.05100142804695823,3931.4916174835166,2001,2,walk,delivery_1.0_bsp,bsp,0.1,adaptive,8,0.015625,37,4,3,3,0.75,0.08108108108108109,1.0,3,1.0,17.2085,18.873250000000002,0,0.7200000000000001,0.7200000000000001,0.3
0.06434461805555557,2.6012595426208667,0.08247685386556768,2.936074001776801,0.9791666666666666,23.020833333333332,4.438037891799858,0.01813223581001211,2601.2595426208686,2001,3,walk,delivery_1.0_bsp,bsp,0.1,adaptive,8,0.015625,32,4,0,10,0.0,0.0,0.0,0,1.0,18.042,19.71295,0,0.7200000000000001,0.7200000000000001,0.3
0.34148615511392727,1.6386054940973478,0.06655817574442509,3.169631644966899,1.0,34.1875,4.987420534776001,0.2749279793695022,1638.6054940973481,2002,0,walk,delivery_1.0_bsp,bsp,0.1,adaptive,8,0.015625,39,4,1,5,0.25,0.02564102564102564,0.5,1,1.0,18.1875,19.30395,0,0.7200000000000001,0.7200000000000001,0.3
0.083984375,1.997403767884788,0.06904485755892485,3.1361609437526057,1.0,34.5625,4.884544325631764,0.019106184107741824,1997.4037678847892,2002,1,walk,delivery_1.0_bsp,bsp,0.1,adaptive,8,0.015625,38,5,3,11,0.6,0.07894736842105263,0.5,3,1.0,18.125,19.095950000000002,0,0.7200000000000001,0.7200000000000001,0.3
0.0015625000000000003,3.573607288887915,0.08039047976532783,3.0178061986194336,1.0,25.583333333333332,4.553494816020468,0.07882797976532782,3573.6072888879135,2002,2,walk,delivery_1.0_bsp,bsp,0.1,adaptive,8,0.015625,33,3,1,12,0.3333333333333333,0.030303030303030304,0.5,1,1.0,18.0,18.80395,0,0.7200000000000001,0.7200000000000001,0.3
0.16946614583333333,2.014257463412317,0.06352092091358387,3.4227497298424794,1.0,41.0,5.228852376370943,0.10594522491974949,2014.2574634123177,2002,3,walk,delivery_1.0_bsp,bsp,0.1,adaptive,8,0.015625,39,6,3,5,0.5,0.07692307692307693,0.75,3,1.0,17.958,18.83365,0,0.7200000000000001,0.7200000000000001,0.3
0.10696614583333335,2.6014396793704764,0.06335815003860425,3.9608608570773947,0.7916666666666666,38.25,5.140859499714991,0.04777466246139576,2601.439679370476,2003,0,walk,delivery_1.0_bsp,bsp,0.1,adaptive,8,0.015625,35,6,3,10,0.5,0.08571428571428572,0.5,3,1.0,18.0,19.0204,0,0.7200000000000001,0.7200000000000001,0.3
0.010503472222222221,3.3982712680301135,0.08019238495196984,3.410737467375776,0.9791666666666666,26.75,4.654864523344008,0.06968891272974762,3398.271268030115,2003,1,walk,delivery_1.0_bsp,bsp,0.1,adaptive,8,0.015625,35,4,2,8,0.5,0.05714285714285714,0.6666666666666666,2,1.0,17.542,22.83135,0,0.7200000000000001,0.7200000000000001,0.3
0.04457465277777778,2.2839817880094815,0.06101161083993802,3.488927431992288,0.8541666666666666,39.8125,5.101573849649408,0.01643695806216024,2283.981788009482,2003,2,walk,delivery_1.0_bsp,bsp,0.1,adaptive,8,0.015625,33,4,2,9,0.5,0.06060606060606061,0.6666666666666666,2,1.0,17.5,19.74835,0,0.7200000000000001,0.7200000000000001,0.3
0.07942708333333333,1.7592444893397874,0.07261145356440905,2.9496032086119297,0.9583333333333334,27.770833333333332,4.673995565486947,0.006815629768924285,1759.244489339787,2003,3,walk,delivery_1.0_bsp,bsp,0.1,adaptive,8,0.015625,40,6,4,9,0.6666666666666666,0.1,0.6,4,1.0,17.3335,18.58125,0,0.7200000000000001,0.7200000000000001,0.3
0.017881944444444447,2.09702823931867,0.07360251404039282,3.0619628113518735,1.0,31.520833333333332,4.822783319135166,0.05572056959594839,2097.0282393186703,2004,0,walk,delivery_1.0_bsp,bsp,0.1,adaptive,8,0.015625,38,6,5,7,0.8333333333333334,0.13157894736842105,1.0,5,1.0,17.458,18.3022,0,0.7200000000000001,0.7200000000000001,0.3
0.04709201388888889,3.347583052252825,0.07313097126153592,3.9841614558227576,0.7708333333333334,30.875,4.877594949094402,0.02603895737264703,3347.5830522528254,2004,1,walk,delivery_1.0_bsp,bsp,0.1,adaptive,8,0.015625,35,4,3,9,0.75,0.08571428571428572,0.75,3,1.0,17.3955,18.38345,0,0.7200000000000001,0.7200000000000001,0.3
0.08566261574074074,2.197431926911514,0.07608874761966748,2.8510422620923364,1.0,25.229166666666668,4.580878691373965,0.009573868121073257,2197.4319269115144,2004,2,walk,delivery_1.0_bsp,bsp,0.1,adaptive,8,0.015625,37,4,2,9,0.5,0.05405405405405406,1.0,2,1.0,17.292,18.11065,0,0.7200000000000001,0.7200000000000001,0.3
0.0018880208333333336,2.360038572753002,0.06957620857573883,3.386166299306934,1.0,33.104166666666664,4.916577806667386,0.0676881877424055,2360.0385727530024,2004,3,walk,delivery_1.0_bsp,bsp,0.1,adaptive,8,0.015625,35,4,2,9,0.5,0.05714285714285714,0.5,2,1.0,17.6665,18.7329,0,0.7200000000000001,0.7200000000000001,0.3
0.08365885416666667,2.343624498014069,0.06537964581138048,3.6096545240570457,0.9791666666666666,38.979166666666664,5.127371207901874,0.02244587502195287,2343.6244980140686,2005,0,walk,delivery_1.0_bsp,bsp,0.1,adaptive,8,0.015625,34,0,0,3,nan,0.0,nan,0,1.0,17.292,17.8876,0,0.7200000000000001,0.7200000000000001,0.3
0.4636935763888889,0.8542831721763262,0.08001803279305249,2.741091224931193,1.0,29.270833333333332,4.756044993189897,0.39617554359583645,854.283172176326,2005,1,walk,delivery_1.0_bsp,bsp,0.1,adaptive,8,0.015625,37,5,0,6,0.0,0.0,0.0,0,1.0,17.458,18.37895,0,0.7200000000000001,0.7200000000000001,0.3
0.23046875,4.089705462702555,0.07741263041878974,3.2817483331871338,1.0,40.041666666666664,5.133715605789033,0.15722278624787692,4089.705462702556,2005,2,walk,delivery_1.0_bsp,bsp,0.1,adaptive,8,0.015625,42,6,2,4,0.3333333333333333,0.047619047619047616,0.6666666666666666,2,1.0,17.3335,18.19155,0,0.7200000000000001,0.7200000000000001,0.3
0.2923177083333333,2.1036767590266647,0.07186483669748228,3.0413903951413093,1.0,40.0625,5.114064612924964,0.22878620496918436,2103.6767590266654,2005,3,walk,delivery_1.0_bsp,bsp,0.1,adaptive,8,0.015625,38,1,0,1,0.0,0.0,0.0,0,1.0,17.271,18.1103,0,0.7200000000000001,0.7200000000000001,0.3
0.0646484375,1.852541718074191,0.07515180842119774,2.9118927598485267,0.9791666666666666,25.0,4.53443027158992,0.010503370921197741,1852.5417180741924,2006,0,walk,delivery_1.0_bsp,bsp,0.1,adaptive,8,0.015625,33,7,4,16,0.5714285714285714,0.12121212121212122,1.0,4,1.0,17.25,18.28925,0,0.7200000000000001,0.7200000000000001,0.3
0.032421874999999996,4.055142902832416,0.053085660207851854,3.620272011468892,0.8541666666666666,38.958333333333336,5.1564810616598376,0.020663785207851854,4055.142902832417,2006,1,walk,delivery_1.0_bsp,bsp,0.1,adaptive,8,0.015625,40,6,5,11,0.8333333333333334,0.125,1.0,5,1.0,17.416,18.7942,0,0.7200000000000001,0.7200000000000001,0.3
0.006770833333333333,2.180033483364328,0.07351390814274382,3.1583979281251757,1.0,30.229166666666668,4.767766861371893,0.06674307480941048,2180.0334833643283,2006,2,walk,delivery_1.0_bsp,bsp,0.1,adaptive,8,0.015625,35,4,2,6,0.5,0.05714285714285714,0.3333333333333333,2,1.0,17.3955,18.16665,0,0.7200000000000001,0.7200000000000001,0.3
0.006076388888888888,2.751141752514274,0.07340604184490239,3.202259563712522,0.9791666666666666,26.770833333333332,4.5978141378691335,0.06732965295601351,2751.141752514275,2006,3,walk,delivery_1.0_bsp,bsp,0.1,adaptive,8,0.015625,35,4,3,12,0.75,0.08571428571428572,1.0,3,1.0,17.291,18.1523,0,0.7200000000000001,0.7200000000000001,0.3
0.0,4.317898123325318,0.08442265528802857,3.7114794160097753,1.0,27.416666666666668,4.709006980287363,0.08442265528802857,4317.8981233253135,2007,0,walk,delivery_1.0_bsp,bsp,0.1,adaptive,8,0.015625,33,2,1,9,0.5,0.030303030303030304,0.5,1,1.0,17.3545,18.1376,0,0.7200000000000001,0.7200000000000001,0.3
0.0033420138888888887,2.3825514069605167,0.07231824600483938,3.040112866985684,1.0,26.875,4.6375231853381615,0.0689762321159505,2382.5514069605183,2007,1,walk,delivery_1.0_bsp,bsp,0.1,adaptive,8,0.015625,36,5,2,6,0.4,0.05555555555555555,0.4,2,1.0,17.25,18.5942,0,0.7200000000000001,0.7200000000000001,0.3
0.0013020833333333333,4.065764701890658,0.06906001387754494,4.0529352807353245,0.8333333333333334,29.729166666666668,4.7476982493154045,0.0677579305442116,4065.764701890655,2007,2,walk,delivery_1.0_bsp,bsp,0.1,adaptive,8,0.015625,36,2,2,5,1.0,0.05555555555555555,1.0,2,1.0,17.3955,18.32885,0,0.7200000000000001,0.7200000000000001,0.3
0.0008680555555555555,2.5736148434754744,0.07465097535448131,3.3367949517587525,1.0,28.729166666666668,4.768978430871439,0.07378291979892576,2573.614843475471,2007,3,walk,delivery_1.0_bsp,bsp,0.1,adaptive,8,0.015625,36,2,1,6,0.5,0.027777777777777776,1.0,1,1.0,18.0625,29.09604999999999,0,0.7200000000000001,0.7200000000000001,0.3
0.0006510416666666666,3.668493424314453,0.06265365239226751,4.214109656768962,0.875,37.270833333333336,5.044309242582632,0.06200261072560085,3668.493424314453,2008,0,walk,delivery_1.0_bsp,bsp,0.1,adaptive,8,0.015625,37,3,0,5,0.0,0.0,0.0,0,1.0,17.625,19.56655,0,0.7200000000000001,0.7200000000000001,0.3
0.08029513888888888,2.8395836880984295,0.06552933990409333,3.2265914372192177,1.0,29.1875,4.861119694128544,0.018932465651462217,2839.58368809843,2008,1,walk,delivery_1.0_bsp,bsp,0.1,adaptive,8,0.015625,42,5,2,5,0.4,0.047619047619047616,0.6666666666666666,2,1.0,17.7705,21.951849999999997,0,0.7200000000000001,0.7200000000000001,0.3
0.005295138888888888,6.4700410852480905,0.06856098598821209,3.3323807334156217,1.0,30.5625,4.81968305959843,0.0632658470993232,6470.041085248095,2008,2,walk,delivery_1.0_bsp,bsp,0.1,adaptive,8,0.015625,38,4,0,4,0.0,0.0,0.0,0,1.0,17.375,18.42895,0,0.7200000000000001,0.7200000000000001,0.3
0.4874131944444444,1.463428114207952,0.08380991647406714,2.881666947881173,0.9791666666666666,30.625,4.786430481109153,0.4036032779703773,1463.428114207952,2008,3,walk,delivery_1.0_bsp,bsp,0.1,adaptive,8,0.015625,39,1,0,4,0.0,0.0,0.0,0,1.0,18.1045,20.6818,0,0.7200000000000001,0.7200000000000001,0.3
0.021354166666666664,2.780641016948872,0.06512633881641698,3.6457757866128464,1.0,34.604166666666664,4.982874148479675,0.04377217214975032,2780.641016948874,2009,0,walk,delivery_1.0_bsp,bsp,0.1,adaptive,8,0.015625,38,2,2,7,1.0,0.05263157894736842,1.0,2,1.0,18.4795,31.01019999999999,0,0.7200000000000001,0.7200000000000001,0.3
0.0011935763888888888,3.7516165684651437,0.07064738386223139,3.6176813216260313,0.875,29.083333333333332,4.785833204868944,0.06945380747334251,3751.6165684651455,2009,1,walk,delivery_1.0_bsp,bsp,0.1,adaptive,8,0.015625,42,2,0,3,0.0,0.0,0.0,0,1.0,17.666,19.560399999999998,0,0.7200000000000001,0.7200000000000001,0.3
0.23001302083333333,1.7333825322236185,0.06996007363308153,3.069557849463721,1.0,34.458333333333336,4.975175023831582,0.1642196138669185,1733.3825322236187,2009,2,walk,delivery_1.0_bsp,bsp,0.1,adaptive,8,0.015625,36,2,2,8,1.0,0.05555555555555555,1.0,2,1.0,17.5205,18.74375,0,0.7200000000000001,0.7200000000000001,0.3
0.0013485863095238093,2.450193397100845,0.07106404188120133,3.2672217731902364,0.9583333333333334,31.916666666666668,4.8352756031579345,0.06971545557167752,2450.193397100846,2009,3,walk,delivery_1.0_bsp,bsp,0.1,adaptive,8,0.015625,38,3,2,6,0.6666666666666666,0.05263157894736842,0.6666666666666666,2,1.0,17.417,18.220950000000002,0,0.7200000000000001,0.7200000000000001,0.3
0.10559442863166772,1.800867153022958,0.08223096085266628,2.96509457517675,1.0,34.020833333333336,4.861262172086197,0.05677573590709512,1800.8671530229583,2000,0,walk,willing_0.4_none,none,1,adaptive,8,0.015625,34,1,1,5,1.0,0.029411764705882353,1.0,1,1.0,2.25,3.3420999999999994,0,0.32400000000000007,0.32400000000000007,0.3
0.0010768769363268883,2.8205784722822362,0.0580835424741597,3.583936727931002,1.0,36.479166666666664,5.071696600493213,0.05700666553783281,2820.5784722822336,2000,1,walk,willing_0.4_none,none,1,adaptive,8,0.015625,37,0,0,2,nan,0.0,nan,0,1.0,2.25,2.7209499999999998,0,0.32400000000000007,0.32400000000000007,0.3
0.0005208333333333333,4.731824456846783,0.047692747776213795,4.122089235042119,0.875,39.270833333333336,5.273105945202716,0.047171914442880464,4731.824456846782,2000,2,walk,willing_0.4_none,none,1,adaptive,8,0.015625,36,1,1,2,1.0,0.027777777777777776,1.0,1,1.0,2.25,2.5,0,0.32400000000000007,0.32400000000000007,0.3
0.001171875,3.2661700819554524,0.028105457925751132,4.0969154587952525,1.0,55.729166666666664,5.818384521129571,0.026933582925751137,3266.170081955453,2000,3,walk,willing_0.4_none,none,1,adaptive,8,0.015625,33,0,0,1,nan,0.0,nan,0,1.0,2.208,2.541,0,0.32400000000000007,0.32400000000000007,0.3
0.12533068783068782,5.122248831095647,0.07882022454770701,3.958283878550375,0.8541666666666666,50.604166666666664,5.478505045235733,0.046510463282980814,5122.24883109564,2001,0,walk,willing_0.4_none,none,1,adaptive,8,0.015625,37,1,1,2,1.0,0.02702702702702703,1.0,1,1.0,2.167,2.4166499999999997,0,0.32400000000000007,0.32400000000000007,0.3
0.0837673611111111,3.32188451633407,0.04973496346325897,3.51131993499077,0.9791666666666666,41.458333333333336,5.321797273661156,0.07770910242704,3321.8845163340707,2001,1,walk,willing_0.4_none,none,1,adaptive,8,0.015625,36,3,3,4,1.0,0.08333333333333333,1.0,3,1.0,2.1875,2.5273,0,0.32400000000000007,0.32400000000000007,0.3
0.041666666666666664,3.52283565202034,0.05011372969370042,3.382337367840625,1.0,38.229166666666664,5.2089391988465135,0.00844706302703375,3522.8356520203397,2001,2,walk,willing_0.4_none,none,1,adaptive,8,0.015625,37,1,1,3,1.0,0.02702702702702703,1.0,1,1.0,2.1875,2.48565,0,0.32400000000000007,0.32400000000000007,0.3
0.024193218954248367,3.576536862546499,0.05794729204705799,4.2540484008033514,0.8125,41.833333333333336,5.212594234370808,0.03375407309280962,3576.5368625464985,2001,3,walk,willing_0.4_none,none,1,adaptive,8,0.015625,32,1,1,3,1.0,0.03125,1.0,1,1.0,2.208,2.7205999999999997,0,0.32400000000000007,0.32400000000000007,0.3
0.25,2.711124077844046,0.1515505297287815,2.8913541003808327,0.9375,30.729166666666668,4.461669107432609,0.1494669636723076,2711.124077844046,2002,0,walk,willing_0.4_none,none,1,adaptive,8,0.015625,39,3,3,3,1.0,0.07692307692307693,1.0,3,1.0,2.25,2.5126,0,0.32400000000000007,0.32400000000000007,0.3
0.083984375,2.066659580302477,0.04829739102266686,3.40802217488276,0.9583333333333334,45.6875,5.4214455454447945,0.03568698397733314,2066.6595803024793,2002,1,walk,willing_0.4_none,none,1,adaptive,8,0.015625,38,2,2,2,1.0,0.05263157894736842,1.0,2,1.0,2.125,2.5641499999999997,0,0.32400000000000007,0.32400000000000007,0.3
0.1467013888888889,2.1720202993018813,0.16869007000143174,3.23979986012711,0.9583333333333334,19.708333333333332,3.9907430090258753,0.21044836551904936,2172.0202993018825,2002,2,walk,willing_0.4_none,none,1,adaptive,8,0.015625,33,3,3,5,1.0,0.09090909090909091,1.0,3,1.0,2.167,2.4853,0,0.32400000000000007,0.32400000000000007,0.3
0.0012979497354497355,2.8143781571246755,0.03959764201627738,3.7791374393312016,0.9791666666666666,49.125,5.5629683976482776,0.03829969228082764,2814.378157124674,2002,3,walk,willing_0.4_none,none,1,adaptive,8,0.015625,39,3,3,3,1.0,0.07692307692307693,1.0,3,1.0,2.167,2.45865,0,0.32400000000000007,0.32400000000000007,0.3
0.08366402116402116,2.7041146377801746,0.1754817229639054,3.635754839712065,0.9166666666666666,35.0625,4.519204975450365,0.11681770179988422,2704.1146377801733,2003,0,walk,willing_0.4_none,none,1,adaptive,8,0.015625,35,4,4,5,1.0,0.11428571428571428,1.0,4,1.0,2.209,2.5399,0,0.32400000000000007,0.32400000000000007,0.3
0.0005208333333333333,4.325050325571687,0.029235217776020936,4.201752085879485,1.0,57.270833333333336,5.874731615770688,0.028714384442687604,4325.050325571685,2003,1,walk,willing_0.4_none,none,1,adaptive,8,0.015625,35,0,0,0,nan,0.0,nan,0,nan,2.2085,2.70625,0,0.32400000000000007,0.32400000000000007,0.3
0.0637577213235108,2.050634591782783,0.05431852292239742,3.361607365311791,0.9583333333333334,41.291666666666664,5.247659271285576,0.009439198401113374,2050.634591782785,2003,2,walk,willing_0.4_none,none,1,adaptive,8,0.015625,33,3,3,3,1.0,0.09090909090909091,1.0,3,1.0,2.167,2.58125,0,0.32400000000000007,0.32400000000000007,0.3
0.06336805555555557,1.7667266227097853,0.08172835695587387,3.109392029204203,0.9791666666666666,31.020833333333332,4.768555375832199,0.04620940195522636,1766.7266227097862,2003,3,walk,willing_0.4_none,none,1,adaptive,8,0.015625,40,2,2,4,1.0,0.05,1.0,2,1.0,2.208,2.4835499999999997,0,0.32400000000000007,0.32400000000000007,0.3
0.02299558080808081,1.7584069712131318,0.10672478046320703,2.9769554100702353,1.0,28.270833333333332,4.566924907750861,0.08372919965512622,1758.4069712131331,2004,0,walk,willing_0.4_none,none,1,adaptive,8,0.015625,38,4,4,5,1.0,0.10526315789473684,1.0,4,1.0,2.208,2.459,0,0.32400000000000007,0.32400000000000007,0.3
0.048146081349206345,2.381685606034674,0.055554111199094036,3.5851343319042432,1.0,41.895833333333336,5.368331961886888,0.007408029849887689,2381.6856060346768,2004,1,walk,willing_0.4_none,none,1,adaptive,8,0.015625,35,3,3,3,1.0,0.08571428571428572,1.0,3,1.0,2.1665,2.58125,0,0.32400000000000007,0.32400000000000007,0.3
0.020833333333333332,2.8625440724735793,0.06730712656350665,3.1942270938345456,0.9791666666666666,35.125,4.991935265511523,0.04647379323017331,2862.5440724735804,2004,2,walk,willing_0.4_none,none,1,adaptive,8,0.015625,37,1,1,2,1.0,0.02702702702702703,1.0,1,1.0,2.167,2.4853,0,0.32400000000000007,0.32400000000000007,0.3
0.12533068783068782,2.3656316289748354,0.1926429425708813,3.1454284892296767,0.9583333333333334,33.75,4.409885237298982,0.10199975474019346,2365.631628974838,2004,3,walk,willing_0.4_none,none,1,adaptive,8,0.015625,35,3,3,5,1.0,0.08571428571428572,1.0,3,1.0,2.209,2.583,0,0.32400000000000007,0.32400000000000007,0.3
0.0009259259259259259,3.6177957438260093,0.04415081152536144,4.57532736881937,0.6458333333333334,40.354166666666664,5.350574043734418,0.04322488559943552,3617.795743826013,2005,0,walk,willing_0.4_none,none,1,adaptive,8,0.015625,34,0,0,1,nan,0.0,nan,0,1.0,2.167,2.5,0,0.32400000000000007,0.32400000000000007,0.3
0.022726521164021168,2.4288651145386546,0.07209175833159417,3.4326919508984433,1.0,29.041666666666668,4.743137815330351,0.049365237167573024,2428.865114538655,2005,1,walk,willing_0.4_none,none,1,adaptive,8,0.015625,37,3,3,5,1.0,0.08108108108108109,1.0,3,1.0,2.1665,2.53925,0,0.32400000000000007,0.32400000000000007,0.3
0.33401712850865395,2.1090692211385975,0.14282492523369703,2.492620874755623,1.0,28.833333333333332,4.322249344061524,0.24055616629112866,2109.0692211385986,2005,2,walk,willing_0.4_none,none,1,adaptive,8,0.015625,42,3,3,3,1.0,0.07142857142857142,1.0,3,1.0,2.1455,2.48565,0,0.32400000000000007,0.32400000000000007,0.3
0.0006837951753205989,3.6247551904096267,0.038281979184576785,3.789326357059719,1.0,51.770833333333336,5.639984153110757,0.037598184009256186,3624.755190409626,2005,3,walk,willing_0.4_none,none,1,adaptive,8,0.015625,38,1,1,2,1.0,0.02631578947368421,1.0,1,1.0,2.1665,2.4709499999999998,0,0.32400000000000007,0.32400000000000007,0.3
0.1673761423761424,2.310844276295343,0.12827936985974273,3.278850472229299,0.9791666666666666,37.9375,4.716797489925947,0.17966687348412125,2310.844276295344,2006,0,walk,willing_0.4_none,none,1,adaptive,8,0.015625,33,3,3,6,1.0,0.09090909090909091,1.0,3,1.0,2.208,2.5647999999999995,0,0.32400000000000007,0.32400000000000007,0.3
0.05499131944444444,1.7915918534185833,0.08297099828075931,3.5506753819855703,0.9166666666666666,33.0,4.871207479003963,0.056691881453663974,1791.5918534185828,2006,1,walk,willing_0.4_none,none,1,adaptive,8,0.015625,40,4,4,5,1.0,0.1,1.0,4,1.0,2.166,2.6351999999999998,0,0.32400000000000007,0.32400000000000007,0.3
0.10052083333333334,1.399502452166546,0.08897778048636788,3.142132310516548,0.9583333333333334,34.729166666666664,4.801394687621935,0.03459508032960619,1399.5024521665462,2006,2,walk,willing_0.4_none,none,1,adaptive,8,0.015625,35,3,3,4,1.0,0.08571428571428572,1.0,3,1.0,2.125,2.48565,0,0.32400000000000007,0.32400000000000007,0.3
0.0011004618419872658,3.9095639680491026,0.04143634986250419,3.9400393280362844,1.0,49.979166666666664,5.616844995361126,0.04033588802051693,3909.563968049104,2006,3,walk,willing_0.4_none,none,1,adaptive,8,0.015625,35,1,1,1,1.0,0.02857142857142857,1.0,1,1.0,2.333,3.625,0,0.32400000000000007,0.32400000000000007,0.3
0.0625,2.270770400129294,0.0710079903348703,3.110817507633358,1.0,28.895833333333332,4.794235328508388,0.00850799033487029,2270.7704001292946,2007,0,walk,willing_0.4_none,none,1,adaptive,8,0.015625,33,0,0,2,nan,0.0,nan,0,1.0,2.2085,2.5273,0,0.32400000000000007,0.32400000000000007,0.3
0.0020776721014492752,2.1454121766102885,0.0925110212150932,3.236562981294283,1.0,33.979166666666664,4.772026725712689,0.09043334911364391,2145.41217661029,2007,1,walk,willing_0.4_none,none,1,adaptive,8,0.015625,36,1,1,2,1.0,0.027777777777777776,1.0,1,1.0,2.2295,2.5683000000000002,0,0.32400000000000007,0.32400000000000007,0.3
0.0007812499999999999,4.297889250558959,0.04469772068291231,3.859529567407762,0.8125,44.25,5.369162797721812,0.043916470682912316,4297.889250558956,2007,2,walk,willing_0.4_none,none,1,adaptive,8,0.015625,36,1,1,3,1.0,0.027777777777777776,1.0,1,1.0,2.208,2.56865,0,0.32400000000000007,0.32400000000000007,0.3
0.19100769115890084,1.3770428069093272,0.11313088327714754,2.522941536423238,1.0,22.229166666666668,4.285282031708448,0.08026340877133915,1377.0428069093275,2007,3,walk,willing_0.4_none,none,1,adaptive,8,0.015625,36,2,2,4,1.0,0.05555555555555555,1.0,2,1.0,2.25,2.95625,0,0.32400000000000007,0.32400000000000007,0.3
0.0007027116402116402,3.5982300717768343,0.038274486385690656,3.862213175707886,0.875,48.708333333333336,5.592018604931337,0.037571774745479014,3598.230071776834,2008,0,walk,willing_0.4_none,none,1,adaptive,8,0.015625,37,0,0,1,nan,0.0,nan,0,1.0,2.292,3.2748999999999997,0,0.32400000000000007,0.32400000000000007,0.3
0.0005208333333333333,4.0795748823560025,0.05241374593050575,3.7303020410242773,0.9583333333333334,44.479166666666664,5.35738425116543,0.0518929125971724,4079.5748823560025,2008,1,walk,willing_0.4_none,none,1,adaptive,8,0.015625,42,1,1,2,1.0,0.023809523809523808,1.0,1,1.0,2.25,2.5693,0,0.32400000000000007,0.32400000000000007,0.3
0.08333333333333333,2.115664979686013,0.15141049307330653,2.669847488695775,1.0,27.25,4.340040507261397,0.06807715973997323,2115.6649796860133,2008,2,walk,willing_0.4_none,none,1,adaptive,8,0.015625,38,2,2,4,1.0,0.05263157894736842,1.0,2,1.0,2.25,2.5129499999999996,0,0.32400000000000007,0.32400000000000007,0.3
0.31293402777777773,1.7320011016481358,0.09304285129208906,3.272383262292644,0.9791666666666666,29.541666666666668,4.712321587198388,0.28958388852361594,1732.0011016481355,2008,3,walk,willing_0.4_none,none,1,adaptive,8,0.015625,39,0,0,2,nan,0.0,nan,0,1.0,2.208,2.58125,0,0.32400000000000007,0.32400000000000007,0.3
0.0005208333333333333,4.009193374363605,0.030298535742956795,4.087129475201132,1.0,56.291666666666664,5.860877820168284,0.029777702409623463,4009.193374363604,2009,0,walk,willing_0.4_none,none,1,adaptive,8,0.015625,38,1,1,1,1.0,0.02631578947368421,1.0,1,1.0,2.291,3.0126,0,0.32400000000000007,0.32400000000000007,0.3
0.16757605820105823,1.4129682321095223,0.03311747513389778,3.6585068672193035,1.0,51.229166666666664,5.699259883500841,0.13445858306716044,1412.9682321095224,2009,1,walk,willing_0.4_none,none,1,adaptive,8,0.015625,42,1,1,2,1.0,0.023809523809523808,1.0,1,1.0,2.167,2.708,0,0.32400000000000007,0.32400000000000007,0.3
0.000851521164021164,3.1890672087554233,0.13012487349236515,3.2728888158825797,0.9791666666666666,28.708333333333332,4.405687247986058,0.12927335232834403,3189.067208755423,2009,2,walk,willing_0.4_none,none,1,adaptive,8,0.015625,36,1,1,4,1.0,0.027777777777777776,1.0,1,1.0,2.208,2.55395,0,0.32400000000000007,0.32400000000000007,0.3
0.0019123626381044184,3.451157319320478,0.05174199702574551,4.186698795564038,0.8541666666666666,40.916666666666664,5.317245288049271,0.04982963438764109,3451.157319320478,2009,3,walk,willing_0.4_none,none,1,adaptive,8,0.015625,38,1,1,3,1.0,0.02631578947368421,1.0,1,1.0,2.166,2.67895,0,0.32400000000000007,0.32400000000000007,0.3
0.0014277619650010542,3.1204766640495034,0.06539203017042271,3.5322320976957813,1.0,32.166666666666664,4.951204095619718,0.06396426820542166,3120.4766640495054,2000,0,walk,willing_0.4_random,random,0.5,adaptive,8,0.015625,34,1,1,4,1.0,0.029411764705882353,1.0,1,1.0,2.208,3.0504499999999997,0,0.32400000000000007,0.32400000000000007,0.3
0.0010768769363268883,2.754286459342731,0.021987144277900304,4.041581514802198,1.0,59.6875,5.9563498000076835,0.02091026734157342,2754.286459342731,2000,1,walk,willing_0.4_random,random,0.5,adaptive,8,0.015625,37,0,0,0,nan,0.0,nan,0,nan,2.1455,2.6624999999999996,0,0.32400000000000007,0.32400000000000007,0.3
0.0005208333333333333,4.082937716586374,0.041687835789703594,4.054474480099844,0.8541666666666666,40.25,5.312394763077731,0.04116700245637026,4082.9377165863684,2000,2,walk,willing_0.4_random,random,0.5,adaptive,8,0.015625,36,1,1,2,1.0,0.027777777777777776,1.0,1,1.0,2.208,2.6079,0,0.32400000000000007,0.32400000000000007,0.3
0.0026809715821812592,3.4662227685255758,0.02176139742515738,4.064388343131997,1.0,60.125,5.974385562080424,0.01908042584297612,3466.2227685255766,2000,3,walk,willing_0.4_random,random,0.5,adaptive,8,0.015625,33,0,0,0,nan,0.0,nan,0,nan,2.209,2.52665,0,0.32400000000000007,0.32400000000000007,0.3
0.06283068783068783,5.497999556072725,0.07245555105270475,3.9358736959297573,0.9166666666666666,53.145833333333336,5.561099775890031,0.03491389613450841,5497.999556072718,2001,0,walk,willing_0.4_random,random,0.5,adaptive,8,0.015625,37,1,1,2,1.0,0.02702702702702703,1.0,1,1.0,2.167,2.459,0,0.32400000000000007,0.32400000000000007,0.3
0.00043402777777777775,4.608018144548585,0.02982024068339105,3.9059576309493576,0.8125,50.291666666666664,5.688237758020452,0.029386212905613274,4608.018144548584,2001,1,walk,willing_0.4_random,random,0.5,adaptive,8,0.015625,36,3,0,1,0.0,0.0,0.0,0,1.0,2.208,2.55395,0,0.32400000000000007,0.32400000000000007,0.3
0.0,5.676099625588058,0.030691303133772604,3.798880841005367,1.0,45.770833333333336,5.605288541659868,0.030691303133772604,5676.099625588059,2001,2,walk,willing_0.4_random,random,0.5,adaptive,8,0.015625,37,1,1,2,1.0,0.02702702702702703,1.0,1,1.0,2.208,2.4853,0,0.32400000000000007,0.32400000000000007,0.3
0.0012765522875816994,4.595296524417674,0.022945635753215024,4.678257091748724,0.625,56.25,5.8933353743622865,0.021669083465633326,4595.296524417675,2001,3,walk,willing_0.4_random,random,0.5,adaptive,8,0.015625,32,1,1,1,1.0,0.03125,1.0,1,1.0,2.292,2.83125,0,0.32400000000000007,0.32400000000000007,0.3
0.0,5.392211322787137,0.024270010294551034,4.060626550221559,0.9583333333333334,56.854166666666664,5.846438523922864,0.024270010294551034,5392.211322787138,2002,0,walk,willing_0.4_random,random,0.5,adaptive,8,0.015625,39,3,1,1,0.3333333333333333,0.02564102564102564,0.5,1,1.0,2.209,2.54025,0,0.32400000000000007,0.32400000000000007,0.3
0.0006510416666666666,2.9019038152342618,0.02028707112697713,4.185500534267217,0.9791666666666666,60.4375,5.987237706465467,0.019636029460310463,2901.9038152342623,2002,1,walk,willing_0.4_random,random,0.5,adaptive,8,0.015625,38,2,0,0,0.0,0.0,0.0,0,nan,2.1875,2.6103,0,0.32400000000000007,0.32400000000000007,0.3
0.14739583333333334,2.778085479394253,0.1163500562787023,3.584548656632233,1.0,48.354166666666664,5.195923557926199,0.13888763562441342,2778.085479394256,2002,2,walk,willing_0.4_random,random,0.5,adaptive,8,0.015625,33,3,2,2,0.6666666666666666,0.06060606060606061,0.5,2,1.0,2.208,2.5248999999999997,0,0.32400000000000007,0.32400000000000007,0.3
0.0012979497354497355,2.9448140397074254,0.06097999682686577,3.7122752945464055,1.0,37.083333333333336,5.059607754616871,0.059682047091416036,2944.8140397074253,2002,3,walk,willing_0.4_random,random,0.5,adaptive,8,0.015625,39,3,1,3,0.3333333333333333,0.02564102564102564,0.3333333333333333,1,1.0,2.1665,2.6232499999999996,0,0.32400000000000007,0.32400000000000007,0.3
0.0419973544973545,4.297135369577691,0.09115972911662967,4.018391982907352,0.8958333333333334,44.416666666666664,5.177128885476649,0.06166237461927517,4297.135369577688,2003,0,walk,willing_0.4_random,random,0.5,adaptive,8,0.015625,35,4,3,5,0.75,0.08571428571428572,0.6666666666666666,3,1.0,2.25,2.5959499999999998,0,0.32400000000000007,0.32400000000000007,0.3
0.0005208333333333333,2.9980546389982106,0.020473012589469354,4.119725183092361,0.9791666666666666,60.416666666666664,5.9864424429918515,0.01995217925613602,2998.05463899821,2003,1,walk,willing_0.4_random,random,0.5,adaptive,8,0.015625,35,0,0,0,nan,0.0,nan,0,nan,2.291,2.70865,0,0.32400000000000007,0.32400000000000007,0.3
0.0012577213235107972,3.1990219932433495,0.021373784119000996,4.020387385449979,0.9791666666666666,58.375,5.944712227305875,0.0201160627954902,3199.021993243352,2003,2,walk,willing_0.4_random,random,0.5,adaptive,8,0.015625,33,3,2,2,0.6666666666666666,0.06060606060606061,0.6666666666666666,2,1.0,2.209,2.55395,0,0.32400000000000007,0.32400000000000007,0.3
0.0008680555555555555,2.645303529751068,0.0704748424354097,3.2559649324955307,1.0,30.666666666666668,4.818017744454239,0.06960678687985415,2645.303529751066,2003,3,walk,willing_0.4_random,random,0.5,adaptive,8,0.015625,40,2,2,3,1.0,0.05,1.0,2,1.0,2.208,2.5955999999999997,0,0.32400000000000007,0.32400000000000007,0.3
0.1046875,2.6625859319774867,0.055437759999661405,3.462951554735538,1.0,33.645833333333336,5.031012749951932,0.049249740000338604,2662.5859319774845,2004,0,walk,willing_0.4_random,random,0.5,adaptive,8,0.015625,38,4,2,3,0.5,0.05263157894736842,0.5,2,1.0,2.1875,2.55395,0,0.32400000000000007,0.32400000000000007,0.3
0.041666666666666664,4.76374712543119,0.03525557019782879,3.705224030329472,1.0,46.666666666666664,5.565076388369268,0.006411096468837881,4763.747125431193,2004,1,walk,willing_0.4_random,random,0.5,adaptive,8,0.015625,35,3,2,3,0.6666666666666666,0.05714285714285714,0.6666666666666666,2,1.0,2.167,2.5545999999999998,0,0.32400000000000007,0.32400000000000007,0.3
0.1689959490740741,1.618753367762457,0.04274766879965674,3.3316238091154475,1.0,40.75,5.354109155110862,0.12624828027441734,1618.7533677624563,2004,2,walk,willing_0.4_random,random,0.5,adaptive,8,0.015625,37,1,1,1,1.0,0.02702702702702703,1.0,1,1.0,2.1455,2.4709499999999998,0,0.32400000000000007,0.32400000000000007,0.3
0.14865319865319865,1.562414831614998,0.20352571405493217,2.5971756090939757,1.0,21.416666666666668,3.962465457391454,0.11317500374381424,1562.4148316149988,2004,3,walk,willing_0.4_random,random,0.5,adaptive,8,0.015625,35,3,2,5,0.6666666666666666,0.05714285714285714,0.6666666666666666,2,1.0,2.25,2.7899,0,0.32400000000000007,0.32400000000000007,0.3
0.00033068783068783067,2.8342119725106976,0.040299723377618016,3.8756183132011603,0.9791666666666666,42.583333333333336,5.412688320497273,0.03996903554693019,2834.211972510697,2005,0,walk,willing_0.4_random,random,0.5,adaptive,8,0.015625,34,0,0,1,nan,0.0,nan,0,1.0,2.167,2.56865,0,0.32400000000000007,0.32400000000000007,0.3
0.08522652116402117,2.2876640192169653,0.04162102716817773,3.7722866151942664,1.0,45.354166666666664,5.392550726503356,0.04360549399584344,2287.664019216966,2005,1,walk,willing_0.4_random,random,0.5,adaptive,8,0.015625,37,3,2,2,0.6666666666666666,0.05405405405405406,1.0,2,1.0,2.167,2.5273,0,0.32400000000000007,0.32400000000000007,0.3
0.43818379517532063,1.9790142068236127,0.1302942043582987,2.532124045201364,1.0,29.6875,4.404065583985722,0.32049428338946767,1979.014206823613,2005,2,walk,willing_0.4_random,random,0.5,adaptive,8,0.015625,42,3,2,2,0.6666666666666666,0.047619047619047616,1.0,2,1.0,2.1665,2.52665,0,0.32400000000000007,0.32400000000000007,0.3
0.0006837951753205989,3.987464711774061,0.021850146002401424,4.105483414011689,1.0,60.145833333333336,5.97896014196898,0.021166350827080824,3987.464711774061,2005,3,walk,willing_0.4_random,random,0.5,adaptive,8,0.015625,38,1,0,0,0.0,0.0,0.0,0,nan,2.1875,2.4853,0,0.32400000000000007,0.32400000000000007,0.3
0.04237614237614238,3.284409504876176,0.07422534061492303,3.4517395809741878,0.9791666666666666,41.875,5.074985644189384,0.042057661547387624,3284.4095048761756,2006,0,walk,willing_0.4_random,random,0.5,adaptive,8,0.015625,33,3,1,1,0.3333333333333333,0.030303030303030304,0.3333333333333333,1,1.0,2.2085,2.53925,0,0.32400000000000007,0.32400000000000007,0.3
0.0,3.8052437925924614,0.05813520458844738,4.112323659972577,0.8958333333333334,45.375,5.294157964181667,0.0581352045884474,3805.243792592463,2006,1,walk,willing_0.4_random,random,0.5,adaptive,8,0.015625,40,4,1,1,0.25,0.025,0.3333333333333333,1,1.0,2.208,2.62085,0,0.32400000000000007,0.32400000000000007,0.3
0.006770833333333333,1.7767206984640664,0.047559233807742525,3.716611781805465,0.9375,36.083333333333336,5.153033055377484,0.040788400474409195,1776.720698464067,2006,2,walk,willing_0.4_random,random,0.5,adaptive,8,0.015625,35,3,1,2,0.3333333333333333,0.02857142857142857,0.5,1,1.0,2.167,2.458,0,0.32400000000000007,0.32400000000000007,0.3
0.2719337951753206,2.637603641297497,0.07211858798343651,3.4347233897737026,0.8958333333333334,30.645833333333332,4.776216247544715,0.2702540124432155,2637.6036412974963,2006,3,walk,willing_0.4_random,random,0.5,adaptive,8,0.015625,35,1,1,3,1.0,0.02857142857142857,1.0,1,1.0,2.2085,2.6376,0,0.32400000000000007,0.32400000000000007,0.3
0.0,4.853901187559205,0.021036893101762374,4.2515086461249565,1.0,60.083333333333336,5.979133197841072,0.021036893101762374,4853.901187559205,2007,0,walk,willing_0.4_random,random,0.5,adaptive,8,0.015625,33,0,0,0,nan,0.0,nan,0,nan,2.167,2.4982499999999996,0,0.32400000000000007,0.32400000000000007,0.3
0.02291100543478261,2.3243221442483346,0.04577402839631416,3.6493174271683073,0.9791666666666666,39.9375,5.309145909566708,0.02286302296153155,2324.322144248336,2007,1,walk,willing_0.4_random,random,0.5,adaptive,8,0.015625,36,1,1,1,1.0,0.027777777777777776,1.0,1,1.0,2.208,2.458,0,0.32400000000000007,0.32400000000000007,0.3
0.021614583333333336,2.3939220665263217,0.03577940462680342,3.6059518482408315,1.0,43.583333333333336,5.438830614706188,0.014164821293470084,2393.922066526322,2007,2,walk,willing_0.4_random,random,0.5,adaptive,8,0.015625,36,1,0,1,0.0,0.0,0.0,0,1.0,2.167,2.54025,0,0.32400000000000007,0.32400000000000007,0.3
0.16666666666666666,2.708135182748696,0.032436483285216325,3.725848370000364,1.0,48.020833333333336,5.576693128859451,0.13423018338145035,2708.135182748696,2007,3,walk,willing_0.4_random,random,0.5,adaptive,8,0.015625,36,2,2,2,1.0,0.05555555555555555,1.0,2,1.0,2.4165,3.7164499999999996,0,0.32400000000000007,0.32400000000000007,0.3
0.0007027116402116402,3.698876609537045,0.020371148980571564,4.124313345283412,0.875,60.416666666666664,5.985981369454106,0.01966843734035992,3698.8766095370465,2008,0,walk,willing_0.4_random,random,0.5,adaptive,8,0.015625,37,0,0,0,nan,0.0,nan,0,nan,2.333,3.27315,0,0.32400000000000007,0.32400000000000007,0.3
0.0,4.1145905148182145,0.019356975315025154,4.135009092592569,0.9375,60.270833333333336,5.987512045189161,0.019356975315025154,4114.590514818214,2008,1,walk,willing_0.4_random,random,0.5,adaptive,8,0.015625,42,1,0,0,0.0,0.0,0.0,0,nan,2.292,2.958,0,0.32400000000000007,0.32400000000000007,0.3
0.026128472222222223,1.9436115390656203,0.1426337283458731,2.862498725434904,1.0,29.4375,4.4526255030347635,0.11650525612365087,1943.6115390656205,2008,2,walk,willing_0.4_random,random,0.5,adaptive,8,0.015625,38,2,2,2,1.0,0.05263157894736842,1.0,2,1.0,2.25,2.5416499999999997,0,0.32400000000000007,0.32400000000000007,0.3
0.00390625,2.9472375748950057,0.0215800854164649,4.010573270065611,1.0,60.145833333333336,5.982093448961965,0.0176738354164649,2947.2375748950067,2008,3,walk,willing_0.4_random,random,0.5,adaptive,8,0.015625,39,0,0,0,nan,0.0,nan,0,nan,2.2295,2.9397999999999995,0,0.32400000000000007,0.32400000000000007,0.3
0.0005208333333333333,5.302356626977924,0.021542705060070392,4.234170561218177,0.9375,60.083333333333336,5.979620357017595,0.02102187172673706,5302.356626977921,2009,0,walk,willing_0.4_random,random,0.5,adaptive,8,0.015625,38,1,0,0,0.0,0.0,0.0,0,nan,2.209,2.53925,0,0.32400000000000007,0.32400000000000007,0.3
0.0009093915343915343,2.257664025223911,0.020743535862729885,3.9977855504009647,1.0,60.125,5.973291537278999,0.01983414432833835,2257.6640252239117,2009,1,walk,willing_0.4_random,random,0.5,adaptive,8,0.015625,42,1,0,0,0.0,0.0,0.0,0,nan,2.209,2.7850999999999995,0,0.32400000000000007,0.32400000000000007,0.3
0.000851521164021164,4.082130780066714,0.029033444683330745,3.8118305807149846,1.0,49.375,5.650994957986065,0.02818192351930958,4082.130780066715,2009,2,walk,willing_0.4_random,random,0.5,adaptive,8,0.015625,36,1,1,2,1.0,0.027777777777777776,1.0,1,1.0,2.25,2.61065,0,0.32400000000000007,0.32400000000000007,0.3
0.0011939718335067173,2.7354098560200337,0.022400988723243125,4.095113149676628,1.0,59.916666666666664,5.971173907825544,0.021207016889736405,2735.409856020033,2009,3,walk,willing_0.4_random,random,0.5,adaptive,8,0.015625,38,1,0,0,0.0,0.0,0.0,0,nan,2.25,2.6379499999999996,0,0.32400000000000007,0.32400000000000007,0.3
0.0830078125,1.9440241261857303,0.06669784939319272,3.2931114891504176,0.9583333333333334,31.625,4.903385619682955,0.01630996310680728,1944.02412618573,2000,0,walk,willing_0.4_bsp,bsp,0.1,adaptive,8,0.015625,34,1,1,7,1.0,0.029411764705882353,1.0,1,1.0,17.417,20.010299999999997,0,0.32400000000000007,0.32400000000000007,0.3
0.0035807291666666665,2.842772204449696,0.041613544359766226,3.8316324831030375,0.9583333333333334,50.1875,5.5760315418932995,0.038032815193099555,2842.7722044496936,2000,1,walk,willing_0.4_bsp,bsp,0.1,adaptive,8,0.015625,37,0,0,1,nan,0.0,nan,0,1.0,17.3545,18.1898,0,0.32400000000000007,0.32400000000000007,0.3
0.0005208333333333333,3.144858112475269,0.05979119488261515,3.436564596483599,1.0,34.583333333333336,5.052445013311312,0.059270361549281815,3144.858112475267,2000,2,walk,willing_0.4_bsp,bsp,0.1,adaptive,8,0.015625,36,1,1,2,1.0,0.027777777777777776,1.0,1,1.0,17.2085,18.19155,0,0.32400000000000007,0.32400000000000007,0.3
0.001171875,2.674633167894107,0.02496578071782203,3.8944737408776446,1.0,57.145833333333336,5.899275704533493,0.02379390571782203,2674.6331678941074,2000,3,walk,willing_0.4_bsp,bsp,0.1,adaptive,8,0.015625,33,0,0,0,nan,0.0,nan,0,nan,17.25,17.8022,0,0.32400000000000007,0.32400000000000007,0.3
0.0014973958333333332,3.9211961222218465,0.061128227019586166,3.413691799436266,0.9791666666666666,36.8125,5.167686421437714,0.05963083118625282,3921.1961222218447,2001,0,walk,willing_0.4_bsp,bsp,0.1,adaptive,8,0.015625,37,1,0,1,0.0,0.0,0.0,0,1.0,17.25,17.958,0,0.32400000000000007,0.32400000000000007,0.3
0.00043402777777777775,3.469808307775208,0.056006430230884814,3.4803493002872763,0.9791666666666666,39.958333333333336,5.205566682749293,0.05557240245310704,3469.8083077752076,2001,1,walk,willing_0.4_bsp,bsp,0.1,adaptive,8,0.015625,36,3,2,5,0.6666666666666666,0.05555555555555555,0.6666666666666666,2,1.0,17.2915,18.2228,0,0.32400000000000007,0.32400000000000007,0.3
0.0,4.543187612889688,0.03332876786834962,3.8939368609845175,1.0,45.666666666666664,5.579410636579453,0.03332876786834962,4543.187612889688,2001,2,walk,willing_0.4_bsp,bsp,0.1,adaptive,8,0.015625,37,1,1,2,1.0,0.02702702702702703,1.0,1,1.0,17.2915,17.998250000000002,0,0.32400000000000007,0.32400000000000007,0.3
0.0009765625,5.778067808872277,0.061162809231351804,3.7923613070170386,0.9166666666666666,31.0,4.870589822527454,0.060186246731351804,5778.067808872274,2001,3,walk,willing_0.4_bsp,bsp,0.1,adaptive,8,0.015625,32,1,1,4,1.0,0.03125,1.0,1,1.0,17.4165,19.05855,0,0.32400000000000007,0.32400000000000007,0.3
0.04981948844726062,4.282364667670572,0.044329833977809346,3.665040827354559,1.0,43.729166666666664,5.343881560680077,0.005489654469451276,4282.364667670572,2002,0,walk,willing_0.4_bsp,bsp,0.1,adaptive,8,0.015625,39,3,2,3,0.6666666666666666,0.05128205128205128,1.0,2,1.0,17.25,18.4045,0,0.32400000000000007,0.32400000000000007,0.3
0.083984375,1.8896512933990965,0.05397151435811687,3.2252360813403214,1.0,42.5625,5.300612007969806,0.030012860641883132,1889.6512933990991,2002,1,walk,willing_0.4_bsp,bsp,0.1,adaptive,8,0.015625,38,2,2,2,1.0,0.05263157894736842,1.0,2,1.0,17.354,18.6601,0,0.32400000000000007,0.32400000000000007,0.3
0.0008680555555555555,3.3577543972655817,0.08873473506458263,3.9240861984676485,0.9583333333333334,29.895833333333332,4.724657262524486,0.08786667950902709,3357.7543972655835,2002,2,walk,willing_0.4_bsp,bsp,0.1,adaptive,8,0.015625,33,3,2,4,0.6666666666666666,0.06060606060606061,1.0,2,1.0,17.563000000000002,20.03935,0,0.32400000000000007,0.32400000000000007,0.3
0.0027994791666666667,2.8952669915236195,0.03477779316425665,3.865397120287641,0.9791666666666666,49.291666666666664,5.580571625324398,0.031978313997589984,2895.2669915236215,2002,3,walk,willing_0.4_bsp,bsp,0.1,adaptive,8,0.015625,39,3,3,3,1.0,0.07692307692307693,1.0,3,1.0,17.375,18.6706,0,0.32400000000000007,0.32400000000000007,0.3
0.0027994791666666667,4.743024515628899,0.060210920988297646,4.449876250636227,0.9166666666666666,45.1875,5.344685900567261,0.057411441821630986,4743.0245156288975,2003,0,walk,willing_0.4_bsp,bsp,0.1,adaptive,8,0.015625,35,4,2,4,0.5,0.05714285714285714,0.3333333333333333,2,1.0,17.271,18.4853,0,0.32400000000000007,0.32400000000000007,0.3
0.0005208333333333333,3.8481238399500906,0.026543879042011855,4.129712129759826,0.9375,58.833333333333336,5.934227349448914,0.026023045708678524,3848.123839950089,2003,1,walk,willing_0.4_bsp,bsp,0.1,adaptive,8,0.015625,35,0,0,0,nan,0.0,nan,0,nan,17.5,18.63345,0,0.32400000000000007,0.32400000000000007,0.3
0.13311631944444444,1.8979028372963107,0.06284347135775455,3.2720085379642145,0.9166666666666666,41.125,5.20900393033598,0.09110618142002325,1897.9028372963114,2003,2,walk,willing_0.4_bsp,bsp,0.1,adaptive,8,0.015625,33,3,3,3,1.0,0.09090909090909091,1.0,3,1.0,17.459,20.683449999999997,0,0.32400000000000007,0.32400000000000007,0.3
0.016927083333333332,2.5303937340262386,0.06282128357294102,3.2889076378795785,1.0,33.0,4.930721641310607,0.04589420023960769,2530.3937340262387,2003,3,walk,willing_0.4_bsp,bsp,0.1,adaptive,8,0.015625,40,2,2,3,1.0,0.05,1.0,2,1.0,17.271,18.34145,0,0.32400000000000007,0.32400000000000007,0.3
0.0033420138888888887,1.916512558146442,0.058383620959873705,3.2829345555007703,1.0,36.791666666666664,5.1225857672877595,0.055041607070984815,1916.5125581464401,2004,0,walk,willing_0.4_bsp,bsp,0.1,adaptive,8,0.015625,38,4,3,3,0.75,0.07894736842105263,0.75,3,1.0,17.375,18.49615,0,0.32400000000000007,0.32400000000000007,0.3
0.10959201388888888,2.337120716835012,0.05317143956322012,3.611257372565237,1.0,38.791666666666664,5.271914167812955,0.056420574325668764,2337.120716835012,2004,1,walk,willing_0.4_bsp,bsp,0.1,adaptive,8,0.015625,35,3,3,4,1.0,0.08571428571428572,1.0,3,1.0,17.292,18.1727,0,0.32400000000000007,0.32400000000000007,0.3
0.0,3.6715201472353276,0.06156548989676278,3.5917411578126566,0.9791666666666666,37.020833333333336,5.115668797383727,0.06156548989676278,3671.5201472353287,2004,2,walk,willing_0.4_bsp,bsp,0.1,adaptive,8,0.015625,37,1,1,3,1.0,0.02702702702702703,1.0,1,1.0,17.2295,18.2899,0,0.32400000000000007,0.32400000000000007,0.3
0.14772135416666668,1.8593280415694264,0.04185730119427447,3.496474546882147,1.0,47.4375,5.524695024018197,0.10586405297239221,1859.3280415694271,2004,3,walk,willing_0.4_bsp,bsp,0.1,adaptive,8,0.015625,35,3,2,3,0.6666666666666666,0.05714285714285714,0.6666666666666666,2,1.0,17.333,20.762499999999996,0,0.32400000000000007,0.32400000000000007,0.3
0.0003255208333333333,4.152727784584214,0.06813529687530835,4.17618661585026,0.7708333333333334,35.479166666666664,5.005699170965494,0.06780977604197501,4152.7277845842145,2005,0,walk,willing_0.4_bsp,bsp,0.1,adaptive,8,0.015625,34,0,0,3,nan,0.0,nan,0,1.0,17.25,18.1625,0,0.32400000000000007,0.32400000000000007,0.3
0.21022135416666665,1.4481570751136699,0.04924613143581479,3.3520879744645513,1.0,44.104166666666664,5.339955815726739,0.16097522273085185,1448.1570751136703,2005,1,walk,willing_0.4_bsp,bsp,0.1,adaptive,8,0.015625,37,3,1,3,0.3333333333333333,0.02702702702702703,0.5,1,1.0,17.25,18.4853,0,0.32400000000000007,0.32400000000000007,0.3
0.2721354166666667,4.294238385689934,0.06042146181526708,3.200833378166236,1.0,37.4375,5.0911351509671805,0.21171395485139957,4294.238385689935,2005,2,walk,willing_0.4_bsp,bsp,0.1,adaptive,8,0.015625,42,3,2,2,0.6666666666666666,0.047619047619047616,1.0,2,1.0,17.2705,18.1499,0,0.32400000000000007,0.32400000000000007,0.3
0.06315104166666667,3.4790291974323124,0.02967993075107496,3.9103854068881767,1.0,54.541666666666664,5.776277358286786,0.033471110915591705,3479.029197432312,2005,3,walk,willing_0.4_bsp,bsp,0.1,adaptive,8,0.015625,38,1,1,1,1.0,0.02631578947368421,1.0,1,1.0,17.167,18.42545,0,0.32400000000000007,0.32400000000000007,0.3
0.0021484374999999997,3.4910593873239386,0.048849572798807216,3.475967033924212,0.9791666666666666,40.8125,5.27334726765898,0.04670113529880721,3491.0593873239395,2006,0,walk,willing_0.4_bsp,bsp,0.1,adaptive,8,0.015625,33,3,2,7,0.6666666666666666,0.06060606060606061,0.6666666666666666,2,1.0,17.1665,18.176849999999998,0,0.32400000000000007,0.32400000000000007,0.3
0.013324652777777779,1.7644967892572128,0.036059938370498486,3.728898431197003,1.0,45.583333333333336,5.530127449160694,0.022735285592720703,1764.4967892572133,2006,1,walk,willing_0.4_bsp,bsp,0.1,adaptive,8,0.015625,40,4,3,5,0.75,0.075,1.0,3,1.0,17.4795,19.135299999999997,0,0.32400000000000007,0.32400000000000007,0.3
0.017187499999999998,2.7536691188332125,0.06822617579816863,2.9218460480670347,1.0,30.229166666666668,4.813615823291579,0.05103867579816862,2753.669118833213,2006,2,walk,willing_0.4_bsp,bsp,0.1,adaptive,8,0.015625,35,3,2,3,0.6666666666666666,0.05714285714285714,0.5,2,1.0,17.2085,18.1376,0,0.32400000000000007,0.32400000000000007,0.3
0.024305555555555556,2.788889191074704,0.06027220417912332,3.5453514843637084,1.0,35.916666666666664,5.080238087708959,0.035966648623567764,2788.889191074703,2006,3,walk,willing_0.4_bsp,bsp,0.1,adaptive,8,0.015625,35,1,1,2,1.0,0.02857142857142857,1.0,1,1.0,17.0835,18.3442,0,0.32400000000000007,0.32400000000000007,0.3
0.0,2.375482393897324,0.07454798631886358,3.1821824610595306,1.0,30.791666666666668,4.823233222021344,0.07454798631886358,2375.482393897325,2007,0,walk,willing_0.4_bsp,bsp,0.1,adaptive,8,0.015625,33,0,0,2,nan,0.0,nan,0,1.0,17.521,19.246499999999997,0,0.32400000000000007,0.32400000000000007,0.3
0.0033420138888888887,2.323290647114581,0.0779097489407253,3.1961219705208226,1.0,34.291666666666664,4.889317969157799,0.07456773505183642,2323.290647114583,2007,1,walk,willing_0.4_bsp,bsp,0.1,adaptive,8,0.015625,36,1,1,2,1.0,0.027777777777777776,1.0,1,1.0,17.396,18.3603,0,0.32400000000000007,0.32400000000000007,0.3
0.0013020833333333333,4.239693433537228,0.03854565501727886,4.029232513680152,0.8125,47.5625,5.557753095436078,0.03724357168394552,4239.693433537226,2007,2,walk,willing_0.4_bsp,bsp,0.1,adaptive,8,0.015625,36,1,1,3,1.0,0.027777777777777776,1.0,1,1.0,17.3955,18.4419,0,0.32400000000000007,0.32400000000000007,0.3
0.19098668981481481,1.4300511568306071,0.056743774602845874,3.1923742272724778,1.0,29.875,4.901457829699948,0.13424291521196893,1430.0511568306076,2007,3,walk,willing_0.4_bsp,bsp,0.1,adaptive,8,0.015625,36,2,2,3,1.0,0.05555555555555555,1.0,2,1.0,17.334,18.96435,0,0.32400000000000007,0.32400000000000007,0.3
0.0006510416666666666,3.702496202937104,0.034548618571802754,3.731334600530404,0.9791666666666666,49.604166666666664,5.6301437575817035,0.03389757690513609,3702.496202937104,2008,0,walk,willing_0.4_bsp,bsp,0.1,adaptive,8,0.015625,37,0,0,1,nan,0.0,nan,0,1.0,17.25,18.34145,0,0.32400000000000007,0.32400000000000007,0.3
0.0005208333333333333,4.170830911344579,0.04557032957963159,3.7927383694807957,1.0,46.25,5.444867099323768,0.04504949624629826,4170.830911344578,2008,1,walk,willing_0.4_bsp,bsp,0.1,adaptive,8,0.015625,42,1,1,2,1.0,0.023809523809523808,1.0,1,1.0,17.271,18.6478,0,0.32400000000000007,0.32400000000000007,0.3
0.0,5.264483342514285,0.04375502974781787,3.6339718580950904,0.9791666666666666,45.416666666666664,5.354311070863297,0.04375502974781787,5264.483342514285,2008,2,walk,willing_0.4_bsp,bsp,0.1,adaptive,8,0.015625,38,2,0,3,0.0,0.0,0.0,0,1.0,17.208,18.1376,0,0.32400000000000007,0.32400000000000007,0.3
0.008072916666666667,4.758789532024284,0.024842966997150686,4.174563894252555,0.9375,59.083333333333336,5.938810185458479,0.01677005033048402,4758.789532024283,2008,3,walk,willing_0.4_bsp,bsp,0.1,adaptive,8,0.015625,39,0,0,0,nan,0.0,nan,0,nan,17.2915,17.75,0,0.32400000000000007,0.32400000000000007,0.3
0.1046875,2.3019927299730476,0.05783928983019668,3.3401544060519868,0.9791666666666666,40.979166666666664,5.216167216401537,0.04684821016980333,2301.9927299730475,2009,0,walk,willing_0.4_bsp,bsp,0.1,adaptive,8,0.015625,38,1,1,2,1.0,0.02631578947368421,1.0,1,1.0,17.167,18.2728,0,0.32400000000000007,0.32400000000000007,0.3
0.0003255208333333333,3.6194249103503844,0.026425438061123453,3.9217232632955077,0.9583333333333334,54.104166666666664,5.826708563996669,0.02609991722779012,3619.4249103503844,2009,1,walk,willing_0.4_bsp,bsp,0.1,adaptive,8,0.015625,42,1,1,1,1.0,0.023809523809523808,1.0,1,1.0,17.333,18.3705,0,0.32400000000000007,0.32400000000000007,0.3
0.0008463541666666667,3.363383226721831,0.05092715711395601,4.189970269252181,0.8541666666666666,39.645833333333336,5.255891394770155,0.050080802947289345,3363.383226721829,2009,2,walk,willing_0.4_bsp,bsp,0.1,adaptive,8,0.015625,36,1,1,3,1.0,0.027777777777777776,1.0,1,1.0,17.375,18.34385,0,0.32400000000000007,0.32400000000000007,0.3
0.06384858630952381,3.6402938801807543,0.05555337259336516,3.751680996262555,0.8333333333333334,38.729166666666664,5.199781310572557,0.012461880382825315,3640.2938801807545,2009,3,walk,willing_0.4_bsp,bsp,0.1,adaptive,8,0.015625,38,1,1,3,1.0,0.02631578947368421,1.0,1,1.0,17.1875,18.3831,0,0.32400000000000007,0.32400000000000007,0.3
0.043094428631667715,2.062490787600237,0.09180560494220902,3.0516817879587914,1.0,34.354166666666664,4.852590828594653,0.04871117631054131,2062.490787600237,2000,0,walk,willing_0.6_none,none,1,adaptive,8,0.015625,34,1,1,5,1.0,0.029411764705882353,1.0,1,1.0,2.4165,3.4097499999999994,0,0.48600000000000004,0.48600000000000004,0.3
0.0635768769363269,2.349083934393055,0.07536773169680688,3.4232311740876913,0.9583333333333334,34.1875,4.879606444477191,0.0414783994531049,2349.083934393055,2000,1,walk,willing_0.6_none,none,1,adaptive,8,0.015625,37,1,1,5,1.0,0.02702702702702703,1.0,1,1.0,2.417,3.3813499999999994,0,0.48600000000000004,0.48600000000000004,0.3
0.1822730654761905,1.5684895948618809,0.10256006923777228,2.877331335316834,1.0,26.5,4.52429874624895,0.105348100014713,1568.4895948618823,2000,2,walk,willing_0.6_none,none,1,adaptive,8,0.015625,36,1,1,4,1.0,0.027777777777777776,1.0,1,1.0,2.5835,4.34595,0,0.48600000000000004,0.48600000000000004,0.3
0.001171875,3.9868237899357997,0.048915157115247014,3.7897133359216606,1.0,46.020833333333336,5.413658453401195,0.047743282115247004,3986.8237899358014,2000,3,walk,willing_0.6_none,none,1,adaptive,8,0.015625,33,0,0,2,nan,0.0,nan,0,1.0,2.25,2.625,0,0.48600000000000004,0.48600000000000004,0.3
0.4794973544973545,0.8755555262552276,0.18386392135280916,2.2781639834501486,1.0,23.604166666666668,4.10246963879281,0.32153975912210925,875.5555262552276,2001,0,walk,willing_0.6_none,none,1,adaptive,8,0.015625,37,2,2,3,1.0,0.05405405405405406,1.0,2,1.0,2.208,2.5129499999999996,0,0.48600000000000004,0.48600000000000004,0.3
0.17275545634920633,1.615675030397245,0.10318148346591578,2.8483717934689228,1.0,25.729166666666668,4.49728384129829,0.06957397288329058,1615.6750303972449,2001,1,walk,willing_0.6_none,none,1,adaptive,8,0.015625,36,5,5,6,1.0,0.1388888888888889,1.0,5,1.0,2.334,2.8732499999999996,0,0.48600000000000004,0.48600000000000004,0.3
0.16666666666666666,1.9627065468256382,0.12226626560136737,2.823391288606546,1.0,30.020833333333332,4.555580122557136,0.12313349191255833,1962.7065468256387,2001,2,walk,willing_0.6_none,none,1,adaptive,8,0.015625,37,2,2,3,1.0,0.05405405405405406,1.0,2,1.0,2.208,2.5959499999999998,0,0.48600000000000004,0.48600000000000004,0.3
0.0450265522875817,1.9288965820156638,0.18983282051547068,2.8023233702442325,0.9791666666666666,23.625,3.988067208674225,0.14480626822788903,1928.8965820156643,2001,3,walk,willing_0.6_none,none,1,adaptive,8,0.015625,32,2,2,6,1.0,0.0625,1.0,2,1.0,2.292,2.7626,0,0.48600000000000004,0.48600000000000004,0.3
0.25,2.6612862046942722,0.23726621386824154,2.7766749651486147,0.9375,26.333333333333332,3.9484430733725446,0.11956944459031645,2661.286204694272,2002,0,walk,willing_0.6_none,none,1,adaptive,8,0.015625,39,3,3,5,1.0,0.07692307692307693,1.0,3,1.0,2.3545,4.867099999999998,0,0.48600000000000004,0.48600000000000004,0.3
0.083984375,1.2904038387425751,0.18631398095492402,2.3261588223598486,1.0,17.166666666666668,3.695313247333362,0.12157305268896974,1290.403838742575,2002,1,walk,willing_0.6_none,none,1,adaptive,8,0.015625,38,5,5,8,1.0,0.13157894736842105,1.0,5,1.0,2.2705,2.81865,0,0.48600000000000004,0.48600000000000004,0.3
0.1467013888888889,2.2087664381137206,0.15852841319643116,3.384294837593812,0.9583333333333334,21.6875,4.116370358179858,0.19247472923362183,2208.7664381137215,2002,2,walk,willing_0.6_none,none,1,adaptive,8,0.015625,33,3,3,6,1.0,0.09090909090909091,1.0,3,1.0,2.209,2.625,0,0.48600000000000004,0.48600000000000004,0.3
0.20963128306878306,2.109095492622713,0.10285593261621094,3.081440260776771,1.0,29.729166666666668,4.62283773016011,0.10677535045257214,2109.095492622713,2002,3,walk,willing_0.6_none,none,1,adaptive,8,0.015625,39,4,4,7,1.0,0.10256410256410256,1.0,4,1.0,2.3955,2.9688499999999998,0,0.48600000000000004,0.48600000000000004,0.3
0.1218584656084656,1.5483286012163164,0.24571267876558592,2.600012829291279,0.9791666666666666,16.708333333333332,3.5369033471149223,0.14885421315712033,1548.3286012163169,2003,0,walk,willing_0.6_none,none,1,adaptive,8,0.015625,35,6,6,10,1.0,0.17142857142857143,1.0,6,1.0,2.291,2.7619499999999997,0,0.48600000000000004,0.48600000000000004,0.3
0.20364583333333333,1.319177201723637,0.1927059950989419,2.486735708320244,1.0,19.291666666666668,3.903378491280119,0.13909272658776967,1319.1772017236374,2003,1,walk,willing_0.6_none,none,1,adaptive,8,0.015625,35,3,3,5,1.0,0.08571428571428572,1.0,3,1.0,2.3125,2.9023,0,0.48600000000000004,0.48600000000000004,0.3
0.08459105465684413,2.2703372700976248,0.12034500127005783,3.30203094248666,0.9791666666666666,38.354166666666664,4.909611220331611,0.06856644661321365,2270.3372700976256,2003,2,walk,willing_0.6_none,none,1,adaptive,8,0.015625,33,4,4,4,1.0,0.12121212121212122,1.0,4,1.0,2.25,3.2727999999999997,0,0.48600000000000004,0.48600000000000004,0.3
0.23524305555555558,1.416452507412884,0.14240497278531108,2.81695785437309,1.0,20.9375,4.103977508941157,0.18477475736729745,1416.4525074128844,2003,3,walk,willing_0.6_none,none,1,adaptive,8,0.015625,40,3,3,5,1.0,0.075,1.0,3,1.0,2.25,2.6103,0,0.48600000000000004,0.48600000000000004,0.3
0.12716224747474747,1.6810615058070228,0.1689616550339923,2.470957649046856,1.0,21.375,3.956408790297221,0.1515763199474561,1681.0615058070246,2004,0,walk,willing_0.6_none,none,1,adaptive,8,0.015625,38,4,4,6,1.0,0.10526315789473684,1.0,4,1.0,2.125,2.542,0,0.48600000000000004,0.48600000000000004,0.3
0.048146081349206345,1.999982511546109,0.12067607857319383,3.1529064802082645,1.0,25.645833333333332,4.456104068921473,0.07343061800975467,1999.982511546111,2004,1,walk,willing_0.6_none,none,1,adaptive,8,0.015625,35,4,4,6,1.0,0.11428571428571428,1.0,4,1.0,2.167,2.5273,0,0.48600000000000004,0.48600000000000004,0.3
0.1875,1.8859567428494763,0.06275991710773546,3.1634860517007195,0.9791666666666666,38.958333333333336,5.178432148144802,0.12474008289226453,1885.9567428494772,2004,2,walk,willing_0.6_none,none,1,adaptive,8,0.015625,37,1,1,1,1.0,0.02702702702702703,1.0,1,1.0,2.208,2.52665,0,0.48600000000000004,0.48600000000000004,0.3
0.1580817230273752,1.551756638554008,0.2108946961031116,2.7038954757613585,1.0,28.5625,4.094865067055365,0.08750047307573638,1551.7566385540083,2004,3,walk,willing_0.6_none,none,1,adaptive,8,0.015625,35,4,4,8,1.0,0.11428571428571428,1.0,4,1.0,2.208,2.5273,0,0.48600000000000004,0.48600000000000004,0.3
0.00033068783068783067,3.522144347100344,0.0792312997739744,4.063833228394619,0.7708333333333334,35.270833333333336,4.931663022164395,0.07890061194328658,3522.1443471003445,2005,0,walk,willing_0.6_none,none,1,adaptive,8,0.015625,34,0,0,3,nan,0.0,nan,0,1.0,2.25,2.8169,0,0.48600000000000004,0.48600000000000004,0.3
0.03605117394179894,2.9095462362671825,0.12164697851815948,3.6800804810732504,0.8541666666666666,27.395833333333332,4.4297698934152185,0.08559580457636055,2909.5462362671824,2005,1,walk,willing_0.6_none,none,1,adaptive,8,0.015625,37,4,4,6,1.0,0.10810810810810811,1.0,4,1.0,2.2295,2.583,0,0.48600000000000004,0.48600000000000004,0.3
0.41735046184198726,2.0516242354535827,0.19302344222178422,2.2950652451893814,1.0,25.791666666666668,4.002094930316482,0.2581141688101633,2051.624235453584,2005,2,walk,willing_0.6_none,none,1,adaptive,8,0.015625,42,4,4,5,1.0,0.09523809523809523,1.0,4,1.0,2.25,2.6376,0,0.48600000000000004,0.48600000000000004,0.3
0.0006837951753205989,2.682942653214956,0.09416593025446925,3.1305328740362426,1.0,38.4375,4.906948291137742,0.09348213507914861,2682.942653214957,2005,3,walk,willing_0.6_none,none,1,adaptive,8,0.015625,38,1,1,3,1.0,0.02631578947368421,1.0,1,1.0,2.208,2.55395,0,0.48600000000000004,0.48600000000000004,0.3
0.18820947570947574,3.0439221841018216,0.1744496702286211,3.475155075220764,0.8958333333333334,36.541666666666664,4.546463171337378,0.06397803134622908,3043.922184101821,2006,0,walk,willing_0.6_none,none,1,adaptive,8,0.015625,33,5,5,7,1.0,0.15151515151515152,1.0,5,1.0,2.25,2.56655,0,0.48600000000000004,0.48600000000000004,0.3
0.12617187500000002,1.7421102095678664,0.1005393148303177,3.475443809469557,0.875,31.020833333333332,4.712801895563927,0.1287467779703638,1742.110209567867,2006,1,walk,willing_0.6_none,none,1,adaptive,8,0.015625,40,5,5,6,1.0,0.125,1.0,5,1.0,2.25,2.7850999999999995,0,0.48600000000000004,0.48600000000000004,0.3
0.15351562500000002,1.3648978525239048,0.12719159097000096,2.7460324985090785,0.9583333333333334,24.125,4.27746187840304,0.04177265372587848,1364.8978525239052,2006,2,walk,willing_0.6_none,none,1,adaptive,8,0.015625,35,4,4,6,1.0,0.11428571428571428,1.0,4,1.0,2.291,3.0101999999999998,0,0.48600000000000004,0.48600000000000004,0.3
0.0011004618419872658,4.01837695602646,0.0611267515907978,3.8214399957040714,0.9791666666666666,41.875,5.256371368240026,0.060026289748810524,4018.376956026464,2006,3,walk,willing_0.6_none,none,1,adaptive,8,0.015625,35,2,2,3,1.0,0.05714285714285714,1.0,2,1.0,2.25,2.6498999999999997,0,0.48600000000000004,0.48600000000000004,0.3
0.020833333333333332,1.90776144675322,0.05704843860531312,3.223479364266497,1.0,43.104166666666664,5.36567854315016,0.03621510527197979,1907.7614467532203,2007,0,walk,willing_0.6_none,none,1,adaptive,8,0.015625,33,1,1,2,1.0,0.030303030303030304,1.0,1,1.0,2.208,2.4982499999999996,0,0.48600000000000004,0.48600000000000004,0.3
0.043744338768115947,2.8600850785411893,0.07597663347732923,3.5345859144859855,0.9791666666666666,33.666666666666664,4.932602187399161,0.05637454553116913,2860.085078541188,2007,1,walk,willing_0.6_none,none,1,adaptive,8,0.015625,36,3,3,5,1.0,0.08333333333333333,1.0,3,1.0,2.1665,2.5416499999999997,0,0.48600000000000004,0.48600000000000004,0.3
0.0007812499999999999,3.3160613581455185,0.038955632125992685,3.886604648033939,0.9375,47.3125,5.548367233033207,0.03817438212599269,3316.06135814552,2007,2,walk,willing_0.6_none,none,1,adaptive,8,0.015625,36,1,1,2,1.0,0.027777777777777776,1.0,1,1.0,2.208,2.4853,0,0.48600000000000004,0.48600000000000004,0.3
0.1704541706053803,1.2845917057145642,0.115243644988007,2.593822189749907,1.0,27.916666666666668,4.438068598278779,0.11871292560540414,1284.5917057145646,2007,3,walk,willing_0.6_none,none,1,adaptive,8,0.015625,36,2,2,4,1.0,0.05555555555555555,1.0,2,1.0,2.167,2.56895,0,0.48600000000000004,0.48600000000000004,0.3
0.08403604497354498,2.6234994659623334,0.10460181522829665,3.4242721404993497,0.9166666666666666,30.458333333333332,4.714562575996516,0.042782261960592365,2623.499465962333,2008,0,walk,willing_0.6_none,none,1,adaptive,8,0.015625,37,0,0,5,nan,0.0,nan,0,1.0,2.25,2.70865,0,0.48600000000000004,0.48600000000000004,0.3
0.0005208333333333333,3.911109198167681,0.07627999304723167,3.6405011889930132,0.9375,39.375,5.068790875480372,0.07575915971389834,3911.1091981676805,2008,1,walk,willing_0.6_none,none,1,adaptive,8,0.015625,42,3,3,4,1.0,0.07142857142857142,1.0,3,1.0,2.167,2.5683000000000002,0,0.48600000000000004,0.48600000000000004,0.3
0.020833333333333332,2.4927438567616504,0.13875047604170784,2.945237506359758,0.9375,31.270833333333332,4.549409231043271,0.11791714270837454,2492.74385676165,2008,2,walk,willing_0.6_none,none,1,adaptive,8,0.015625,38,2,2,2,1.0,0.05263157894736842,1.0,2,1.0,2.25,2.56865,0,0.48600000000000004,0.48600000000000004,0.3
0.03552827380952381,4.688671272045659,0.05040299461956014,3.638572336757871,1.0,52.8125,5.590193660182258,0.014874720810036332,4688.671272045659,2008,3,walk,willing_0.6_none,none,1,adaptive,8,0.015625,39,1,1,1,1.0,0.02564102564102564,1.0,1,1.0,2.208,2.56865,0,0.48600000000000004,0.48600000000000004,0.3
0.0005208333333333333,3.3323289894358994,0.06994988627393685,4.10583252619519,0.8333333333333334,41.3125,5.218610209164577,0.0694290529406035,3332.3289894359,2009,0,walk,willing_0.6_none,none,1,adaptive,8,0.015625,38,1,1,5,1.0,0.02631578947368421,1.0,1,1.0,2.292,2.69155,0,0.48600000000000004,0.48600000000000004,0.3
0.20924272486772488,1.640382499871207,0.06277588544299552,3.2662212178981487,1.0,41.4375,5.205034922077501,0.16422330935165677,1640.382499871208,2009,1,walk,willing_0.6_none,none,1,adaptive,8,0.015625,42,2,2,3,1.0,0.047619047619047616,1.0,2,1.0,2.1875,2.4978999999999996,0,0.48600000000000004,0.48600000000000004,0.3
0.04251818783068784,2.624857086696958,0.09026739573353171,3.3271822253262826,0.9583333333333334,34.3125,4.793052624192455,0.05142473998551237,2624.857086696958,2009,2,walk,willing_0.6_none,none,1,adaptive,8,0.015625,36,1,1,3,1.0,0.027777777777777776,1.0,1,1.0,2.25,3.0521999999999996,0,0.48600000000000004,0.48600000000000004,0.3
0.0019123626381044184,2.856266230332546,0.06600404151870841,3.5034992601043538,0.8541666666666666,39.75,5.136208881557711,0.064091678880604,2856.266230332547,2009,3,walk,willing_0.6_none,none,1,adaptive,8,0.015625,38,2,2,3,1.0,0.05263157894736842,1.0,2,1.0,2.208,2.6372999999999998,0,0.48600000000000004,0.48600000000000004,0.3
0.0014277619650010542,2.3507336120244986,0.04184287890675098,3.5541444134509494,1.0,43.333333333333336,5.4295168353518095,0.04041511694174992,2350.733612024499,2000,0,walk,willing_0.6_random,random,0.5,adaptive,8,0.015625,34,1,1,2,1.0,0.029411764705882353,1.0,1,1.0,2.25,3.0896999999999992,0,0.48600000000000004,0.48600000000000004,0.3
0.0010768769363268883,2.52154202594359,0.02477154259343826,4.006363024630942,0.9791666666666666,58.666666666666664,5.928007228508552,0.023694665657111372,2521.542025943591,2000,1,walk,willing_0.6_random,random,0.5,adaptive,8,0.015625,37,1,0,0,0.0,0.0,0.0,0,nan,2.167,2.58125,0,0.48600000000000004,0.48600000000000004,0.3
0.08385416666666667,3.195009518438265,0.10575432484657288,3.065357327337549,1.0,28.645833333333332,4.558019652106396,0.11178850888310161,3195.009518438261,2000,2,walk,willing_0.6_random,random,0.5,adaptive,8,0.015625,36,1,1,4,1.0,0.027777777777777776,1.0,1,1.0,2.208,2.56865,0,0.48600000000000004,0.48600000000000004,0.3
0.001171875,3.645046432779468,0.02332258731810582,4.081120028163224,1.0,59.6875,5.960768297154792,0.022150712318105822,3645.0464327794703,2000,3,walk,willing_0.6_random,random,0.5,adaptive,8,0.015625,33,0,0,0,nan,0.0,nan,0,nan,2.2915,2.91425,0,0.48600000000000004,0.48600000000000004,0.3
0.20866402116402116,1.2176552402550733,0.17988900605225253,2.4601204699198944,1.0,24.875,4.1715163239672535,0.06979449496683769,1217.655240255073,2001,0,walk,willing_0.6_random,random,0.5,adaptive,8,0.015625,37,2,2,2,1.0,0.05405405405405406,1.0,2,1.0,2.375,3.670949999999999,0,0.48600000000000004,0.48600000000000004,0.3
0.00043402777777777775,4.377775768392737,0.024472073292682302,4.173731257027009,1.0,56.895833333333336,5.907483813651709,0.024038045514904526,4377.775768392737,2001,1,walk,willing_0.6_random,random,0.5,adaptive,8,0.015625,36,5,1,1,0.2,0.027777777777777776,0.3333333333333333,1,1.0,2.167,2.67895,0,0.48600000000000004,0.48600000000000004,0.3
0.0,4.5881556672445205,0.029436092013616647,3.9885300442226885,1.0,48.208333333333336,5.668682803993675,0.029436092013616647,4588.1556672445195,2001,2,walk,willing_0.6_random,random,0.5,adaptive,8,0.015625,37,2,1,2,0.5,0.02702702702702703,1.0,1,1.0,2.2295,3.02555,0,0.48600000000000004,0.48600000000000004,0.3
0.024193218954248367,3.879151146845052,0.02506420900956259,4.659704897081656,0.625,56.020833333333336,5.8846050513907295,0.0008709900553142228,3879.1511468450494,2001,3,walk,willing_0.6_random,random,0.5,adaptive,8,0.015625,32,2,1,1,0.5,0.03125,0.5,1,1.0,2.2085,2.8561499999999995,0,0.48600000000000004,0.48600000000000004,0.3
0.020833333333333332,5.255088551267105,0.03666988690672323,3.8918786521828714,0.9375,52.083333333333336,5.644328535363772,0.03873328214758836,5255.088551267104,2002,0,walk,willing_0.6_random,random,0.5,adaptive,8,0.015625,39,3,1,2,0.3333333333333333,0.02564102564102564,0.5,1,1.0,2.2705,2.94155,0,0.48600000000000004,0.48600000000000004,0.3
0.0006510416666666666,2.758873981730659,0.03411335219332563,3.892606739587519,0.9583333333333334,50.9375,5.658577477029122,0.03346231052665897,2758.8739817306578,2002,1,walk,willing_0.6_random,random,0.5,adaptive,8,0.015625,38,5,1,2,0.2,0.02631578947368421,0.25,1,1.0,2.208,2.6085499999999997,0,0.48600000000000004,0.48600000000000004,0.3
0.1467013888888889,3.2180213251711525,0.14807959786782537,3.9676040923454043,0.8125,25.770833333333332,4.3941437851739105,0.1735907597797356,3218.0213251711534,2002,2,walk,willing_0.6_random,random,0.5,adaptive,8,0.015625,33,3,2,4,0.6666666666666666,0.06060606060606061,0.5,2,1.0,2.291,2.9271999999999996,0,0.48600000000000004,0.48600000000000004,0.3
0.06379794973544974,3.128494173643913,0.08917785993901178,4.00190710417325,0.7708333333333334,34.395833333333336,4.8154268658739765,0.08608963447930988,3128.4941736439137,2002,3,walk,willing_0.6_random,random,0.5,adaptive,8,0.015625,39,4,2,4,0.5,0.05128205128205128,0.3333333333333333,2,1.0,2.291,2.625,0,0.48600000000000004,0.48600000000000004,0.3
0.0419973544973545,4.359901191035678,0.07820531159184141,4.124954311789241,0.7916666666666666,50.979166666666664,5.512030797632078,0.048707957094486914,4359.901191035676,2003,0,walk,willing_0.6_random,random,0.5,adaptive,8,0.015625,35,6,3,3,0.5,0.08571428571428572,0.5,3,1.0,2.208,2.541,0,0.48600000000000004,0.48600000000000004,0.3
0.24531250000000002,1.0312219014084978,0.15342209811892127,2.56748505760785,1.0,24.854166666666668,4.330310715622206,0.14559842379821444,1031.2219014084978,2003,1,walk,willing_0.6_random,random,0.5,adaptive,8,0.015625,35,3,2,2,0.6666666666666666,0.05714285714285714,0.6666666666666666,2,1.0,2.25,2.8130499999999996,0,0.48600000000000004,0.48600000000000004,0.3
0.08459105465684413,2.1922526013935566,0.11139258616262553,3.3385538776362025,0.9791666666666666,40.541666666666664,5.008639664550172,0.05961403150578141,2192.252601393557,2003,2,walk,willing_0.6_random,random,0.5,adaptive,8,0.015625,33,4,3,3,0.75,0.09090909090909091,1.0,3,1.0,2.209,2.55395,0,0.48600000000000004,0.48600000000000004,0.3
0.08940972222222222,1.6593036376106418,0.1286134706148006,2.9299652478011464,1.0,22.583333333333332,4.218050140550367,0.08713181488715588,1659.303637610643,2003,3,walk,willing_0.6_random,random,0.5,adaptive,8,0.015625,40,3,3,5,1.0,0.075,1.0,3,1.0,2.208,2.5416499999999997,0,0.48600000000000004,0.48600000000000004,0.3
0.043828914141414134,2.6594890335757446,0.04646232748453826,3.4071042956876614,1.0,36.6875,5.202000453652761,0.0026334133431241227,2659.4890335757445,2004,0,walk,willing_0.6_random,random,0.5,adaptive,8,0.015625,38,4,2,3,0.5,0.05263157894736842,0.5,2,1.0,2.25,2.6666499999999997,0,0.48600000000000004,0.48600000000000004,0.3
0.1875,3.758640162442236,0.03503310162391064,3.686427483463468,0.9791666666666666,47.145833333333336,5.606155399317916,0.15246689837608937,3758.6401624422374,2004,1,walk,willing_0.6_random,random,0.5,adaptive,8,0.015625,35,4,2,3,0.5,0.05714285714285714,0.5,2,1.0,2.2295,2.5416499999999997,0,0.48600000000000004,0.48600000000000004,0.3
0.020833333333333332,2.291306664373121,0.07286455215851892,3.0381142364758165,0.9791666666666666,32.354166666666664,4.87378253462025,0.052031218825185584,2291.306664373122,2004,2,walk,willing_0.6_random,random,0.5,adaptive,8,0.015625,37,1,1,3,1.0,0.02702702702702703,1.0,1,1.0,2.208,2.48565,0,0.48600000000000004,0.48600000000000004,0.3
0.12533068783068782,2.6213067356495383,0.1958612814000651,3.0712739202749444,1.0,33.0,4.351370477061278,0.13065705478081346,2621.30673564954,2004,3,walk,willing_0.6_random,random,0.5,adaptive,8,0.015625,35,4,3,4,0.75,0.08571428571428572,0.75,3,1.0,2.208,2.69155,0,0.48600000000000004,0.48600000000000004,0.3
0.02175925925925926,2.3377033737852453,0.04901837689330122,3.5623099891599783,1.0,39.375,5.29503369106344,0.02725911763404196,2337.703373785245,2005,0,walk,willing_0.6_random,random,0.5,adaptive,8,0.015625,34,0,0,1,nan,0.0,nan,0,1.0,2.167,2.6103,0,0.48600000000000004,0.48600000000000004,0.3
0.06439318783068783,1.8298903936373787,0.044954086507363294,3.6459126010111444,1.0,45.0625,5.3756625671908695,0.019439101323324538,1829.890393637379,2005,1,walk,willing_0.6_random,random,0.5,adaptive,8,0.015625,37,4,2,2,0.5,0.05405405405405406,0.6666666666666666,2,1.0,2.208,2.5273,0,0.48600000000000004,0.48600000000000004,0.3
0.37568379517532063,2.058773105255825,0.15825464507754572,2.3770790547046388,1.0,26.979166666666668,4.14733884763992,0.22968136535684144,2058.7731052558256,2005,2,walk,willing_0.6_random,random,0.5,adaptive,8,0.015625,42,4,3,3,0.75,0.07142857142857142,1.0,3,1.0,2.166,2.4023,0,0.48600000000000004,0.48600000000000004,0.3
0.0006837951753205989,4.329273113667826,0.025948814269396023,3.978089630180595,1.0,58.9375,5.923398478775926,0.025265019094075428,4329.273113667828,2005,3,walk,willing_0.6_random,random,0.5,adaptive,8,0.015625,38,1,0,0,0.0,0.0,0.0,0,nan,2.1875,2.55395,0,0.48600000000000004,0.48600000000000004,0.3
0.14654280904280906,2.8221955165789248,0.13731418954345334,3.4188062184097703,0.9166666666666666,34.916666666666664,4.582854158327861,0.10447492390167486,2822.1955165789254,2006,0,walk,willing_0.6_random,random,0.5,adaptive,8,0.015625,33,5,2,6,0.4,0.06060606060606061,0.25,2,1.0,2.1455,2.56865,0,0.48600000000000004,0.48600000000000004,0.3
0.0625,3.027394089742256,0.06324242769567578,4.013485257250939,0.9166666666666666,42.5625,5.182227892221323,0.04427409700282689,3027.3940897422544,2006,1,walk,willing_0.6_random,random,0.5,adaptive,8,0.015625,40,5,1,2,0.2,0.025,0.25,1,1.0,2.375,3.3876,0,0.48600000000000004,0.48600000000000004,0.3
0.017187499999999998,1.791670133786386,0.07141323365556128,3.284004336606111,0.9583333333333334,36.270833333333336,4.959283571879651,0.05422573365556128,1791.6701337863867,2006,2,walk,willing_0.6_random,random,0.5,adaptive,8,0.015625,35,4,2,3,0.5,0.05714285714285714,0.6666666666666666,2,1.0,2.3125,2.83125,0,0.48600000000000004,0.48600000000000004,0.3
0.18860046184198728,2.771425767724162,0.05364049354449318,3.3442883845862688,1.0,36.854166666666664,5.1235418083971975,0.1349599682974941,2771.425767724162,2006,3,walk,willing_0.6_random,random,0.5,adaptive,8,0.015625,35,2,2,3,1.0,0.05714285714285714,1.0,2,1.0,2.209,2.6795999999999998,0,0.48600000000000004,0.48600000000000004,0.3
0.0,4.749979089498058,0.03733016203413506,3.915678880792253,1.0,43.833333333333336,5.43958475894317,0.03733016203413506,4749.979089498056,2007,0,walk,willing_0.6_random,random,0.5,adaptive,8,0.015625,33,1,1,2,1.0,0.030303030303030304,1.0,1,1.0,2.1875,2.52665,0,0.48600000000000004,0.48600000000000004,0.3
0.02291100543478261,2.1393330918706916,0.051791444115205414,3.5324187814270243,0.9791666666666666,40.791666666666664,5.309719185873933,0.0288804386804228,2139.3330918706934,2007,1,walk,willing_0.6_random,random,0.5,adaptive,8,0.015625,36,3,1,1,0.3333333333333333,0.027777777777777776,0.3333333333333333,1,1.0,2.209,2.52665,0,0.48600000000000004,0.48600000000000004,0.3
0.0007812499999999999,3.6053509511558546,0.024185991123262474,4.107532515996179,0.9791666666666666,58.875,5.93992978275658,0.023404741123262473,3605.3509511558555,2007,2,walk,willing_0.6_random,random,0.5,adaptive,8,0.015625,36,1,0,0,0.0,0.0,0.0,0,nan,2.209,2.56865,0,0.48600000000000004,0.48600000000000004,0.3
0.02434102449223417,2.0659778841488525,0.052632330442520685,3.568896767632671,0.9583333333333334,33.520833333333336,5.054327722503465,0.05866469468170158,2065.9778841488546,2007,3,walk,willing_0.6_random,random,0.5,adaptive,8,0.015625,36,2,2,5,1.0,0.05555555555555555,1.0,2,1.0,2.25,2.83125,0,0.48600000000000004,0.48600000000000004,0.3
0.0007027116402116402,3.724292955701451,0.04476808076110902,3.9907815046899473,0.9166666666666666,38.833333333333336,5.285273515640605,0.044065369120897376,3724.2929557014486,2008,0,walk,willing_0.6_random,random,0.5,adaptive,8,0.015625,37,0,0,1,nan,0.0,nan,0,1.0,2.2085,2.625,0,0.48600000000000004,0.48600000000000004,0.3
0.12552083333333333,2.216939291614344,0.03975887878547996,3.476472360586967,1.0,44.270833333333336,5.506533420848247,0.08576195454785336,2216.939291614345,2008,1,walk,willing_0.6_random,random,0.5,adaptive,8,0.015625,42,3,1,2,0.3333333333333333,0.023809523809523808,0.3333333333333333,1,1.0,2.167,2.5,0,0.48600000000000004,0.48600000000000004,0.3
0.0625,2.500349235553145,0.13653266223185007,2.8626509255120225,0.9583333333333334,29.229166666666668,4.465934628849611,0.08712161731210359,2500.349235553145,2008,2,walk,willing_0.6_random,random,0.5,adaptive,8,0.015625,38,2,2,2,1.0,0.05263157894736842,1.0,2,1.0,2.167,2.625,0,0.48600000000000004,0.48600000000000004,0.3
0.2955729166666667,1.8556335099566885,0.05209701065593731,3.437941621317543,1.0,38.520833333333336,5.251887386402632,0.24347590601072935,1855.633509956688,2008,3,walk,willing_0.6_random,random,0.5,adaptive,8,0.015625,39,1,0,1,0.0,0.0,0.0,0,1.0,2.1665,2.4853,0,0.48600000000000004,0.48600000000000004,0.3
0.0005208333333333333,5.2663477857761265,0.06203998394920393,5.237240696102648,0.3958333333333333,38.875,5.114555299712346,0.0615191506158706,5266.347785776122,2009,0,walk,willing_0.6_random,random,0.5,adaptive,8,0.015625,38,1,0,1,0.0,0.0,0.0,0,1.0,2.209,2.58365,0,0.48600000000000004,0.48600000000000004,0.3
0.0009093915343915343,2.8030082960109888,0.022753652376787503,3.9609024603586627,1.0,59.520833333333336,5.9577127541111174,0.021844260842395966,2803.0082960109908,2009,1,walk,willing_0.6_random,random,0.5,adaptive,8,0.015625,42,2,0,0,0.0,0.0,0.0,0,nan,2.208,2.69365,0,0.48600000000000004,0.48600000000000004,0.3
0.10501818783068784,2.8682883806435213,0.031324894198101805,3.749938487397648,1.0,48.791666666666664,5.626117185589386,0.07369329363258603,2868.2883806435216,2009,2,walk,willing_0.6_random,random,0.5,adaptive,8,0.015625,36,1,1,2,1.0,0.027777777777777776,1.0,1,1.0,2.167,2.6624999999999996,0,0.48600000000000004,0.48600000000000004,0.3
0.04286063850017339,2.1301604621393895,0.05553630513121807,3.3260450980213125,0.9791666666666666,39.4375,5.19430662234016,0.03034619337675845,2130.1604621393903,2009,3,walk,willing_0.6_random,random,0.5,adaptive,8,0.015625,38,2,1,3,0.5,0.02631578947368421,0.5,1,1.0,2.2085,2.55395,0,0.48600000000000004,0.48600000000000004,0.3
0.0205078125,2.3392065395755064,0.0799607014256959,3.1662335149791687,0.9583333333333334,29.5,4.773059618449023,0.05945288892569589,2339.2065395755058,2000,0,walk,willing_0.6_bsp,bsp,0.1,adaptive,8,0.015625,34,1,0,5,0.0,0.0,0.0,0,1.0,17.5625,20.8727,0,0.48600000000000004,0.48600000000000004,0.3
0.0869140625,2.305514276451452,0.049753608977463094,3.551296022429746,1.0,44.104166666666664,5.369831767548188,0.041327120189203585,2305.514276451452,2000,1,walk,willing_0.6_bsp,bsp,0.1,adaptive,8,0.015625,37,1,1,1,1.0,0.02702702702702703,1.0,1,1.0,17.542,19.079150000000002,0,0.48600000000000004,0.48600000000000004,0.3
0.13615451388888888,1.990267707088259,0.063899983701423,3.4555378743646474,0.9791666666666666,36.020833333333336,5.067386938367474,0.07642119685413255,1990.2677070882598,2000,2,walk,willing_0.6_bsp,bsp,0.1,adaptive,8,0.015625,36,1,1,3,1.0,0.027777777777777776,1.0,1,1.0,18.083,23.699899999999996,0,0.48600000000000004,0.48600000000000004,0.3
0.04283854166666667,3.295090869556868,0.0343196344066832,3.790954955322873,1.0,50.541666666666664,5.6333539522468605,0.008518907259983463,3295.0908695568673,2000,3,walk,willing_0.6_bsp,bsp,0.1,adaptive,8,0.015625,33,0,0,2,nan,0.0,nan,0,1.0,17.584,18.70625,0,0.48600000000000004,0.48600000000000004,0.3
0.004969618055555555,3.5043818530685003,0.04240733937968675,3.6317142109652605,1.0,53.354166666666664,5.6764419624624685,0.037437721324131194,3504.3818530685003,2001,0,walk,willing_0.6_bsp,bsp,0.1,adaptive,8,0.015625,37,2,0,0,0.0,0.0,0.0,0,nan,17.5,18.1772,0,0.48600000000000004,0.48600000000000004,0.3
0.276922123015873,1.174171311801949,0.07449222690145516,3.081804962287491,1.0,31.666666666666668,4.883463401698594,0.20242989611441786,1174.1713118019493,2001,1,walk,willing_0.6_bsp,bsp,0.1,adaptive,8,0.015625,36,5,5,7,1.0,0.1388888888888889,1.0,5,1.0,17.646,21.002299999999998,0,0.48600000000000004,0.48600000000000004,0.3
0.3229166666666667,1.2899260889891568,0.06986322416911471,2.938361289358719,1.0,37.541666666666664,5.056452660507531,0.2572201091642186,1289.9260889891573,2001,2,walk,willing_0.6_bsp,bsp,0.1,adaptive,8,0.015625,37,2,1,2,0.5,0.02702702702702703,1.0,1,1.0,17.5625,18.818649999999998,0,0.48600000000000004,0.48600000000000004,0.3
0.037434895833333336,3.21742458009949,0.06278947022357691,3.710258477073604,1.0,36.125,5.065292471277734,0.02535457439024358,3217.42458009949,2001,3,walk,willing_0.6_bsp,bsp,0.1,adaptive,8,0.015625,32,2,1,4,0.5,0.03125,0.5,1,1.0,17.4795,21.589599999999997,0,0.48600000000000004,0.48600000000000004,0.3
0.008152821780593957,5.237251493474065,0.06191172794802704,4.260683485400103,0.7916666666666666,34.791666666666664,5.026279537035951,0.05375890616743308,5237.251493474065,2002,0,walk,willing_0.6_bsp,bsp,0.1,adaptive,8,0.015625,39,3,0,4,0.0,0.0,0.0,0,1.0,17.6665,20.107999999999997,0,0.48600000000000004,0.48600000000000004,0.3
0.10481770833333333,1.5581185219163929,0.054856988501848954,3.266420759281166,1.0,40.479166666666664,5.212402329975008,0.049960719831484375,1558.1185219163942,2002,1,walk,willing_0.6_bsp,bsp,0.1,adaptive,8,0.015625,38,5,3,6,0.6,0.07894736842105263,0.5,3,1.0,17.458,18.57325,0,0.48600000000000004,0.48600000000000004,0.3
0.12586805555555555,2.2412748489641454,0.07248000856773178,3.285508797616348,0.9583333333333334,29.625,4.803246801921788,0.05755471365449047,2241.2748489641453,2002,2,walk,willing_0.6_bsp,bsp,0.1,adaptive,8,0.015625,33,3,2,6,0.6666666666666666,0.06060606060606061,1.0,2,1.0,17.417,18.11065,0,0.48600000000000004,0.48600000000000004,0.3
0.005403645833333334,4.375662530772671,0.06594148416500385,4.945388677357908,0.6666666666666666,40.9375,5.167068767102983,0.06053783833167053,4375.66253077267,2002,3,walk,willing_0.6_bsp,bsp,0.1,adaptive,8,0.015625,39,4,1,3,0.25,0.02564102564102564,0.3333333333333333,1,1.0,17.291,18.7273,0,0.48600000000000004,0.48600000000000004,0.3
0.0236328125,2.701323670314631,0.05377019546250931,3.66220715278588,1.0,41.333333333333336,5.244881041389005,0.030137382962509313,2701.323670314632,2003,0,walk,willing_0.6_bsp,bsp,0.1,adaptive,8,0.015625,35,6,3,3,0.5,0.08571428571428572,0.5,3,1.0,17.604,19.62895,0,0.48600000000000004,0.48600000000000004,0.3
0.016145833333333335,3.0292271225013443,0.08129296653470654,3.230913021592977,1.0,25.8125,4.651136687520517,0.0651471332013732,3029.2271225013424,2003,1,walk,willing_0.6_bsp,bsp,0.1,adaptive,8,0.015625,35,3,2,6,0.6666666666666666,0.05714285714285714,0.6666666666666666,2,1.0,17.561999999999998,20.493649999999995,0,0.48600000000000004,0.48600000000000004,0.3
0.12790798611111112,2.2326909908632917,0.06327669033497803,3.131125376255811,0.9166666666666666,36.75,5.056891409150876,0.08546462910946644,2232.690990863292,2003,2,walk,willing_0.6_bsp,bsp,0.1,adaptive,8,0.015625,33,4,3,4,0.75,0.09090909090909091,1.0,3,1.0,17.4375,18.6068,0,0.48600000000000004,0.48600000000000004,0.3
0.12109375,1.6380166935805744,0.0686860303072399,2.915671802455114,1.0,28.979166666666668,4.761459469667766,0.0524077196927601,1638.0166935805748,2003,3,walk,willing_0.6_bsp,bsp,0.1,adaptive,8,0.015625,40,3,2,6,0.6666666666666666,0.05,0.6666666666666666,2,1.0,17.561999999999998,19.14155,0,0.48600000000000004,0.48600000000000004,0.3
0.0033420138888888887,2.2206925352019096,0.07309328137475311,3.0342102007121756,1.0,29.145833333333332,4.739824542229544,0.06975126748586423,2220.692535201909,2004,0,walk,willing_0.6_bsp,bsp,0.1,adaptive,8,0.015625,38,4,3,5,0.75,0.07894736842105263,0.75,3,1.0,17.416,18.21645,0,0.48600000000000004,0.48600000000000004,0.3
0.1929253472222222,3.4546535272879226,0.07351452952726871,4.085101582516475,0.6666666666666666,29.583333333333332,4.831254874224168,0.13607748436162018,3454.6535272879223,2004,1,walk,willing_0.6_bsp,bsp,0.1,adaptive,8,0.015625,35,4,3,6,0.75,0.08571428571428572,0.75,3,1.0,17.292,18.5,0,0.48600000000000004,0.48600000000000004,0.3
0.1875,1.9216812562269523,0.0708523761953138,3.050225253361569,0.9791666666666666,32.145833333333336,4.903944507166067,0.12081429047135288,1921.6812562269533,2004,2,walk,willing_0.6_bsp,bsp,0.1,adaptive,8,0.015625,37,1,1,5,1.0,0.02702702702702703,1.0,1,1.0,17.417,18.372600000000002,0,0.48600000000000004,0.48600000000000004,0.3
0.11260850694444445,2.084735916387057,0.049866641908432374,3.3568584458153623,1.0,39.6875,5.234578811270459,0.06274186503601208,2084.735916387058,2004,3,walk,willing_0.6_bsp,bsp,0.1,adaptive,8,0.015625,35,4,3,5,0.75,0.08571428571428572,0.75,3,1.0,17.5205,19.410199999999996,0,0.48600000000000004,0.48600000000000004,0.3
0.12532552083333334,2.09248655689503,0.0428344695266038,3.745934138862021,0.9791666666666666,49.8125,5.561136074419415,0.08249105130672953,2092.4865568950313,2005,0,walk,willing_0.6_bsp,bsp,0.1,adaptive,8,0.015625,34,0,0,2,nan,0.0,nan,0,1.0,17.334,17.83125,0,0.48600000000000004,0.48600000000000004,0.3
0.020421006944444445,3.1780659857174296,0.07883933549445314,3.6094049905516967,0.9791666666666666,32.083333333333336,4.829431639432614,0.0584183285500087,3178.0659857174282,2005,1,walk,willing_0.6_bsp,bsp,0.1,adaptive,8,0.015625,37,4,1,4,0.25,0.02702702702702703,0.3333333333333333,1,1.0,18.1045,21.6433,0,0.48600000000000004,0.48600000000000004,0.3
0.18880208333333334,4.3994891734764385,0.04968167960253387,3.5916390857057405,1.0,53.041666666666664,5.633362487964462,0.13912040373079945,4399.489173476439,2005,2,walk,willing_0.6_bsp,bsp,0.1,adaptive,8,0.015625,42,4,1,1,0.25,0.023809523809523808,0.5,1,1.0,17.604,18.8943,0,0.48600000000000004,0.48600000000000004,0.3
0.0006510416666666666,4.237860796084949,0.04717553303283129,4.185255351299753,0.875,45.125,5.394986106243277,0.04652449136616463,4237.86079608495,2005,3,walk,willing_0.6_bsp,bsp,0.1,adaptive,8,0.015625,38,1,0,1,0.0,0.0,0.0,0,1.0,17.5,18.7773,0,0.48600000000000004,0.48600000000000004,0.3
0.3146484375,2.014984153706863,0.06023277257566271,3.1258067387123982,0.9791666666666666,37.8125,5.112849911777879,0.25441566492433726,2014.984153706863,2006,0,walk,willing_0.6_bsp,bsp,0.1,adaptive,8,0.015625,33,5,3,6,0.6,0.09090909090909091,0.75,3,1.0,17.292,18.7728,0,0.48600000000000004,0.48600000000000004,0.3
0.10533854166666667,2.41577923630391,0.05645564668257041,3.6026099043457447,0.9166666666666666,38.666666666666664,5.152024809579442,0.048882894984096266,2415.7792363039084,2006,1,walk,willing_0.6_bsp,bsp,0.1,adaptive,8,0.015625,40,5,4,7,0.8,0.1,1.0,4,1.0,17.792,27.98299999999999,0,0.48600000000000004,0.48600000000000004,0.3
0.03756820436507936,2.5148506173255396,0.05978667050587799,3.045707608258393,1.0,30.8125,4.838250161625555,0.02221846614079863,2514.8506173255396,2006,2,walk,willing_0.6_bsp,bsp,0.1,adaptive,8,0.015625,35,4,3,6,0.75,0.08571428571428572,0.6666666666666666,3,1.0,17.583,18.27665,0,0.48600000000000004,0.48600000000000004,0.3
0.003472222222222222,4.560103012929203,0.07219821210356926,3.7258648097155938,1.0,35.5625,5.00052880640397,0.06872598988134704,4560.103012929202,2006,3,walk,willing_0.6_bsp,bsp,0.1,adaptive,8,0.015625,35,2,0,2,0.0,0.0,0.0,0,1.0,17.375,18.5897,0,0.48600000000000004,0.48600000000000004,0.3
0.0,2.181422876990567,0.08018430436188499,3.128513033169502,1.0,30.791666666666668,4.798947225142887,0.08018430436188499,2181.4228769905676,2007,0,walk,willing_0.6_bsp,bsp,0.1,adaptive,8,0.015625,33,1,1,5,1.0,0.030303030303030304,1.0,1,1.0,17.3335,18.08125,0,0.48600000000000004,0.48600000000000004,0.3
0.0033420138888888887,2.269252959527809,0.06308256998601765,3.103005348223999,1.0,46.6875,5.326360067057137,0.05974055609712878,2269.2529595278093,2007,1,walk,willing_0.6_bsp,bsp,0.1,adaptive,8,0.015625,36,3,1,1,0.3333333333333333,0.027777777777777776,0.3333333333333333,1,1.0,17.354,18.1796,0,0.48600000000000004,0.48600000000000004,0.3
0.022135416666666668,4.202532588610869,0.05938287422493321,4.0900862252778625,0.8333333333333334,38.916666666666664,5.139487231490842,0.03724745755826655,4202.5325886108685,2007,2,walk,willing_0.6_bsp,bsp,0.1,adaptive,8,0.015625,36,1,1,6,1.0,0.027777777777777776,1.0,1,1.0,17.4375,18.274549999999998,0,0.48600000000000004,0.48600000000000004,0.3
0.11271701388888888,2.6738133025569617,0.05500488839823554,3.6384435646953186,1.0,42.645833333333336,5.282601333401584,0.05771212549065335,2673.813302556961,2007,3,walk,willing_0.6_bsp,bsp,0.1,adaptive,8,0.015625,36,2,2,3,1.0,0.05555555555555555,1.0,2,1.0,17.458,19.64825,0,0.48600000000000004,0.48600000000000004,0.3
0.083984375,2.074456212086242,0.051299931666808456,3.363545086437604,0.9583333333333334,42.375,5.350571557160458,0.032684443333191544,2074.4562120862433,2008,0,walk,willing_0.6_bsp,bsp,0.1,adaptive,8,0.015625,37,0,0,3,nan,0.0,nan,0,1.0,17.334,18.620849999999997,0,0.48600000000000004,0.48600000000000004,0.3
0.0005208333333333333,3.9722623939829123,0.06075262885694533,3.6069807928827315,1.0,37.395833333333336,5.170612030467887,0.060231795523612,3972.2623939829123,2008,1,walk,willing_0.6_bsp,bsp,0.1,adaptive,8,0.015625,42,3,1,3,0.3333333333333333,0.023809523809523808,0.3333333333333333,1,1.0,17.5,18.4433,0,0.48600000000000004,0.48600000000000004,0.3
0.2708333333333333,2.5144946906353645,0.05119083152356577,3.3702841894305315,0.9791666666666666,48.9375,5.521141201649004,0.21964250180976755,2514.494690635364,2008,2,walk,willing_0.6_bsp,bsp,0.1,adaptive,8,0.015625,38,2,1,2,0.5,0.02631578947368421,0.5,1,1.0,17.2915,18.19155,0,0.48600000000000004,0.48600000000000004,0.3
0.02907986111111111,2.507659365757365,0.055984139959184664,3.4904942647760517,1.0,47.916666666666664,5.379622917109747,0.026904278848073556,2507.6593657573653,2008,3,walk,willing_0.6_bsp,bsp,0.1,adaptive,8,0.015625,39,1,1,1,1.0,0.02564102564102564,1.0,1,1.0,17.354,18.17895,0,0.48600000000000004,0.48600000000000004,0.3
0.0005208333333333333,3.1284931048572573,0.06061294755668534,3.8321142866493734,0.9375,40.229166666666664,5.194871263188274,0.060092114223352006,3128.4931048572557,2009,0,walk,willing_0.6_bsp,bsp,0.1,adaptive,8,0.015625,38,1,1,5,1.0,0.02631578947368421,1.0,1,1.0,17.417,18.5228,0,0.48600000000000004,0.48600000000000004,0.3
0.1044921875,2.72417509424281,0.03571810527889718,3.6665638904869193,0.9791666666666666,49.041666666666664,5.60426466458814,0.06877408222110282,2724.17509424281,2009,1,walk,willing_0.6_bsp,bsp,0.1,adaptive,8,0.015625,42,2,2,3,1.0,0.047619047619047616,1.0,2,1.0,17.5415,18.68805,0,0.48600000000000004,0.48600000000000004,0.3
0.23001302083333333,2.2327511557115742,0.047410182548214025,3.418845703392915,1.0,43.6875,5.32956476356737,0.18260283828511933,2232.751155711575,2009,2,walk,willing_0.6_bsp,bsp,0.1,adaptive,8,0.015625,36,1,1,3,1.0,0.027777777777777776,1.0,1,1.0,17.4165,18.6103,0,0.48600000000000004,0.48600000000000004,0.3
0.0013485863095238093,2.92350004122952,0.06096355355748354,3.724687985201953,0.8541666666666666,38.270833333333336,5.1198831846754524,0.059614967247959734,2923.5000412295212,2009,3,walk,willing_0.6_bsp,bsp,0.1,adaptive,8,0.015625,38,2,1,5,0.5,0.02631578947368421,0.5,1,1.0,17.2705,18.193649999999998,0,0.48600000000000004,0.48600000000000004,0.3
0.18892776196500105,1.4722132390047806,0.11322555063871476,2.71078052016226,1.0,31.833333333333332,4.697146148153382,0.1272789911596062,1472.2132390047816,2000,0,walk,willing_1.0_none,none,1,adaptive,8,0.015625,34,2,2,4,1.0,0.058823529411764705,1.0,2,1.0,2.25,2.8687499999999995,0,0.81,0.81,0.3
0.12607687693632688,1.9763957211112853,0.2216923053440767,2.823982430525195,0.9583333333333334,21.333333333333332,3.739296903302286,0.1552240131874816,1976.3957211112863,2000,1,walk,willing_1.0_none,none,1,adaptive,8,0.015625,37,3,3,8,1.0,0.08108108108108109,1.0,3,1.0,2.208,2.625,0,0.81,0.81,0.3
0.1871527777777778,1.3887224303659436,0.21965207315054433,2.3885432144731125,0.9583333333333334,17.979166666666668,3.681205621522839,0.18194632334571803,1388.7224303659434,2000,2,walk,willing_1.0_none,none,1,adaptive,8,0.015625,36,2,2,6,1.0,0.05555555555555555,1.0,2,1.0,2.25,2.5129499999999996,0,0.81,0.81,0.3
0.12782118055555555,2.201863428502925,0.18883127830092547,3.300629771883003,0.8958333333333334,18.416666666666668,3.821023019296328,0.15150886247019663,2201.863428502925,2000,3,walk,willing_1.0_none,none,1,adaptive,8,0.015625,33,1,1,7,1.0,0.030303030303030304,1.0,1,1.0,2.125,2.5108499999999996,0,0.81,0.81,0.3
0.730148396164021,0.41021351160163083,0.3296886459053541,1.6845088497721183,1.0,15.354166666666666,3.1703060378256818,0.46467853104739926,410.21351160163084,2001,0,walk,willing_1.0_none,none,1,adaptive,8,0.015625,37,3,3,8,1.0,0.08108108108108109,1.0,3,1.0,2.209,2.48565,0,0.81,0.81,0.3
0.5477554563492063,0.5906162650306692,0.2775584589060153,1.8055232014509288,1.0,15.041666666666666,3.2886512561237904,0.317326960533433,590.6162650306691,2001,1,walk,willing_1.0_none,none,1,adaptive,8,0.015625,36,7,7,12,1.0,0.19444444444444445,1.0,7,1.0,2.1665,2.6351999999999998,0,0.81,0.81,0.3
0.5919704861111111,0.5859772659320159,0.176023661484185,2.106555593299299,1.0,21.020833333333332,4.027589224448914,0.41594682462692617,585.9772659320159,2001,2,walk,willing_1.0_none,none,1,adaptive,8,0.015625,37,4,4,6,1.0,0.10810810810810811,1.0,4,1.0,2.1875,2.45865,0,0.81,0.81,0.3
0.10643528244631185,2.423069046604646,0.16917731981648207,2.975296958330732,1.0,24.354166666666668,4.0664623566300016,0.09383846959757162,2423.069046604647,2001,3,walk,willing_1.0_none,none,1,adaptive,8,0.015625,32,5,5,7,1.0,0.15625,1.0,5,1.0,2.1665,2.4705999999999997,0,0.81,0.81,0.3
0.3385416666666667,0.802300159168451,0.2994404864614862,1.8324579187083383,1.0,13.0,3.150221435650485,0.1585261243963447,802.300159168451,2002,0,walk,willing_1.0_none,none,1,adaptive,8,0.015625,39,4,4,9,1.0,0.10256410256410256,1.0,4,1.0,2.25,2.9124999999999996,0,0.81,0.81,0.3
0.10481770833333333,1.3384691676876843,0.1989924477041032,2.3892019846913426,1.0,16.145833333333332,3.6058127098399146,0.11868259767546137,1338.4691676876846,2002,1,walk,willing_1.0_none,none,1,adaptive,8,0.015625,38,5,5,8,1.0,0.13157894736842105,1.0,5,1.0,2.2085,2.61065,0,0.81,0.81,0.3
0.19972511574074073,1.197910173264118,0.26805023572358433,2.261051256050352,1.0,14.416666666666666,3.328339889977679,0.11873062587616838,1197.910173264118,2002,2,walk,willing_1.0_none,none,1,adaptive,8,0.015625,33,3,3,9,1.0,0.09090909090909091,1.0,3,1.0,2.25,2.45865,0,0.81,0.81,0.3
0.022131283068783068,2.218693556269702,0.1470276039039782,2.9827416293374234,0.9791666666666666,28.6875,4.366947600412128,0.12489632083519515,2218.6935562697035,2002,3,walk,willing_1.0_none,none,1,adaptive,8,0.015625,39,9,9,12,1.0,0.23076923076923078,1.0,9,1.0,2.208,2.53925,0,0.81,0.81,0.3
0.24685846560846558,1.0746042494931949,0.3217245455305729,2.1381250222873027,1.0,12.604166666666666,3.0432147062625057,0.19845135731004218,1074.6042494931949,2003,0,walk,willing_1.0_none,none,1,adaptive,8,0.015625,35,7,7,13,1.0,0.2,1.0,7,1.0,2.292,3.3872999999999998,0,0.81,0.81,0.3
0.4012586805555555,1.1882537273152305,0.3520796357364769,1.844446535888336,1.0,15.083333333333334,3.1191536860394535,0.1660298592978985,1188.2537273152307,2003,1,walk,willing_1.0_none,none,1,adaptive,8,0.015625,35,6,6,12,1.0,0.17142857142857143,1.0,6,1.0,2.2705,2.5416499999999997,0,0.81,0.81,0.3
0.19396605465684413,2.1603226995705547,0.18057620667362614,2.969387773009691,0.9583333333333334,28.625,4.2417407654640416,0.10863778912665874,2160.3226995705554,2003,2,walk,willing_1.0_none,none,1,adaptive,8,0.015625,33,4,4,8,1.0,0.12121212121212122,1.0,4,1.0,2.25,2.5126,0,0.81,0.81,0.3
0.11024305555555557,1.4625484228243233,0.19517334163485098,2.6742099714986343,0.9791666666666666,17.020833333333332,3.69998325159129,0.1082656990877987,1462.548422824324,2003,3,walk,willing_1.0_none,none,1,adaptive,8,0.015625,40,5,5,7,1.0,0.125,1.0,5,1.0,2.25,3.1187499999999995,0,0.81,0.81,0.3
0.16731770833333334,2.055887276428837,0.13871516366692066,2.752636440418428,1.0,24.729166666666668,4.289693568069121,0.10109688060601855,2055.887276428837,2004,0,walk,willing_1.0_none,none,1,adaptive,8,0.015625,38,7,7,9,1.0,0.18421052631578946,1.0,7,1.0,2.25,2.6103,0,0.81,0.81,0.3
0.06029885912698413,1.6900427052311657,0.1599822099267898,2.613434360081034,1.0,23.458333333333332,4.123929502685505,0.10494663087668776,1690.042705231166,2004,1,walk,willing_1.0_none,none,1,adaptive,8,0.015625,35,5,5,7,1.0,0.14285714285714285,1.0,5,1.0,2.1665,2.6379499999999996,0,0.81,0.81,0.3
0.232421875,1.5312364967616456,0.2680959211318458,2.9116623002619697,0.8958333333333334,16.375,3.4021516900698088,0.3005186621084211,1531.236496761646,2004,2,walk,willing_1.0_none,none,1,adaptive,8,0.015625,37,5,5,9,1.0,0.13513513513513514,1.0,5,1.0,2.292,3.0896999999999992,0,0.81,0.81,0.3
0.17183606417477384,2.678205905289795,0.2467055546249288,3.401392565640068,0.7708333333333334,21.5625,3.6873047519708972,0.10955699045015488,2678.205905289796,2004,3,walk,willing_1.0_none,none,1,adaptive,8,0.015625,35,4,4,9,1.0,0.11428571428571428,1.0,4,1.0,2.208,2.625,0,0.81,0.81,0.3
0.0009817294973544974,2.1308206899705007,0.11003151058866244,3.579514067988517,0.9166666666666666,30.020833333333332,4.5963420615896995,0.1090497810913079,2130.820689970501,2005,0,walk,willing_1.0_none,none,1,adaptive,8,0.015625,34,2,2,6,1.0,0.058823529411764705,1.0,2,1.0,2.208,2.61065,0,0.81,0.81,0.3
0.03626818783068783,2.2693969565350978,0.13221276018118786,3.5289954236483148,0.8541666666666666,22.770833333333332,4.221029327972659,0.09594457235050002,2269.396956535098,2005,1,walk,willing_1.0_none,none,1,adaptive,8,0.015625,37,5,5,8,1.0,0.13513513513513514,1.0,5,1.0,2.125,2.6771999999999996,0,0.81,0.81,0.3
0.35485046184198726,2.0709769893730523,0.3409475776029574,2.09617096961543,0.9791666666666666,18.1875,3.1322841657731133,0.08549000144292807,2070.9769893730527,2005,2,walk,willing_1.0_none,none,1,adaptive,8,0.015625,42,6,6,9,1.0,0.14285714285714285,1.0,6,1.0,2.291,2.7874999999999996,0,0.81,0.81,0.3
0.1673504618419873,1.7790810963945403,0.10992260131407823,2.8193061461517175,1.0,29.625,4.64228161832393,0.05742786052790901,1779.0810963945405,2005,3,walk,willing_1.0_none,none,1,adaptive,8,0.015625,38,2,2,4,1.0,0.05263157894736842,1.0,2,1.0,2.167,2.61065,0,0.81,0.81,0.3
0.2715428090428091,1.994851272186005,0.23091307619472845,2.5354679866777485,0.9583333333333334,23.1875,3.824308120691025,0.15604218235878117,1994.8512721860059,2006,0,walk,willing_1.0_none,none,1,adaptive,8,0.015625,33,8,8,13,1.0,0.24242424242424243,1.0,8,1.0,2.208,2.625,0,0.81,0.81,0.3
0.10533854166666667,1.6277188504347784,0.1444344629862182,3.034814338446702,0.9375,24.416666666666668,4.22987060609428,0.07122014950701415,1627.7188504347794,2006,1,walk,willing_1.0_none,none,1,adaptive,8,0.015625,40,5,5,7,1.0,0.125,1.0,5,1.0,2.25,2.61065,0,0.81,0.81,0.3
0.10805844907407407,1.2409715255978135,0.19497728250520793,2.483748117734732,0.9583333333333334,18.479166666666668,3.700102077817084,0.0869188334311339,1240.9715255978133,2006,2,walk,willing_1.0_none,none,1,adaptive,8,0.015625,35,5,5,9,1.0,0.14285714285714285,1.0,5,1.0,2.2085,2.42895,0,0.81,0.81,0.3
0.16776712850865394,1.9741825337630914,0.16126970026642676,2.692092289120241,1.0,25.395833333333332,4.181370099494457,0.06855204734242239,1974.1825337630917,2006,3,walk,willing_1.0_none,none,1,adaptive,8,0.015625,35,4,4,7,1.0,0.11428571428571428,1.0,4,1.0,2.167,2.459,0,0.81,0.81,0.3
0.041666666666666664,1.6246742411089758,0.1547392687400204,3.0195783314911253,0.9791666666666666,27.395833333333332,4.220280535415278,0.11604576970728907,1624.674241108977,2007,0,walk,willing_1.0_none,none,1,adaptive,8,0.015625,33,3,3,6,1.0,0.09090909090909091,1.0,3,1.0,2.209,2.45865,0,0.81,0.81,0.3
0.23198784722222224,1.3136533282799323,0.2664972680403749,2.0146396084322467,1.0,15.6875,3.3270997641772246,0.11216748444091502,1313.6533282799323,2007,1,walk,willing_1.0_none,none,1,adaptive,8,0.015625,36,7,7,11,1.0,0.19444444444444445,1.0,7,1.0,2.208,2.61065,0,0.81,0.81,0.3
0.18828124999999998,1.8471629952647923,0.2090370356700519,2.6416845950771406,0.9791666666666666,23.270833333333332,3.884801048179881,0.12128823957528274,1847.1629952647945,2007,2,walk,willing_1.0_none,none,1,adaptive,8,0.015625,36,4,4,9,1.0,0.1111111111111111,1.0,4,1.0,2.2295,2.625,0,0.81,0.81,0.3
0.08485243055555557,1.9298976972554183,0.14057160416381545,2.726543575547268,1.0,21.5625,4.096211737415522,0.11921520889090331,1929.8976972554192,2007,3,walk,willing_1.0_none,none,1,adaptive,8,0.015625,36,3,3,7,1.0,0.08333333333333333,1.0,3,1.0,2.167,2.5,0,0.81,0.81,0.3
0.3553538744309093,0.9888885338166168,0.2837319547133718,2.18793974111151,0.9375,15.979166666666666,3.3184934449389907,0.2273726277448905,988.8885338166168,2008,0,walk,willing_1.0_none,none,1,adaptive,8,0.015625,37,4,4,11,1.0,0.10810810810810811,1.0,4,1.0,2.208,2.4443,0,0.81,0.81,0.3
0.06639178240740741,1.7263827476634628,0.09282254971096406,2.8176500269490625,1.0,25.375,4.5481916458270035,0.03479144095141676,1726.3827476634633,2008,1,walk,willing_1.0_none,none,1,adaptive,8,0.015625,42,6,6,7,1.0,0.14285714285714285,1.0,6,1.0,2.125,2.5,0,0.81,0.81,0.3
0.1638454861111111,1.5217605866540673,0.33971008561867433,2.2470222040376178,0.9583333333333334,16.375,3.0734511128773963,0.1795984086344772,1521.7605866540678,2008,2,walk,willing_1.0_none,none,1,adaptive,8,0.015625,38,4,4,7,1.0,0.10526315789473684,1.0,4,1.0,2.167,2.4976,0,0.81,0.81,0.3
0.15531994047619047,1.732916373634448,0.20097155939709033,2.463560317078418,0.9583333333333334,20.25,3.8687126788142354,0.1943791072142007,1732.916373634448,2008,3,walk,willing_1.0_none,none,1,adaptive,8,0.015625,39,2,2,4,1.0,0.05128205128205128,1.0,2,1.0,2.166,2.55395,0,0.81,0.81,0.3
0.08385416666666667,2.2963729694102843,0.11245694666519378,3.3727729992609956,1.0,28.229166666666668,4.566853428703007,0.07517580060347655,2296.372969410284,2009,0,walk,willing_1.0_none,none,1,adaptive,8,0.015625,38,3,3,6,1.0,0.07894736842105263,1.0,3,1.0,2.2085,2.7455,0,0.81,0.81,0.3
0.00033068783068783067,2.8567789365832206,0.0774741536699253,3.7478883099203344,0.9583333333333334,37.3125,5.017765124745348,0.07714346583923748,2856.778936583219,2009,1,walk,willing_1.0_none,none,1,adaptive,8,0.015625,42,2,2,4,1.0,0.047619047619047616,1.0,2,1.0,2.167,2.45865,0,0.81,0.81,0.3
0.23001818783068784,1.809113233560523,0.22307707207758942,2.603280481138252,1.0,20.166666666666668,3.6705024779372706,0.10020720799390374,1809.1132335605228,2009,2,walk,willing_1.0_none,none,1,adaptive,8,0.015625,36,4,4,11,1.0,0.1111111111111111,1.0,4,1.0,2.208,2.58125,0,0.81,0.81,0.3
0.08524569597143776,2.0690860971931184,0.11581783160074337,3.1089248031469072,0.9583333333333334,29.354166666666668,4.555422292676066,0.06127501620561804,2069.08609719312,2009,3,walk,willing_1.0_none,none,1,adaptive,8,0.015625,38,5,5,7,1.0,0.13157894736842105,1.0,5,1.0,2.166,2.417,0,0.81,0.81,0.3
0.10559442863166772,1.6044305426717649,0.0825393637786529,3.061794847262327,1.0,33.854166666666664,4.871877020104361,0.0724171704074648,1604.4305426717663,2000,0,walk,willing_1.0_random,random,0.5,adaptive,8,0.015625,34,2,2,4,1.0,0.058823529411764705,1.0,2,1.0,2.333,3.2188499999999998,0,0.81,0.81,0.3
0.16774354360299357,1.9625176072659143,0.13108201070044234,2.9551858572951684,1.0,29.333333333333332,4.5048079797331555,0.09018738182178175,1962.5176072659149,2000,1,walk,willing_1.0_random,random,0.5,adaptive,8,0.015625,37,3,2,3,0.6666666666666666,0.05405405405405406,0.6666666666666666,2,1.0,2.208,2.70625,0,0.81,0.81,0.3
0.08385416666666667,2.746281137074026,0.19985158424772784,3.2107179733934146,0.8958333333333334,18.625,3.689203448015853,0.14187554216616224,2746.281137074026,2000,2,walk,willing_1.0_random,random,0.5,adaptive,8,0.015625,36,2,2,8,1.0,0.05555555555555555,1.0,2,1.0,2.25,2.52665,0,0.81,0.81,0.3
0.0026809715821812592,3.7720409085639424,0.05197210528361549,4.121598100254938,0.9583333333333334,50.979166666666664,5.570414249491097,0.04929113370143423,3772.0409085639444,2000,3,walk,willing_1.0_random,random,0.5,adaptive,8,0.015625,33,1,0,1,0.0,0.0,0.0,0,1.0,2.208,2.56865,0,0.81,0.81,0.3
0.45866402116402116,0.9614392240650708,0.21458116010305553,2.1473777943004713,1.0,18.5,3.757033530773763,0.3286557920107559,961.4392240650708,2001,0,walk,willing_1.0_random,random,0.5,adaptive,8,0.015625,37,3,2,4,0.6666666666666666,0.05405405405405406,0.6666666666666666,2,1.0,2.2705,3.4517499999999997,0,0.81,0.81,0.3
0.02126736111111111,3.0891573268150183,0.05368007985122444,3.6257759701975467,1.0,43.541666666666664,5.350870656025045,0.03241271874011333,3089.1573268150187,2001,1,walk,willing_1.0_random,random,0.5,adaptive,8,0.015625,36,7,2,3,0.2857142857142857,0.05555555555555555,0.6666666666666666,2,1.0,2.2705,2.625,0,0.81,0.81,0.3
0.4468005952380952,0.8758715876427533,0.07795196446291804,2.751343191101539,1.0,33.6875,4.957459078672775,0.3688486307751772,875.8715876427533,2001,2,walk,willing_1.0_random,random,0.5,adaptive,8,0.015625,37,4,1,2,0.25,0.02702702702702703,1.0,1,1.0,2.166,2.52665,0,0.81,0.81,0.3
0.024193218954248367,3.8335750366105654,0.04469949919409963,4.371187051893972,0.8333333333333334,50.270833333333336,5.566146145757692,0.020506280239851255,3833.5750366105676,2001,3,walk,willing_1.0_random,random,0.5,adaptive,8,0.015625,32,5,2,2,0.4,0.0625,0.4,2,1.0,2.25,2.78925,0,0.81,0.81,0.3
0.15104166666666666,1.2032342214548033,0.10685327365896398,2.6497076355847633,1.0,24.5625,4.409239836624729,0.050735164168111226,1203.234221454804,2002,0,walk,willing_1.0_random,random,0.5,adaptive,8,0.015625,39,4,2,2,0.5,0.05128205128205128,1.0,2,1.0,2.1875,2.6079,0,0.81,0.81,0.3
0.042317708333333336,2.3616128156433454,0.13476005715392386,3.3654018731643425,0.9791666666666666,41.104166666666664,4.825979052987722,0.0924423488205905,2361.6128156433465,2002,1,walk,willing_1.0_random,random,0.5,adaptive,8,0.015625,38,5,1,5,0.2,0.02631578947368421,0.25,1,1.0,2.208,2.625,0,0.81,0.81,0.3
0.27239583333333334,2.1142451513767493,0.11872564324003636,3.488271035365352,1.0,46.875,5.137039169522616,0.24528322804094962,2114.2451513767496,2002,2,walk,willing_1.0_random,random,0.5,adaptive,8,0.015625,33,3,2,2,0.6666666666666666,0.06060606060606061,0.5,2,1.0,2.167,2.44365,0,0.81,0.81,0.3
0.0012979497354497355,2.725591110344079,0.08046690248150289,3.5662665455984595,0.9583333333333334,39.854166666666664,5.061216722193909,0.07916895274605316,2725.591110344079,2002,3,walk,willing_1.0_random,random,0.5,adaptive,8,0.015625,39,9,3,4,0.3333333333333333,0.07692307692307693,0.5,3,1.0,2.208,2.77315,0,0.81,0.81,0.3
0.0419973544973545,3.1157060154239233,0.0947071464809711,3.625630392779265,0.9583333333333334,41.895833333333336,5.13823715382247,0.0652097919836166,3115.706015423921,2003,0,walk,willing_1.0_random,random,0.5,adaptive,8,0.015625,35,7,4,6,0.5714285714285714,0.11428571428571428,0.6,4,1.0,2.167,2.56895,0,0.81,0.81,0.3
0.2761284722222222,1.3451439092854978,0.19561436181760264,2.4005735317058,1.0,22.5625,4.052800901303386,0.12449811613808248,1345.1439092854978,2003,1,walk,willing_1.0_random,random,0.5,adaptive,8,0.015625,35,6,3,4,0.5,0.08571428571428572,0.75,3,1.0,2.292,2.67895,0,0.81,0.81,0.3
0.16792438799017748,1.947864172918061,0.11496067644032121,3.108463901404947,0.9791666666666666,37.479166666666664,4.868573389023643,0.08263639944771896,1947.8641729180626,2003,2,walk,willing_1.0_random,random,0.5,adaptive,8,0.015625,33,4,3,4,0.75,0.09090909090909091,1.0,3,1.0,2.25,2.541,0,0.81,0.81,0.3
0.11024305555555557,1.4890302109123,0.17202791095744804,2.797590245434515,1.0,19.5625,3.8875652412641966,0.1335190950915782,1489.0302109123015,2003,3,walk,willing_1.0_random,random,0.5,adaptive,8,0.015625,40,5,3,6,0.6,0.075,0.75,3,1.0,2.167,2.4709499999999998,0,0.81,0.81,0.3
0.1046875,2.344527565249632,0.0809429807120292,3.000410139840055,1.0,28.395833333333332,4.707241451993856,0.02374451928797079,2344.527565249631,2004,0,walk,willing_1.0_random,random,0.5,adaptive,8,0.015625,38,7,3,6,0.42857142857142855,0.07894736842105263,0.75,3,1.0,2.167,2.4295999999999998,0,0.81,0.81,0.3
0.041666666666666664,4.5333721084339675,0.04832313021808632,4.395125793576372,0.7291666666666666,42.541666666666664,5.376966458889533,0.006656463551419652,4533.3721084339695,2004,1,walk,willing_1.0_random,random,0.5,adaptive,8,0.015625,35,5,2,3,0.4,0.05714285714285714,0.5,2,1.0,2.208,2.48565,0,0.81,0.81,0.3
0.14816261574074074,1.4705877140002137,0.0653671923770945,3.1147317801438326,1.0,39.854166666666664,5.221082798554305,0.08279542336364624,1470.587714000214,2004,2,walk,willing_1.0_random,random,0.5,adaptive,8,0.015625,37,5,1,2,0.2,0.02702702702702703,0.3333333333333333,1,1.0,2.208,2.44365,0,0.81,0.81,0.3
0.1278198653198653,1.629695983029171,0.21533344763461873,2.669268066643541,1.0,20.458333333333332,3.862774782790994,0.1522898054815057,1629.695983029171,2004,3,walk,willing_1.0_random,random,0.5,adaptive,8,0.015625,35,4,3,6,0.75,0.08571428571428572,0.75,3,1.0,2.209,2.6649,0,0.81,0.81,0.3
0.00033068783068783067,3.086105741825008,0.08140406693620698,3.913976914076187,0.7916666666666666,34.625,4.93226352075692,0.08107337910551916,3086.105741825006,2005,0,walk,willing_1.0_random,random,0.5,adaptive,8,0.015625,34,2,1,4,0.5,0.029411764705882353,0.5,1,1.0,2.208,2.5273,0,0.81,0.81,0.3
0.0028914517195767196,2.6565251975080684,0.0507527785031714,3.612936721259894,1.0,42.875,5.278197661363849,0.04786132678359467,2656.5251975080687,2005,1,walk,willing_1.0_random,random,0.5,adaptive,8,0.015625,37,5,2,2,0.4,0.05405405405405406,0.5,2,1.0,2.167,2.4023,0,0.81,0.81,0.3
0.27151712850865395,2.1888281195708097,0.1694175013035282,2.388564629064081,1.0,26.541666666666668,4.112195270739064,0.11996642100078174,2188.828119570811,2005,2,walk,willing_1.0_random,random,0.5,adaptive,8,0.015625,42,6,4,4,0.6666666666666666,0.09523809523809523,0.6666666666666666,4,1.0,2.25,2.6523,0,0.81,0.81,0.3
0.20901712850865395,1.403011311331895,0.06003399611799104,3.0509253846680746,1.0,46.5625,5.370239339025633,0.1489831323906629,1403.0113113318955,2005,3,walk,willing_1.0_random,random,0.5,adaptive,8,0.015625,38,2,1,2,0.5,0.02631578947368421,0.5,1,1.0,2.1875,2.4705999999999997,0,0.81,0.81,0.3
0.14654280904280906,2.4539588754123107,0.1320729997182101,3.211528157493292,0.9791666666666666,34.208333333333336,4.566552484015864,0.05255778049063098,2453.958875412312,2006,0,walk,willing_1.0_random,random,0.5,adaptive,8,0.015625,33,8,4,7,0.5,0.12121212121212122,0.4,4,1.0,2.208,2.4705999999999997,0,0.81,0.81,0.3
0.0546875,2.2923981915788274,0.09191016160656874,3.5793976835396477,0.8958333333333334,29.458333333333332,4.7101461816686845,0.06496144583063977,2292.3981915788268,2006,1,walk,willing_1.0_random,random,0.5,adaptive,8,0.015625,40,5,1,3,0.2,0.025,0.25,1,1.0,2.25,2.8438499999999998,0,0.81,0.81,0.3
0.15260416666666668,1.3532601374931634,0.0795936847385514,3.1720105797588922,0.9375,33.8125,4.8705588249350855,0.14337265885250272,1353.260137493164,2006,2,walk,willing_1.0_random,random,0.5,adaptive,8,0.015625,35,5,2,3,0.4,0.05714285714285714,0.6666666666666666,2,1.0,2.25,3.0108499999999996,0,0.81,0.81,0.3
0.0011004618419872658,3.989907062992891,0.03807569000961702,4.018233361531754,1.0,51.0,5.6681547411884585,0.036975228167629756,3989.9070629928906,2006,3,walk,willing_1.0_random,random,0.5,adaptive,8,0.015625,35,4,3,3,0.75,0.08571428571428572,1.0,3,1.0,2.25,2.52665,0,0.81,0.81,0.3
0.0625,2.303804402161331,0.15305839903352095,2.970809580466225,1.0,24.125,4.170158676267755,0.18328447762687347,2303.8044021613323,2007,0,walk,willing_1.0_random,random,0.5,adaptive,8,0.015625,33,3,2,5,0.6666666666666666,0.06060606060606061,0.6666666666666666,2,1.0,2.333,2.834,0,0.81,0.81,0.3
0.02291100543478261,2.0228551604978615,0.1270185417366598,2.9966940998215397,0.9375,26.0625,4.349032036457369,0.10410753630187719,2022.8551604978627,2007,1,walk,willing_1.0_random,random,0.5,adaptive,8,0.015625,36,7,2,4,0.2857142857142857,0.05555555555555555,0.3333333333333333,2,1.0,2.2705,2.7626,0,0.81,0.81,0.3
0.06328125,2.804428691845848,0.10793832817164468,3.2077468052865945,1.0,35.166666666666664,4.70328339856954,0.05376432848443179,2804.428691845848,2007,2,walk,willing_1.0_random,random,0.5,adaptive,8,0.015625,36,4,1,1,0.25,0.027777777777777776,0.3333333333333333,1,1.0,2.2705,2.78925,0,0.81,0.81,0.3
0.0,2.2363811285184227,0.07399819418427611,3.34188371740162,0.9583333333333334,33.270833333333336,4.889950256071006,0.07399819418427611,2236.3811285184242,2007,3,walk,willing_1.0_random,random,0.5,adaptive,8,0.015625,36,3,3,4,1.0,0.08333333333333333,1.0,3,1.0,2.25,2.70625,0,0.81,0.81,0.3
0.06368720776424265,2.23330421359916,0.13167284144437422,3.092964364546338,0.9583333333333334,27.979166666666668,4.491193354194892,0.06798563368013157,2233.3042135991604,2008,0,walk,willing_1.0_random,random,0.5,adaptive,8,0.015625,37,4,2,5,0.5,0.05405405405405406,1.0,2,1.0,2.291,2.7626,0,0.81,0.81,0.3
0.0,4.353758997895091,0.02945923223414545,4.150970654561432,0.9583333333333334,54.166666666666664,5.802657421696572,0.02945923223414545,4353.758997895088,2008,1,walk,willing_1.0_random,random,0.5,adaptive,8,0.015625,42,6,3,3,0.5,0.07142857142857142,1.0,3,1.0,2.209,2.5693,0,0.81,0.81,0.3
0.06779513888888888,1.6374644867060295,0.14604493266784527,2.715115412571446,1.0,26.791666666666668,4.369362431270463,0.0782497937789564,1637.4644867060308,2008,2,walk,willing_1.0_random,random,0.5,adaptive,8,0.015625,38,4,2,3,0.5,0.05263157894736842,0.5,2,1.0,2.2085,2.5545999999999998,0,0.81,0.81,0.3
0.024739583333333332,2.128999626140604,0.1358688043484558,2.7457130711764886,0.9583333333333334,23.125,4.207042121712573,0.11112922101512245,2128.999626140604,2008,3,walk,willing_1.0_random,random,0.5,adaptive,8,0.015625,39,2,1,4,0.5,0.02564102564102564,0.5,1,1.0,2.25,2.6226,0,0.81,0.81,0.3
0.20885416666666667,1.6184042148426057,0.07133480427528831,3.060132830594919,1.0,35.833333333333336,4.996590232358809,0.1375193623913784,1618.404214842606,2009,0,walk,willing_1.0_random,random,0.5,adaptive,8,0.015625,38,3,2,4,0.6666666666666666,0.05263157894736842,1.0,2,1.0,2.209,2.6103,0,0.81,0.81,0.3
0.0009093915343915343,3.000653555932439,0.04637019195249915,3.80642993849731,1.0,54.395833333333336,5.7023223881025125,0.04546080041810761,3000.65355593244,2009,1,walk,willing_1.0_random,random,0.5,adaptive,8,0.015625,42,2,0,0,0.0,0.0,0.0,0,nan,2.2915,2.67895,0,0.81,0.81,0.3
0.18835152116402118,1.8726534596676812,0.06661256426870192,3.21005287260972,1.0,38.6875,5.1267407527885425,0.12173895689531927,1872.6534596676813,2009,2,walk,willing_1.0_random,random,0.5,adaptive,8,0.015625,36,4,2,4,0.5,0.05555555555555555,0.5,2,1.0,2.25,2.6795999999999998,0,0.81,0.81,0.3
0.0011939718335067173,2.1396093272399876,0.06945893785429634,3.3659577170182704,0.9791666666666666,36.1875,4.988857922519291,0.06826496602078962,2139.609327239989,2009,3,walk,willing_1.0_random,random,0.5,adaptive,8,0.015625,38,5,3,4,0.6,0.07894736842105263,0.5,3,1.0,2.25,2.6103,0,0.81,0.81,0.3
0.0224609375,2.1356095417041363,0.08189145586501573,2.8958188745984006,1.0,25.666666666666668,4.574623165825278,0.05943051836501573,2135.609541704137,2000,0,walk,willing_1.0_bsp,bsp,0.1,adaptive,8,0.015625,34,2,0,10,0.0,0.0,0.0,0,1.0,17.584,20.224999999999998,0,0.81,0.81,0.3
0.0048828125,2.4649453179760026,0.06699436615985115,3.178969853600453,1.0,28.916666666666668,4.678789375958086,0.06211155365985113,2464.945317976002,2000,1,walk,willing_1.0_bsp,bsp,0.1,adaptive,8,0.015625,37,3,2,9,0.6666666666666666,0.05405405405405406,0.6666666666666666,2,1.0,17.584,18.46645,0,0.81,0.81,0.3
0.01310763888888889,2.1702021222044166,0.08268517390732322,2.7918595018709738,1.0,21.583333333333332,4.395237865196479,0.06957753501843433,2170.2021222044164,2000,2,walk,willing_1.0_bsp,bsp,0.1,adaptive,8,0.015625,36,2,1,11,0.5,0.027777777777777776,0.5,1,1.0,17.4165,18.3432,0,0.81,0.81,0.3
0.06532118055555557,2.7208877147205492,0.07000400193428488,3.700715878541473,0.8125,30.25,4.788408835298111,0.00468282137872932,2720.8877147205517,2000,3,walk,willing_1.0_bsp,bsp,0.1,adaptive,8,0.015625,33,1,1,10,1.0,0.030303030303030304,1.0,1,1.0,17.2295,18.1079,0,0.81,0.81,0.3
0.04073350694444444,1.857734576321964,0.07553749992734556,3.122440181745995,1.0,34.75,4.9451586892826045,0.03480399298290111,1857.734576321964,2001,0,walk,willing_1.0_bsp,bsp,0.1,adaptive,8,0.015625,37,3,0,7,0.0,0.0,0.0,0,1.0,17.3335,18.02665,0,0.81,0.81,0.3
0.276922123015873,0.9656162650306692,0.08253325228558213,2.6041444388936914,1.0,22.5625,4.431954555047421,0.19438887073029087,965.6162650306691,2001,1,walk,willing_1.0_bsp,bsp,0.1,adaptive,8,0.015625,36,7,5,15,0.7142857142857143,0.1388888888888889,1.0,5,1.0,17.3125,18.0683,0,0.81,0.81,0.3
0.004123263888888889,2.353956096067437,0.08862728836302343,2.77682471386372,1.0,19.395833333333332,4.283657778118886,0.08450402447413453,2353.9560960674366,2001,2,walk,willing_1.0_bsp,bsp,0.1,adaptive,8,0.015625,37,4,2,13,0.5,0.05405405405405406,1.0,2,1.0,17.125,18.10615,0,0.81,0.81,0.3
0.1066623263888889,2.025645691807911,0.07902353425682014,2.8739661139095527,1.0,25.083333333333332,4.520709023787529,0.02763879213206875,2025.6456918079111,2001,3,walk,willing_1.0_bsp,bsp,0.1,adaptive,8,0.015625,32,5,1,10,0.2,0.03125,0.2,1,1.0,17.167,18.6023,0,0.81,0.81,0.3
0.29981948844726064,1.8166962204189583,0.06653997935013135,3.19979881166323,1.0,37.0625,5.083817475223311,0.23327950909712927,1816.6962204189588,2002,0,walk,willing_1.0_bsp,bsp,0.1,adaptive,8,0.015625,39,4,0,4,0.0,0.0,0.0,0,1.0,17.75,22.0251,0,0.81,0.81,0.3
0.06731770833333334,1.8925655228663512,0.058355276639316805,3.1372588992691663,1.0,35.666666666666664,5.0004194374936475,0.008962431694016532,1892.565522866353,2002,1,walk,willing_1.0_bsp,bsp,0.1,adaptive,8,0.015625,38,5,3,10,0.6,0.07894736842105263,0.5,3,1.0,17.3545,18.3183,0,0.81,0.81,0.3
0.001808449074074074,3.5462162694453085,0.0825287636380274,3.306038462767751,1.0,26.3125,4.650037940041025,0.08072031456395333,3546.2162694453073,2002,2,walk,willing_1.0_bsp,bsp,0.1,adaptive,8,0.015625,33,3,1,10,0.3333333333333333,0.030303030303030304,0.5,1,1.0,17.25,18.208,0,0.81,0.81,0.3
0.044596354166666664,2.968191782156499,0.06907161424382656,3.721886227055915,0.9166666666666666,38.270833333333336,5.090975669750025,0.05364192674382656,2968.1917821564984,2002,3,walk,willing_1.0_bsp,bsp,0.1,adaptive,8,0.015625,39,9,5,6,0.5555555555555556,0.1282051282051282,1.0,5,1.0,17.834,18.5249,0,0.81,0.81,0.3
0.10709635416666667,2.223842323432763,0.06689831154991797,3.431356777056607,0.9375,33.5,4.936867473562472,0.044364709283415356,2223.842323432764,2003,0,walk,willing_1.0_bsp,bsp,0.1,adaptive,8,0.015625,35,7,3,10,0.42857142857142855,0.08571428571428572,0.4,3,1.0,18.083,21.93565,0,0.81,0.81,0.3
0.017578125,3.1187386528645984,0.08595790076601266,3.248816639936989,0.9791666666666666,21.083333333333332,4.36511388314478,0.06837977576601266,3118.738652864597,2003,1,walk,willing_1.0_bsp,bsp,0.1,adaptive,8,0.015625,35,6,2,12,0.3333333333333333,0.05714285714285714,0.5,2,1.0,17.7705,18.94825,0,0.81,0.81,0.3
0.06019965277777778,3.1969249515224014,0.06322080175646054,3.313559719330586,0.9166666666666666,34.020833333333336,4.8609995186985,0.0030211489786827563,3196.9249515224014,2003,2,walk,willing_1.0_bsp,bsp,0.1,adaptive,8,0.015625,33,4,2,9,0.5,0.06060606060606061,0.6666666666666666,2,1.0,17.4585,19.25855,0,0.81,0.81,0.3
0.016927083333333332,2.538350576412936,0.07883820513403732,3.1120929985465122,1.0,25.354166666666668,4.545897138708193,0.06191112180070398,2538.3505764129336,2003,3,walk,willing_1.0_bsp,bsp,0.1,adaptive,8,0.015625,40,5,2,9,0.4,0.05,0.5,2,1.0,17.3125,18.524549999999998,0,0.81,0.81,0.3
0.0006510416666666666,2.633263082315051,0.06935267035691352,3.5351199335421177,1.0,33.416666666666664,4.9681461839445324,0.06870162869024686,2633.263082315051,2004,0,walk,willing_1.0_bsp,bsp,0.1,adaptive,8,0.015625,38,7,4,7,0.5714285714285714,0.10526315789473684,0.75,4,1.0,17.333,18.21855,0,0.81,0.81,0.3
0.017578125,3.4123464056668813,0.07823610186051243,3.480587926201961,0.9791666666666666,23.125,4.4948042745399075,0.060657976860512434,3412.3464056668854,2004,1,walk,willing_1.0_bsp,bsp,0.1,adaptive,8,0.015625,35,5,4,12,0.8,0.11428571428571428,0.75,4,1.0,17.292,18.2875,0,0.81,0.81,0.3
0.15646701388888887,1.7342125702773579,0.06940469079640364,3.041516357861928,1.0,28.5,4.732281385176955,0.08706232309248524,1734.212570277358,2004,2,walk,willing_1.0_bsp,bsp,0.1,adaptive,8,0.015625,37,5,2,8,0.4,0.05405405405405406,0.6666666666666666,2,1.0,17.333,18.454150000000002,0,0.81,0.81,0.3
0.004448784722222222,2.397057940720228,0.06727206734214145,3.7439611574740876,0.8125,32.916666666666664,4.896964435743949,0.06282328261991922,2397.057940720228,2004,3,walk,willing_1.0_bsp,bsp,0.1,adaptive,8,0.015625,35,4,3,9,0.75,0.08571428571428572,0.75,3,1.0,17.25,18.1499,0,0.81,0.81,0.3
0.0027126736111111106,2.704973033012909,0.0789474464385669,3.3693862850887832,1.0,29.8125,4.792771389820831,0.07623477282745578,2704.973033012909,2005,0,walk,willing_1.0_bsp,bsp,0.1,adaptive,8,0.015625,34,2,1,7,0.5,0.029411764705882353,0.5,1,1.0,17.3955,19.401749999999996,0,0.81,0.81,0.3
0.08765190972222221,2.7855687614256817,0.06746815306041533,3.0474806773678136,0.9791666666666666,32.0,4.787689426031992,0.020183756661806884,2785.5687614256817,2005,1,walk,willing_1.0_bsp,bsp,0.1,adaptive,8,0.015625,37,5,3,6,0.6,0.08108108108108109,0.75,3,1.0,17.25,18.679399999999998,0,0.81,0.81,0.3
0.08463541666666667,5.723733658728766,0.08250583155461172,4.076105178748341,0.875,40.208333333333336,5.109929553063288,0.018796251778721615,5723.733658728767,2005,2,walk,willing_1.0_bsp,bsp,0.1,adaptive,8,0.015625,42,6,0,3,0.0,0.0,0.0,0,1.0,17.375,18.454500000000003,0,0.81,0.81,0.3
0.005222800925925926,3.1988495882601327,0.06675353618242312,3.7093952619313852,0.9583333333333334,33.416666666666664,4.910331291268803,0.06153073525649718,3198.849588260133,2005,3,walk,willing_1.0_bsp,bsp,0.1,adaptive,8,0.015625,38,2,1,5,0.5,0.02631578947368421,0.5,1,1.0,17.292,18.42445,0,0.81,0.81,0.3
0.12662760416666666,1.5409166610279543,0.07037885720367117,2.99184720115793,0.9583333333333334,27.6875,4.645637201935272,0.056248746962995505,1540.9166610279553,2006,0,walk,willing_1.0_bsp,bsp,0.1,adaptive,8,0.015625,33,8,5,16,0.625,0.15151515151515152,1.0,5,1.0,17.125,18.0897,0,0.81,0.81,0.3
0.001171875,2.346240252166669,0.07530599211048716,3.0797578060200657,1.0,32.9375,4.873045090400492,0.07413411711048716,2346.2402521666695,2006,1,walk,willing_1.0_bsp,bsp,0.1,adaptive,8,0.015625,40,5,2,2,0.4,0.05,0.5,2,1.0,17.5625,21.871049999999997,0,0.81,0.81,0.3
0.2538917824074074,0.9958896084623925,0.07223310646744142,3.231546790219598,1.0,28.4375,4.7108663330588065,0.1899920092732993,995.8896084623924,2006,2,walk,willing_1.0_bsp,bsp,0.1,adaptive,8,0.015625,35,5,2,5,0.4,0.05714285714285714,0.6666666666666666,2,1.0,17.583,18.7353,0,0.81,0.81,0.3
0.0032552083333333335,4.562965653783318,0.07484578213721077,3.795516740304748,0.9375,30.270833333333332,4.749934998944482,0.07159057380387744,4562.965653783317,2006,3,walk,willing_1.0_bsp,bsp,0.1,adaptive,8,0.015625,35,4,2,10,0.5,0.05714285714285714,0.3333333333333333,2,1.0,17.3335,19.085849999999997,0,0.81,0.81,0.3
0.020833333333333332,2.5477909555798224,0.07085445716829118,3.602780865464732,1.0,34.666666666666664,4.989754958397827,0.050021123834957854,2547.7909555798237,2007,0,walk,willing_1.0_bsp,bsp,0.1,adaptive,8,0.015625,33,3,2,6,0.6666666666666666,0.06060606060606061,0.6666666666666666,2,1.0,17.2295,18.2455,0,0.81,0.81,0.3
0.0028211805555555555,2.3513207614401,0.07672892117376834,2.950961169488903,1.0,25.833333333333332,4.574654589347754,0.07390774061821279,2351.320761440102,2007,1,walk,willing_1.0_bsp,bsp,0.1,adaptive,8,0.015625,36,7,2,9,0.2857142857142857,0.05555555555555555,0.3333333333333333,2,1.0,17.333,18.1523,0,0.81,0.81,0.3
0.04448784722222223,2.222022646110535,0.08025882132389815,2.964900870640864,1.0,23.979166666666668,4.526248704172953,0.03577097410167592,2222.0226461105362,2007,2,walk,willing_1.0_bsp,bsp,0.1,adaptive,8,0.015625,36,4,1,12,0.25,0.027777777777777776,0.3333333333333333,1,1.0,17.3125,18.3442,0,0.81,0.81,0.3
0.001519097222222222,2.8695348199169977,0.06876704867948782,3.6484444904973343,0.9583333333333334,33.0625,4.917293297736287,0.0672479514572656,2869.534819916996,2007,3,walk,willing_1.0_bsp,bsp,0.1,adaptive,8,0.015625,36,3,2,8,0.6666666666666666,0.05555555555555555,1.0,2,1.0,17.25,17.9979,0,0.81,0.81,0.3
0.13138020833333333,2.3206027131961617,0.07079397221880958,3.594007853689442,0.9791666666666666,34.041666666666664,4.923018233467736,0.06058623611452376,2320.6027131961614,2008,0,walk,willing_1.0_bsp,bsp,0.1,adaptive,8,0.015625,37,4,1,5,0.25,0.02702702702702703,0.5,1,1.0,17.2915,19.362499999999997,0,0.81,0.81,0.3
0.11219618055555554,1.7706217611827837,0.06611474182568292,2.934138259308295,1.0,25.625,4.672144077439736,0.04608143872987263,1770.6217611827844,2008,1,walk,willing_1.0_bsp,bsp,0.1,adaptive,8,0.015625,42,6,4,9,0.6666666666666666,0.09523809523809523,1.0,4,1.0,17.25,18.3001,0,0.81,0.81,0.3
0.007595486111111111,4.049825685824209,0.0683931872606841,3.4096783832479036,0.9583333333333334,35.604166666666664,4.968285510348472,0.06079770114957298,4049.8256858242116,2008,2,walk,willing_1.0_bsp,bsp,0.1,adaptive,8,0.015625,38,4,1,3,0.25,0.02631578947368421,0.25,1,1.0,17.25,18.12225,0,0.81,0.81,0.3
0.06901041666666667,3.119754947675473,0.07976513051313107,2.8503909587912677,1.0,27.3125,4.624257646090707,0.01075471384646441,3119.7549476754734,2008,3,walk,willing_1.0_bsp,bsp,0.1,adaptive,8,0.015625,39,2,0,1,0.0,0.0,0.0,0,1.0,17.2085,17.9398,0,0.81,0.81,0.3
0.0005208333333333333,2.5645499779501084,0.073497095855434,3.262689144515541,1.0,28.541666666666668,4.714454231479841,0.07297626252210067,2564.5499779501088,2009,0,walk,willing_1.0_bsp,bsp,0.1,adaptive,8,0.015625,38,3,3,9,1.0,0.07894736842105263,1.0,3,1.0,17.084,18.2329,0,0.81,0.81,0.3
0.18782552083333334,1.9999078938846406,0.0623691282490454,3.3593850309547384,1.0,38.479166666666664,5.141822706716914,0.12545639258428795,1999.9078938846433,2009,1,walk,willing_1.0_bsp,bsp,0.1,adaptive,8,0.015625,42,2,2,5,1.0,0.047619047619047616,1.0,2,1.0,17.2915,18.135849999999998,0,0.81,0.81,0.3
0.03470052083333333,3.5400356630729863,0.06243186874764334,3.5702318734496115,0.9791666666666666,33.333333333333336,4.881946253514687,0.027731347914310006,3540.0356630729857,2009,2,walk,willing_1.0_bsp,bsp,0.1,adaptive,8,0.015625,36,4,2,6,0.5,0.05555555555555555,0.5,2,1.0,17.3125,19.083099999999998,0,0.81,0.81,0.3
0.0013485863095238093,2.4019617030680025,0.07375514257285587,3.1565200325468186,1.0,24.479166666666668,4.523322836963204,0.07240655626333206,2401.961703068003,2009,3,walk,willing_1.0_bsp,bsp,0.1,adaptive,8,0.015625,38,5,3,12,0.6,0.07894736842105263,0.75,3,1.0,17.125,18.850199999999997,0,0.81,0.81,0.3
0.12642776196500105,1.5577088616901131,0.09697634923915611,2.863241668882312,1.0,32.208333333333336,4.73989358882746,0.0707078720150653,1557.7088616901144,2000,0,walk,on_time_0.5_none,none,1,adaptive,8,0.015625,34,1,1,4,1.0,0.029411764705882353,1.0,1,1.0,2.2915,3.1187499999999995,0,0.36000000000000004,0.36000000000000004,0.3
0.10524354360299355,2.111290964431948,0.19096233041057928,2.949951336287721,1.0,28.208333333333332,4.148591741020347,0.11084070474895087,2111.2909644319493,2000,1,walk,on_time_0.5_none,none,1,adaptive,8,0.015625,37,2,2,6,1.0,0.05405405405405406,1.0,2,1.0,2.208,2.61065,0,0.36000000000000004,0.36000000000000004,0.3
0.2713541666666667,2.280342424949198,0.08525254972485552,2.8682407375443435,1.0,29.625,4.682231063765751,0.18610161694181113,2280.3424249491986,2000,2,walk,on_time_0.5_none,none,1,adaptive,8,0.015625,36,1,1,3,1.0,0.027777777777777776,1.0,1,1.0,2.208,2.5,0,0.36000000000000004,0.36000000000000004,0.3
0.04434763824884793,2.3486686725211046,0.07554726273974328,3.2900630731453813,1.0,41.9375,5.149699361726314,0.07629653337998392,2348.6686725211057,2000,3,walk,on_time_0.5_none,none,1,adaptive,8,0.015625,33,0,0,4,nan,0.0,nan,0,1.0,2.25,2.5959499999999998,0,0.36000000000000004,0.36000000000000004,0.3
0.43783068783068785,0.9167674586170355,0.18719099531560943,2.31309707020231,1.0,23.895833333333332,4.080563566498731,0.2694637622330254,916.7674586170355,2001,0,walk,on_time_0.5_none,none,1,adaptive,8,0.015625,37,2,2,4,1.0,0.05405405405405406,1.0,2,1.0,2.1875,2.45625,0,0.36000000000000004,0.36000000000000004,0.3
0.00043402777777777775,3.230815112413086,0.06788040654130076,3.7586385005695946,0.9166666666666666,40.604166666666664,5.150243714770921,0.06744637876352298,3230.815112413085,2001,1,walk,on_time_0.5_none,none,1,adaptive,8,0.015625,36,2,2,4,1.0,0.05555555555555555,1.0,2,1.0,2.167,2.6624999999999996,0,0.36000000000000004,0.36000000000000004,0.3
0.0625,2.469853562542721,0.053942093727631306,3.3575861063938715,1.0,40.1875,5.270879496613731,0.028623096738525342,2469.853562542721,2001,2,walk,on_time_0.5_none,none,1,adaptive,8,0.015625,37,3,3,5,1.0,0.08108108108108109,1.0,3,1.0,2.1665,2.4853,0,0.36000000000000004,0.36000000000000004,0.3
0.12835988562091502,2.0256161222459563,0.0616939898433684,3.6310469594752424,1.0,41.5,5.25106458419221,0.06666589577754663,2025.616122245956,2001,3,walk,on_time_0.5_none,none,1,adaptive,8,0.015625,32,1,1,3,1.0,0.03125,1.0,1,1.0,2.25,2.8294999999999995,0,0.36000000000000004,0.36000000000000004,0.3
0.2708333333333333,2.382480466648818,0.14574906245672276,2.878808151337651,0.9375,33.770833333333336,4.602646701358748,0.17828973925007427,2382.4804666488185,2002,0,walk,on_time_0.5_none,none,1,adaptive,8,0.015625,39,1,1,3,1.0,0.02564102564102564,1.0,1,1.0,2.1875,2.55395,0,0.36000000000000004,0.36000000000000004,0.3
0.12565104166666666,1.610568038132647,0.11832472833197154,2.580275533954575,0.9791666666666666,28.604166666666668,4.445661388797867,0.044393508353328746,1610.5680381326476,2002,1,walk,on_time_0.5_none,none,1,adaptive,8,0.015625,38,4,4,6,1.0,0.10526315789473684,1.0,4,1.0,2.1875,2.5374999999999996,0,0.36000000000000004,0.36000000000000004,0.3
0.0015625000000000003,2.9420630986733722,0.051669962314267966,3.765813725127037,1.0,40.770833333333336,5.280796353898082,0.050107462314267964,2942.063098673371,2002,2,walk,on_time_0.5_none,none,1,adaptive,8,0.015625,33,1,1,3,1.0,0.030303030303030304,1.0,1,1.0,2.208,2.42895,0,0.36000000000000004,0.36000000000000004,0.3
0.0012979497354497355,4.089473667369406,0.03333234174722622,3.9505945065334154,1.0,52.291666666666664,5.741063847774188,0.032034392011776484,4089.4736673694065,2002,3,walk,on_time_0.5_none,none,1,adaptive,8,0.015625,39,1,1,1,1.0,0.02564102564102564,1.0,1,1.0,2.208,2.53925,0,0.36000000000000004,0.36000000000000004,0.3
0.10102513227513227,1.6844974106830926,0.20004102343570904,3.1147905886979887,0.8541666666666666,18.375,3.7538129622206,0.1115158911605768,1684.4974106830932,2003,0,walk,on_time_0.5_none,none,1,adaptive,8,0.015625,35,3,3,7,1.0,0.08571428571428572,1.0,3,1.0,2.167,2.542,0,0.36000000000000004,0.36000000000000004,0.3
0.0005208333333333333,2.4089194703024597,0.054297353537557824,3.430209783372085,1.0,41.416666666666664,5.2820434767369076,0.05377652020422449,2408.9194703024596,2003,1,walk,on_time_0.5_none,none,1,adaptive,8,0.015625,35,2,2,4,1.0,0.05714285714285714,1.0,2,1.0,2.2915,2.7476,0,0.36000000000000004,0.36000000000000004,0.3
0.08459105465684413,2.0803893391230233,0.10897061015756077,3.34310042557866,0.9791666666666666,40.833333333333336,5.019620176048558,0.05719205550071666,2080.389339123024,2003,2,walk,on_time_0.5_none,none,1,adaptive,8,0.015625,33,3,3,3,1.0,0.09090909090909091,1.0,3,1.0,2.2295,2.6523,0,0.36000000000000004,0.36000000000000004,0.3
0.006076388888888889,2.4540127218883505,0.1332508165825135,3.378900532440296,1.0,22.1875,4.189016192453278,0.12717442769362464,2454.0127218883486,2003,3,walk,on_time_0.5_none,none,1,adaptive,8,0.015625,40,2,2,3,1.0,0.05,1.0,2,1.0,2.2085,2.5693,0,0.36000000000000004,0.36000000000000004,0.3
0.18802083333333333,1.4740775723229884,0.11466856186144707,2.6072625312675792,1.0,23.0,4.271736929886704,0.1403279105983428,1474.077572322989,2004,0,walk,on_time_0.5_none,none,1,adaptive,8,0.015625,38,5,5,6,1.0,0.13157894736842105,1.0,5,1.0,2.167,2.55395,0,0.36000000000000004,0.36000000000000004,0.3
0.020833333333333332,4.125428762252263,0.05912949810329063,3.689572764955326,1.0,44.208333333333336,5.306825341082444,0.048243070188597546,4125.428762252265,2004,1,walk,on_time_0.5_none,none,1,adaptive,8,0.015625,35,3,3,4,1.0,0.08571428571428572,1.0,3,1.0,2.167,2.5416499999999997,0,0.36000000000000004,0.36000000000000004,0.3
0.1898292824074074,1.705239016235035,0.11952085203891342,3.145606346677816,1.0,25.1875,4.3922636990553245,0.1585212378901677,1705.2390162350346,2004,2,walk,on_time_0.5_none,none,1,adaptive,8,0.015625,37,3,3,5,1.0,0.08108108108108109,1.0,3,1.0,2.208,2.4853,0,0.36000000000000004,0.36000000000000004,0.3
0.1278198653198653,1.786469765102806,0.22455786006887535,2.701934746239246,1.0,20.229166666666668,3.8219513820365556,0.13142549474901,1786.4697651028073,2004,3,walk,on_time_0.5_none,none,1,adaptive,8,0.015625,35,4,4,8,1.0,0.11428571428571428,1.0,4,1.0,2.25,2.7752,0,0.36000000000000004,0.36000000000000004,0.3
0.021164021164021163,2.4864209237416,0.05818370252420851,3.5545202896656654,0.9791666666666666,42.854166666666664,5.269492966954211,0.037019681360187344,2486.4209237416007,2005,0,walk,on_time_0.5_none,none,1,adaptive,8,0.015625,34,0,0,2,nan,0.0,nan,0,1.0,2.1875,2.52665,0,0.36000000000000004,0.36000000000000004,0.3
0.1077959656084656,1.7314113734963907,0.06650230170986733,3.2195173973267814,1.0,36.208333333333336,5.0536094664976385,0.04129366389859828,1731.4113734963933,2005,1,walk,on_time_0.5_none,none,1,adaptive,8,0.015625,37,1,1,3,1.0,0.02702702702702703,1.0,1,1.0,2.208,2.5,0,0.36000000000000004,0.36000000000000004,0.3
0.042350461841987264,3.7222697752129785,0.059631032673255084,3.4795451995433155,1.0,41.916666666666664,5.171543097943146,0.03660736356096688,3722.2697752129807,2005,2,walk,on_time_0.5_none,none,1,adaptive,8,0.015625,42,0,0,2,nan,0.0,nan,0,1.0,2.2085,2.5273,0,0.36000000000000004,0.36000000000000004,0.3
0.1256837951753206,2.5095945524894376,0.058211365025755905,3.224825602991775,1.0,40.875,5.186658528414655,0.06747243014956468,2509.5945524894387,2005,3,walk,on_time_0.5_none,none,1,adaptive,8,0.015625,38,1,1,2,1.0,0.02631578947368421,1.0,1,1.0,2.1665,2.625,0,0.36000000000000004,0.36000000000000004,0.3
0.20904280904280906,1.510528794408344,0.149773180934129,2.6449641067683243,0.9791666666666666,27.0625,4.326840234947014,0.10985026482801147,1510.528794408344,2006,0,walk,on_time_0.5_none,none,1,adaptive,8,0.015625,33,4,4,9,1.0,0.12121212121212122,1.0,4,1.0,2.25,2.5669,0,0.36000000000000004,0.36000000000000004,0.3
0.0,4.579309679245786,0.09259061808923634,3.905612781585395,0.8541666666666666,31.541666666666668,4.752190245691456,0.09259061808923634,4579.309679245785,2006,1,walk,on_time_0.5_none,none,1,adaptive,8,0.015625,40,4,4,6,1.0,0.1,1.0,4,1.0,2.25,2.7748999999999997,0,0.36000000000000004,0.36000000000000004,0.3
0.027604166666666666,2.9025296471655095,0.05890092946789154,3.639256416896567,0.9583333333333334,39.916666666666664,5.191383601148671,0.036867528284162274,2902.5296471655092,2006,2,walk,on_time_0.5_none,none,1,adaptive,8,0.015625,35,2,2,2,1.0,0.05714285714285714,1.0,2,1.0,2.25,2.56865,0,0.36000000000000004,0.36000000000000004,0.3
0.0011004618419872658,3.509773153486609,0.05994248153808319,3.5693511702033605,1.0,39.958333333333336,5.1995600748425534,0.058842019696095926,3509.7731534866084,2006,3,walk,on_time_0.5_none,none,1,adaptive,8,0.015625,35,2,2,3,1.0,0.05714285714285714,1.0,2,1.0,2.208,2.56655,0,0.36000000000000004,0.36000000000000004,0.3
0.0,3.8873678172273247,0.11074493115683896,3.5223072705811536,0.9791666666666666,24.354166666666668,4.397855817271837,0.11074493115683896,3887.367817227325,2007,0,walk,on_time_0.5_none,none,1,adaptive,8,0.015625,33,2,2,5,1.0,0.06060606060606061,1.0,2,1.0,2.25,2.5,0,0.36000000000000004,0.36000000000000004,0.3
0.2104110054347826,1.6496907154097318,0.09603548137201862,2.9290272367549903,0.9791666666666666,30.6875,4.692763500978763,0.12824352998115357,1649.6907154097319,2007,1,walk,on_time_0.5_none,none,1,adaptive,8,0.015625,36,5,5,7,1.0,0.1388888888888889,1.0,5,1.0,2.208,2.58365,0,0.36000000000000004,0.36000000000000004,0.3
0.0007812499999999999,2.24670864107359,0.048798657703315935,3.504801378037523,1.0,46.791666666666664,5.488138438704965,0.04801740770331594,2246.708641073592,2007,2,walk,on_time_0.5_none,none,1,adaptive,8,0.015625,36,1,1,1,1.0,0.027777777777777776,1.0,1,1.0,2.167,2.5,0,0.36000000000000004,0.36000000000000004,0.3
0.06336805555555557,2.4813608642695066,0.06831789763031836,3.3148088827442628,1.0,33.833333333333336,4.986250133473275,0.02573090282409847,2481.360864269506,2007,3,walk,on_time_0.5_none,none,1,adaptive,8,0.015625,36,0,0,3,nan,0.0,nan,0,1.0,2.208,2.6498999999999997,0,0.36000000000000004,0.36000000000000004,0.3
0.06320271164021164,3.240296203967851,0.13134446418018933,3.509495225814886,0.8125,24.916666666666668,4.363800028164222,0.0681417525399777,3240.29620396785,2008,0,walk,on_time_0.5_none,none,1,adaptive,8,0.015625,37,1,1,4,1.0,0.02702702702702703,1.0,1,1.0,2.208,2.5119499999999997,0,0.36000000000000004,0.36000000000000004,0.3
0.0625,2.7907926953445785,0.05582893626888655,3.258454993809426,1.0,38.645833333333336,5.208276498716031,0.007494391932442658,2790.7926953445785,2008,1,walk,on_time_0.5_none,none,1,adaptive,8,0.015625,42,2,2,3,1.0,0.047619047619047616,1.0,2,1.0,2.25,2.5248999999999997,0,0.36000000000000004,0.36000000000000004,0.3
0.026128472222222223,2.582994734663752,0.13900304765671836,3.26745567678473,0.9583333333333334,33.5,4.470813221503784,0.11287457543449612,2582.9947346637528,2008,2,walk,on_time_0.5_none,none,1,adaptive,8,0.015625,38,2,2,3,1.0,0.05263157894736842,1.0,2,1.0,2.2295,2.5416499999999997,0,0.36000000000000004,0.36000000000000004,0.3
0.045572916666666664,4.852902546877405,0.1067257668777324,3.6953821059017535,0.875,30.520833333333332,4.611313002768932,0.07440558154164588,4852.902546877406,2008,3,walk,on_time_0.5_none,none,1,adaptive,8,0.015625,39,1,1,4,1.0,0.02564102564102564,1.0,1,1.0,2.167,2.52665,0,0.36000000000000004,0.36000000000000004,0.3
0.22968750000000002,1.7528494269270338,0.048619944628607116,3.2858463046018525,1.0,43.166666666666664,5.395369111984522,0.18106755537139288,1752.849426927034,2009,0,walk,on_time_0.5_none,none,1,adaptive,8,0.015625,38,2,2,3,1.0,0.05263157894736842,1.0,2,1.0,2.25,2.6376,0,0.36000000000000004,0.36000000000000004,0.3
0.21358300264550265,2.0226327129531616,0.044818506247565566,3.512702198961214,1.0,48.75,5.5624674108045715,0.17816462078207176,2022.6327129531621,2009,1,walk,on_time_0.5_none,none,1,adaptive,8,0.015625,42,2,2,3,1.0,0.047619047619047616,1.0,2,1.0,2.209,2.66425,0,0.36000000000000004,0.36000000000000004,0.3
0.06335152116402117,2.511043858683087,0.08079472683024884,3.83252776009048,0.8958333333333334,35.645833333333336,4.915250965752989,0.05396202680481018,2511.0438586830855,2009,2,walk,on_time_0.5_none,none,1,adaptive,8,0.015625,36,2,2,6,1.0,0.05555555555555555,1.0,2,1.0,2.208,2.56865,0,0.36000000000000004,0.36000000000000004,0.3
0.12691236263810443,2.2829267328274576,0.05359738633511434,3.631879525542859,0.8541666666666666,40.541666666666664,5.271233402721068,0.08231001870407446,2282.9267328274586,2009,3,walk,on_time_0.5_none,none,1,adaptive,8,0.015625,38,2,2,3,1.0,0.05263157894736842,1.0,2,1.0,2.167,2.69155,0,0.36000000000000004,0.36000000000000004,0.3
0.043094428631667715,2.277028358401782,0.08674907476608512,3.011431351799492,1.0,29.895833333333332,4.702651882213206,0.05848289431737411,2277.028358401783,2000,0,walk,on_time_0.5_random,random,0.5,adaptive,8,0.015625,34,1,1,4,1.0,0.029411764705882353,1.0,1,1.0,2.25,3.0647999999999995,0,0.36000000000000004,0.36000000000000004,0.3
0.10524354360299355,2.316962441768466,0.11003360557979906,3.367552410374523,0.9791666666666666,41.770833333333336,5.0120068620867295,0.084259219336769,2316.9624417684663,2000,1,walk,on_time_0.5_random,random,0.5,adaptive,8,0.015625,37,2,1,1,0.5,0.02702702702702703,0.5,1,1.0,2.209,2.625,0,0.36000000000000004,0.36000000000000004,0.3
0.16718750000000002,2.5142902430300373,0.14340816504426238,2.630854816450221,1.0,24.5,4.251814165987459,0.06653379188224774,2514.2902430300373,2000,2,walk,on_time_0.5_random,random,0.5,adaptive,8,0.015625,36,1,1,5,1.0,0.027777777777777776,1.0,1,1.0,2.209,2.5683000000000002,0,0.36000000000000004,0.36000000000000004,0.3
0.0026809715821812592,3.1142951345327976,0.0268900529239567,3.913725150545186,0.9791666666666666,54.916666666666664,5.791328781297003,0.024209081341775438,3114.295134532799,2000,3,walk,on_time_0.5_random,random,0.5,adaptive,8,0.015625,33,0,0,1,nan,0.0,nan,0,1.0,2.1875,2.4433000000000002,0,0.36000000000000004,0.36000000000000004,0.3
0.33366402116402116,1.0032428221821432,0.20540273229219433,2.2159677439518632,1.0,21.645833333333332,3.9141998804192126,0.1485361438466445,1003.2428221821434,2001,0,walk,on_time_0.5_random,random,0.5,adaptive,8,0.015625,37,2,2,4,1.0,0.05405405405405406,1.0,2,1.0,2.166,2.4976,0,0.36000000000000004,0.36000000000000004,0.3
0.16710069444444442,3.668336501250693,0.047252334541539764,3.5420355032469484,0.8125,41.375,5.274173315845798,0.11984835990290466,3668.336501250693,2001,1,walk,on_time_0.5_random,random,0.5,adaptive,8,0.015625,36,2,2,3,1.0,0.05555555555555555,1.0,2,1.0,2.167,3.8603999999999985,0,0.36000000000000004,0.36000000000000004,0.3
0.0,4.805731902264358,0.02759866628750353,4.041478780243355,1.0,48.875,5.695018340173014,0.02759866628750353,4805.731902264358,2001,2,walk,on_time_0.5_random,random,0.5,adaptive,8,0.015625,37,3,1,2,0.3333333333333333,0.02702702702702703,1.0,1,1.0,2.208,2.6933000000000002,0,0.36000000000000004,0.36000000000000004,0.3
0.025086076097105506,3.096942647201056,0.053175507727790505,3.901087661538696,0.9583333333333334,35.208333333333336,5.110243962284714,0.028089431630685,3096.942647201057,2001,3,walk,on_time_0.5_random,random,0.5,adaptive,8,0.015625,32,1,1,2,1.0,0.03125,1.0,1,1.0,2.208,2.83365,0,0.36000000000000004,0.36000000000000004,0.3
0.0,5.352380211032341,0.02488763193903827,4.028575917081688,0.9583333333333334,54.0,5.773520672558146,0.02488763193903827,5352.380211032341,2002,0,walk,on_time_0.5_random,random,0.5,adaptive,8,0.015625,39,1,0,1,0.0,0.0,0.0,0,1.0,2.208,2.5521999999999996,0,0.36000000000000004,0.36000000000000004,0.3
0.0006510416666666666,2.712095581885133,0.03136359842588308,3.9733169417309395,0.9791666666666666,50.75,5.649013191063347,0.03071255675921641,2712.0955818851326,2002,1,walk,on_time_0.5_random,random,0.5,adaptive,8,0.015625,38,4,1,2,0.25,0.02631578947368421,0.3333333333333333,1,1.0,2.25,2.52665,0,0.36000000000000004,0.36000000000000004,0.3
0.10572916666666667,2.4084107671376755,0.029313349465507222,3.8179956442603076,1.0,50.520833333333336,5.667874546045449,0.07641581720115945,2408.4107671376746,2002,2,walk,on_time_0.5_random,random,0.5,adaptive,8,0.015625,33,1,1,2,1.0,0.030303030303030304,1.0,1,1.0,2.208,2.5,0,0.36000000000000004,0.36000000000000004,0.3
0.022131283068783068,3.446081831486753,0.027554898576618598,4.0548966791577294,1.0,52.8125,5.7845400837152665,0.00542361550783553,3446.081831486754,2002,3,walk,on_time_0.5_random,random,0.5,adaptive,8,0.015625,39,1,1,1,1.0,0.02564102564102564,1.0,1,1.0,2.208,2.6103,0,0.36000000000000004,0.36000000000000004,0.3
0.00033068783068783067,4.701337914969427,0.040370595797142805,3.937848731670018,0.9791666666666666,43.479166666666664,5.412388164522511,0.04003990796645498,4701.337914969424,2003,0,walk,on_time_0.5_random,random,0.5,adaptive,8,0.015625,35,3,1,2,0.3333333333333333,0.02857142857142857,0.3333333333333333,1,1.0,2.292,3.1334499999999994,0,0.36000000000000004,0.36000000000000004,0.3
0.0005208333333333333,4.256999112274074,0.023458660587509086,4.2505869613274845,1.0,59.979166666666664,5.966189675080682,0.022937827254175754,4256.9991122740685,2003,1,walk,on_time_0.5_random,random,0.5,adaptive,8,0.015625,35,2,0,0,0.0,0.0,0.0,0,nan,2.2085,3.0227999999999997,0,0.36000000000000004,0.36000000000000004,0.3
0.0637577213235108,2.234056199510629,0.11178106690314665,3.3354902620761417,0.9791666666666666,40.833333333333336,5.016151260160754,0.08083584557963588,2234.05619951063,2003,2,walk,on_time_0.5_random,random,0.5,adaptive,8,0.015625,33,3,3,3,1.0,0.09090909090909091,1.0,3,1.0,2.2085,2.6771999999999996,0,0.36000000000000004,0.36000000000000004,0.3
0.026909722222222224,2.297299777703975,0.11252245160438294,3.3126308726198634,1.0,28.875,4.532145531074988,0.0856127293821607,2297.299777703974,2003,3,walk,on_time_0.5_random,random,0.5,adaptive,8,0.015625,40,2,2,3,1.0,0.05,1.0,2,1.0,2.209,2.5,0,0.36000000000000004,0.36000000000000004,0.3
0.1046875,2.6533510649921612,0.05571018252164328,3.469267790609761,1.0,33.583333333333336,5.028674711493639,0.04897731747835673,2653.3510649921595,2004,0,walk,on_time_0.5_random,random,0.5,adaptive,8,0.015625,38,5,2,3,0.4,0.05263157894736842,0.5,2,1.0,2.167,2.48565,0,0.36000000000000004,0.36000000000000004,0.3
0.041666666666666664,4.909971217425515,0.04545609173535065,4.031862055080762,0.9791666666666666,43.8125,5.399528616150106,0.003789425068683988,4909.971217425515,2004,1,walk,on_time_0.5_random,random,0.5,adaptive,8,0.015625,35,3,2,3,0.6666666666666666,0.05714285714285714,0.6666666666666666,2,1.0,2.1875,2.5,0,0.36000000000000004,0.36000000000000004,0.3
0.1689959490740741,1.618753367762457,0.043907548768539494,3.3151188715471958,1.0,40.666666666666664,5.348173885349353,0.12508840030553459,1618.7533677624563,2004,2,walk,on_time_0.5_random,random,0.5,adaptive,8,0.015625,37,3,1,1,0.3333333333333333,0.02702702702702703,0.5,1,1.0,2.167,2.48565,0,0.36000000000000004,0.36000000000000004,0.3
0.14865319865319865,1.5511438011100103,0.20931535129250334,2.6211485611990306,1.0,20.875,3.9099300529679852,0.11934695998731722,1551.143801110011,2004,3,walk,on_time_0.5_random,random,0.5,adaptive,8,0.015625,35,4,3,6,0.75,0.08571428571428572,0.75,3,1.0,2.209,2.5693,0,0.36000000000000004,0.36000000000000004,0.3
0.00033068783068783067,2.7224358080271487,0.04694254369220491,3.687787659774219,1.0,39.083333333333336,5.288251976232507,0.04661185586151708,2722.435808027148,2005,0,walk,on_time_0.5_random,random,0.5,adaptive,8,0.015625,34,0,0,1,nan,0.0,nan,0,1.0,2.3955,3.773249999999998,0,0.36000000000000004,0.36000000000000004,0.3
0.1060598544973545,1.4858337556006822,0.032402480823844476,3.698439430907643,1.0,49.875,5.640596601037596,0.07365737367351002,1485.8337556006827,2005,1,walk,on_time_0.5_random,random,0.5,adaptive,8,0.015625,37,1,1,1,1.0,0.02702702702702703,1.0,1,1.0,2.208,2.583,0,0.36000000000000004,0.36000000000000004,0.3
0.0006837951753205989,5.671893961784907,0.022187786549951127,4.207903678330847,0.9166666666666666,60.0625,5.97373526158733,0.02150399137463053,5671.893961784907,2005,2,walk,on_time_0.5_random,random,0.5,adaptive,8,0.015625,42,0,0,0,nan,0.0,nan,0,nan,2.25,2.7482499999999996,0,0.36000000000000004,0.36000000000000004,0.3
0.0006837951753205989,3.987464711774061,0.022727620433595535,4.102417832556742,1.0,60.083333333333336,5.973419408685605,0.022043825258274936,3987.464711774061,2005,3,walk,on_time_0.5_random,random,0.5,adaptive,8,0.015625,38,1,0,0,0.0,0.0,0.0,0,nan,2.208,2.5938499999999998,0,0.36000000000000004,0.36000000000000004,0.3
0.04237614237614238,3.2252902894630178,0.07487981045531167,3.45673635183193,0.9791666666666666,41.875,5.074498588649437,0.0423986106348658,3225.290289463017,2006,0,walk,on_time_0.5_random,random,0.5,adaptive,8,0.015625,33,4,1,1,0.25,0.030303030303030304,0.25,1,1.0,2.25,2.5396,0,0.36000000000000004,0.36000000000000004,0.3
0.041666666666666664,3.776523359262647,0.062246823072121975,4.051469027651954,0.8958333333333334,42.979166666666664,5.187619642325118,0.043991493710514896,3776.5233592626482,2006,1,walk,on_time_0.5_random,random,0.5,adaptive,8,0.015625,40,4,1,2,0.25,0.025,0.3333333333333333,1,1.0,2.291,2.8021999999999996,0,0.36000000000000004,0.36000000000000004,0.3
0.027604166666666666,1.7316732472105585,0.047096463871533926,3.7619476621719397,0.9375,35.708333333333336,5.132519634983159,0.019492297204867257,1731.6732472105589,2006,2,walk,on_time_0.5_random,random,0.5,adaptive,8,0.015625,35,2,1,2,0.5,0.02857142857142857,0.5,1,1.0,2.333,2.8585499999999997,0,0.36000000000000004,0.36000000000000004,0.3
0.25110046184198725,2.628287588621918,0.09199600497008166,3.208464385694768,0.9791666666666666,28.375,4.586873386476874,0.20254573766389372,2628.287588621918,2006,3,walk,on_time_0.5_random,random,0.5,adaptive,8,0.015625,35,2,2,5,1.0,0.05714285714285714,1.0,2,1.0,2.2085,2.66425,0,0.36000000000000004,0.36000000000000004,0.3
0.0,3.468426297347077,0.035335908785743095,3.8238604703111694,1.0,44.645833333333336,5.481852693534466,0.035335908785743095,3468.4262973470745,2007,0,walk,on_time_0.5_random,random,0.5,adaptive,8,0.015625,33,2,1,2,0.5,0.030303030303030304,0.5,1,1.0,2.1875,2.67895,0,0.36000000000000004,0.36000000000000004,0.3
0.043744338768115947,1.8506358139885084,0.05765632362086776,3.3825315374451725,0.9791666666666666,37.979166666666664,5.152371275846041,0.01578617252605199,1850.635813988509,2007,1,walk,on_time_0.5_random,random,0.5,adaptive,8,0.015625,36,5,2,4,0.4,0.05555555555555555,0.4,2,1.0,2.1875,2.55395,0,0.36000000000000004,0.36000000000000004,0.3
0.021614583333333336,2.3939220665263217,0.03657669709905339,3.5952260491551304,1.0,43.416666666666664,5.431053153549797,0.01496211376572005,2393.922066526322,2007,2,walk,on_time_0.5_random,random,0.5,adaptive,8,0.015625,36,1,0,1,0.0,0.0,0.0,0,1.0,2.167,2.542,0,0.36000000000000004,0.36000000000000004,0.3
0.0,5.146603023207657,0.02851144870755158,4.1597414370132215,1.0,52.895833333333336,5.726811855798641,0.02851144870755158,5146.603023207653,2007,3,walk,on_time_0.5_random,random,0.5,adaptive,8,0.015625,36,0,0,1,nan,0.0,nan,0,1.0,2.25,2.65165,0,0.36000000000000004,0.36000000000000004,0.3
0.06320271164021164,3.3660987632383765,0.11686436803867645,3.4700418667036446,0.9583333333333334,29.5625,4.648148674577794,0.1036723788852993,3366.0987632383767,2008,0,walk,on_time_0.5_random,random,0.5,adaptive,8,0.015625,37,1,1,3,1.0,0.02702702702702703,1.0,1,1.0,2.209,2.58365,0,0.36000000000000004,0.36000000000000004,0.3
0.0,4.1440532973676545,0.019841984111626083,4.133992375559683,0.9375,60.166666666666664,5.984335916924262,0.019841984111626083,4144.053297367654,2008,1,walk,on_time_0.5_random,random,0.5,adaptive,8,0.015625,42,2,0,0,0.0,0.0,0.0,0,nan,2.2705,2.5693,0,0.36000000000000004,0.36000000000000004,0.3
0.21362847222222223,2.407773198515186,0.02361951991865176,3.841595453815747,1.0,57.354166666666664,5.898334182801768,0.19000895230357048,2407.773198515186,2008,2,walk,on_time_0.5_random,random,0.5,adaptive,8,0.015625,38,2,1,1,0.5,0.02631578947368421,0.5,1,1.0,2.167,2.5273,0,0.36000000000000004,0.36000000000000004,0.3
0.31640625,1.8671803495699304,0.04601123867055958,3.521080316463513,1.0,38.791666666666664,5.2837141312340625,0.27039501132944044,1867.1803495699296,2008,3,walk,on_time_0.5_random,random,0.5,adaptive,8,0.015625,39,1,0,1,0.0,0.0,0.0,0,1.0,2.167,2.5273,0,0.36000000000000004,0.36000000000000004,0.3
0.0005208333333333333,5.247048983429681,0.029549086448263345,3.9527899855486486,1.0,51.520833333333336,5.693096485209652,0.029028253114930014,5247.048983429679,2009,0,walk,on_time_0.5_random,random,0.5,adaptive,8,0.015625,38,2,1,2,0.5,0.02631578947368421,0.5,1,1.0,2.167,2.48565,0,0.36000000000000004,0.36000000000000004,0.3
0.0009093915343915343,2.5303252669297738,0.021048308239769806,3.9984372266704544,1.0,59.9375,5.970808342353869,0.020138916705378273,2530.325266929775,2009,1,walk,on_time_0.5_random,random,0.5,adaptive,8,0.015625,42,2,0,0,0.0,0.0,0.0,0,nan,2.25,2.70625,0,0.36000000000000004,0.36000000000000004,0.3
0.000851521164021164,6.258949907669387,0.02520650005098014,3.9359873897345583,1.0,56.041666666666664,5.87768489291631,0.024354978886958974,6258.949907669387,2009,2,walk,on_time_0.5_random,random,0.5,adaptive,8,0.015625,36,2,2,2,1.0,0.05555555555555555,1.0,2,1.0,2.167,2.5955999999999997,0,0.36000000000000004,0.36000000000000004,0.3
0.0011939718335067173,2.0725665674892624,0.05854895855137899,3.3399884115516834,1.0,39.8125,5.149567424265246,0.05735498671787228,2072.5665674892634,2009,3,walk,on_time_0.5_random,random,0.5,adaptive,8,0.015625,38,2,0,1,0.0,0.0,0.0,0,1.0,2.167,2.4419,0,0.36000000000000004,0.36000000000000004,0.3
0.0205078125,2.313455123377594,0.07649825695853525,3.230135331749057,1.0,32.541666666666664,4.902105692535318,0.05599044445853524,2313.4551233775937,2000,0,walk,on_time_0.5_bsp,bsp,0.1,adaptive,8,0.015625,34,1,0,3,0.0,0.0,0.0,0,1.0,18.3545,23.749999999999996,0,0.36000000000000004,0.36000000000000004,0.3
0.0035807291666666665,2.787361209466398,0.043675087377455714,3.828122941441162,0.9583333333333334,42.833333333333336,5.364305949545471,0.04009435821078905,2787.3612094663963,2000,1,walk,on_time_0.5_bsp,bsp,0.1,adaptive,8,0.015625,37,2,0,2,0.0,0.0,0.0,0,1.0,18.459,21.295399999999997,0,0.36000000000000004,0.36000000000000004,0.3
0.021354166666666664,3.2935340154518733,0.060275426556989746,3.63492844560604,0.9791666666666666,37.979166666666664,5.14170030603784,0.03892125989032308,3293.5340154518713,2000,2,walk,on_time_0.5_bsp,bsp,0.1,adaptive,8,0.015625,36,1,1,2,1.0,0.027777777777777776,1.0,1,1.0,17.4795,18.54025,0,0.36000000000000004,0.36000000000000004,0.3
0.005164930555555555,3.1207088257940705,0.037974658174229514,3.677746311234461,1.0,49.645833333333336,5.565489400255889,0.032809727618673956,3120.7088257940704,2000,3,walk,on_time_0.5_bsp,bsp,0.1,adaptive,8,0.015625,33,0,0,2,nan,0.0,nan,0,1.0,17.3955,18.21645,0,0.36000000000000004,0.36000000000000004,0.3
0.0014973958333333332,3.8733503839571735,0.03822909553632191,3.8611358732100816,1.0,56.229166666666664,5.772451872111216,0.03673169970298858,3873.350383957171,2001,0,walk,on_time_0.5_bsp,bsp,0.1,adaptive,8,0.015625,37,2,0,0,0.0,0.0,0.0,0,nan,17.417,18.27315,0,0.36000000000000004,0.36000000000000004,0.3
0.00043402777777777775,3.023159985132773,0.05799275525874275,3.5923771995755054,0.9791666666666666,41.666666666666664,5.258566841122948,0.057558727480964945,3023.159985132776,2001,1,walk,on_time_0.5_bsp,bsp,0.1,adaptive,8,0.015625,36,2,1,2,0.5,0.027777777777777776,0.5,1,1.0,17.4795,18.33125,0,0.36000000000000004,0.36000000000000004,0.3
0.0,2.374663707945739,0.04689341347111245,3.383512120852148,1.0,41.6875,5.380754662448371,0.04689341347111245,2374.6637079457396,2001,2,walk,on_time_0.5_bsp,bsp,0.1,adaptive,8,0.015625,37,3,3,4,1.0,0.08108108108108109,1.0,3,1.0,17.4585,18.05395,0,0.36000000000000004,0.36000000000000004,0.3
0.04351128472222223,2.365521046437603,0.08042955597032846,3.3600383409609034,0.9791666666666666,29.979166666666668,4.699091224482116,0.036918271248106226,2365.5210464376028,2001,3,walk,on_time_0.5_bsp,bsp,0.1,adaptive,8,0.015625,32,1,1,6,1.0,0.03125,1.0,1,1.0,17.479,19.346049999999998,0,0.36000000000000004,0.36000000000000004,0.3
0.008152821780593957,3.747619922257592,0.03210598404510647,3.7022842080250533,1.0,51.145833333333336,5.631527627969343,0.023953162264512513,3747.619922257594,2002,0,walk,on_time_0.5_bsp,bsp,0.1,adaptive,8,0.015625,39,1,0,2,0.0,0.0,0.0,0,1.0,17.417,18.61635,0,0.36000000000000004,0.36000000000000004,0.3
0.18815104166666666,1.8202726252935255,0.0555368013416836,3.242519782275481,1.0,43.458333333333336,5.333214973821615,0.13261424032498306,1820.2726252935274,2002,1,walk,on_time_0.5_bsp,bsp,0.1,adaptive,8,0.015625,38,4,3,4,0.75,0.07894736842105263,0.6666666666666666,3,1.0,17.292,18.475199999999997,0,0.36000000000000004,0.36000000000000004,0.3
0.04322916666666667,4.315446608280417,0.02732932163734103,4.125426043907851,1.0,58.020833333333336,5.915185824890778,0.01589984502932564,4315.4466082804165,2002,2,walk,on_time_0.5_bsp,bsp,0.1,adaptive,8,0.015625,33,1,1,1,1.0,0.030303030303030304,1.0,1,1.0,17.25,17.625,0,0.36000000000000004,0.36000000000000004,0.3
0.0236328125,1.91393116315035,0.029110391955467704,3.8353003890179576,1.0,55.125,5.834319785814846,0.005477579455467706,1913.9311631503504,2002,3,walk,on_time_0.5_bsp,bsp,0.1,adaptive,8,0.015625,39,1,1,1,1.0,0.02564102564102564,1.0,1,1.0,17.4375,18.083,0,0.36000000000000004,0.36000000000000004,0.3
0.0236328125,2.828551673180056,0.05618584168583421,3.47506854033381,1.0,41.229166666666664,5.226166151983054,0.03255302918583421,2828.5516731800562,2003,0,walk,on_time_0.5_bsp,bsp,0.1,adaptive,8,0.015625,35,3,1,3,0.3333333333333333,0.02857142857142857,0.3333333333333333,1,1.0,17.417,18.35855,0,0.36000000000000004,0.36000000000000004,0.3
0.0005208333333333333,3.4932486815860604,0.062431384657111684,3.6972708400119934,0.9791666666666666,40.625,5.222525798140699,0.06191055132377835,3493.2486815860625,2003,1,walk,on_time_0.5_bsp,bsp,0.1,adaptive,8,0.015625,35,2,1,4,0.5,0.02857142857142857,1.0,1,1.0,17.4585,18.9398,0,0.36000000000000004,0.36000000000000004,0.3
0.008116319444444445,2.6126104391747673,0.04157502421970141,3.592631317972202,0.9166666666666666,45.895833333333336,5.479920464870172,0.03345870477525697,2612.610439174767,2003,2,walk,on_time_0.5_bsp,bsp,0.1,adaptive,8,0.015625,33,3,2,3,0.6666666666666666,0.06060606060606061,0.6666666666666666,2,1.0,17.3545,18.61425,0,0.36000000000000004,0.36000000000000004,0.3
0.016927083333333332,2.2340740971777744,0.060750055142343,3.0604064307279852,1.0,36.958333333333336,5.0627432483026675,0.043822971809009674,2234.0740971777736,2003,3,walk,on_time_0.5_bsp,bsp,0.1,adaptive,8,0.015625,40,2,1,2,0.5,0.025,0.5,1,1.0,17.375,18.77105,0,0.36000000000000004,0.36000000000000004,0.3
0.017881944444444447,2.16692440547046,0.051989860665835434,3.3996741046888683,1.0,38.166666666666664,5.209536252122721,0.034107916221390984,2166.9244054704586,2004,0,walk,on_time_0.5_bsp,bsp,0.1,adaptive,8,0.015625,38,5,4,4,0.8,0.10526315789473684,1.0,4,1.0,17.3955,18.4125,0,0.36000000000000004,0.36000000000000004,0.3
0.0,4.780946322775359,0.057950268072971316,4.1655069618403395,0.9375,38.916666666666664,5.127884940933306,0.057950268072971316,4780.946322775356,2004,1,walk,on_time_0.5_bsp,bsp,0.1,adaptive,8,0.015625,35,3,2,5,0.6666666666666666,0.05714285714285714,0.6666666666666666,2,1.0,17.5,18.6044,0,0.36000000000000004,0.36000000000000004,0.3
0.1689959490740741,1.7032690238755217,0.07081718131188867,3.209310352218114,1.0,31.0625,4.837523120692869,0.09817876776218541,1703.2690238755215,2004,2,walk,on_time_0.5_bsp,bsp,0.1,adaptive,8,0.015625,37,3,3,5,1.0,0.08108108108108109,1.0,3,1.0,17.375,18.20625,0,0.36000000000000004,0.36000000000000004,0.3
0.0018880208333333336,2.116968352310864,0.05851882885993596,3.647513300997462,0.9583333333333334,39.916666666666664,5.164087801311552,0.05663080802660262,2116.9683523108642,2004,3,walk,on_time_0.5_bsp,bsp,0.1,adaptive,8,0.015625,35,4,2,6,0.5,0.05714285714285714,0.5,2,1.0,17.5205,18.43565,0,0.36000000000000004,0.36000000000000004,0.3
0.08365885416666667,3.4665995324199304,0.03635317566449218,3.869250070330074,1.0,46.020833333333336,5.537736844843685,0.047305678502174486,3466.5995324199303,2005,0,walk,on_time_0.5_bsp,bsp,0.1,adaptive,8,0.015625,34,0,0,2,nan,0.0,nan,0,1.0,17.333,18.1649,0,0.36000000000000004,0.36000000000000004,0.3
0.045290798611111106,1.7016627005161047,0.06631387409213156,2.987432713222988,1.0,30.979166666666668,4.8528146163480494,0.02102307548102046,1701.662700516106,2005,1,walk,on_time_0.5_bsp,bsp,0.1,adaptive,8,0.015625,37,1,0,4,0.0,0.0,0.0,0,1.0,17.3545,18.82325,0,0.36000000000000004,0.36000000000000004,0.3
0.0013020833333333333,4.173026474656638,0.050522415794223875,3.541135153885787,1.0,45.75,5.40154294107925,0.04922033246089055,4173.026474656636,2005,2,walk,on_time_0.5_bsp,bsp,0.1,adaptive,8,0.015625,42,0,0,1,nan,0.0,nan,0,1.0,17.3955,18.8421,0,0.36000000000000004,0.36000000000000004,0.3
0.0006510416666666666,5.100972386550404,0.03575771259406194,3.773468742143771,1.0,52.854166666666664,5.682913162435747,0.03510667092739527,5100.972386550407,2005,3,walk,on_time_0.5_bsp,bsp,0.1,adaptive,8,0.015625,38,1,1,2,1.0,0.02631578947368421,1.0,1,1.0,17.4795,18.649549999999998,0,0.36000000000000004,0.36000000000000004,0.3
0.02298177083333333,3.1670829514672434,0.03761426371618964,3.6685194465729567,0.9791666666666666,48.979166666666664,5.563844539826399,0.014632492882856304,3167.0829514672455,2006,0,walk,on_time_0.5_bsp,bsp,0.1,adaptive,8,0.015625,33,4,3,7,0.75,0.09090909090909091,0.75,3,1.0,17.25,18.31205,0,0.36000000000000004,0.36000000000000004,0.3
0.006944444444444444,3.806135414316705,0.0414929289179157,3.6386112374820647,0.9791666666666666,41.375,5.375364280639967,0.03454848447347126,3806.1354143167064,2006,1,walk,on_time_0.5_bsp,bsp,0.1,adaptive,8,0.015625,40,4,2,4,0.5,0.05,0.6666666666666666,2,1.0,17.479,18.987499999999997,0,0.36000000000000004,0.36000000000000004,0.3
0.006770833333333333,1.9935509985681854,0.06216290314366272,3.337312473699233,1.0,42.354166666666664,5.285310346212534,0.05539206981032938,1993.5509985681856,2006,2,walk,on_time_0.5_bsp,bsp,0.1,adaptive,8,0.015625,35,2,1,1,0.5,0.02857142857142857,0.5,1,1.0,17.334,18.125,0,0.36000000000000004,0.36000000000000004,0.3
0.024305555555555556,2.742824554597038,0.06409572445533468,3.6092330567134794,1.0,35.208333333333336,5.040422726346012,0.039790168899779134,2742.824554597037,2006,3,walk,on_time_0.5_bsp,bsp,0.1,adaptive,8,0.015625,35,2,2,3,1.0,0.05714285714285714,1.0,2,1.0,17.375,18.2998,0,0.36000000000000004,0.36000000000000004,0.3
0.0,3.239460505000767,0.062288574973209436,3.5731855933323957,0.9791666666666666,33.895833333333336,5.018320843525941,0.062288574973209436,3239.4605050007654,2007,0,walk,on_time_0.5_bsp,bsp,0.1,adaptive,8,0.015625,33,2,1,5,0.5,0.030303030303030304,0.5,1,1.0,17.334,17.92895,0,0.36000000000000004,0.36000000000000004,0.3
0.12834201388888888,2.0359042984803195,0.062376236528438954,3.514423623560481,0.9791666666666666,35.041666666666664,5.035360735939901,0.06596577736044994,2035.9042984803211,2007,1,walk,on_time_0.5_bsp,bsp,0.1,adaptive,8,0.015625,36,5,4,4,0.8,0.1111111111111111,0.8,4,1.0,17.25,18.3001,0,0.36000000000000004,0.36000000000000004,0.3
0.0013020833333333333,3.3922688481570766,0.06220149234164462,3.694638884763228,0.9791666666666666,33.166666666666664,4.957053416826314,0.060899409008311284,3392.2688481570804,2007,2,walk,on_time_0.5_bsp,bsp,0.1,adaptive,8,0.015625,36,1,1,5,1.0,0.027777777777777776,1.0,1,1.0,17.25,18.31895,0,0.36000000000000004,0.36000000000000004,0.3
0.06336805555555557,2.3585574030244394,0.04820843698132643,3.305628245721506,1.0,42.0,5.346249417224565,0.015159618574229131,2358.5574030244397,2007,3,walk,on_time_0.5_bsp,bsp,0.1,adaptive,8,0.015625,36,0,0,2,nan,0.0,nan,0,1.0,17.4375,18.79385,0,0.36000000000000004,0.36000000000000004,0.3
0.042317708333333336,3.3248226397042675,0.02650681912259464,3.9412893182830095,0.9791666666666666,58.875,5.934390294133678,0.015810889210738695,3324.8226397042667,2008,0,walk,on_time_0.5_bsp,bsp,0.1,adaptive,8,0.015625,37,1,0,0,0.0,0.0,0.0,0,nan,17.354,18.5193,0,0.36000000000000004,0.36000000000000004,0.3
0.020833333333333332,4.922642902877415,0.03804999337963043,3.70695548445863,1.0,41.895833333333336,5.428557820627833,0.017216660046297096,4922.642902877415,2008,1,walk,on_time_0.5_bsp,bsp,0.1,adaptive,8,0.015625,42,2,1,3,0.5,0.023809523809523808,0.5,1,1.0,17.3335,18.48925,0,0.36000000000000004,0.36000000000000004,0.3
0.17196180555555554,1.7268096022414967,0.045542446231961804,3.386060026928277,1.0,47.604166666666664,5.505693514689745,0.12641935932359374,1726.8096022414986,2008,2,walk,on_time_0.5_bsp,bsp,0.1,adaptive,8,0.015625,38,2,1,2,0.5,0.02631578947368421,0.5,1,1.0,17.292,18.095950000000002,0,0.36000000000000004,0.36000000000000004,0.3
0.38480902777777776,1.6821781142079522,0.07982409064973946,3.003898463300585,1.0,29.895833333333332,4.753992508942419,0.3091516037947049,1682.1781142079517,2008,3,walk,on_time_0.5_bsp,bsp,0.1,adaptive,8,0.015625,39,1,0,4,0.0,0.0,0.0,0,1.0,17.2085,17.9296,0,0.36000000000000004,0.36000000000000004,0.3
0.0005208333333333333,4.880146954808129,0.05300586955470541,4.142287873039462,1.0,49.875,5.535152652561067,0.05248503622137208,4880.146954808125,2009,0,walk,on_time_0.5_bsp,bsp,0.1,adaptive,8,0.015625,38,2,2,3,1.0,0.05263157894736842,1.0,2,1.0,17.375,18.4433,0,0.36000000000000004,0.36000000000000004,0.3
0.0003255208333333333,3.9660173279017363,0.030169258361352286,3.964528433946942,1.0,53.416666666666664,5.781625111955165,0.029843737528018954,3966.017327901738,2009,1,walk,on_time_0.5_bsp,bsp,0.1,adaptive,8,0.015625,42,2,2,2,1.0,0.047619047619047616,1.0,2,1.0,17.4795,18.93705,0,0.36000000000000004,0.36000000000000004,0.3
0.3550130208333333,1.5904301451314806,0.056861850077746634,3.158320758497633,1.0,38.25,5.15212830905178,0.29815117075558667,1590.4301451314811,2009,2,walk,on_time_0.5_bsp,bsp,0.1,adaptive,8,0.015625,36,2,2,6,1.0,0.05555555555555555,1.0,2,1.0,17.375,18.5193,0,0.36000000000000004,0.36000000000000004,0.3
0.0013485863095238093,3.067764724258284,0.04627871335088731,3.6804416074748474,0.8333333333333334,41.291666666666664,5.316538700637206,0.0449301270413635,3067.764724258284,2009,3,walk,on_time_0.5_bsp,bsp,0.1,adaptive,8,0.015625,38,2,2,3,1.0,0.05263157894736842,1.0,2,1.0,17.375,18.20625,0,0.36000000000000004,0.36000000000000004,0.3
0.06392776196500105,1.8387664358771147,0.08247054813387977,3.0931640092287664,1.0,36.416666666666664,4.9200245583177304,0.018542786168878708,1838.766435877116,2000,0,walk,on_time_0.7_none,none,1,adaptive,8,0.015625,34,2,2,5,1.0,0.058823529411764705,1.0,2,1.0,2.2915,3.1005499999999993,0,0.504,0.504,0.3
0.16774354360299357,2.04184360324816,0.16160001712244684,2.8792385164303327,1.0,29.125,4.315076090182912,0.09191145348714568,2041.8436032481598,2000,1,walk,on_time_0.7_none,none,1,adaptive,8,0.015625,37,2,2,6,1.0,0.05405405405405406,1.0,2,1.0,2.208,2.55395,0,0.504,0.504,0.3
0.22393973214285715,1.3988160547294521,0.1284591415584201,2.651621019201827,1.0,22.395833333333332,4.205094536453791,0.10883158974281,1398.8160547294526,2000,2,walk,on_time_0.7_none,none,1,adaptive,8,0.015625,36,2,2,5,1.0,0.05555555555555555,1.0,2,1.0,2.2295,2.4709499999999998,0,0.504,0.504,0.3
0.0659875623344242,2.6332197652587648,0.0606452919668141,3.6811125487529317,0.9791666666666666,43.479166666666664,5.326398280007411,0.0528592972559484,2633.2197652587633,2000,3,walk,on_time_0.7_none,none,1,adaptive,8,0.015625,33,1,1,3,1.0,0.030303030303030304,1.0,1,1.0,2.166,2.4829,0,0.504,0.504,0.3
0.5419973544973545,0.8044260770391215,0.20961737847005435,2.1350253576725167,1.0,20.9375,3.894049337964525,0.3631342363669703,804.4260770391215,2001,0,walk,on_time_0.7_none,none,1,adaptive,8,0.015625,37,2,2,4,1.0,0.05405405405405406,1.0,2,1.0,2.1455,2.4853,0,0.504,0.504,0.3
0.12543402777777776,2.7166829319192853,0.0734148352307993,3.5984425267692544,0.875,39.291666666666664,5.128203444739795,0.12640748706604651,2716.6829319192857,2001,1,walk,on_time_0.7_none,none,1,adaptive,8,0.015625,36,3,3,4,1.0,0.08333333333333333,1.0,3,1.0,2.208,2.56655,0,0.504,0.504,0.3
0.5208333333333334,1.7259546557339973,0.11946282338820786,2.634225713135377,1.0,31.8125,4.666570567600456,0.40137050994512546,1725.9546557339975,2001,2,walk,on_time_0.7_none,none,1,adaptive,8,0.015625,37,3,3,6,1.0,0.08108108108108109,1.0,3,1.0,2.125,2.4853,0,0.504,0.504,0.3
0.12835988562091502,1.918775549159854,0.20436529827159344,2.774695835746908,1.0,23.729166666666668,3.9311728692967614,0.1289205560899717,1918.7755491598546,2001,3,walk,on_time_0.7_none,none,1,adaptive,8,0.015625,32,2,2,6,1.0,0.0625,1.0,2,1.0,2.1875,2.8147999999999995,0,0.504,0.504,0.3
0.20833333333333334,2.4501300172785903,0.17957260496868518,2.7014152190562517,0.9375,28.395833333333332,4.200453005789694,0.11887305093319882,2450.130017278591,2002,0,walk,on_time_0.7_none,none,1,adaptive,8,0.015625,39,2,2,4,1.0,0.05128205128205128,1.0,2,1.0,2.2085,2.6666499999999997,0,0.504,0.504,0.3
0.12565104166666666,1.7417958101144613,0.142521284508372,2.763004305978704,0.9583333333333334,27.729166666666668,4.2833140982321,0.0727364089758963,1741.7958101144616,2002,1,walk,on_time_0.7_none,none,1,adaptive,8,0.015625,38,4,4,7,1.0,0.10526315789473684,1.0,4,1.0,2.167,2.417,0,0.504,0.504,0.3
0.002907986111111111,2.107902018774354,0.0848262670375624,2.8400285767130815,1.0,28.333333333333332,4.670913756859094,0.0819182809264513,2107.9020187743545,2002,2,walk,on_time_0.7_none,none,1,adaptive,8,0.015625,33,2,2,3,1.0,0.06060606060606061,1.0,2,1.0,2.167,2.4443,0,0.504,0.504,0.3
0.0012979497354497355,3.0311548264791903,0.10246799643860717,3.4910597741501674,1.0,37.3125,4.874434894494093,0.10117004670315745,3031.154826479191,2002,3,walk,on_time_0.7_none,none,1,adaptive,8,0.015625,39,5,5,6,1.0,0.1282051282051282,1.0,5,1.0,2.125,2.5129499999999996,0,0.504,0.504,0.3
0.08019179894179894,1.5383121746803592,0.19945399508998793,2.696461490689805,1.0,19.104166666666668,3.833869330137651,0.13176219614818896,1538.31217468036,2003,0,walk,on_time_0.7_none,none,1,adaptive,8,0.015625,35,4,4,8,1.0,0.11428571428571428,1.0,4,1.0,2.2295,2.56865,0,0.504,0.504,0.3
0.4011284722222222,1.2129950394832554,0.18644542484856433,2.2341736172333007,1.0,20.5625,3.983913190561406,0.21468304737365784,1212.9950394832556,2003,1,walk,on_time_0.7_none,none,1,adaptive,8,0.015625,35,4,4,7,1.0,0.11428571428571428,1.0,4,1.0,2.1875,2.7455,0,0.504,0.504,0.3
0.08459105465684413,2.211548636449152,0.12384499407052467,3.2136062494979942,0.9791666666666666,36.520833333333336,4.817680509879621,0.07206643941368054,2211.548636449153,2003,2,walk,on_time_0.7_none,none,1,adaptive,8,0.015625,33,4,4,5,1.0,0.12121212121212122,1.0,4,1.0,2.208,2.5545999999999998,0,0.504,0.504,0.3
0.11024305555555557,1.383232643873883,0.20962250781451608,2.538231238804257,1.0,14.916666666666666,3.508922245940101,0.1288554240326388,1383.232643873883,2003,3,walk,on_time_0.7_none,none,1,adaptive,8,0.015625,40,5,5,9,1.0,0.125,1.0,5,1.0,2.292,2.65055,0,0.504,0.504,0.3
0.12552083333333333,1.9808322562962184,0.14192978924872937,2.7132998200808323,1.0,20.666666666666668,4.052596574328604,0.13735545816587008,1980.8322562962194,2004,0,walk,on_time_0.7_none,none,1,adaptive,8,0.015625,38,5,5,7,1.0,0.13157894736842105,1.0,5,1.0,2.375,3.3018499999999995,0,0.504,0.504,0.3
0.020833333333333332,3.9245583825354107,0.09250621770711659,3.7533690707464658,0.8958333333333334,34.3125,4.802676910454848,0.07167288437378326,3924.5583825354083,2004,1,walk,on_time_0.7_none,none,1,adaptive,8,0.015625,35,3,3,5,1.0,0.08571428571428572,1.0,3,1.0,2.167,2.58365,0,0.504,0.504,0.3
0.002329282407407407,3.0102717392986293,0.11589179216295098,3.4405414766071676,0.9791666666666666,25.0625,4.409713714766373,0.11356250975554365,3010.2717392986287,2004,2,walk,on_time_0.7_none,none,1,adaptive,8,0.015625,37,3,3,5,1.0,0.08108108108108109,1.0,3,1.0,2.333,3.616999999999999,0,0.504,0.504,0.3
0.1574487433862434,1.6432897981938697,0.23047705704994045,2.570068382725178,1.0,18.5625,3.7198198394364934,0.10771581366369702,1643.2897981938706,2004,3,walk,on_time_0.7_none,none,1,adaptive,8,0.015625,35,4,4,10,1.0,0.11428571428571428,1.0,4,1.0,2.25,2.66425,0,0.504,0.504,0.3
0.0009259259259259259,2.131200600492372,0.14624897636729492,3.0516290204624403,0.9791666666666666,24.729166666666668,4.236207157362365,0.14532305044136903,2131.2006004923724,2005,0,walk,on_time_0.7_none,none,1,adaptive,8,0.015625,34,0,0,5,nan,0.0,nan,0,1.0,2.25,2.6771999999999996,0,0.504,0.504,0.3
0.03605117394179894,1.7730237903872599,0.08001248698132389,3.090683765559166,1.0,32.5625,4.84084160772554,0.04396131303952496,1773.0237903872605,2005,1,walk,on_time_0.7_none,none,1,adaptive,8,0.015625,37,1,1,4,1.0,0.02702702702702703,1.0,1,1.0,2.208,2.5,0,0.504,0.504,0.3
0.0006837951753205989,4.221405999674979,0.05968190141751221,3.730000972317711,1.0,42.875,5.283048927795545,0.05899810624219163,4221.40599967498,2005,2,walk,on_time_0.7_none,none,1,adaptive,8,0.015625,42,0,0,1,nan,0.0,nan,0,1.0,2.25,2.55395,0,0.504,0.504,0.3
0.06318379517532059,2.58471813983748,0.07448240457926121,3.106779343809068,1.0,37.541666666666664,4.934167832339361,0.027712880606130235,2584.7181398374805,2005,3,walk,on_time_0.7_none,none,1,adaptive,8,0.015625,38,1,1,4,1.0,0.02631578947368421,1.0,1,1.0,2.167,2.5119499999999997,0,0.504,0.504,0.3
0.2507094757094757,1.1918778914984351,0.18657066255931357,2.42050400896776,0.9791666666666666,24.833333333333332,4.121514085101748,0.08791679749211183,1191.8778914984352,2006,0,walk,on_time_0.7_none,none,1,adaptive,8,0.015625,33,5,5,11,1.0,0.15151515151515152,1.0,5,1.0,2.209,2.4023,0,0.504,0.504,0.3
0.10533854166666667,2.171137793371369,0.10140185874037207,3.587709676093635,0.8958333333333334,30.270833333333332,4.681488917752581,0.1266124866155317,2171.137793371367,2006,1,walk,on_time_0.7_none,none,1,adaptive,8,0.015625,40,5,5,6,1.0,0.125,1.0,5,1.0,2.166,2.4443,0,0.504,0.504,0.3
0.23284690287068002,1.3976201720246817,0.13780153751475138,2.8268985952509382,0.9583333333333334,27.291666666666668,4.315705475441163,0.11021788108130189,1397.620172024682,2006,2,walk,on_time_0.7_none,none,1,adaptive,8,0.015625,35,3,3,5,1.0,0.08571428571428572,1.0,3,1.0,2.25,2.6933000000000002,0,0.504,0.504,0.3
0.0011004618419872658,3.744243666508444,0.06322129805821496,4.038944577289617,0.8333333333333334,39.375,5.16825172800153,0.06212083621622771,3744.24366650845,2006,3,walk,on_time_0.7_none,none,1,adaptive,8,0.015625,35,3,3,4,1.0,0.08571428571428572,1.0,3,1.0,2.1665,2.6933000000000002,0,0.504,0.504,0.3
0.041666666666666664,1.773884494781998,0.11966051370877755,2.9101611363814537,0.9791666666666666,23.041666666666668,4.268787948298958,0.08514307424021912,1773.8844947819991,2007,0,walk,on_time_0.7_none,none,1,adaptive,8,0.015625,33,2,2,4,1.0,0.06060606060606061,1.0,2,1.0,2.333,3.3711499999999996,0,0.504,0.504,0.3
0.16874433876811593,1.4792779719793436,0.09349173565001649,2.9211677774755955,1.0,31.3125,4.75305389427704,0.15950956535192864,1479.2779719793434,2007,1,walk,on_time_0.7_none,none,1,adaptive,8,0.015625,36,5,5,7,1.0,0.1388888888888889,1.0,5,1.0,2.458,3.4166499999999997,0,0.504,0.504,0.3
0.08411458333333333,1.8937139805077814,0.0636960548956689,3.2882752088055938,1.0,39.166666666666664,5.151658987836753,0.037573680382652776,1893.7139805077823,2007,2,walk,on_time_0.7_none,none,1,adaptive,8,0.015625,36,1,1,1,1.0,0.027777777777777776,1.0,1,1.0,2.333,2.7896,0,0.504,0.504,0.3
0.1467013888888889,1.45529231799646,0.08525016901757675,2.7561766445580864,1.0,29.8125,4.711942243540675,0.08472575014484085,1455.2923179964603,2007,3,walk,on_time_0.7_none,none,1,adaptive,8,0.015625,36,1,1,2,1.0,0.027777777777777776,1.0,1,1.0,2.416,2.70865,0,0.504,0.504,0.3
0.20382771164021163,1.169824126870493,0.1979895389812407,2.657528620998337,0.9166666666666666,21.854166666666668,3.9424920920500015,0.11935573267923638,1169.824126870493,2008,0,walk,on_time_0.7_none,none,1,adaptive,8,0.015625,37,3,3,4,1.0,0.08108108108108109,1.0,3,1.0,2.375,3.3249999999999993,0,0.504,0.504,0.3
0.0,3.6533716115299426,0.054084841028006446,3.665220481691396,1.0,44.3125,5.3651484266708325,0.054084841028006446,3653.371611529943,2008,1,walk,on_time_0.7_none,none,1,adaptive,8,0.015625,42,3,3,3,1.0,0.07142857142857142,1.0,3,1.0,2.334,2.792,0,0.504,0.504,0.3
0.06779513888888888,2.080495845644002,0.17122726050406764,3.0191438954985834,0.9375,30.8125,4.2580707714708135,0.1496818135432395,2080.4958456440017,2008,2,walk,on_time_0.7_none,none,1,adaptive,8,0.015625,38,3,3,4,1.0,0.07894736842105263,1.0,3,1.0,2.3335,2.58365,0,0.504,0.504,0.3
0.006510416666666667,4.89119714815577,0.12152859602468695,3.614728818357955,0.8541666666666666,28.270833333333332,4.482925557314288,0.11501817935802028,4891.197148155769,2008,3,walk,on_time_0.7_none,none,1,adaptive,8,0.015625,39,1,1,4,1.0,0.02564102564102564,1.0,1,1.0,2.5,4.0546,0,0.504,0.504,0.3
0.0005208333333333333,2.814595778850759,0.07298764213998167,3.5150027169813263,1.0,37.125,5.038685706020591,0.07246680880664834,2814.5957788507603,2009,0,walk,on_time_0.7_none,none,1,adaptive,8,0.015625,38,2,2,6,1.0,0.05263157894736842,1.0,2,1.0,2.333,3.0060499999999992,0,0.504,0.504,0.3
0.0009093915343915343,3.3802089569659093,0.03731317852572294,3.8254028619753924,1.0,51.520833333333336,5.6977215967156924,0.036403786991331406,3380.2089569659106,2009,1,walk,on_time_0.7_none,none,1,adaptive,8,0.015625,42,2,2,2,1.0,0.047619047619047616,1.0,2,1.0,2.333,2.6103,0,0.504,0.504,0.3
0.1466848544973545,1.757763488297651,0.11797889292830231,3.1959738550618026,0.9375,31.854166666666668,4.639650591299666,0.05744784559908032,1757.7634882976527,2009,2,walk,on_time_0.7_none,none,1,adaptive,8,0.015625,36,2,2,7,1.0,0.05555555555555555,1.0,2,1.0,2.3545,3.5203999999999995,0,0.504,0.504,0.3
0.04357902930477109,2.760318218530767,0.06881971599414001,3.489925792483541,0.8541666666666666,36.6875,5.032138987377374,0.04569325982666089,2760.3182185307674,2009,3,walk,on_time_0.7_none,none,1,adaptive,8,0.015625,38,3,3,4,1.0,0.07894736842105263,1.0,3,1.0,2.333,2.70865,0,0.504,0.504,0.3
0.0014277619650010542,2.3400171925215885,0.05611120415992399,3.4580758863191385,1.0,36.895833333333336,5.132810457637495,0.05468344219492294,2340.017192521588,2000,0,walk,on_time_0.7_random,random,0.5,adaptive,8,0.015625,34,2,2,4,1.0,0.058823529411764705,1.0,2,1.0,2.4375,3.518649999999999,0,0.504,0.504,0.3
0.10524354360299355,2.29984047478666,0.10806312685450997,3.389174392098445,0.9791666666666666,41.625,5.0201980462168,0.07515328550840562,2299.8404747866603,2000,1,walk,on_time_0.7_random,random,0.5,adaptive,8,0.015625,37,2,1,1,0.5,0.02702702702702703,0.5,1,1.0,2.4585,3.6771999999999996,0,0.504,0.504,0.3
0.0005208333333333333,2.7251282262018464,0.16654009347140195,2.6458364240797434,1.0,20.75,3.931627508653873,0.16601926013806864,2725.128226201847,2000,2,walk,on_time_0.7_random,random,0.5,adaptive,8,0.015625,36,2,2,5,1.0,0.05555555555555555,1.0,2,1.0,2.4375,3.1523,0,0.504,0.504,0.3
0.001171875,3.040148180576772,0.02307001092415448,4.028476252959826,1.0,59.854166666666664,5.965786613650309,0.021898135924154485,3040.1481805767744,2000,3,walk,on_time_0.7_random,random,0.5,adaptive,8,0.015625,33,1,0,0,0.0,0.0,0.0,0,nan,2.334,2.7476,0,0.504,0.504,0.3
0.3544973544973545,1.0008751037940742,0.18116953314109197,2.360088850386417,1.0,25.854166666666668,4.210457188165518,0.21463633661233159,1000.8751037940742,2001,0,walk,on_time_0.7_random,random,0.5,adaptive,8,0.015625,37,2,2,3,1.0,0.05405405405405406,1.0,2,1.0,2.417,2.69365,0,0.504,0.504,0.3
0.22960069444444442,2.7161944634384017,0.0371310293592323,3.627735079677601,1.0,48.875,5.608981815291263,0.19246966508521213,2716.194463438402,2001,1,walk,on_time_0.7_random,random,0.5,adaptive,8,0.015625,36,3,2,2,0.6666666666666666,0.05555555555555555,1.0,2,1.0,2.3335,2.7353,0,0.504,0.504,0.3
0.0,4.567661021063158,0.029681578839975766,3.9910172043228402,1.0,48.229166666666664,5.667272559986479,0.029681578839975766,4567.661021063156,2001,2,walk,on_time_0.7_random,random,0.5,adaptive,8,0.015625,37,3,1,2,0.3333333333333333,0.02702702702702703,1.0,1,1.0,2.375,3.17895,0,0.504,0.504,0.3
0.024193218954248367,3.677626706275498,0.02558280743237747,4.625727124715943,0.625,56.25,5.887554716082569,0.001389588478129103,3677.626706275496,2001,3,walk,on_time_0.7_random,random,0.5,adaptive,8,0.015625,32,2,1,1,0.5,0.03125,0.5,1,1.0,2.5,3.7017499999999997,0,0.504,0.504,0.3
0.0,5.2918371350691915,0.036950047342447716,3.8992847587115165,0.9375,52.0625,5.642077323491622,0.036950047342447716,5291.837135069191,2002,0,walk,on_time_0.7_random,random,0.5,adaptive,8,0.015625,39,2,1,2,0.5,0.02564102564102564,0.5,1,1.0,2.458,2.9023,0,0.504,0.504,0.3
0.0006510416666666666,2.707371149334834,0.03399854890636092,3.893318419402801,0.9583333333333334,50.916666666666664,5.661175324953544,0.033347507239694256,2707.3711493348333,2002,1,walk,on_time_0.7_random,random,0.5,adaptive,8,0.015625,38,4,1,2,0.25,0.02631578947368421,0.3333333333333333,1,1.0,2.3335,2.7482499999999996,0,0.504,0.504,0.3
0.1875,2.1800082967979333,0.03693761588973155,3.667463176240807,0.9791666666666666,46.020833333333336,5.521257895168202,0.15056238411026845,2180.008296797933,2002,2,walk,on_time_0.7_random,random,0.5,adaptive,8,0.015625,33,2,1,2,0.5,0.030303030303030304,0.5,1,1.0,2.3335,2.7209499999999998,0,0.504,0.504,0.3
0.0012979497354497355,3.644109416772229,0.0614829285155132,3.82620526102486,0.9791666666666666,46.520833333333336,5.365907760425817,0.06018497878006346,3644.109416772227,2002,3,walk,on_time_0.7_random,random,0.5,adaptive,8,0.015625,39,5,3,3,0.6,0.07692307692307693,0.5,3,1.0,2.3335,2.6523,0,0.504,0.504,0.3
0.00033068783068783067,4.1163251091498045,0.058079541429633647,4.068918726937384,0.8125,38.979166666666664,5.121567440905225,0.057748853598945805,4116.325109149806,2003,0,walk,on_time_0.7_random,random,0.5,adaptive,8,0.015625,35,4,1,3,0.25,0.02857142857142857,0.3333333333333333,1,1.0,2.333,2.70865,0,0.504,0.504,0.3
0.24531250000000002,1.0312219014084978,0.1555953831263939,2.595474771931115,1.0,24.708333333333332,4.31320465276285,0.14936791433724597,1031.2219014084978,2003,1,walk,on_time_0.7_random,random,0.5,adaptive,8,0.015625,35,4,2,2,0.5,0.05714285714285714,0.6666666666666666,2,1.0,2.375,2.83125,0,0.504,0.504,0.3
0.08459105465684413,2.1922526013935566,0.1113524438731472,3.3356779579598643,0.9791666666666666,40.520833333333336,5.006790588651538,0.059573889216303105,2192.252601393557,2003,2,walk,on_time_0.7_random,random,0.5,adaptive,8,0.015625,33,4,3,3,0.75,0.09090909090909091,1.0,3,1.0,2.375,2.70865,0,0.504,0.504,0.3
0.0685763888888889,1.680136970943975,0.12861319292351384,2.9319012018007355,1.0,22.583333333333332,4.218144635744496,0.06639534311540245,1680.1369709439762,2003,3,walk,on_time_0.7_random,random,0.5,adaptive,8,0.015625,40,5,3,5,0.6,0.075,0.75,3,1.0,2.458,2.8585499999999997,0,0.504,0.504,0.3
0.043828914141414134,2.6594890335757446,0.04663332358178973,3.4093096251387274,1.0,36.729166666666664,5.202561706806972,0.0028044094403755957,2659.4890335757445,2004,0,walk,on_time_0.7_random,random,0.5,adaptive,8,0.015625,38,5,2,3,0.4,0.05263157894736842,0.5,2,1.0,2.334,2.542,0,0.504,0.504,0.3
0.10416666666666667,4.0381062768230285,0.03579290236232232,3.72593956432376,0.9791666666666666,46.916666666666664,5.589741620650389,0.06837376430434434,4038.10627682303,2004,1,walk,on_time_0.7_random,random,0.5,adaptive,8,0.015625,35,3,2,3,0.6666666666666666,0.05714285714285714,0.6666666666666666,2,1.0,2.3955,4.1709499999999995,0,0.504,0.504,0.3
0.0,3.8989000464567636,0.06593549095324718,3.9835024023851417,0.8958333333333334,35.208333333333336,5.01411947510194,0.06593549095324718,3898.9000464567666,2004,2,walk,on_time_0.7_random,random,0.5,adaptive,8,0.015625,37,3,1,2,0.3333333333333333,0.02702702702702703,0.5,1,1.0,2.375,2.8603,0,0.504,0.504,0.3
0.1278198653198653,1.5283078291017917,0.2078348169424865,2.661600790982854,1.0,21.1875,3.939273029150121,0.14036165112253698,1528.3078291017925,2004,3,walk,on_time_0.7_random,random,0.5,adaptive,8,0.015625,35,4,3,5,0.75,0.08571428571428572,0.75,3,1.0,2.334,2.70865,0,0.504,0.504,0.3
0.021164021164021163,2.3848846063339386,0.04979291421664742,3.581763690599816,1.0,39.166666666666664,5.28945290093425,0.028628893052626263,2384.884606333938,2005,0,walk,on_time_0.7_random,random,0.5,adaptive,8,0.015625,34,0,0,1,nan,0.0,nan,0,1.0,2.292,2.708,0,0.504,0.504,0.3
0.08522652116402117,1.5629510727440126,0.03715423320985259,3.640580145107388,1.0,49.520833333333336,5.6137550757142,0.048072287954168576,1562.9510727440136,2005,1,walk,on_time_0.7_random,random,0.5,adaptive,8,0.015625,37,1,1,1,1.0,0.02702702702702703,1.0,1,1.0,2.3545,2.77555,0,0.504,0.504,0.3
0.08401712850865393,3.947523906204532,0.03806673157563218,3.621778502488816,1.0,47.5,5.533283059644959,0.04595039693302175,3947.523906204533,2005,2,walk,on_time_0.7_random,random,0.5,adaptive,8,0.015625,42,0,0,1,nan,0.0,nan,0,1.0,2.417,5.647799999999999,0,0.504,0.504,0.3
0.042350461841987264,3.659074409987525,0.024255024818574642,3.9041210531204036,1.0,58.645833333333336,5.930487562563599,0.01809543702341262,3659.074409987525,2005,3,walk,on_time_0.7_random,random,0.5,adaptive,8,0.015625,38,1,0,0,0.0,0.0,0.0,0,nan,2.3335,2.7773,0,0.504,0.504,0.3
0.1673761423761424,2.711767119084221,0.15295651224194812,3.15237453760524,0.9791666666666666,34.625,4.528453539101222,0.12042229902012765,2711.7671190842216,2006,0,walk,on_time_0.7_random,random,0.5,adaptive,8,0.015625,33,5,2,7,0.4,0.06060606060606061,0.5,2,1.0,2.4165,3.6726999999999994,0,0.504,0.504,0.3
0.020833333333333332,3.1879816716693266,0.06122140180500043,4.156844339444313,0.9166666666666666,45.104166666666664,5.285729020748292,0.06182707345796359,3187.9816716693254,2006,1,walk,on_time_0.7_random,random,0.5,adaptive,8,0.015625,40,5,1,1,0.2,0.025,0.25,1,1.0,2.396,2.875,0,0.504,0.504,0.3
0.05885416666666667,2.127222349820881,0.03238729341952163,3.969253508820129,0.9166666666666666,52.8125,5.71265521808968,0.026466873247145042,2127.2223498208814,2006,2,walk,on_time_0.7_random,random,0.5,adaptive,8,0.015625,35,3,2,2,0.6666666666666666,0.05714285714285714,0.6666666666666666,2,1.0,2.292,2.625,0,0.504,0.504,0.3
0.04276712850865393,3.3739849050381547,0.031805815984980716,3.802625649087904,1.0,51.4375,5.709420780417635,0.010961312523673217,3373.984905038155,2006,3,walk,on_time_0.7_random,random,0.5,adaptive,8,0.015625,35,3,3,3,1.0,0.08571428571428572,1.0,3,1.0,2.3545,2.7629499999999996,0,0.504,0.504,0.3
0.0,4.7319252420077325,0.03773493646240539,3.922996512100289,1.0,43.729166666666664,5.435537385255226,0.03773493646240539,4731.925242007731,2007,0,walk,on_time_0.7_random,random,0.5,adaptive,8,0.015625,33,2,1,2,0.5,0.030303030303030304,0.5,1,1.0,2.292,2.625,0,0.504,0.504,0.3
0.02291100543478261,1.9713227772405675,0.06122308918963232,3.4265341547908044,0.9791666666666666,36.3125,5.104836592442018,0.0383120837548497,1971.3227772405692,2007,1,walk,on_time_0.7_random,random,0.5,adaptive,8,0.015625,36,5,2,2,0.4,0.05555555555555555,0.4,2,1.0,2.291,2.61065,0,0.504,0.504,0.3
0.0007812499999999999,3.8977623257697793,0.02640446839424743,4.070095837004064,1.0,58.5,5.917745052100753,0.02562321839424743,3897.762325769781,2007,2,walk,on_time_0.7_random,random,0.5,adaptive,8,0.015625,36,1,0,0,0.0,0.0,0.0,0,nan,2.292,2.5959499999999998,0,0.504,0.504,0.3
0.1678595430107527,2.1361705476316692,0.037735865177048994,3.562551318523679,1.0,41.958333333333336,5.401130058289283,0.1301236778337037,2136.17054763167,2007,3,walk,on_time_0.7_random,random,0.5,adaptive,8,0.015625,36,1,1,2,1.0,0.027777777777777776,1.0,1,1.0,2.396,3.6379499999999996,0,0.504,0.504,0.3
0.06320271164021164,3.2828205237462935,0.11640779390458877,3.5460613900199074,0.9166666666666666,29.0,4.617806170484889,0.06735455562284269,3282.820523746294,2008,0,walk,on_time_0.7_random,random,0.5,adaptive,8,0.015625,37,3,1,3,0.3333333333333333,0.02702702702702703,0.5,1,1.0,2.4585,3.906249999999999,0,0.504,0.504,0.3
0.12552083333333333,2.10981146611995,0.06436631886735358,3.1737598779239806,1.0,37.541666666666664,5.124287168720895,0.13828395637673463,2109.8114661199506,2008,1,walk,on_time_0.7_random,random,0.5,adaptive,8,0.015625,42,3,1,3,0.3333333333333333,0.023809523809523808,0.3333333333333333,1,1.0,2.333,2.7626,0,0.504,0.504,0.3
0.0,6.313393047082077,0.027096665403302616,4.0389973274212645,0.9375,56.770833333333336,5.865354579999241,0.027096665403302616,6313.393047082081,2008,2,walk,on_time_0.7_random,random,0.5,adaptive,8,0.015625,38,3,1,1,0.3333333333333333,0.02631578947368421,0.3333333333333333,1,1.0,2.334,2.708,0,0.504,0.504,0.3
0.2955729166666667,1.949025245185226,0.08810202515244801,3.464478186023928,0.9791666666666666,31.145833333333332,4.777110854798504,0.3195891477549282,1949.0252451852255,2008,3,walk,on_time_0.7_random,random,0.5,adaptive,8,0.015625,39,1,0,2,0.0,0.0,0.0,0,1.0,2.334,2.66425,0,0.504,0.504,0.3
0.0005208333333333333,3.9720474735386238,0.05867565505141198,4.611988048702217,0.8125,40.8125,5.208003345750826,0.05815482171807865,3972.047473538623,2009,0,walk,on_time_0.7_random,random,0.5,adaptive,8,0.015625,38,2,1,3,0.5,0.02631578947368421,0.5,1,1.0,2.292,2.7916499999999997,0,0.504,0.504,0.3
0.0009093915343915343,2.785696798201712,0.023095353105357947,3.953543148802556,1.0,59.479166666666664,5.954188511702832,0.022185961570966414,2785.6967982017136,2009,1,walk,on_time_0.7_random,random,0.5,adaptive,8,0.015625,42,2,0,0,0.0,0.0,0.0,0,nan,2.3955,3.2580999999999993,0,0.504,0.504,0.3
0.04251818783068784,2.8507276456540662,0.04037846026932614,3.870386408038742,1.0,49.895833333333336,5.609721269831634,0.002139727561361692,2850.7276456540653,2009,2,walk,on_time_0.7_random,random,0.5,adaptive,8,0.015625,36,2,2,3,1.0,0.05555555555555555,1.0,2,1.0,2.3545,2.81655,0,0.504,0.504,0.3
0.04286063850017339,2.1301604621393895,0.05589195156422532,3.3208697253040267,0.9791666666666666,39.4375,5.192543874289126,0.029805328583882813,2130.1604621393903,2009,3,walk,on_time_0.7_random,random,0.5,adaptive,8,0.015625,38,3,1,3,0.3333333333333333,0.02631578947368421,0.3333333333333333,1,1.0,2.333,2.70625,0,0.504,0.504,0.3
0.0205078125,2.3392065395755064,0.08031983021997025,3.12025608894306,0.9583333333333334,27.791666666666668,4.707075743679586,0.059812017719970245,2339.2065395755058,2000,0,walk,on_time_0.7_bsp,bsp,0.1,adaptive,8,0.015625,34,2,0,5,0.0,0.0,0.0,0,1.0,18.6665,22.264249999999997,0,0.504,0.504,0.3
0.10774739583333333,2.4721283432796315,0.04712365149815421,3.816443566491055,0.9375,44.958333333333336,5.395016811828178,0.06062374433517912,2472.128343279632,2000,1,walk,on_time_0.7_bsp,bsp,0.1,adaptive,8,0.015625,37,2,1,3,0.5,0.02702702702702703,0.5,1,1.0,18.229,21.893749999999997,0,0.504,0.504,0.3
0.01115451388888889,2.1828882716750133,0.07444979971141795,3.1401269662234093,1.0,33.020833333333336,4.916495912535338,0.06329528582252907,2182.888271675013,2000,2,walk,on_time_0.7_bsp,bsp,0.1,adaptive,8,0.015625,36,2,1,1,0.5,0.027777777777777776,0.5,1,1.0,18.417,24.218549999999997,0,0.504,0.504,0.3
0.15334201388888888,2.3062452158280218,0.0473307076220694,3.5812617349943605,0.9583333333333334,44.020833333333336,5.389575211792305,0.10601130626681948,2306.245215828021,2000,3,walk,on_time_0.7_bsp,bsp,0.1,adaptive,8,0.015625,33,1,1,4,1.0,0.030303030303030304,1.0,1,1.0,18.146,18.89605,0,0.504,0.504,0.3
0.004969618055555555,3.5043818530685003,0.043202965810723,3.624456809108606,1.0,51.895833333333336,5.634956253223383,0.03823334775516744,3504.3818530685003,2001,0,walk,on_time_0.7_bsp,bsp,0.1,adaptive,8,0.015625,37,2,0,0,0.0,0.0,0.0,0,nan,18.0625,18.833,0,0.504,0.504,0.3
0.18793402777777776,2.3340944960043712,0.05950350065167629,3.5023208135190713,0.9791666666666666,38.833333333333336,5.106110407104285,0.12843052712610145,2334.094496004372,2001,1,walk,on_time_0.7_bsp,bsp,0.1,adaptive,8,0.015625,36,3,3,5,1.0,0.08333333333333333,1.0,3,1.0,18.0205,18.90055,0,0.504,0.504,0.3
0.14583333333333334,2.8164757743273405,0.05297877132508183,3.474586923656174,0.875,42.0625,5.3145068829130695,0.0928545620082515,2816.4757743273426,2001,2,walk,on_time_0.7_bsp,bsp,0.1,adaptive,8,0.015625,37,3,3,3,1.0,0.08108108108108109,1.0,3,1.0,18.0,18.61065,0,0.504,0.504,0.3
0.1476779513888889,1.8618340738193957,0.08322312860197123,2.885056554977462,0.9791666666666666,25.791666666666668,4.544257870993632,0.06445482278691766,1861.8340738193963,2001,3,walk,on_time_0.7_bsp,bsp,0.1,adaptive,8,0.015625,32,2,0,8,0.0,0.0,0.0,0,1.0,18.5625,20.7353,0,0.504,0.504,0.3
0.008152821780593957,5.399134257665389,0.056779678052442745,4.597302915913434,0.7083333333333334,37.270833333333336,5.112133935750715,0.04862685627184879,5399.134257665391,2002,0,walk,on_time_0.7_bsp,bsp,0.1,adaptive,8,0.015625,39,2,0,5,0.0,0.0,0.0,0,1.0,18.2295,19.46855,0,0.504,0.504,0.3
0.10481770833333333,1.5494890727002868,0.05651503983697287,3.2815395792310476,1.0,41.166666666666664,5.239876201772133,0.056636001829693805,1549.4890727002883,2002,1,walk,on_time_0.7_bsp,bsp,0.1,adaptive,8,0.015625,38,4,3,4,0.75,0.07894736842105263,0.6666666666666666,3,1.0,18.042,19.0522,0,0.504,0.504,0.3
0.002907986111111111,2.976080013002177,0.07951506729471806,3.509518005835273,1.0,26.895833333333332,4.66815769334178,0.07660708118360696,2976.0800130021794,2002,2,walk,on_time_0.7_bsp,bsp,0.1,adaptive,8,0.015625,33,2,2,8,1.0,0.06060606060606061,1.0,2,1.0,18.083,18.95625,0,0.504,0.504,0.3
0.013042534722222221,2.8355038261602528,0.05587706074508106,3.9390474789814394,0.9791666666666666,40.229166666666664,5.26346024835437,0.04283452602285884,2835.5038261602513,2002,3,walk,on_time_0.7_bsp,bsp,0.1,adaptive,8,0.015625,39,5,3,6,0.6,0.07692307692307693,0.75,3,1.0,18.167,20.0523,0,0.504,0.504,0.3
0.0027994791666666667,2.793832260122883,0.05665369295196978,4.161451927742488,0.8333333333333334,40.291666666666664,5.226227198098293,0.05385421378530311,2793.8322601228842,2003,0,walk,on_time_0.7_bsp,bsp,0.1,adaptive,8,0.015625,35,4,2,6,0.5,0.05714285714285714,0.6666666666666666,2,1.0,17.8335,18.98565,0,0.504,0.504,0.3
0.24661458333333333,1.7703378124893714,0.06643307383540643,2.9290283738138734,1.0,32.8125,4.981759847013982,0.1801815094979269,1770.3378124893716,2003,1,walk,on_time_0.7_bsp,bsp,0.1,adaptive,8,0.015625,35,4,3,6,0.75,0.08571428571428572,0.6666666666666666,3,1.0,18.186999999999998,20.2273,0,0.504,0.504,0.3
0.06540798611111111,2.3552775578371885,0.05881459175012645,3.312144520196323,0.9166666666666666,39.1875,5.16669765932619,0.006593394360984661,2355.277557837189,2003,2,walk,on_time_0.7_bsp,bsp,0.1,adaptive,8,0.015625,33,4,3,5,0.75,0.09090909090909091,1.0,3,1.0,18.0625,19.2704,0,0.504,0.504,0.3
0.16276041666666666,1.5216461427966808,0.065324236192739,2.989042037015871,1.0,33.625,4.972340159450125,0.09743618047392766,1521.6461427966813,2003,3,walk,on_time_0.7_bsp,bsp,0.1,adaptive,8,0.015625,40,5,3,5,0.6,0.075,0.5,3,1.0,18.188000000000002,25.174999999999994,0,0.504,0.504,0.3
0.04809027777777777,2.3142885673920945,0.05681786521979562,3.1442604589124907,1.0,32.395833333333336,4.994047648114923,0.008727587442017848,2314.2885673920932,2004,0,walk,on_time_0.7_bsp,bsp,0.1,adaptive,8,0.015625,38,5,3,4,0.6,0.07894736842105263,0.75,3,1.0,18.375,21.4897,0,0.504,0.504,0.3
0.0,4.947942964051216,0.0593613413790763,4.163754438082394,0.8125,40.145833333333336,5.223713005065903,0.0593613413790763,4947.942964051216,2004,1,walk,on_time_0.7_bsp,bsp,0.1,adaptive,8,0.015625,35,3,2,7,0.6666666666666666,0.05714285714285714,0.6666666666666666,2,1.0,18.354,29.889799999999994,0,0.504,0.504,0.3
0.21066261574074074,2.128288140485082,0.061092062017415016,3.159280491558347,1.0,32.041666666666664,4.949160903866649,0.14957055372332573,2128.288140485084,2004,2,walk,on_time_0.7_bsp,bsp,0.1,adaptive,8,0.015625,37,3,1,2,0.3333333333333333,0.02702702702702703,0.5,1,1.0,18.583,22.18575,0,0.504,0.504,0.3
0.11260850694444445,2.084735916387057,0.05072639745860378,3.3427686256551383,1.0,39.583333333333336,5.222533052482348,0.061882109485840664,2084.735916387058,2004,3,walk,on_time_0.7_bsp,bsp,0.1,adaptive,8,0.015625,35,4,3,5,0.75,0.08571428571428572,0.75,3,1.0,18.375,20.39605,0,0.504,0.504,0.3
0.12532552083333334,2.083857107678924,0.04324778552674232,3.6837991203161042,0.9791666666666666,51.8125,5.650841749853501,0.08207773530659102,2083.857107678925,2005,0,walk,on_time_0.7_bsp,bsp,0.1,adaptive,8,0.015625,34,0,0,1,nan,0.0,nan,0,1.0,18.5415,35.06884999999999,0,0.504,0.504,0.3
0.020421006944444445,2.2790683256919757,0.07728234367904423,3.1595234902264764,1.0,25.708333333333332,4.565466003991721,0.05686133673459979,2279.0683256919765,2005,1,walk,on_time_0.7_bsp,bsp,0.1,adaptive,8,0.015625,37,1,1,7,1.0,0.02702702702702703,1.0,1,1.0,19.021,25.83345,0,0.504,0.504,0.3
0.29296875,3.8779913447823806,0.06511766120525432,3.189819910190169,1.0,41.604166666666664,5.189165153523207,0.2278510887947457,3877.9913447823815,2005,2,walk,on_time_0.7_bsp,bsp,0.1,adaptive,8,0.015625,42,0,0,2,nan,0.0,nan,0,1.0,18.083,23.093649999999997,0,0.504,0.504,0.3
0.12565104166666666,2.6457045395172254,0.05197953802771857,3.3585395886342138,1.0,40.520833333333336,5.1701284953214826,0.0736715036389481,2645.7045395172254,2005,3,walk,on_time_0.7_bsp,bsp,0.1,adaptive,8,0.015625,38,1,1,4,1.0,0.02631578947368421,1.0,1,1.0,17.6045,19.0477,0,0.504,0.504,0.3
0.4188151041666666,1.7450827008820482,0.06143612303166446,3.080248157583599,0.9791666666666666,38.1875,5.1127235498057395,0.35737898113500216,1745.082700882048,2006,0,walk,on_time_0.7_bsp,bsp,0.1,adaptive,8,0.015625,33,5,3,6,0.6,0.09090909090909091,0.75,3,1.0,17.458,19.30045,0,0.504,0.504,0.3
0.12617187500000002,2.0413455646382963,0.048807300974314134,3.590516755092598,0.9791666666666666,43.208333333333336,5.36786604095422,0.07736457402568588,2041.3455646382965,2006,1,walk,on_time_0.7_bsp,bsp,0.1,adaptive,8,0.015625,40,5,4,5,0.8,0.1,1.0,4,1.0,17.542,18.966549999999998,0,0.504,0.504,0.3
0.058029513888888884,2.413025581184053,0.07041945268021765,3.0526683119653586,1.0,32.9375,4.883397482561315,0.01238993879132877,2413.0255811840534,2006,2,walk,on_time_0.7_bsp,bsp,0.1,adaptive,8,0.015625,35,3,1,4,0.3333333333333333,0.02857142857142857,0.3333333333333333,1,1.0,17.3335,18.2749,0,0.504,0.504,0.3
0.003472222222222222,4.560103012929203,0.07432228491608309,3.770459817273798,1.0,36.0625,4.996492293894782,0.07085006269386086,4560.103012929202,2006,3,walk,on_time_0.7_bsp,bsp,0.1,adaptive,8,0.015625,35,3,0,1,0.0,0.0,0.0,0,1.0,17.375,18.36875,0,0.504,0.504,0.3
0.0,2.9203262836571082,0.054080923926580045,3.7006772149156775,1.0,38.625,5.22113190505806,0.054080923926580045,2920.326283657107,2007,0,walk,on_time_0.7_bsp,bsp,0.1,adaptive,8,0.015625,33,2,1,4,0.5,0.030303030303030304,0.5,1,1.0,17.25,17.92895,0,0.504,0.504,0.3
0.0033420138888888887,2.3169851604237035,0.06155080836366089,3.293401944354311,1.0,42.395833333333336,5.217024080763132,0.05820879447477201,2316.985160423705,2007,1,walk,on_time_0.7_bsp,bsp,0.1,adaptive,8,0.015625,36,5,3,3,0.6,0.08333333333333333,0.6,3,1.0,17.5,19.804399999999998,0,0.504,0.504,0.3
0.06380208333333333,2.436146037606107,0.0699810312031677,3.2523657541627276,1.0,38.0625,5.055349682332163,0.006178947869834371,2436.1460376061073,2007,2,walk,on_time_0.7_bsp,bsp,0.1,adaptive,8,0.015625,36,1,1,2,1.0,0.027777777777777776,1.0,1,1.0,17.375,19.13705,0,0.504,0.504,0.3
0.18836805555555558,1.4735876998582997,0.08184485623760315,2.890537594345041,1.0,29.541666666666668,4.7925422938582,0.13152319931795242,1473.5876998583005,2007,3,walk,on_time_0.7_bsp,bsp,0.1,adaptive,8,0.015625,36,1,1,2,1.0,0.027777777777777776,1.0,1,1.0,17.75,23.006249999999998,0,0.504,0.504,0.3
0.0006510416666666666,4.198914211718654,0.04685469320384658,4.039938874099482,0.9583333333333334,45.3125,5.4410600689650925,0.04620365153717992,4198.9142117186575,2008,0,walk,on_time_0.7_bsp,bsp,0.1,adaptive,8,0.015625,37,3,0,3,0.0,0.0,0.0,0,1.0,17.458,18.5126,0,0.504,0.504,0.3
0.0,4.490102331806233,0.056278621071886,3.755891624218348,1.0,37.416666666666664,5.1383636997843025,0.056278621071886,4490.102331806233,2008,1,walk,on_time_0.7_bsp,bsp,0.1,adaptive,8,0.015625,42,3,2,5,0.6666666666666666,0.047619047619047616,0.6666666666666666,2,1.0,17.5,18.208,0,0.504,0.504,0.3
0.15112847222222223,1.800557139023826,0.06433987189468678,2.995155930302389,1.0,39.583333333333336,5.121917839562641,0.08678860032753544,1800.5571390238258,2008,2,walk,on_time_0.7_bsp,bsp,0.1,adaptive,8,0.015625,38,3,0,2,0.0,0.0,0.0,0,1.0,17.416,19.25635,0,0.504,0.504,0.3
0.07491319444444444,5.190913728995748,0.0658228592015915,3.3107133917974934,0.9583333333333334,32.270833333333336,4.861969593739868,0.013257001909519596,5190.913728995748,2008,3,walk,on_time_0.7_bsp,bsp,0.1,adaptive,8,0.015625,39,1,1,2,1.0,0.02564102564102564,1.0,1,1.0,17.75,21.3432,0,0.504,0.504,0.3
0.1046875,2.392566362384691,0.06386959053951757,3.197895244728581,1.0,35.4375,4.995056364641431,0.040817909460482436,2392.5663623846913,2009,0,walk,on_time_0.7_bsp,bsp,0.1,adaptive,8,0.015625,38,2,2,5,1.0,0.05263157894736842,1.0,2,1.0,17.458,19.56655,0,0.504,0.504,0.3
0.0003255208333333333,3.3409540450222277,0.052854129978648356,3.840465868172489,0.9583333333333334,40.520833333333336,5.237443879595947,0.05252860914531502,3340.9540450222303,2009,1,walk,on_time_0.7_bsp,bsp,0.1,adaptive,8,0.015625,42,2,1,4,0.5,0.023809523809523808,0.5,1,1.0,17.542,18.791449999999998,0,0.504,0.504,0.3
0.020811631944444447,2.7259795611817306,0.05656496976556997,3.483773559615156,0.9791666666666666,42.25,5.233155132850688,0.035753337821125525,2725.9795611817303,2009,2,walk,on_time_0.7_bsp,bsp,0.1,adaptive,8,0.015625,36,2,2,3,1.0,0.05555555555555555,1.0,2,1.0,17.4375,18.4955,0,0.504,0.504,0.3
0.06384858630952381,2.9422810553606453,0.05376973854306683,3.5954029600178696,0.8541666666666666,41.8125,5.291555293850576,0.014245514433123633,2942.281055360645,2009,3,walk,on_time_0.7_bsp,bsp,0.1,adaptive,8,0.015625,38,3,3,5,1.0,0.07894736842105263,1.0,3,1.0,17.2915,18.4227,0,0.504,0.504,0.3
0.2305944286316677,1.399877073275623,0.14631458085552668,2.677272712563305,0.9791666666666666,25.791666666666668,4.300810016851424,0.10757465572873036,1399.8770732756232,2000,0,walk,on_time_1.0_none,none,1,adaptive,8,0.015625,34,2,2,6,1.0,0.058823529411764705,1.0,2,1.0,2.25,3.2437499999999995,0,0.7200000000000001,0.7200000000000001,0.3
0.16774354360299357,2.1191790375321498,0.18084102405055658,3.1688524996237803,0.9375,31.458333333333332,4.334345523801396,0.084596193999964,2119.1790375321493,2000,1,walk,on_time_1.0_none,none,1,adaptive,8,0.015625,37,2,2,4,1.0,0.05405405405405406,1.0,2,1.0,2.208,2.6079,0,0.7200000000000001,0.7200000000000001,0.3
0.14635416666666667,2.667344800447971,0.19303854041476298,2.8682265757692913,0.9583333333333334,19.020833333333332,3.7843655756945354,0.12839930105610087,2667.344800447971,2000,2,walk,on_time_1.0_none,none,1,adaptive,8,0.015625,36,2,2,6,1.0,0.05555555555555555,1.0,2,1.0,2.25,2.58125,0,0.7200000000000001,0.7200000000000001,0.3
0.0026809715821812592,1.9376407372873288,0.1067251815654095,3.119697236657523,1.0,37.604166666666664,4.845737584036155,0.10404420998322826,1937.64073728733,2000,3,walk,on_time_1.0_none,none,1,adaptive,8,0.015625,33,1,1,5,1.0,0.030303030303030304,1.0,1,1.0,2.208,2.5101999999999998,0,0.7200000000000001,0.7200000000000001,0.3
0.708664021164021,0.5556327935521733,0.2736207554399554,1.9035615809486066,0.9791666666666666,16.708333333333332,3.46573687515489,0.45483493239073236,555.6327935521732,2001,0,walk,on_time_1.0_none,none,1,adaptive,8,0.015625,37,2,2,5,1.0,0.05405405405405406,1.0,2,1.0,2.1875,2.4023,0,0.7200000000000001,0.7200000000000001,0.3
0.15192212301587302,1.2016381029650312,0.14429190980506648,2.6803040353295042,1.0,24.5625,4.295000006019472,0.06264013137800627,1201.6381029650313,2001,1,walk,on_time_1.0_none,none,1,adaptive,8,0.015625,36,6,6,8,1.0,0.16666666666666666,1.0,6,1.0,2.167,2.5119499999999997,0,0.7200000000000001,0.7200000000000001,0.3
0.3125,2.0679174382834367,0.2255097267050898,2.5211531379848577,1.0,21.729166666666668,3.797897602648348,0.17166824921732116,2067.917438283437,2001,2,walk,on_time_1.0_none,none,1,adaptive,8,0.015625,37,4,4,7,1.0,0.10810810810810811,1.0,4,1.0,2.208,2.52665,0,0.7200000000000001,0.7200000000000001,0.3
0.23153971018231853,1.7859606799160057,0.24433317770809374,2.5029705055981553,0.9791666666666666,17.125,3.5096246452062885,0.08653336087295634,1785.9606799160063,2001,3,walk,on_time_1.0_none,none,1,adaptive,8,0.015625,32,4,4,8,1.0,0.125,1.0,4,1.0,2.208,2.8540499999999995,0,0.7200000000000001,0.7200000000000001,0.3
0.3333333333333333,2.3331935279824854,0.2855135664332327,2.5861960191939883,0.9375,24.729166666666668,3.713977757961018,0.1262721697861923,2333.1935279824856,2002,0,walk,on_time_1.0_none,none,1,adaptive,8,0.015625,39,4,4,6,1.0,0.10256410256410256,1.0,4,1.0,2.209,2.6205,0,0.7200000000000001,0.7200000000000001,0.3
0.22981770833333334,1.1188190892113294,0.2473484427523538,2.0075315276082937,1.0,13.1875,3.2406399687805525,0.11634480420788447,1118.8190892113294,2002,1,walk,on_time_1.0_none,none,1,adaptive,8,0.015625,38,6,6,11,1.0,0.15789473684210525,1.0,6,1.0,2.1665,2.5959499999999998,0,0.7200000000000001,0.7200000000000001,0.3
0.42517361111111107,0.681112048651808,0.3855681942037989,1.5994504573222084,1.0,11.854166666666666,2.783044820980461,0.16231468584749573,681.1120486518079,2002,2,walk,on_time_1.0_none,none,1,adaptive,8,0.015625,33,4,4,12,1.0,0.12121212121212122,1.0,4,1.0,2.1875,2.4709499999999998,0,0.7200000000000001,0.7200000000000001,0.3
0.08463128306878308,3.1767613284433924,0.09727478282317271,3.5485584625164233,1.0,37.104166666666664,4.8944078133422275,0.05436560595871587,3176.7613284433914,2002,3,walk,on_time_1.0_none,none,1,adaptive,8,0.015625,39,6,6,6,1.0,0.15384615384615385,1.0,6,1.0,2.167,2.459,0,0.7200000000000001,0.7200000000000001,0.3
0.1218584656084656,1.814879747371921,0.23904230794854978,2.7418554176699157,1.0,20.0625,3.7441403898008985,0.1421838423400842,1814.8797473719214,2003,0,walk,on_time_1.0_none,none,1,adaptive,8,0.015625,35,6,6,9,1.0,0.17142857142857143,1.0,6,1.0,2.125,2.48565,0,0.7200000000000001,0.7200000000000001,0.3
0.4427951388888889,0.9979001369762397,0.25405102410468366,2.125139583436899,1.0,19.604166666666668,3.670813281797382,0.18874411478420525,997.9001369762399,2003,1,walk,on_time_1.0_none,none,1,adaptive,8,0.015625,35,4,4,7,1.0,0.11428571428571428,1.0,4,1.0,2.208,2.4853,0,0.7200000000000001,0.7200000000000001,0.3
0.1731327213235108,2.107574533687793,0.13531966509078838,2.9701814493311134,0.9791666666666666,31.541666666666668,4.573571054368194,0.04717302544349631,2107.574533687794,2003,2,walk,on_time_1.0_none,none,1,adaptive,8,0.015625,33,4,4,6,1.0,0.12121212121212122,1.0,4,1.0,2.3125,2.70625,0,0.7200000000000001,0.7200000000000001,0.3
0.1310763888888889,1.6034959984236317,0.24296665823573313,2.445375631480814,1.0,13.916666666666666,3.3637694510456577,0.12794726361995937,1603.4959984236318,2003,3,walk,on_time_1.0_none,none,1,adaptive,8,0.015625,40,5,5,9,1.0,0.125,1.0,5,1.0,2.167,2.5126,0,0.7200000000000001,0.7200000000000001,0.3
0.22968750000000002,1.6642445935419705,0.17619685777255087,2.4973734756020645,1.0,19.145833333333332,3.84097743569331,0.12146757339556657,1664.2445935419712,2004,0,walk,on_time_1.0_none,none,1,adaptive,8,0.015625,38,6,6,10,1.0,0.15789473684210525,1.0,6,1.0,2.25,2.56895,0,0.7200000000000001,0.7200000000000001,0.3
0.1852988591269841,1.4974876909161807,0.13523451964796931,2.600952948011646,1.0,29.541666666666668,4.478219410745731,0.14349966601792755,1497.4876909161812,2004,1,walk,on_time_1.0_none,none,1,adaptive,8,0.015625,35,4,4,7,1.0,0.11428571428571428,1.0,4,1.0,2.208,2.5,0,0.7200000000000001,0.7200000000000001,0.3
0.02316261574074074,3.004436878023352,0.09376983913388741,3.546468315716176,1.0,29.3125,4.6340044485605185,0.07060722339314664,3004.436878023352,2004,2,walk,on_time_1.0_none,none,1,adaptive,8,0.015625,37,4,4,7,1.0,0.10810810810810811,1.0,4,1.0,2.208,2.4709499999999998,0,0.7200000000000001,0.7200000000000001,0.3
0.1903198653198653,1.232997369171535,0.2624566387811084,2.1577680955007024,1.0,15.3125,3.4145623945219747,0.10682427346124312,1232.997369171535,2004,3,walk,on_time_1.0_none,none,1,adaptive,8,0.015625,35,5,5,10,1.0,0.14285714285714285,1.0,5,1.0,2.208,2.4709499999999998,0,0.7200000000000001,0.7200000000000001,0.3
0.12533068783068782,2.8603122869147146,0.06777641260003658,3.6666761250420126,1.0,44.979166666666664,5.3004410522161445,0.057554275230651236,2860.3122869147155,2005,0,walk,on_time_1.0_none,none,1,adaptive,8,0.015625,34,0,0,2,nan,0.0,nan,0,1.0,2.1665,2.5101999999999998,0,0.7200000000000001,0.7200000000000001,0.3
0.13036541005291005,1.4014255022212856,0.13208489408442725,2.677708143591959,1.0,21.041666666666668,4.162189605067973,0.033508262543011764,1401.4255022212856,2005,1,walk,on_time_1.0_none,none,1,adaptive,8,0.015625,37,4,4,8,1.0,0.10810810810810811,1.0,4,1.0,2.25,3.807899999999999,0,0.7200000000000001,0.7200000000000001,0.3
0.45901712850865395,1.2020845165287752,0.2605482407759575,1.8881414838936534,1.0,19.6875,3.454638348103545,0.21520953838311097,1202.0845165287753,2005,2,walk,on_time_1.0_none,none,1,adaptive,8,0.015625,42,8,8,9,1.0,0.19047619047619047,1.0,8,1.0,2.5,3.3291499999999994,0,0.7200000000000001,0.7200000000000001,0.3
0.27151712850865395,2.1285712206006706,0.1735679134532994,2.58850473168093,1.0,27.270833333333332,4.110471052269758,0.14113293763536028,2128.571220600673,2005,3,walk,on_time_1.0_none,none,1,adaptive,8,0.015625,38,1,1,6,1.0,0.02631578947368421,1.0,1,1.0,2.3335,2.91425,0,0.7200000000000001,0.7200000000000001,0.3
0.3132094757094757,1.3604568497621399,0.23825039888322652,2.378374794196945,0.9791666666666666,20.125,3.6934798510394926,0.1593065919619414,1360.4568497621399,2006,0,walk,on_time_1.0_none,none,1,adaptive,8,0.015625,33,8,8,13,1.0,0.24242424242424243,1.0,8,1.0,2.291,2.6103,0,0.7200000000000001,0.7200000000000001,0.3
0.03435639880952381,3.9372093192295243,0.11113312620949602,3.598419132307166,0.8958333333333334,27.770833333333332,4.509057717315798,0.0767767273999722,3937.2093192295215,2006,1,walk,on_time_1.0_none,none,1,adaptive,8,0.015625,40,5,5,8,1.0,0.125,1.0,5,1.0,2.334,2.9419,0,0.7200000000000001,0.7200000000000001,0.3
0.1942708333333333,1.2978632926573717,0.11857147051103567,2.9772906501921415,0.9583333333333334,29.979166666666668,4.580745288801352,0.10508605130525205,1297.8632926573719,2006,2,walk,on_time_1.0_none,none,1,adaptive,8,0.015625,35,4,4,5,1.0,0.11428571428571428,1.0,4,1.0,2.208,2.5273,0,0.7200000000000001,0.7200000000000001,0.3
0.06360046184198727,3.3070803221990066,0.08867766063678291,3.440731811869826,1.0,35.395833333333336,4.889408551337547,0.0821397578637136,3307.080322199008,2006,3,walk,on_time_1.0_none,none,1,adaptive,8,0.015625,35,5,5,7,1.0,0.14285714285714285,1.0,5,1.0,2.25,2.8603,0,0.7200000000000001,0.7200000000000001,0.3
0.10416666666666667,2.009903340861587,0.14360529526967128,3.0615710187248926,0.9583333333333334,25.770833333333332,4.24801495779273,0.13698030913062123,2009.9033408615885,2007,0,walk,on_time_1.0_none,none,1,adaptive,8,0.015625,33,2,2,5,1.0,0.06060606060606061,1.0,2,1.0,2.208,2.458,0,0.7200000000000001,0.7200000000000001,0.3
0.06457767210144928,2.0060637752807415,0.13976372963242586,2.8816554664001934,1.0,26.5625,4.322849821280587,0.07518605753097655,2006.0637752807418,2007,1,walk,on_time_1.0_none,none,1,adaptive,8,0.015625,36,5,5,6,1.0,0.1388888888888889,1.0,5,1.0,2.208,2.4709499999999998,0,0.7200000000000001,0.7200000000000001,0.3
0.12578124999999998,2.019386319580978,0.12010558772590962,3.2678847874023766,0.875,26.75,4.400480299017772,0.1017200424798189,2019.386319580979,2007,2,walk,on_time_1.0_none,none,1,adaptive,8,0.015625,36,2,2,6,1.0,0.05555555555555555,1.0,2,1.0,2.167,2.58125,0,0.7200000000000001,0.7200000000000001,0.3
0.1467013888888889,1.5182031123476787,0.17079739846978148,2.3473517138552418,1.0,20.854166666666668,3.886570416794004,0.1088025326025977,1518.203112347679,2007,3,walk,on_time_1.0_none,none,1,adaptive,8,0.015625,36,2,2,6,1.0,0.05555555555555555,1.0,2,1.0,2.167,2.375,0,0.7200000000000001,0.7200000000000001,0.3
0.34966104497354494,0.9503109798445438,0.21256767407508717,2.36025901740245,0.9791666666666666,19.770833333333332,3.799265210644219,0.19929471846684943,950.3109798445438,2008,0,walk,on_time_1.0_none,none,1,adaptive,8,0.015625,37,3,3,7,1.0,0.08108108108108109,1.0,3,1.0,2.1875,2.5122999999999998,0,0.7200000000000001,0.7200000000000001,0.3
0.31927083333333334,1.0171680973545612,0.19509002566379904,2.163094775476516,1.0,20.041666666666668,3.8755295750051304,0.14590240619602068,1017.1680973545612,2008,1,walk,on_time_1.0_none,none,1,adaptive,8,0.015625,42,5,5,8,1.0,0.11904761904761904,1.0,5,1.0,2.208,2.6369499999999997,0,0.7200000000000001,0.7200000000000001,0.3
0.17196180555555554,1.5008120265530547,0.34012693181022163,2.6343903751144464,0.9166666666666666,15.354166666666666,2.991698102288705,0.1681651262546661,1500.8120265530551,2008,2,walk,on_time_1.0_none,none,1,adaptive,8,0.015625,38,4,4,8,1.0,0.10526315789473684,1.0,4,1.0,2.167,2.5273,0,0.7200000000000001,0.7200000000000001,0.3
0.6046006944444444,0.8962235766189878,0.28839092288853846,2.497960709290734,0.8125,13.208333333333334,3.140805768502522,0.4091065611006171,896.223576618988,2008,3,walk,on_time_1.0_none,none,1,adaptive,8,0.015625,39,4,4,7,1.0,0.10256410256410256,1.0,4,1.0,2.208,2.44365,0,0.7200000000000001,0.7200000000000001,0.3
0.004505621693121693,2.34608336574388,0.08302859273015362,4.117121276096497,0.9166666666666666,39.333333333333336,5.104589825439469,0.07852297103703193,2346.0833657438798,2009,0,walk,on_time_1.0_none,none,1,adaptive,8,0.015625,38,4,4,6,1.0,0.10526315789473684,1.0,4,1.0,2.25,2.8579,0,0.7200000000000001,0.7200000000000001,0.3
0.0009093915343915343,2.5488095625876457,0.08595162884949732,3.5787698476658183,1.0,35.708333333333336,4.928814454563239,0.08504223731510575,2548.809562587645,2009,1,walk,on_time_1.0_none,none,1,adaptive,8,0.015625,42,2,2,5,1.0,0.047619047619047616,1.0,2,1.0,2.167,2.458,0,0.7200000000000001,0.7200000000000001,0.3
0.12585152116402118,1.9200119104453848,0.09684721494262342,3.077176649088092,1.0,35.375,4.883253756440474,0.04748113958102554,1920.0119104453852,2009,2,walk,on_time_1.0_none,none,1,adaptive,8,0.015625,36,2,2,5,1.0,0.05555555555555555,1.0,2,1.0,2.167,2.5122999999999998,0,0.7200000000000001,0.7200000000000001,0.3
0.18941236263810443,1.5200482230417414,0.17943908378708606,2.716364990532672,0.9375,19.354166666666668,3.8086941332005537,0.11482737452771574,1520.0482230417422,2009,3,walk,on_time_1.0_none,none,1,adaptive,8,0.015625,38,4,4,9,1.0,0.10526315789473684,1.0,4,1.0,2.167,2.44365,0,0.7200000000000001,0.7200000000000001,0.3
0.043094428631667715,2.1363100900786596,0.05768729474773166,3.357666817902215,1.0,39.0,5.180220582430443,0.017578096970347224,2136.310090078661,2000,0,walk,on_time_1.0_random,random,0.5,adaptive,8,0.015625,34,2,2,4,1.0,0.058823529411764705,1.0,2,1.0,2.292,3.0914499999999996,0,0.7200000000000001,0.7200000000000001,0.3
0.14691021026966022,2.309869317726377,0.10621110654843703,3.4200159647660215,1.0,41.0625,5.011189597009382,0.09641104782737207,2309.869317726377,2000,1,walk,on_time_1.0_random,random,0.5,adaptive,8,0.015625,37,2,1,1,0.5,0.02702702702702703,0.5,1,1.0,2.167,2.5955999999999997,0,0.7200000000000001,0.7200000000000001,0.3
0.08385416666666667,2.798194763821069,0.1929081899876616,3.1228056961614326,0.875,18.666666666666668,3.723560749356429,0.1385102988621664,2798.1947638210695,2000,2,walk,on_time_1.0_random,random,0.5,adaptive,8,0.015625,36,2,2,7,1.0,0.05555555555555555,1.0,2,1.0,2.2295,2.4853,0,0.7200000000000001,0.7200000000000001,0.3
0.0860143049155146,2.31433352174512,0.05470929893033836,3.4031296256687154,1.0,42.979166666666664,5.296952092884989,0.07577305262068453,2314.333521745121,2000,3,walk,on_time_1.0_random,random,0.5,adaptive,8,0.015625,33,1,0,3,0.0,0.0,0.0,0,1.0,2.291,3.2027499999999995,0,0.7200000000000001,0.7200000000000001,0.3
0.43783068783068785,0.9167674586170355,0.18286372408836452,2.3401671862770397,1.0,24.6875,4.145233947898139,0.2845234032053934,916.7674586170355,2001,0,walk,on_time_1.0_random,random,0.5,adaptive,8,0.015625,37,2,2,3,1.0,0.05405405405405406,1.0,2,1.0,2.1875,2.5,0,0.7200000000000001,0.7200000000000001,0.3
0.06293402777777778,2.721443128067666,0.05911113573378044,3.4316968501711855,0.9791666666666666,42.0,5.272884405605337,0.06930719604207432,2721.443128067667,2001,1,walk,on_time_1.0_random,random,0.5,adaptive,8,0.015625,36,6,2,3,0.3333333333333333,0.05555555555555555,0.6666666666666666,2,1.0,2.25,2.9370499999999993,0,0.7200000000000001,0.7200000000000001,0.3
0.0,4.326667273543448,0.03720317324523568,3.971400056627927,1.0,46.104166666666664,5.54593394436251,0.03720317324523568,4326.667273543445,2001,2,walk,on_time_1.0_random,random,0.5,adaptive,8,0.015625,37,4,1,2,0.25,0.02702702702702703,1.0,1,1.0,2.291,2.75,0,0.7200000000000001,0.7200000000000001,0.3
0.024193218954248367,2.7422100858034235,0.05495856999465445,3.8995705773054063,1.0,45.4375,5.413313081344092,0.030765351040406074,2742.2100858034246,2001,3,walk,on_time_1.0_random,random,0.5,adaptive,8,0.015625,32,4,1,2,0.25,0.03125,0.25,1,1.0,2.208,3.0606499999999994,0,0.7200000000000001,0.7200000000000001,0.3
0.020833333333333332,3.5618943993051757,0.06454790488629696,3.5808477367943294,0.9375,39.354166666666664,5.086363662958294,0.043714571552963634,3561.894399305175,2002,0,walk,on_time_1.0_random,random,0.5,adaptive,8,0.015625,39,4,2,3,0.5,0.05128205128205128,1.0,2,1.0,2.25,2.875,0,0.7200000000000001,0.7200000000000001,0.3
0.083984375,2.37437625607036,0.0563405596686238,3.499505286672349,0.9791666666666666,46.979166666666664,5.425855029549846,0.04925800462161703,2374.3762560703603,2002,1,walk,on_time_1.0_random,random,0.5,adaptive,8,0.015625,38,6,1,2,0.16666666666666666,0.02631578947368421,0.25,1,1.0,2.25,2.6498999999999997,0,0.7200000000000001,0.7200000000000001,0.3
0.14739583333333334,1.384994180140798,0.18891294586286456,2.488994804391698,1.0,23.270833333333332,4.043215981339129,0.17968005543994092,1384.9941801407983,2002,2,walk,on_time_1.0_random,random,0.5,adaptive,8,0.015625,33,4,3,5,0.75,0.09090909090909091,0.6666666666666666,3,1.0,2.167,2.4295999999999998,0,0.7200000000000001,0.7200000000000001,0.3
0.0012979497354497355,3.600543846202069,0.062154157664291554,3.688080626811178,1.0,46.229166666666664,5.354806989306781,0.060856207928841805,3600.5438462020697,2002,3,walk,on_time_1.0_random,random,0.5,adaptive,8,0.015625,39,6,3,3,0.5,0.07692307692307693,0.5,3,1.0,2.208,2.53925,0,0.7200000000000001,0.7200000000000001,0.3
0.0419973544973545,4.390503599406752,0.09758591916873909,4.365711592810094,0.7708333333333334,44.479166666666664,5.209076500408682,0.06808856467138459,4390.503599406748,2003,0,walk,on_time_1.0_random,random,0.5,adaptive,8,0.015625,35,6,3,4,0.5,0.08571428571428572,0.5,3,1.0,2.167,2.55395,0,0.7200000000000001,0.7200000000000001,0.3
0.19279513888888888,1.6662489647682834,0.19485065988991024,2.449816305228338,1.0,23.125,4.095262708544438,0.11848277655737198,1666.248964768284,2003,1,walk,on_time_1.0_random,random,0.5,adaptive,8,0.015625,35,4,2,3,0.5,0.05714285714285714,0.6666666666666666,2,1.0,2.2295,2.8711499999999996,0,0.7200000000000001,0.7200000000000001,0.3
0.1262577213235108,1.970234804529132,0.11401840022750033,3.141320508227047,0.9791666666666666,38.041666666666664,4.896302123223951,0.06739510440806633,1970.2348045291337,2003,2,walk,on_time_1.0_random,random,0.5,adaptive,8,0.015625,33,4,3,4,0.75,0.09090909090909091,1.0,3,1.0,2.1665,2.5693,0,0.7200000000000001,0.7200000000000001,0.3
0.11024305555555557,1.6593036376106418,0.12625276112250752,3.0117588778286173,1.0,22.979166666666668,4.2519130688567985,0.13434975779770567,1659.3036376106427,2003,3,walk,on_time_1.0_random,random,0.5,adaptive,8,0.015625,40,5,3,5,0.6,0.075,0.75,3,1.0,2.167,2.4709499999999998,0,0.7200000000000001,0.7200000000000001,0.3
0.042187499999999996,2.414147441752672,0.056107257740815875,3.34544713144831,1.0,34.5625,5.077655975757958,0.013919757740815877,2414.147441752673,2004,0,walk,on_time_1.0_random,random,0.5,adaptive,8,0.015625,38,6,3,5,0.5,0.07894736842105263,0.75,3,1.0,2.208,2.459,0,0.7200000000000001,0.7200000000000001,0.3
0.041666666666666664,4.616974974277076,0.03534564239391671,3.8895726249995395,1.0,46.854166666666664,5.591029207804845,0.006321024272749956,4616.974974277076,2004,1,walk,on_time_1.0_random,random,0.5,adaptive,8,0.015625,35,4,2,3,0.5,0.05714285714285714,0.5,2,1.0,2.208,2.55395,0,0.7200000000000001,0.7200000000000001,0.3
0.1898292824074074,1.9353645202207848,0.05136610947275392,3.258488662823112,1.0,37.875,5.190596060340892,0.14284732073677034,1935.3645202207852,2004,2,walk,on_time_1.0_random,random,0.5,adaptive,8,0.015625,37,4,1,2,0.25,0.02702702702702703,0.5,1,1.0,2.1875,2.458,0,0.7200000000000001,0.7200000000000001,0.3
0.1278198653198653,1.585752814786807,0.21714908639422517,2.605750048521925,1.0,18.916666666666668,3.7965005849757874,0.15265132468549641,1585.7528147868072,2004,3,walk,on_time_1.0_random,random,0.5,adaptive,8,0.015625,35,5,3,6,0.6,0.08571428571428572,0.6,3,1.0,2.25,2.91525,0,0.7200000000000001,0.7200000000000001,0.3
0.10449735449735449,2.7434586817701363,0.07485459115314994,3.8611371447650273,0.8541666666666666,34.395833333333336,4.911291048562239,0.029642763344204546,2743.4586817701365,2005,0,walk,on_time_1.0_random,random,0.5,adaptive,8,0.015625,34,0,0,3,nan,0.0,nan,0,1.0,2.1665,2.58125,0,0.7200000000000001,0.7200000000000001,0.3
0.0036292989417989418,2.7329391684089095,0.04534727036775247,3.7296625000848453,1.0,43.666666666666664,5.346604554390317,0.041717971425953536,2732.939168408911,2005,1,walk,on_time_1.0_random,random,0.5,adaptive,8,0.015625,37,4,2,2,0.5,0.05405405405405406,0.6666666666666666,2,1.0,2.25,2.4709499999999998,0,0.7200000000000001,0.7200000000000001,0.3
0.35485046184198726,1.3163612118254118,0.18249202040326842,2.250867460375147,1.0,24.291666666666668,4.023068507072099,0.18833552709781512,1316.361211825412,2005,2,walk,on_time_1.0_random,random,0.5,adaptive,8,0.015625,42,8,4,5,0.5,0.09523809523809523,0.75,4,1.0,2.125,2.542,0,0.7200000000000001,0.7200000000000001,0.3
0.06318379517532059,2.9262612191561046,0.031148219865641123,3.7065135768633,1.0,54.5,5.775388971689931,0.03203557530967947,2926.2612191561057,2005,3,walk,on_time_1.0_random,random,0.5,adaptive,8,0.015625,38,1,0,1,0.0,0.0,0.0,0,1.0,2.209,2.4709499999999998,0,0.7200000000000001,0.7200000000000001,0.3
0.2298761423761424,2.2409459373256095,0.212949826994094,3.000568706138282,0.875,20.729166666666668,3.804952331154493,0.11771373726901298,2240.94593732561,2006,0,walk,on_time_1.0_random,random,0.5,adaptive,8,0.015625,33,8,5,9,0.625,0.15151515151515152,0.6,5,1.0,2.208,2.5,0,0.7200000000000001,0.7200000000000001,0.3
0.041666666666666664,4.237078595678211,0.08796942366780602,3.782823967131149,0.8958333333333334,30.854166666666668,4.76866727605289,0.0750736168520806,4237.078595678211,2006,1,walk,on_time_1.0_random,random,0.5,adaptive,8,0.015625,40,5,1,3,0.2,0.025,0.25,1,1.0,2.333,3.1933000000000002,0,0.7200000000000001,0.7200000000000001,0.3
0.09010416666666667,1.6626288220738143,0.07883992889779844,3.3589508919937754,0.9583333333333334,35.541666666666664,4.939263566560457,0.013253103944703852,1662.628822073815,2006,2,walk,on_time_1.0_random,random,0.5,adaptive,8,0.015625,35,4,2,4,0.5,0.05714285714285714,0.6666666666666666,2,1.0,2.25,2.48565,0,0.7200000000000001,0.7200000000000001,0.3
0.0011004618419872658,3.477392980540033,0.0610490256480657,3.5407052133595567,1.0,39.708333333333336,5.18465354083341,0.059948563806078436,3477.3929805400344,2006,3,walk,on_time_1.0_random,random,0.5,adaptive,8,0.015625,35,5,3,4,0.6,0.08571428571428572,0.75,3,1.0,2.25,2.5,0,0.7200000000000001,0.7200000000000001,0.3
0.0,5.32976058236839,0.026777319762983264,4.498885829179124,0.9791666666666666,56.958333333333336,5.885541234809179,0.026777319762983264,5329.760582368387,2007,0,walk,on_time_1.0_random,random,0.5,adaptive,8,0.015625,33,2,1,1,0.5,0.030303030303030304,0.5,1,1.0,2.208,2.4023,0,0.7200000000000001,0.7200000000000001,0.3
0.0020776721014492752,2.0674939902180958,0.09098411413281458,3.091660591314573,0.9583333333333334,29.979166666666668,4.660435440767366,0.08890644203136529,2067.4939902180968,2007,1,walk,on_time_1.0_random,random,0.5,adaptive,8,0.015625,36,5,2,3,0.4,0.05555555555555555,0.4,2,1.0,2.166,2.458,0,0.7200000000000001,0.7200000000000001,0.3
0.12578124999999998,2.1394082737059343,0.029069734214703807,3.7691213689233964,1.0,55.833333333333336,5.850574156412459,0.09671151578529619,2139.4082737059352,2007,2,walk,on_time_1.0_random,random,0.5,adaptive,8,0.015625,36,2,0,0,0.0,0.0,0.0,0,nan,2.25,2.5416499999999997,0,0.7200000000000001,0.7200000000000001,0.3
0.16666666666666666,1.6943822955219596,0.05474855799354187,3.193480804072305,0.9791666666666666,45.916666666666664,5.381171961039936,0.1119181086731248,1694.38229552196,2007,3,walk,on_time_1.0_random,random,0.5,adaptive,8,0.015625,36,2,2,2,1.0,0.05555555555555555,1.0,2,1.0,2.2295,2.6943,0,0.7200000000000001,0.7200000000000001,0.3
0.06320271164021164,3.240296203967851,0.13134446418018933,3.509495225814886,0.8125,24.916666666666668,4.363800028164222,0.0681417525399777,3240.29620396785,2008,0,walk,on_time_1.0_random,random,0.5,adaptive,8,0.015625,37,3,1,4,0.3333333333333333,0.02702702702702703,0.5,1,1.0,2.1875,2.56865,0,0.7200000000000001,0.7200000000000001,0.3
0.2916666666666667,2.4855784965972267,0.10813025043042589,2.9559175259007215,1.0,34.0625,4.82438083273144,0.20380028549824303,2485.5784965972266,2008,1,walk,on_time_1.0_random,random,0.5,adaptive,8,0.015625,42,5,2,3,0.4,0.047619047619047616,0.6666666666666666,2,1.0,2.208,2.5545999999999998,0,0.7200000000000001,0.7200000000000001,0.3
0.026128472222222223,1.9287660736595116,0.14745176761132492,2.874938864592042,1.0,29.583333333333332,4.446506582233233,0.12132329538910268,1928.7660736595114,2008,2,walk,on_time_1.0_random,random,0.5,adaptive,8,0.015625,38,4,2,2,0.5,0.05263157894736842,0.5,2,1.0,2.167,2.48565,0,0.7200000000000001,0.7200000000000001,0.3
0.3372395833333333,1.9745992313270087,0.14095271413820262,3.0648537496634547,0.9583333333333334,24.875,4.239266077951719,0.20951772198133944,1974.5992313270083,2008,3,walk,on_time_1.0_random,random,0.5,adaptive,8,0.015625,39,4,3,4,0.75,0.07692307692307693,0.6666666666666666,3,1.0,2.1665,2.56865,0,0.7200000000000001,0.7200000000000001,0.3
0.18802083333333333,2.4240979772276696,0.05312407084151969,3.3903361905721163,1.0,40.875,5.250585361181379,0.1566266788869646,2424.0979772276696,2009,0,walk,on_time_1.0_random,random,0.5,adaptive,8,0.015625,38,4,2,3,0.5,0.05263157894736842,0.5,2,1.0,2.1665,2.5693,0,0.7200000000000001,0.7200000000000001,0.3
0.005249669312169312,3.0044384669059467,0.03949602669419442,3.7973267160191355,1.0,55.833333333333336,5.785537373490642,0.034246357382025104,3004.4384669059473,2009,1,walk,on_time_1.0_random,random,0.5,adaptive,8,0.015625,42,2,0,0,0.0,0.0,0.0,0,nan,2.167,2.77315,0,0.7200000000000001,0.7200000000000001,0.3
0.04251818783068784,2.7763366754129812,0.04421600836705314,3.7540844780724942,1.0,49.125,5.572126803387305,0.001697820536365302,2776.3366754129797,2009,2,walk,on_time_1.0_random,random,0.5,adaptive,8,0.015625,36,2,2,3,1.0,0.05555555555555555,1.0,2,1.0,2.208,2.6376,0,0.7200000000000001,0.7200000000000001,0.3
0.08452730516684005,1.5612962978094453,0.08755985768220036,3.056343556112216,1.0,30.041666666666668,4.648077112698066,0.058377541619701635,1561.2962978094458,2009,3,walk,on_time_1.0_random,random,0.5,adaptive,8,0.015625,38,4,2,2,0.5,0.05263157894736842,0.6666666666666666,2,1.0,2.2085,2.542,0,0.7200000000000001,0.7200000000000001,0.3
0.0205078125,2.3392065395755064,0.08108974292593019,2.9733049635907842,1.0,25.104166666666668,4.538844010285665,0.060581930425930186,2339.2065395755058,2000,0,walk,on_time_1.0_bsp,bsp,0.1,adaptive,8,0.015625,34,2,0,10,0.0,0.0,0.0,0,1.0,17.917,20.5796,0,0.7200000000000001,0.7200000000000001,0.3
0.0244140625,3.5329055041506012,0.06333082108634484,3.8076491321790513,0.875,37.458333333333336,5.072308709798949,0.038916758586344836,3532.9055041505994,2000,1,walk,on_time_1.0_bsp,bsp,0.1,adaptive,8,0.015625,37,2,1,6,0.5,0.02702702702702703,0.5,1,1.0,17.396,18.85855,0,0.7200000000000001,0.7200000000000001,0.3
0.0005208333333333333,3.1406223015810784,0.08110929156799264,3.1485937639808714,0.9791666666666666,23.875,4.485394454973347,0.08058845823465931,3140.622301581076,2000,2,walk,on_time_1.0_bsp,bsp,0.1,adaptive,8,0.015625,36,2,1,10,0.5,0.027777777777777776,0.5,1,1.0,17.6665,21.25,0,0.7200000000000001,0.7200000000000001,0.3
0.005164930555555555,3.768932624363565,0.06080243613539846,4.345373292534691,0.7916666666666666,37.5625,5.112216195172594,0.05563750557984289,3768.932624363563,2000,3,walk,on_time_1.0_bsp,bsp,0.1,adaptive,8,0.015625,33,1,1,4,1.0,0.030303030303030304,1.0,1,1.0,17.375,18.095950000000002,0,0.7200000000000001,0.7200000000000001,0.3
0.12881221064814816,2.032231198481714,0.08021981920161038,2.868200071329245,1.0,27.395833333333332,4.668354322536672,0.048592391446537764,2032.2311984817136,2001,0,walk,on_time_1.0_bsp,bsp,0.1,adaptive,8,0.015625,37,2,0,8,0.0,0.0,0.0,0,1.0,17.5,18.220950000000002,0,0.7200000000000001,0.7200000000000001,0.3
0.026922123015873017,1.5919755597140341,0.07721266346754356,2.8655496784099683,1.0,25.5625,4.61821221452733,0.05029054045167055,1591.975559714034,2001,1,walk,on_time_1.0_bsp,bsp,0.1,adaptive,8,0.015625,36,6,5,12,0.8333333333333334,0.1388888888888889,1.0,5,1.0,17.458,18.4794,0,0.7200000000000001,0.7200000000000001,0.3
0.125,3.931491617483518,0.07399857195304177,3.355709398634307,0.8958333333333334,33.145833333333336,4.918637682577853,0.05100142804695823,3931.4916174835166,2001,2,walk,on_time_1.0_bsp,bsp,0.1,adaptive,8,0.015625,37,4,3,3,0.75,0.08108108108108109,1.0,3,1.0,17.4795,18.46855,0,0.7200000000000001,0.7200000000000001,0.3
0.04351128472222223,2.670809628571344,0.08321582579688247,2.9843358120938857,0.9791666666666666,24.25,4.4903635332261995,0.03970454107466024,2670.809628571344,2001,3,walk,on_time_1.0_bsp,bsp,0.1,adaptive,8,0.015625,32,4,1,12,0.25,0.03125,0.25,1,1.0,17.4165,23.508449999999996,0,0.7200000000000001,0.7200000000000001,0.3
0.008152821780593957,3.239051978114657,0.07318986505374438,3.4760219944881587,1.0,32.229166666666664,4.853474699392584,0.06503704327315042,3239.0519781146572,2002,0,walk,on_time_1.0_bsp,bsp,0.1,adaptive,8,0.015625,39,4,0,4,0.0,0.0,0.0,0,1.0,17.375,18.575,0,0.7200000000000001,0.7200000000000001,0.3
0.14301215277777776,1.9993465317586205,0.0682168881495162,3.1888201303838266,1.0,33.0625,4.8412325118940105,0.07479526462826158,1999.3465317586206,2002,1,walk,on_time_1.0_bsp,bsp,0.1,adaptive,8,0.015625,38,6,4,12,0.6666666666666666,0.10526315789473684,0.5,4,1.0,17.4375,18.3954,0,0.7200000000000001,0.7200000000000001,0.3
0.022395833333333334,3.2402739555545814,0.07930635273672483,3.079963636094334,1.0,27.520833333333332,4.651328046217596,0.05691051940339149,3240.27395555458,2002,2,walk,on_time_1.0_bsp,bsp,0.1,adaptive,8,0.015625,33,4,1,11,0.25,0.030303030303030304,0.3333333333333333,1,1.0,17.25,17.8729,0,0.7200000000000001,0.7200000000000001,0.3
0.0236328125,2.565742627919598,0.06329105619788342,3.5864569554918835,1.0,39.770833333333336,5.176603446349799,0.03965824369788342,2565.742627919598,2002,3,walk,on_time_1.0_bsp,bsp,0.1,adaptive,8,0.015625,39,6,3,5,0.5,0.07692307692307693,0.75,3,1.0,18.104,21.4942,0,0.7200000000000001,0.7200000000000001,0.3
0.10696614583333335,2.6014396793704764,0.06335815003860425,3.9608608570773947,0.7916666666666666,38.25,5.140859499714991,0.04777466246139576,2601.439679370476,2003,0,walk,on_time_1.0_bsp,bsp,0.1,adaptive,8,0.015625,35,6,3,10,0.5,0.08571428571428572,0.5,3,1.0,17.4375,20.00395,0,0.7200000000000001,0.7200000000000001,0.3
0.010503472222222221,3.3982712680301135,0.08019238495196984,3.410737467375776,0.9791666666666666,26.75,4.654864523344008,0.06968891272974762,3398.271268030115,2003,1,walk,on_time_1.0_bsp,bsp,0.1,adaptive,8,0.015625,35,4,2,8,0.5,0.05714285714285714,0.6666666666666666,2,1.0,17.6455,20.17095,0,0.7200000000000001,0.7200000000000001,0.3
0.002907986111111111,2.119239720249112,0.06238155411041313,3.2178787652992398,0.9166666666666666,42.0,5.213663027682176,0.059473567999302014,2119.2397202491125,2003,2,walk,on_time_1.0_bsp,bsp,0.1,adaptive,8,0.015625,33,4,2,6,0.5,0.06060606060606061,0.6666666666666666,2,1.0,17.6665,24.151749999999993,0,0.7200000000000001,0.7200000000000001,0.3
0.07942708333333333,1.6374670215715084,0.0664724634748663,2.9847400402036617,1.0,33.291666666666664,4.952201821569777,0.01712128652513371,1637.4670215715093,2003,3,walk,on_time_1.0_bsp,bsp,0.1,adaptive,8,0.015625,40,5,3,5,0.6,0.075,0.5,3,1.0,17.7915,19.11875,0,0.7200000000000001,0.7200000000000001,0.3
0.017881944444444447,2.09702823931867,0.07360251404039282,3.0619628113518735,1.0,31.520833333333332,4.822783319135166,0.05572056959594839,2097.0282393186703,2004,0,walk,on_time_1.0_bsp,bsp,0.1,adaptive,8,0.015625,38,6,5,7,0.8333333333333334,0.13157894736842105,1.0,5,1.0,17.541,18.7308,0,0.7200000000000001,0.7200000000000001,0.3
0.04709201388888889,3.0821890494792132,0.07114100820193518,3.8107565373184182,0.8333333333333334,31.208333333333332,4.88724220567127,0.024048994313046284,3082.189049479215,2004,1,walk,on_time_1.0_bsp,bsp,0.1,adaptive,8,0.015625,35,4,3,12,0.75,0.08571428571428572,0.75,3,1.0,17.7915,21.16075,0,0.7200000000000001,0.7200000000000001,0.3
0.10649594907407407,2.426624450504982,0.0719326122194578,2.9366543883667453,1.0,27.708333333333332,4.721070289296245,0.038730003521282946,2426.624450504985,2004,2,walk,on_time_1.0_bsp,bsp,0.1,adaptive,8,0.015625,37,4,2,7,0.5,0.05405405405405406,1.0,2,1.0,17.6875,18.5399,0,0.7200000000000001,0.7200000000000001,0.3
0.12862413194444444,1.5875958486955468,0.07282312533460081,2.985983048819158,1.0,34.145833333333336,4.941241342509763,0.05580100660984363,1587.5958486955471,2004,3,walk,on_time_1.0_bsp,bsp,0.1,adaptive,8,0.015625,35,5,3,7,0.6,0.08571428571428572,0.6,3,1.0,17.833,18.958,0,0.7200000000000001,0.7200000000000001,0.3
0.14615885416666666,1.9920780823767787,0.07038991715356079,3.701483797051873,0.8958333333333334,31.4375,4.865696799112494,0.07576893701310589,1992.0780823767789,2005,0,walk,on_time_1.0_bsp,bsp,0.1,adaptive,8,0.015625,34,0,0,5,nan,0.0,nan,0,1.0,17.375,18.5228,0,0.7200000000000001,0.7200000000000001,0.3
0.4636935763888889,0.8542831721763262,0.08001803279305249,2.741091224931193,1.0,29.270833333333332,4.756044993189897,0.39617554359583645,854.283172176326,2005,1,walk,on_time_1.0_bsp,bsp,0.1,adaptive,8,0.015625,37,4,0,6,0.0,0.0,0.0,0,1.0,17.583,21.70415,0,0.7200000000000001,0.7200000000000001,0.3
0.41701388888888885,1.3244080127779905,0.0768883041053811,2.728096607611271,1.0,32.0,4.817204790670121,0.3401255847835078,1324.4080127779907,2005,2,walk,on_time_1.0_bsp,bsp,0.1,adaptive,8,0.015625,42,8,3,4,0.375,0.07142857142857142,0.5,3,1.0,17.5415,18.704150000000002,0,0.7200000000000001,0.7200000000000001,0.3
0.2923177083333333,2.046890764053077,0.07543018919533663,2.9186395570167925,1.0,32.854166666666664,4.852471950406926,0.21688751913799673,2046.8907640530772,2005,3,walk,on_time_1.0_bsp,bsp,0.1,adaptive,8,0.015625,38,1,0,5,0.0,0.0,0.0,0,1.0,17.417,20.405799999999996,0,0.7200000000000001,0.7200000000000001,0.3
0.0021484374999999997,1.951591843404594,0.07890515616238734,2.9565344301550933,1.0,30.208333333333332,4.757223525231442,0.07675671866238735,1951.5918434045952,2006,0,walk,on_time_1.0_bsp,bsp,0.1,adaptive,8,0.015625,33,8,4,13,0.5,0.12121212121212122,0.8,4,1.0,17.333,18.3226,0,0.7200000000000001,0.7200000000000001,0.3
0.032421874999999996,4.087248239774458,0.04953509773675002,3.695075884444824,0.8333333333333334,40.020833333333336,5.237824180882961,0.017113222736750023,4087.2482397744584,2006,1,walk,on_time_1.0_bsp,bsp,0.1,adaptive,8,0.015625,40,5,4,9,0.8,0.1,1.0,4,1.0,17.6455,19.7705,0,0.7200000000000001,0.7200000000000001,0.3
0.06927083333333334,1.91207009204635,0.07089680387371627,3.160399780791664,1.0,30.895833333333332,4.830891052825776,0.03495930387371628,1912.0700920463505,2006,2,walk,on_time_1.0_bsp,bsp,0.1,adaptive,8,0.015625,35,4,2,4,0.5,0.05714285714285714,0.3333333333333333,2,1.0,17.9375,24.807999999999996,0,0.7200000000000001,0.7200000000000001,0.3
0.003472222222222222,4.072470701673145,0.06773249859959941,4.071599594088737,0.7291666666666666,31.916666666666668,4.85708640395566,0.06426027637737719,4072.470701673146,2006,3,walk,on_time_1.0_bsp,bsp,0.1,adaptive,8,0.015625,35,5,3,8,0.6,0.08571428571428572,0.75,3,1.0,17.375,20.885099999999998,0,0.7200000000000001,0.7200000000000001,0.3
0.0,3.8967366378337736,0.08549116743628658,3.6937396704496943,1.0,27.0625,4.692207033771879,0.08549116743628658,3896.7366378337756,2007,0,walk,on_time_1.0_bsp,bsp,0.1,adaptive,8,0.015625,33,2,1,8,0.5,0.030303030303030304,0.5,1,1.0,17.458,18.10855,0,0.7200000000000001,0.7200000000000001,0.3
0.0033420138888888887,2.3862226673450526,0.07747683592741214,3.0665033439955853,1.0,27.333333333333332,4.629040330687622,0.07413482203852324,2386.222667345054,2007,1,walk,on_time_1.0_bsp,bsp,0.1,adaptive,8,0.015625,36,5,2,7,0.4,0.05555555555555555,0.4,2,1.0,17.396,18.42895,0,0.7200000000000001,0.7200000000000001,0.3
0.0013020833333333333,4.065764701890658,0.06906001387754494,4.0529352807353245,0.8333333333333334,29.729166666666668,4.7476982493154045,0.0677579305442116,4065.764701890655,2007,2,walk,on_time_1.0_bsp,bsp,0.1,adaptive,8,0.015625,36,2,2,5,1.0,0.05555555555555555,1.0,2,1.0,17.4795,18.452399999999997,0,0.7200000000000001,0.7200000000000001,0.3
0.0008680555555555555,2.656948176808808,0.07466858948292782,3.3408615416019294,1.0,28.770833333333332,4.772725432586174,0.07380053392737226,2656.9481768088044,2007,3,walk,on_time_1.0_bsp,bsp,0.1,adaptive,8,0.015625,36,2,1,5,0.5,0.027777777777777776,1.0,1,1.0,17.521,18.70625,0,0.7200000000000001,0.7200000000000001,0.3
0.042317708333333336,2.7993732896904593,0.06948946985216907,3.6484676958341526,0.9583333333333334,33.583333333333336,4.891821201185702,0.02717176151883574,2799.3732896904585,2008,0,walk,on_time_1.0_bsp,bsp,0.1,adaptive,8,0.015625,37,3,0,7,0.0,0.0,0.0,0,1.0,17.4165,18.61875,0,0.7200000000000001,0.7200000000000001,0.3
0.08029513888888888,2.8395836880984295,0.06552933990409333,3.2265914372192177,1.0,29.1875,4.861119694128544,0.018932465651462217,2839.58368809843,2008,1,walk,on_time_1.0_bsp,bsp,0.1,adaptive,8,0.015625,42,5,2,5,0.4,0.047619047619047616,0.6666666666666666,2,1.0,17.541,18.45865,0,0.7200000000000001,0.7200000000000001,0.3
0.005295138888888888,6.4700410852480905,0.0682141977655706,3.335974879717486,1.0,30.895833333333332,4.835305704683797,0.0629190588766817,6470.041085248095,2008,2,walk,on_time_1.0_bsp,bsp,0.1,adaptive,8,0.015625,38,4,0,3,0.0,0.0,0.0,0,1.0,17.6455,18.333,0,0.7200000000000001,0.7200000000000001,0.3
0.4874131944444444,1.2223918844675314,0.07861754153117576,2.791476935995611,1.0,33.208333333333336,4.908126058543722,0.40879565291326864,1222.3918844675316,2008,3,walk,on_time_1.0_bsp,bsp,0.1,adaptive,8,0.015625,39,4,1,4,0.25,0.02564102564102564,0.3333333333333333,1,1.0,17.417,18.7648,0,0.7200000000000001,0.7200000000000001,0.3
0.12950562169312171,1.638323432849579,0.06827459647480442,2.9570990703454996,1.0,35.125,5.008945584236808,0.06956435855165059,1638.3234328495794,2009,0,walk,on_time_1.0_bsp,bsp,0.1,adaptive,8,0.015625,38,4,3,6,0.75,0.07894736842105263,0.75,3,1.0,17.25,18.52555,0,0.7200000000000001,0.7200000000000001,0.3
0.021158854166666668,2.4018913689964623,0.05411106135543719,3.2899610034595335,0.9791666666666666,42.3125,5.308018799386848,0.03295220718877052,2401.8913689964625,2009,1,walk,on_time_1.0_bsp,bsp,0.1,adaptive,8,0.015625,42,2,2,4,1.0,0.047619047619047616,1.0,2,1.0,17.7705,18.845950000000002,0,0.7200000000000001,0.7200000000000001,0.3
0.23001302083333333,1.7333825322236185,0.06996007363308153,3.069557849463721,1.0,34.458333333333336,4.975175023831582,0.1642196138669185,1733.3825322236187,2009,2,walk,on_time_1.0_bsp,bsp,0.1,adaptive,8,0.015625,36,2,2,8,1.0,0.05555555555555555,1.0,2,1.0,17.4585,19.358999999999998,0,0.7200000000000001,0.7200000000000001,0.3
0.0013485863095238093,3.5075462426911965,0.060292037784210495,3.8734873767664593,0.9375,35.729166666666664,5.047604299334494,0.05894345147468669,3507.5462426912004,2009,3,walk,on_time_1.0_bsp,bsp,0.1,adaptive,8,0.015625,38,4,2,8,0.5,0.05263157894736842,0.6666666666666666,2,1.0,17.4795,18.5648,0,0.7200000000000001,0.7200000000000001,0.3
0.10559442863166772,1.6044305426717649,0.10003820398846557,2.8432859824502335,1.0,31.083333333333332,4.674499719721804,0.06697756791368649,1604.4305426717665,2000,0,walk,alpha_model_0.3_none,none,1,adaptive,8,0.015625,34,2,2,6,1.0,0.058823529411764705,1.0,2,1.0,2.292,3.1358499999999996,0,0.6480000000000001,0.3,0.3
0.12607687693632688,2.038680935801978,0.2051518530436501,2.814910175120531,1.0,27.916666666666668,4.085290782734771,0.11743343423291208,2038.6809358019784,2000,1,walk,alpha_model_0.3_none,none,1,adaptive,8,0.015625,37,2,2,7,1.0,0.05405405405405406,1.0,2,1.0,2.209,2.6085499999999997,0,0.6480000000000001,0.3,0.3
0.0005208333333333333,3.008138283744021,0.14493827461006048,3.0174047172649523,0.9375,22.979166666666668,4.17123454131871,0.14441744127672718,3008.13828374402,2000,2,walk,alpha_model_0.3_none,none,1,adaptive,8,0.015625,36,2,2,6,1.0,0.05555555555555555,1.0,2,1.0,2.25,2.52665,0,0.6480000000000001,0.3,0.3
0.0026809715821812592,2.7474642240485045,0.054333854076812425,3.788914809725773,0.9583333333333334,43.8125,5.344393520513752,0.05165288249463116,2747.4642240485045,2000,3,walk,alpha_model_0.3_none,none,1,adaptive,8,0.015625,33,1,1,4,1.0,0.030303030303030304,1.0,1,1.0,2.167,2.48565,0,0.6480000000000001,0.3,0.3
0.33366402116402116,0.9676552402550733,0.2187855214918284,2.1981178217494857,1.0,21.8125,3.85688720031204,0.16996126524314126,967.6552402550732,2001,0,walk,alpha_model_0.3_none,none,1,adaptive,8,0.015625,37,2,2,5,1.0,0.05405405405405406,1.0,2,1.0,2.209,2.52665,0,0.6480000000000001,0.3,0.3
0.42275545634920636,0.7400240332651236,0.09898564967795648,2.508379714448004,1.0,28.0625,4.596640691616047,0.3237698066712498,740.0240332651234,2001,1,walk,alpha_model_0.3_none,none,1,adaptive,8,0.015625,36,6,6,7,1.0,0.16666666666666666,1.0,6,1.0,2.167,2.4705999999999997,0,0.6480000000000001,0.3,0.3
0.125,1.8383634709882106,0.17535305443455662,2.717258601887807,0.9791666666666666,23.583333333333332,4.0414625921215395,0.08852848302462228,1838.3634709882106,2001,2,walk,alpha_model_0.3_none,none,1,adaptive,8,0.015625,37,4,4,7,1.0,0.10810810810810811,1.0,4,1.0,2.166,2.458,0,0.6480000000000001,0.3,0.3
0.27419321895424836,1.2863181060446054,0.13555913347061174,2.741982451098418,1.0,26.25,4.305372191685781,0.18434937390946993,1286.3181060446057,2001,3,walk,alpha_model_0.3_none,none,1,adaptive,8,0.015625,32,3,3,6,1.0,0.09375,1.0,3,1.0,2.25,2.69155,0,0.6480000000000001,0.3,0.3
0.25,2.694230259125018,0.21204445176970912,2.8166401866889554,0.9375,28.833333333333332,4.164804755301673,0.15357309511858933,2694.2302591250186,2002,0,walk,alpha_model_0.3_none,none,1,adaptive,8,0.015625,39,3,3,4,1.0,0.07692307692307693,1.0,3,1.0,2.25,2.542,0,0.6480000000000001,0.3,0.3
0.18815104166666666,1.1518563066618899,0.1993909237826018,2.342841835612347,1.0,15.9375,3.540571321524254,0.09073023533777384,1151.85630666189,2002,1,walk,alpha_model_0.3_none,none,1,adaptive,8,0.015625,38,5,5,9,1.0,0.13157894736842105,1.0,5,1.0,2.1455,2.5693,0,0.6480000000000001,0.3,0.3
0.4147569444444444,0.6983709470840201,0.24868078492366033,2.0141800771841303,1.0,15.354166666666666,3.4278677748355104,0.2451093626457842,698.37094708402,2002,2,walk,alpha_model_0.3_none,none,1,adaptive,8,0.015625,33,3,3,8,1.0,0.09090909090909091,1.0,3,1.0,2.167,2.45865,0,0.6480000000000001,0.3,0.3
0.0012979497354497355,3.0909330958931722,0.08254066348558624,3.4148737622001413,1.0,40.354166666666664,5.06399578113622,0.08124271375013652,3090.9330958931714,2002,3,walk,alpha_model_0.3_none,none,1,adaptive,8,0.015625,39,6,6,7,1.0,0.15384615384615385,1.0,6,1.0,2.167,2.4443,0,0.6480000000000001,0.3,0.3
0.16352513227513227,1.3769264977735112,0.23199637445943475,2.8344443845680565,0.9375,18.666666666666668,3.645495109338581,0.09347124218430249,1376.9264977735118,2003,0,walk,alpha_model_0.3_none,none,1,adaptive,8,0.015625,35,6,6,9,1.0,0.17142857142857143,1.0,6,1.0,2.208,2.61065,0,0.6480000000000001,0.3,0.3
0.4427951388888889,1.5203275605442437,0.2529491785305433,2.3821256958936794,1.0,21.625,3.7700823595142148,0.24531270922581208,1520.327560544244,2003,1,walk,alpha_model_0.3_none,none,1,adaptive,8,0.015625,35,4,4,8,1.0,0.11428571428571428,1.0,4,1.0,2.1455,2.4982499999999996,0,0.6480000000000001,0.3,0.3
0.16792438799017748,1.8438911565656744,0.13924513094215335,2.909384637667122,0.9791666666666666,33.6875,4.590120242562508,0.06781127286677532,1843.8911565656754,2003,2,walk,alpha_model_0.3_none,none,1,adaptive,8,0.015625,33,4,4,7,1.0,0.12121212121212122,1.0,4,1.0,2.25,2.9523999999999995,0,0.6480000000000001,0.3,0.3
0.04774305555555556,1.5341209915222012,0.17964326140536638,2.7786245552116022,1.0,20.479166666666668,3.895618213345862,0.17455744837296774,1534.1209915222018,2003,3,walk,alpha_model_0.3_none,none,1,adaptive,8,0.015625,40,5,5,7,1.0,0.125,1.0,5,1.0,2.167,2.6498999999999997,0,0.6480000000000001,0.3,0.3
0.14635416666666667,1.5242367567553554,0.12523950887206617,2.556389785416061,1.0,22.479166666666668,4.185563859697663,0.16094939458655236,1524.2367567553556,2004,0,walk,alpha_model_0.3_none,none,1,adaptive,8,0.015625,38,6,6,8,1.0,0.15789473684210525,1.0,6,1.0,2.208,2.58365,0,0.6480000000000001,0.3,0.3
0.13147941468253968,1.5834843764484405,0.08067064570916453,2.8799899393414545,1.0,30.1875,4.796395971305627,0.0835449651641492,1583.4843764484413,2004,1,walk,alpha_model_0.3_none,none,1,adaptive,8,0.015625,35,4,4,6,1.0,0.11428571428571428,1.0,4,1.0,2.1665,2.58365,0,0.6480000000000001,0.3,0.3
0.21066261574074074,1.6371945889744002,0.10997193425738284,3.075129417226918,1.0,27.208333333333332,4.533646973352906,0.24796556602355954,1637.194588974401,2004,2,walk,alpha_model_0.3_none,none,1,adaptive,8,0.015625,37,4,4,5,1.0,0.10810810810810811,1.0,4,1.0,2.209,2.417,0,0.6480000000000001,0.3,0.3
0.1261987433862434,1.6985039969412215,0.22910258962077054,2.551053960144506,1.0,18.708333333333332,3.746269946635151,0.13759134623452718,1698.503996941222,2004,3,walk,alpha_model_0.3_none,none,1,adaptive,8,0.015625,35,4,4,8,1.0,0.11428571428571428,1.0,4,1.0,2.208,2.4853,0,0.6480000000000001,0.3,0.3
0.06283068783068783,2.1543488517737135,0.07845924281959897,3.247724502944745,1.0,30.291666666666668,4.801556310073065,0.015628554988911157,2154.348851773714,2005,0,walk,alpha_model_0.3_none,none,1,adaptive,8,0.015625,34,0,0,4,nan,0.0,nan,0,1.0,2.1665,2.44365,0,0.6480000000000001,0.3,0.3
0.1917080026455026,2.0835147921512744,0.12835578244423784,2.9758160839144563,0.9583333333333334,21.833333333333332,4.17141044244891,0.12783546522795905,2083.514792151275,2005,1,walk,alpha_model_0.3_none,none,1,adaptive,8,0.015625,37,4,4,8,1.0,0.10810810810810811,1.0,4,1.0,2.291,2.8540499999999995,0,0.6480000000000001,0.3,0.3
0.35485046184198726,2.05371809094084,0.22684344342880505,2.13545872582101,1.0,23.6875,3.708204439919491,0.15186596826355162,2053.7180909408403,2005,2,walk,alpha_model_0.3_none,none,1,adaptive,8,0.015625,42,5,5,6,1.0,0.11904761904761904,1.0,5,1.0,2.2295,2.6103,0,0.6480000000000001,0.3,0.3
0.27151712850865395,2.1593782582361496,0.1382038064013142,2.7915022065013306,1.0,34.5,4.529860850074209,0.1747583983035633,2159.37825823615,2005,3,walk,alpha_model_0.3_none,none,1,adaptive,8,0.015625,38,1,1,5,1.0,0.02631578947368421,1.0,1,1.0,2.208,2.56865,0,0.6480000000000001,0.3,0.3
0.2923761423761424,1.6179679000632117,0.17436001019367298,2.5704690185674197,0.9791666666666666,26.375,4.184084233848124,0.15779794873329409,1617.967900063212,2006,0,walk,alpha_model_0.3_none,none,1,adaptive,8,0.015625,33,7,7,11,1.0,0.21212121212121213,1.0,7,1.0,2.166,2.5273,0,0.6480000000000001,0.3,0.3
0.13832465277777778,2.0422199449428367,0.08091413684155212,3.6187216673673723,0.8958333333333334,32.8125,4.86334829822093,0.13163271519735906,2042.2199449428354,2006,1,walk,alpha_model_0.3_none,none,1,adaptive,8,0.015625,40,5,5,6,1.0,0.125,1.0,5,1.0,2.208,2.4709499999999998,0,0.6480000000000001,0.3,0.3
0.09010416666666667,1.880648000178419,0.0876399459284073,3.259309980237447,0.9583333333333334,35.875,4.847372937973952,0.06761536378503623,1880.6480001784191,2006,2,walk,alpha_model_0.3_none,none,1,adaptive,8,0.015625,35,4,4,5,1.0,0.11428571428571428,1.0,4,1.0,2.208,2.52665,0,0.6480000000000001,0.3,0.3
0.16776712850865394,3.0201017067046734,0.051203163344058916,3.59862697314643,0.9791666666666666,40.9375,5.252356228263363,0.1396675365995345,3020.1017067046723,2006,3,walk,alpha_model_0.3_none,none,1,adaptive,8,0.015625,35,4,4,5,1.0,0.11428571428571428,1.0,4,1.0,2.208,2.6624999999999996,0,0.6480000000000001,0.3,0.3
0.0625,1.80851533996411,0.15467745784551692,3.052122385229555,0.9583333333333334,18.375,3.915402331484973,0.09217745784551691,1808.5153399641101,2007,0,walk,alpha_model_0.3_none,none,1,adaptive,8,0.015625,33,2,2,7,1.0,0.06060606060606061,1.0,2,1.0,2.208,2.541,0,0.6480000000000001,0.3,0.3
0.0020776721014492752,2.246789697964409,0.08880148245851677,3.1549937788664635,1.0,29.229166666666668,4.6397929958336555,0.0867238103570675,2246.78969796441,2007,1,walk,alpha_model_0.3_none,none,1,adaptive,8,0.015625,36,5,5,7,1.0,0.1388888888888889,1.0,5,1.0,2.167,2.5396,0,0.6480000000000001,0.3,0.3
0.06328125,2.0043250240909245,0.07228349785104637,3.219428788454413,1.0,31.4375,4.805063332026195,0.02094848938263418,2004.3250240909254,2007,2,walk,alpha_model_0.3_none,none,1,adaptive,8,0.015625,36,2,2,4,1.0,0.05555555555555555,1.0,2,1.0,2.1665,2.48565,0,0.6480000000000001,0.3,0.3
0.1467013888888889,1.449030587168423,0.07814166715754321,2.767655955690962,1.0,33.541666666666664,4.921265440021245,0.06855972173134568,1449.0305871684238,2007,3,walk,alpha_model_0.3_none,none,1,adaptive,8,0.015625,36,2,2,4,1.0,0.05555555555555555,1.0,2,1.0,2.1455,2.44365,0,0.6480000000000001,0.3,0.3
0.15174437830687829,1.4134384040941999,0.19963924419425091,2.771313044220768,0.9166666666666666,21.354166666666668,3.915954128941929,0.12688319919824206,1413.4384040941998,2008,0,walk,alpha_model_0.3_none,none,1,adaptive,8,0.015625,37,3,3,4,1.0,0.08108108108108109,1.0,3,1.0,2.2085,2.5273,0,0.6480000000000001,0.3,0.3
0.0484375,2.131999823180063,0.09723881029899999,2.7662710963862946,1.0,24.0625,4.461621965534487,0.08347738544529477,2131.9998231800637,2008,1,walk,alpha_model_0.3_none,none,1,adaptive,8,0.015625,42,4,4,6,1.0,0.09523809523809523,1.0,4,1.0,2.167,2.61065,0,0.6480000000000001,0.3,0.3
0.21362847222222223,1.481521124742726,0.30153605772844866,2.491442170940992,0.9583333333333334,17.75,3.258211928501678,0.18149884872281363,1481.5211247427262,2008,2,walk,alpha_model_0.3_none,none,1,adaptive,8,0.015625,38,4,4,7,1.0,0.10526315789473684,1.0,4,1.0,2.2295,2.6079,0,0.6480000000000001,0.3,0.3
0.6046006944444444,1.1207422840431003,0.13496169810567274,2.888616817437683,0.9166666666666666,21.0625,4.175510823197761,0.5017852282449304,1120.7422840431007,2008,3,walk,alpha_model_0.3_none,none,1,adaptive,8,0.015625,39,1,1,4,1.0,0.02564102564102564,1.0,1,1.0,2.208,2.45625,0,0.6480000000000001,0.3,0.3
0.0005208333333333333,2.680447923389803,0.07236154511029687,3.5476370703616324,0.9791666666666666,34.229166666666664,4.95441138320032,0.07184071177696354,2680.447923389804,2009,0,walk,alpha_model_0.3_none,none,1,adaptive,8,0.015625,38,2,2,6,1.0,0.05263157894736842,1.0,2,1.0,2.209,2.5,0,0.6480000000000001,0.3,0.3
0.14674272486772486,1.463264347992295,0.04421451426808969,3.520880221788056,1.0,47.166666666666664,5.460796361321942,0.10252821059963517,1463.2643479922954,2009,1,walk,alpha_model_0.3_none,none,1,adaptive,8,0.015625,42,2,2,4,1.0,0.047619047619047616,1.0,2,1.0,2.167,2.42895,0,0.6480000000000001,0.3,0.3
0.06335152116402117,2.521602591487162,0.07783582251452549,3.7970392053468434,0.9166666666666666,36.208333333333336,4.934346401360819,0.06474986714521186,2521.602591487162,2009,2,walk,alpha_model_0.3_none,none,1,adaptive,8,0.015625,36,2,2,6,1.0,0.05555555555555555,1.0,2,1.0,2.334,3.0374999999999996,0,0.6480000000000001,0.3,0.3
0.02274569597143775,2.260520630164167,0.09119573260164454,3.3558668194902634,0.8541666666666666,32.5625,4.739366423987772,0.06845003663020677,2260.5206301641683,2009,3,walk,alpha_model_0.3_none,none,1,adaptive,8,0.015625,38,3,3,7,1.0,0.07894736842105263,1.0,3,1.0,2.25,2.8018499999999995,0,0.6480000000000001,0.3,0.3
0.1472610952983344,1.575798180232657,0.09183138551412133,2.786671846320525,1.0,29.104166666666668,4.630354653760274,0.10684168769229156,1575.7981802326583,2000,0,walk,alpha_model_0.3_random,random,0.5,adaptive,8,0.015625,34,2,2,6,1.0,0.058823529411764705,1.0,2,1.0,2.375,3.755699999999999,0,0.6480000000000001,0.3,0.3
0.10524354360299355,2.316962441768466,0.11005452239664403,3.3609754867187966,1.0,41.854166666666664,5.014491626600571,0.0794868785747352,2316.9624417684663,2000,1,walk,alpha_model_0.3_random,random,0.5,adaptive,8,0.015625,37,2,1,1,0.5,0.02702702702702703,0.5,1,1.0,2.417,3.20865,0,0.6480000000000001,0.3,0.3
0.021354166666666664,2.9105343707145894,0.09509004723954702,3.069154561268363,0.9791666666666666,26.4375,4.5361311765098415,0.0737358805728804,2910.5343707145894,2000,2,walk,alpha_model_0.3_random,random,0.5,adaptive,8,0.015625,36,2,2,5,1.0,0.05555555555555555,1.0,2,1.0,2.375,3.45625,0,0.6480000000000001,0.3,0.3
0.001171875,3.9946209893934252,0.023677020639686075,4.018047888326591,1.0,56.333333333333336,5.835628838800514,0.022505145639686076,3994.6209893934283,2000,3,walk,alpha_model_0.3_random,random,0.5,adaptive,8,0.015625,33,1,0,1,0.0,0.0,0.0,0,1.0,2.2085,2.56865,0,0.6480000000000001,0.3,0.3
0.31283068783068785,1.04490948884881,0.18143735471821887,2.396689859901308,1.0,25.895833333333332,4.216615235343977,0.18744154376148367,1044.90948884881,2001,0,walk,alpha_model_0.3_random,random,0.5,adaptive,8,0.015625,37,2,2,3,1.0,0.05405405405405406,1.0,2,1.0,2.209,2.4853,0,0.6480000000000001,0.3,0.3
0.3337673611111111,2.9268035790862927,0.045239378594584635,3.4777199466097044,0.8333333333333334,44.666666666666664,5.411083472742607,0.28852798251652645,2926.8035790862923,2001,1,walk,alpha_model_0.3_random,random,0.5,adaptive,8,0.015625,36,6,2,3,0.3333333333333333,0.05555555555555555,0.6666666666666666,2,1.0,2.25,2.5273,0,0.6480000000000001,0.3,0.3
0.0,4.569460607172237,0.0271464353891079,3.9644888413011774,1.0,48.375,5.679282590942488,0.0271464353891079,4569.460607172236,2001,2,walk,alpha_model_0.3_random,random,0.5,adaptive,8,0.015625,37,4,1,2,0.25,0.02702702702702703,1.0,1,1.0,2.167,2.5122999999999998,0,0.6480000000000001,0.3,0.3
0.004252742763772175,3.3695659914888694,0.07395349151916979,3.837175220643959,0.8541666666666666,26.395833333333332,4.609105770292521,0.06970074875539757,3369.5659914888693,2001,3,walk,alpha_model_0.3_random,random,0.5,adaptive,8,0.015625,32,3,1,3,0.3333333333333333,0.03125,0.3333333333333333,1,1.0,2.2085,2.8830999999999993,0,0.6480000000000001,0.3,0.3
0.020833333333333332,5.200011283970158,0.03359803438815778,3.882481771710713,0.9583333333333334,52.770833333333336,5.661543803617423,0.027790824365786188,5200.011283970158,2002,0,walk,alpha_model_0.3_random,random,0.5,adaptive,8,0.015625,39,3,1,2,0.3333333333333333,0.02564102564102564,0.5,1,1.0,2.208,2.58125,0,0.6480000000000001,0.3,0.3
0.042317708333333336,2.433301821169239,0.054280923309874156,3.2454101930934676,0.9791666666666666,36.083333333333336,5.148304628369289,0.08660242817067404,2433.3018211692392,2002,1,walk,alpha_model_0.3_random,random,0.5,adaptive,8,0.015625,38,5,1,3,0.2,0.02631578947368421,0.25,1,1.0,2.208,2.58125,0,0.6480000000000001,0.3,0.3
0.23003472222222224,2.336402346380095,0.150235524268207,3.1336678077954816,0.9375,24.645833333333332,4.306594266320308,0.23684355427193063,2336.4023463800963,2002,2,walk,alpha_model_0.3_random,random,0.5,adaptive,8,0.015625,33,3,2,6,0.6666666666666666,0.06060606060606061,0.5,2,1.0,2.208,2.4853,0,0.6480000000000001,0.3,0.3
0.08463128306878308,1.5286880686026372,0.08205114075652482,3.1646733084884233,1.0,37.270833333333336,4.957444824274998,0.0851407340225232,1528.688068602638,2002,3,walk,alpha_model_0.3_random,random,0.5,adaptive,8,0.015625,39,6,3,5,0.5,0.07692307692307693,0.5,3,1.0,2.1875,2.4023,0,0.6480000000000001,0.3,0.3
0.0419973544973545,3.266324859332325,0.12841282481603059,3.925813298340455,0.875,28.416666666666668,4.454158031476116,0.09891547031867605,3266.324859332324,2003,0,walk,alpha_model_0.3_random,random,0.5,adaptive,8,0.015625,35,6,3,7,0.5,0.08571428571428572,0.5,3,1.0,2.208,2.48565,0,0.6480000000000001,0.3,0.3
0.24531250000000002,1.0742322160386222,0.19231427065112347,2.5092095962293164,1.0,23.541666666666668,4.131872634241413,0.12208895559500132,1074.2322160386223,2003,1,walk,alpha_model_0.3_random,random,0.5,adaptive,8,0.015625,35,4,2,3,0.5,0.05714285714285714,0.6666666666666666,2,1.0,2.25,2.7874999999999996,0,0.6480000000000001,0.3,0.3
0.0637577213235108,2.2426856487267353,0.11201738197989626,3.3497252013113594,0.9791666666666666,40.9375,5.020363615199257,0.08107216065638546,2242.6856487267364,2003,2,walk,alpha_model_0.3_random,random,0.5,adaptive,8,0.015625,33,4,3,3,0.75,0.09090909090909091,1.0,3,1.0,2.1875,2.61065,0,0.6480000000000001,0.3,0.3
0.006076388888888889,2.4279409081839667,0.14673675868097605,3.259323999499373,0.9791666666666666,19.395833333333332,4.012629527307645,0.14066036979208715,2427.9409081839663,2003,3,walk,alpha_model_0.3_random,random,0.5,adaptive,8,0.015625,40,5,3,5,0.6,0.075,0.75,3,1.0,2.167,2.6649,0,0.6480000000000001,0.3,0.3
0.10632891414141414,2.408217852425232,0.056829809056437204,3.3880958158927634,1.0,33.104166666666664,5.001189888340811,0.05823392766011176,2408.217852425231,2004,0,walk,alpha_model_0.3_random,random,0.5,adaptive,8,0.015625,38,6,3,5,0.5,0.07894736842105263,0.75,3,1.0,2.166,2.52665,0,0.6480000000000001,0.3,0.3
0.041666666666666664,4.673652222924175,0.0349005760635366,3.7011874511011293,1.0,46.770833333333336,5.5673335584330355,0.0067660906031300665,4673.652222924177,2004,1,walk,alpha_model_0.3_random,random,0.5,adaptive,8,0.015625,35,4,2,3,0.5,0.05714285714285714,0.5,2,1.0,2.209,2.5126,0,0.6480000000000001,0.3,0.3
0.020833333333333332,3.5677537501103154,0.04291051185772538,3.3923986131142647,0.9791666666666666,38.291666666666664,5.244605842621989,0.02207717852439205,3567.7537501103147,2004,2,walk,alpha_model_0.3_random,random,0.5,adaptive,8,0.015625,37,4,1,2,0.25,0.02702702702702703,0.5,1,1.0,2.208,2.4023,0,0.6480000000000001,0.3,0.3
0.14863666426166425,1.4779550284006735,0.21014418300801282,2.649150793823415,1.0,21.520833333333332,3.9277511551203186,0.11956183602018011,1477.9550284006737,2004,3,walk,alpha_model_0.3_random,random,0.5,adaptive,8,0.015625,35,4,3,6,0.75,0.08571428571428572,0.75,3,1.0,2.25,2.58365,0,0.6480000000000001,0.3,0.3
0.02174272486772487,3.2978932709224917,0.09618325285320768,4.051598884494494,0.7083333333333334,27.645833333333332,4.559531407603654,0.08851649160608593,3297.8932709224923,2005,0,walk,alpha_model_0.3_random,random,0.5,adaptive,8,0.015625,34,0,0,3,nan,0.0,nan,0,1.0,2.167,2.5938499999999998,0,0.6480000000000001,0.3,0.3
0.08522652116402117,2.3316840682145097,0.04154060132405037,3.7773143006468897,1.0,45.416666666666664,5.392300764670801,0.0436859198399708,2331.6840682145107,2005,1,walk,alpha_model_0.3_random,random,0.5,adaptive,8,0.015625,37,4,2,2,0.5,0.05405405405405406,0.6666666666666666,2,1.0,2.208,2.5,0,0.6480000000000001,0.3,0.3
0.43818379517532063,1.9703847576075066,0.21809692681274184,2.1897175488595697,1.0,24.041666666666668,3.749809503063054,0.2302222458764616,1970.3847576075068,2005,2,walk,alpha_model_0.3_random,random,0.5,adaptive,8,0.015625,42,5,3,5,0.6,0.07142857142857142,0.6666666666666666,3,1.0,2.208,2.58125,0,0.6480000000000001,0.3,0.3
0.0006837951753205989,4.0799232136437595,0.021400358205081765,4.112899345647047,1.0,60.208333333333336,5.981721876671032,0.020716563029761166,4079.9232136437604,2005,3,walk,alpha_model_0.3_random,random,0.5,adaptive,8,0.015625,38,1,0,0,0.0,0.0,0.0,0,nan,2.271,2.417,0,0.6480000000000001,0.3,0.3
0.18820947570947574,2.339638906929013,0.16107728545479785,2.969159102092427,1.0,34.520833333333336,4.445765348858272,0.11029386860713909,2339.6389069290144,2006,0,walk,alpha_model_0.3_random,random,0.5,adaptive,8,0.015625,33,7,4,9,0.5714285714285714,0.12121212121212122,0.5,4,1.0,2.3335,2.98565,0,0.6480000000000001,0.3,0.3
0.0,3.8052437925924614,0.05792099867140454,4.1101817736242525,0.8958333333333334,45.354166666666664,5.29492072537764,0.05792099867140454,3805.243792592463,2006,1,walk,alpha_model_0.3_random,random,0.5,adaptive,8,0.015625,40,5,1,1,0.2,0.025,0.25,1,1.0,2.2085,2.8120499999999993,0,0.6480000000000001,0.3,0.3
0.017187499999999998,1.7619893071893469,0.04740654790594681,3.7616053862511905,0.9375,35.791666666666664,5.138332288883905,0.030219047905946813,1761.9893071893473,2006,2,walk,alpha_model_0.3_random,random,0.5,adaptive,8,0.015625,35,4,2,3,0.5,0.05714285714285714,0.6666666666666666,2,1.0,2.2085,2.5,0,0.6480000000000001,0.3,0.3
0.2719337951753206,2.5965940191348156,0.07361085495841592,3.4135550561071866,0.8958333333333334,30.3125,4.7531747456718705,0.28417330268535346,2596.594019134815,2006,3,walk,alpha_model_0.3_random,random,0.5,adaptive,8,0.015625,35,4,3,5,0.75,0.08571428571428572,1.0,3,1.0,2.208,2.6103,0,0.6480000000000001,0.3,0.3
0.020833333333333332,2.638967422759039,0.03981942606840765,3.5937194645984936,1.0,39.9375,5.32979015784544,0.01898609273507432,2638.9674227590394,2007,0,walk,alpha_model_0.3_random,random,0.5,adaptive,8,0.015625,33,2,1,2,0.5,0.030303030303030304,0.5,1,1.0,2.209,2.5,0,0.6480000000000001,0.3,0.3
0.0854110054347826,1.5239085717428222,0.05222267527693673,3.396371504608006,0.9791666666666666,39.1875,5.2323743644945155,0.043127487833373813,1523.9085717428231,2007,1,walk,alpha_model_0.3_random,random,0.5,adaptive,8,0.015625,36,5,2,3,0.4,0.05555555555555555,0.4,2,1.0,2.1875,2.5396,0,0.6480000000000001,0.3,0.3
0.021614583333333336,2.599228690760158,0.035711522099726375,3.6511368427912276,1.0,43.5,5.433723559862837,0.014096938766393041,2599.2286907601583,2007,2,walk,alpha_model_0.3_random,random,0.5,adaptive,8,0.015625,36,2,0,1,0.0,0.0,0.0,0,1.0,2.25,2.55395,0,0.6480000000000001,0.3,0.3
0.19100769115890084,1.403727076719479,0.09865187882044281,2.683964681036849,1.0,23.520833333333332,4.403441420058536,0.11423341164217625,1403.7270767194793,2007,3,walk,alpha_model_0.3_random,random,0.5,adaptive,8,0.015625,36,2,2,5,1.0,0.05555555555555555,1.0,2,1.0,2.25,2.67895,0,0.6480000000000001,0.3,0.3
0.06320271164021164,3.3665376906017026,0.12472961043001224,3.4083323185652095,0.9583333333333334,29.166666666666668,4.596981406156664,0.10331504453218147,3366.5376906017027,2008,0,walk,alpha_model_0.3_random,random,0.5,adaptive,8,0.015625,37,3,1,4,0.3333333333333333,0.02702702702702703,0.5,1,1.0,2.208,2.4853,0,0.6480000000000001,0.3,0.3
0.0005208333333333333,3.1326605737622777,0.03116358526003411,3.7790621256628985,1.0,50.0625,5.6263974213898456,0.030642751926700778,3132.66057376228,2008,1,walk,alpha_model_0.3_random,random,0.5,adaptive,8,0.015625,42,4,1,2,0.25,0.023809523809523808,0.3333333333333333,1,1.0,2.25,2.4853,0,0.6480000000000001,0.3,0.3
0.020833333333333332,2.522343570761496,0.14248403613894436,2.886511699257466,0.9791666666666666,29.270833333333332,4.450575786379317,0.12165070280561108,2522.343570761496,2008,2,walk,alpha_model_0.3_random,random,0.5,adaptive,8,0.015625,38,4,2,2,0.5,0.05263157894736842,0.5,2,1.0,2.167,2.4976,0,0.6480000000000001,0.3,0.3
0.00390625,3.224248760284116,0.031566351406783384,4.059242424801307,1.0,49.729166666666664,5.636544639895125,0.02766010140678338,3224.248760284115,2008,3,walk,alpha_model_0.3_random,random,0.5,adaptive,8,0.015625,39,1,0,1,0.0,0.0,0.0,0,1.0,2.125,2.5416499999999997,0,0.6480000000000001,0.3,0.3
0.0005208333333333333,3.872288558053253,0.03770786856031035,3.6843711998165074,1.0,42.5,5.425600583146584,0.03718703522697702,3872.2885580532543,2009,0,walk,alpha_model_0.3_random,random,0.5,adaptive,8,0.015625,38,2,1,2,0.5,0.02631578947368421,0.5,1,1.0,2.208,2.44365,0,0.6480000000000001,0.3,0.3
0.0009093915343915343,2.521711395650242,0.019671658148433222,4.039849761327571,1.0,60.479166666666664,5.984961899387525,0.01876226661404169,2521.711395650242,2009,1,walk,alpha_model_0.3_random,random,0.5,adaptive,8,0.015625,42,2,0,0,0.0,0.0,0.0,0,nan,2.2085,2.7335499999999997,0,0.6480000000000001,0.3,0.3
0.000851521164021164,2.899342995292496,0.0343037193388038,3.65789254298157,1.0,46.041666666666664,5.538244213701538,0.033452198174782635,2899.3429952924967,2009,2,walk,alpha_model_0.3_random,random,0.5,adaptive,8,0.015625,36,2,2,3,1.0,0.05555555555555555,1.0,2,1.0,2.25,2.6103,0,0.6480000000000001,0.3,0.3
0.0011939718335067173,2.6535437125930845,0.0235696231540921,4.04276004064855,1.0,57.833333333333336,5.894608211459158,0.022375651320585385,2653.543712593083,2009,3,walk,alpha_model_0.3_random,random,0.5,adaptive,8,0.015625,38,3,1,1,0.3333333333333333,0.02631578947368421,0.3333333333333333,1,1.0,2.209,2.4853,0,0.6480000000000001,0.3,0.3
0.12467447916666667,1.6393512883036119,0.07153982216193065,2.9988320057076954,1.0,29.104166666666668,4.803025138943435,0.05313465700473602,1639.3512883036128,2000,0,walk,alpha_model_0.3_bsp,bsp,0.1,adaptive,8,0.015625,34,2,1,8,0.5,0.029411764705882353,0.5,1,1.0,17.708,21.43125,0,0.6480000000000001,0.3,0.3
0.0035807291666666665,2.787361209466398,0.04111407962353758,3.842679929238628,0.9375,43.395833333333336,5.393749534958755,0.037533350456870916,2787.3612094663963,2000,1,walk,alpha_model_0.3_bsp,bsp,0.1,adaptive,8,0.015625,37,2,0,2,0.0,0.0,0.0,0,1.0,17.4165,18.7329,0,0.6480000000000001,0.3,0.3
0.021354166666666664,3.0642575772431875,0.061941566793753185,3.481141754856182,1.0,38.270833333333336,5.165690708118077,0.040587400127086525,3064.257577243186,2000,2,walk,alpha_model_0.3_bsp,bsp,0.1,adaptive,8,0.015625,36,2,1,3,0.5,0.027777777777777776,0.5,1,1.0,17.375,18.2455,0,0.6480000000000001,0.3,0.3
0.04683159722222222,3.055209348912166,0.03973380867725178,3.9127447500945194,0.8541666666666666,43.458333333333336,5.4056880672563965,0.007097788544970447,3055.2093489121658,2000,3,walk,alpha_model_0.3_bsp,bsp,0.1,adaptive,8,0.015625,33,1,1,4,1.0,0.030303030303030304,1.0,1,1.0,17.146,18.44155,0,0.6480000000000001,0.3,0.3
0.024645543981481482,2.071606167228398,0.06152563771359628,3.2086435314180015,1.0,36.1875,5.07355315235198,0.036880093732114795,2071.6061672283977,2001,0,walk,alpha_model_0.3_bsp,bsp,0.1,adaptive,8,0.015625,37,2,0,3,0.0,0.0,0.0,0,1.0,17.292,17.9853,0,0.6480000000000001,0.3,0.3
0.276922123015873,1.1675900034350664,0.07361682014137647,2.756365656558002,1.0,28.270833333333332,4.743019424076577,0.20330530287449655,1167.5900034350661,2001,1,walk,alpha_model_0.3_bsp,bsp,0.1,adaptive,8,0.015625,36,6,4,6,0.6666666666666666,0.1111111111111111,0.6666666666666666,4,1.0,17.2915,18.34145,0,0.6480000000000001,0.3,0.3
0.041666666666666664,2.444312577747981,0.04161627805301719,3.423433314370413,1.0,44.604166666666664,5.495694198676401,5.0388613649481516e-05,2444.3125777479813,2001,2,walk,alpha_model_0.3_bsp,bsp,0.1,adaptive,8,0.015625,37,4,3,3,0.75,0.08108108108108109,1.0,3,1.0,17.25,18.0921,0,0.6480000000000001,0.3,0.3
0.1476779513888889,1.8618340738193957,0.08383272704037904,2.882856979903126,0.9791666666666666,25.166666666666668,4.531681863866808,0.06384522434850985,1861.8340738193963,2001,3,walk,alpha_model_0.3_bsp,bsp,0.1,adaptive,8,0.015625,32,3,0,8,0.0,0.0,0.0,0,1.0,17.292,20.96635,0,0.6480000000000001,0.3,0.3
0.13315282178059396,3.1131964970870953,0.0508559283307636,3.544336763754434,1.0,38.041666666666664,5.150074357365434,0.08229689344983036,3113.1964970870954,2002,0,walk,alpha_model_0.3_bsp,bsp,0.1,adaptive,8,0.015625,39,3,1,3,0.3333333333333333,0.02564102564102564,0.5,1,1.0,17.333,18.28575,0,0.6480000000000001,0.3,0.3
0.0006510416666666666,2.6797674847442416,0.056887689825851746,3.211671526353694,1.0,36.645833333333336,5.1611583509863594,0.05623664815918508,2679.767484744241,2002,1,walk,alpha_model_0.3_bsp,bsp,0.1,adaptive,8,0.015625,38,5,2,3,0.4,0.05263157894736842,0.5,2,1.0,17.1875,18.22665,0,0.6480000000000001,0.3,0.3
0.22725694444444444,0.9632621271281631,0.08285198358735235,2.6775769294474263,1.0,25.166666666666668,4.571236400755168,0.1444049608570921,963.2621271281631,2002,2,walk,alpha_model_0.3_bsp,bsp,0.1,adaptive,8,0.015625,33,3,2,11,0.6666666666666666,0.06060606060606061,1.0,2,1.0,17.646,20.733649999999997,0,0.6480000000000001,0.3,0.3
0.12779947916666667,1.6957439961993153,0.0390811900571059,3.5916569973191486,1.0,45.25,5.4741940560559135,0.08871828910956077,1695.7439961993157,2002,3,walk,alpha_model_0.3_bsp,bsp,0.1,adaptive,8,0.015625,39,6,4,4,0.6666666666666666,0.10256410256410256,1.0,4,1.0,17.396,18.783649999999998,0,0.6480000000000001,0.3,0.3
0.0236328125,2.50726265907798,0.04976795115023739,4.022580533958048,0.875,44.166666666666664,5.369253751793004,0.026135138650237394,2507.2626590779805,2003,0,walk,alpha_model_0.3_bsp,bsp,0.1,adaptive,8,0.015625,35,6,3,7,0.5,0.08571428571428572,0.5,3,1.0,17.4165,18.6499,0,0.6480000000000001,0.3,0.3
0.017447916666666664,2.5529505382808666,0.055488506447745105,3.609408088008806,0.9791666666666666,38.1875,5.199699394847429,0.03804058978107844,2552.9505382808675,2003,1,walk,alpha_model_0.3_bsp,bsp,0.1,adaptive,8,0.015625,35,4,3,5,0.75,0.08571428571428572,0.6666666666666666,3,1.0,17.625,19.8877,0,0.6480000000000001,0.3,0.3
0.008116319444444445,2.2574440958168083,0.06278658956458781,3.2977113626762335,0.9166666666666666,40.729166666666664,5.188731289654606,0.05467027012014337,2257.444095816809,2003,2,walk,alpha_model_0.3_bsp,bsp,0.1,adaptive,8,0.015625,33,4,3,5,0.75,0.09090909090909091,1.0,3,1.0,17.6665,20.381149999999998,0,0.6480000000000001,0.3,0.3
0.037760416666666664,2.174580970643536,0.06735973713012455,3.0735896876669107,1.0,30.5,4.82288657267366,0.029599320463457885,2174.5809706435357,2003,3,walk,alpha_model_0.3_bsp,bsp,0.1,adaptive,8,0.015625,40,5,3,8,0.6,0.075,0.5,3,1.0,17.5,18.73115,0,0.6480000000000001,0.3,0.3
0.017881944444444447,2.0581946314372197,0.05624884705456646,3.2595737967924094,1.0,36.895833333333336,5.141395154931616,0.03836690261012202,2058.1946314372194,2004,0,walk,alpha_model_0.3_bsp,bsp,0.1,adaptive,8,0.015625,38,6,5,6,0.8333333333333334,0.13157894736842105,1.0,5,1.0,17.4585,19.0046,0,0.6480000000000001,0.3,0.3
0.04709201388888889,2.869280238914598,0.06488905928940898,3.482334698536512,0.9791666666666666,29.875,4.850286956041536,0.0177970454005201,2869.2802389145977,2004,1,walk,alpha_model_0.3_bsp,bsp,0.1,adaptive,8,0.015625,35,4,3,9,0.75,0.08571428571428572,0.75,3,1.0,17.5,20.05855,0,0.6480000000000001,0.3,0.3
0.002329282407407407,2.8556675897011896,0.06898700244231157,3.514669390579744,0.9583333333333334,32.291666666666664,4.87431644280687,0.06665772003490415,2855.66758970119,2004,2,walk,alpha_model_0.3_bsp,bsp,0.1,adaptive,8,0.015625,37,4,4,7,1.0,0.10810810810810811,1.0,4,1.0,17.5,18.34385,0,0.6480000000000001,0.3,0.3
0.10605468750000001,1.75185002021436,0.06197040583121254,3.3092896956402558,1.0,36.229166666666664,5.027947202824083,0.04825094833545413,1751.8500202143616,2004,3,walk,alpha_model_0.3_bsp,bsp,0.1,adaptive,8,0.015625,35,4,2,7,0.5,0.05714285714285714,0.5,2,1.0,17.333,19.17665,0,0.6480000000000001,0.3,0.3
0.0003255208333333333,3.540534231421379,0.05962471385529644,4.052023414272462,0.7708333333333334,34.041666666666664,5.028023169111464,0.059299193021963105,3540.534231421381,2005,0,walk,alpha_model_0.3_bsp,bsp,0.1,adaptive,8,0.015625,34,0,0,4,nan,0.0,nan,0,1.0,17.3125,19.1251,0,0.6480000000000001,0.3,0.3
0.004202835648148148,2.0718471265697,0.06238008095019665,3.367871545192857,1.0,32.3125,4.965303460610553,0.05817724530204851,2071.8471265697012,2005,1,walk,alpha_model_0.3_bsp,bsp,0.1,adaptive,8,0.015625,37,4,0,5,0.0,0.0,0.0,0,1.0,17.417,20.233099999999997,0,0.6480000000000001,0.3,0.3
0.2721354166666667,4.294238385689934,0.05654995687322776,3.222134150463838,1.0,37.375,5.10633847747021,0.2155854597934389,4294.238385689935,2005,2,walk,alpha_model_0.3_bsp,bsp,0.1,adaptive,8,0.015625,42,5,2,2,0.4,0.047619047619047616,0.3333333333333333,2,1.0,17.3335,18.283649999999998,0,0.6480000000000001,0.3,0.3
0.2923177083333333,2.0653604980237277,0.05670760921902412,3.098964515561247,1.0,34.895833333333336,5.080066759805335,0.23561009911430922,2065.3604980237274,2005,3,walk,alpha_model_0.3_bsp,bsp,0.1,adaptive,8,0.015625,38,1,0,1,0.0,0.0,0.0,0,1.0,19.083,66.74584999999999,0,0.6480000000000001,0.3,0.3
0.04381510416666667,2.708463913178669,0.057949828286408135,3.2907168488589957,0.9791666666666666,37.666666666666664,5.060600987949606,0.014134724119741473,2708.4639131786707,2006,0,walk,alpha_model_0.3_bsp,bsp,0.1,adaptive,8,0.015625,33,7,3,12,0.42857142857142855,0.09090909090909091,0.75,3,1.0,17.7085,21.898349999999997,0,0.6480000000000001,0.3,0.3
0.11749131944444445,2.227352226554767,0.04049572851143613,3.836377963049989,0.8541666666666666,44.4375,5.4635003066354875,0.07699559093300833,2227.3522265547667,2006,1,walk,alpha_model_0.3_bsp,bsp,0.1,adaptive,8,0.015625,40,5,4,5,0.8,0.1,1.0,4,1.0,17.5205,19.166449999999998,0,0.6480000000000001,0.3,0.3
0.0484375,1.3186966259907054,0.05756689539529788,3.100468840532082,1.0,38.1875,5.145364188255761,0.009129395395297871,1318.6966259907051,2006,2,walk,alpha_model_0.3_bsp,bsp,0.1,adaptive,8,0.015625,35,4,2,3,0.5,0.05714285714285714,0.6666666666666666,2,1.0,17.458,18.28925,0,0.6480000000000001,0.3,0.3
0.024305555555555556,2.7510708222099716,0.06623501472356644,3.4386051599236125,1.0,33.8125,4.976247848683572,0.041929459168010885,2751.0708222099706,2006,3,walk,alpha_model_0.3_bsp,bsp,0.1,adaptive,8,0.015625,35,4,4,6,1.0,0.11428571428571428,1.0,4,1.0,17.333,18.34385,0,0.6480000000000001,0.3,0.3
0.0,2.2726678197156853,0.08411797049766186,2.9501341809831128,1.0,25.541666666666668,4.570868027866454,0.08411797049766186,2272.667819715686,2007,0,walk,alpha_model_0.3_bsp,bsp,0.1,adaptive,8,0.015625,33,2,1,8,0.5,0.030303030303030304,0.5,1,1.0,17.292,17.90165,0,0.6480000000000001,0.3,0.3
0.06584201388888888,2.0733118729938345,0.06947728487846574,3.1668974948839907,1.0,33.104166666666664,4.890714276865833,0.003635270989576861,2073.311872993835,2007,1,walk,alpha_model_0.3_bsp,bsp,0.1,adaptive,8,0.015625,36,5,3,7,0.6,0.08333333333333333,0.6,3,1.0,17.2295,18.18915,0,0.6480000000000001,0.3,0.3
0.022135416666666668,2.5985070589631394,0.0626165572923926,3.4656276159407917,0.9375,32.958333333333336,4.921696573128176,0.040481140625725935,2598.507058963138,2007,2,walk,alpha_model_0.3_bsp,bsp,0.1,adaptive,8,0.015625,36,2,2,9,1.0,0.05555555555555555,1.0,2,1.0,17.311999999999998,18.710849999999997,0,0.6480000000000001,0.3,0.3
0.1467013888888889,1.6194210331916332,0.07312807126463627,2.8412918761660966,1.0,29.5625,4.791860785206611,0.07357331762425262,1619.4210331916338,2007,3,walk,alpha_model_0.3_bsp,bsp,0.1,adaptive,8,0.015625,36,2,2,6,1.0,0.05555555555555555,1.0,2,1.0,17.625,19.6023,0,0.6480000000000001,0.3,0.3
0.0006510416666666666,3.876614466627542,0.07331643091213148,3.561184679123114,0.9375,28.833333333333332,4.7649615808564,0.07266538924546481,3876.614466627542,2008,0,walk,alpha_model_0.3_bsp,bsp,0.1,adaptive,8,0.015625,37,3,0,5,0.0,0.0,0.0,0,1.0,17.4375,18.67445,0,0.6480000000000001,0.3,0.3
0.05946180555555555,3.0270836880984295,0.06113576192274254,2.992636182467237,1.0,30.333333333333332,4.894581574106929,0.0016739563671869888,3027.08368809843,2008,1,walk,alpha_model_0.3_bsp,bsp,0.1,adaptive,8,0.015625,42,4,2,4,0.5,0.047619047619047616,0.6666666666666666,2,1.0,17.334,18.5046,0,0.6480000000000001,0.3,0.3
0.005295138888888888,3.4972462120009133,0.04156083151385202,3.5505267282153383,1.0,45.791666666666664,5.37199127317885,0.03626569262496313,3497.246212000911,2008,2,walk,alpha_model_0.3_bsp,bsp,0.1,adaptive,8,0.015625,38,4,0,3,0.0,0.0,0.0,0,1.0,17.334,18.09385,0,0.6480000000000001,0.3,0.3
0.008072916666666667,3.0643468789715285,0.050256887813821975,3.596543934185959,1.0,38.0625,5.1965686266707865,0.0421839711471553,3064.3468789715293,2008,3,walk,alpha_model_0.3_bsp,bsp,0.1,adaptive,8,0.015625,39,1,1,2,1.0,0.02564102564102564,1.0,1,1.0,17.416,18.274549999999998,0,0.6480000000000001,0.3,0.3
0.042187499999999996,1.927976286228847,0.049478224040973066,3.438913747182752,1.0,43.3125,5.357598202758481,0.007290724040973066,1927.9762862288474,2009,0,walk,alpha_model_0.3_bsp,bsp,0.1,adaptive,8,0.015625,38,2,2,4,1.0,0.05263157894736842,1.0,2,1.0,17.25,18.3579,0,0.6480000000000001,0.3,0.3
0.0003255208333333333,3.6194249103503844,0.02571097377846134,3.937510422625069,0.9583333333333334,53.791666666666664,5.824117099016472,0.025385452945128006,3619.4249103503844,2009,1,walk,alpha_model_0.3_bsp,bsp,0.1,adaptive,8,0.015625,42,2,2,2,1.0,0.047619047619047616,1.0,2,1.0,17.417,18.5148,0,0.6480000000000001,0.3,0.3
0.04251302083333333,2.7739491810906483,0.060230378721503074,3.9178846549668864,0.8958333333333334,38.083333333333336,5.123371905954483,0.01771735788816974,2773.9491810906457,2009,2,walk,alpha_model_0.3_bsp,bsp,0.1,adaptive,8,0.015625,36,2,2,9,1.0,0.05555555555555555,1.0,2,1.0,17.292,18.3999,0,0.6480000000000001,0.3,0.3
0.02218191964285714,2.7475214409126605,0.050117029874844725,3.718974104300018,0.8125,39.020833333333336,5.1962214083695075,0.02793511023198758,2747.5214409126625,2009,3,walk,alpha_model_0.3_bsp,bsp,0.1,adaptive,8,0.015625,38,3,2,6,0.6666666666666666,0.05263157894736842,0.6666666666666666,2,1.0,17.292,18.2704,0,0.6480000000000001,0.3,0.3
0.1472610952983344,1.7512017791283236,0.16031842759094317,2.5463884359106186,1.0,21.875,4.063722931987548,0.04647241109775213,1751.201779128324,2000,0,walk,alpha_model_0.9_none,none,1,adaptive,8,0.015625,34,2,2,5,1.0,0.058823529411764705,1.0,2,1.0,2.375,3.1750999999999996,0,0.6480000000000001,0.9,0.3
0.10524354360299355,2.1622795958709253,0.1804310138641021,3.2942521485897767,0.9375,27.0625,4.173529330465546,0.0876874702611085,2162.279595870927,2000,1,walk,alpha_model_0.9_none,none,1,adaptive,8,0.015625,37,2,2,5,1.0,0.05405405405405406,1.0,2,1.0,2.334,2.8869499999999997,0,0.6480000000000001,0.9,0.3
0.2226273148148148,1.4107736231187422,0.24416948213874615,2.377045990170954,0.9583333333333334,16.104166666666668,3.467072491122627,0.11927919696316854,1410.7736231187425,2000,2,walk,alpha_model_0.9_none,none,1,adaptive,8,0.015625,36,2,2,6,1.0,0.05555555555555555,1.0,2,1.0,2.416,3.0374999999999996,0,0.6480000000000001,0.9,0.3
0.0006510416666666666,3.4915026003775167,0.11121780036321612,3.805210566959714,0.9583333333333334,34.875,4.774447750460636,0.11056675869654943,3491.5026003775183,2000,3,walk,alpha_model_0.9_none,none,1,adaptive,8,0.015625,33,1,1,3,1.0,0.030303030303030304,1.0,1,1.0,2.3125,2.7916499999999997,0,0.6480000000000001,0.9,0.3
0.6884817294973544,0.5535421950964888,0.33251116408479303,1.7675876021485095,1.0,14.4375,3.1210012053375054,0.3734531936470871,553.5421950964887,2001,0,walk,alpha_model_0.9_none,none,1,adaptive,8,0.015625,37,2,2,8,1.0,0.05405405405405406,1.0,2,1.0,2.2085,2.6103,0,0.6480000000000001,0.9,0.3
0.276922123015873,0.947744090525064,0.2563600391668166,2.2156482270680598,1.0,17.979166666666668,3.5296757778988828,0.0979649909515018,947.7440905250636,2001,1,walk,alpha_model_0.9_none,none,1,adaptive,8,0.015625,36,6,6,10,1.0,0.16666666666666666,1.0,6,1.0,2.208,2.6226,0,0.6480000000000001,0.9,0.3
0.16666666666666666,1.7233024061446007,0.20575950268872711,2.551772410041371,0.9583333333333334,19.9375,3.766595557925609,0.10071404552566525,1723.3024061446013,2001,2,walk,alpha_model_0.9_none,none,1,adaptive,8,0.015625,37,4,4,8,1.0,0.10810810810810811,1.0,4,1.0,2.2915,2.5273,0,0.6480000000000001,0.9,0.3
0.1497140522875817,1.7356034901217783,0.19512285918387698,2.840063771625935,0.9583333333333334,18.1875,3.7554395120435373,0.10500725371716023,1735.603490121778,2001,3,walk,alpha_model_0.9_none,none,1,adaptive,8,0.015625,32,3,3,8,1.0,0.09375,1.0,3,1.0,2.2915,2.65165,0,0.6480000000000001,0.9,0.3
0.1875,2.3542120272299445,0.24078983453106895,3.061353573096429,0.8333333333333334,23.0625,3.8519064081790426,0.12941151490674177,2354.2120272299444,2002,0,walk,alpha_model_0.9_none,none,1,adaptive,8,0.015625,39,3,3,4,1.0,0.07692307692307693,1.0,3,1.0,2.25,2.75,0,0.6480000000000001,0.9,0.3
0.10481770833333333,1.3471770004458608,0.18362251274824973,2.4062088956042675,1.0,18.770833333333332,3.851239812153031,0.07880480441491629,1347.1770004458613,2002,1,walk,alpha_model_0.9_none,none,1,adaptive,8,0.015625,38,5,5,6,1.0,0.13157894736842105,1.0,5,1.0,2.25,2.6085499999999997,0,0.6480000000000001,0.9,0.3
0.13606770833333334,1.4804713963371208,0.20910781923659916,2.7861734026793594,0.8958333333333334,17.395833333333332,3.687586447291331,0.07572484050006285,1480.4713963371207,2002,2,walk,alpha_model_0.9_none,none,1,adaptive,8,0.015625,33,3,3,8,1.0,0.09090909090909091,1.0,3,1.0,2.208,2.5,0,0.6480000000000001,0.9,0.3
0.08463128306878308,2.1535163911119737,0.14663349614334933,3.8336207174754975,0.8333333333333334,29.604166666666668,4.397028923832184,0.09469623211611695,2153.5163911119744,2002,3,walk,alpha_model_0.9_none,none,1,adaptive,8,0.015625,39,6,6,6,1.0,0.15384615384615385,1.0,6,1.0,2.25,2.542,0,0.6480000000000001,0.9,0.3
0.24685846560846558,1.1403481026296296,0.2942218607081298,2.1907726700709804,1.0,14.395833333333334,3.24952992877575,0.09673503307207383,1140.34810262963,2003,0,walk,alpha_model_0.9_none,none,1,adaptive,8,0.015625,35,6,6,10,1.0,0.17142857142857143,1.0,6,1.0,2.25,2.5273,0,0.6480000000000001,0.9,0.3
0.23734085648148148,1.4528744414144172,0.3024576563142118,2.6020040993418143,0.9166666666666666,13.854166666666666,3.175100472068698,0.17366664377904342,1452.8744414144169,2003,1,walk,alpha_model_0.9_none,none,1,adaptive,8,0.015625,35,4,4,10,1.0,0.11428571428571428,1.0,4,1.0,2.2085,2.45865,0,0.6480000000000001,0.9,0.3
0.15229938799017748,2.3701689374483057,0.16235611016830617,3.095813732583197,0.9583333333333334,27.895833333333332,4.306377995457953,0.08695790214801401,2370.1689374483053,2003,2,walk,alpha_model_0.9_none,none,1,adaptive,8,0.015625,33,4,4,7,1.0,0.12121212121212122,1.0,4,1.0,2.209,2.58125,0,0.6480000000000001,0.9,0.3
0.006076388888888889,1.829932039806989,0.2353258470781389,2.8385478958423627,0.9166666666666666,14.729166666666666,3.426489576592719,0.22949747406226595,1829.9320398069897,2003,3,walk,alpha_model_0.9_none,none,1,adaptive,8,0.015625,40,5,5,8,1.0,0.125,1.0,5,1.0,2.291,2.9397999999999995,0,0.6480000000000001,0.9,0.3
0.23198784722222224,1.3365353488687333,0.18651374939763155,2.31026636233933,1.0,18.8125,3.8208020769818916,0.13826882797498305,1336.5353488687335,2004,0,walk,alpha_model_0.9_none,none,1,adaptive,8,0.015625,38,6,6,8,1.0,0.15789473684210525,1.0,6,1.0,2.229,2.542,0,0.6480000000000001,0.9,0.3
0.03772941468253968,1.9580137333155683,0.14070108456264543,3.301016029568214,0.8958333333333334,29.291666666666668,4.434484716069971,0.10297166988010575,1958.0137333155687,2004,1,walk,alpha_model_0.9_none,none,1,adaptive,8,0.015625,35,4,4,6,1.0,0.11428571428571428,1.0,4,1.0,2.2295,2.5,0,0.6480000000000001,0.9,0.3
0.041666666666666664,2.426153449799303,0.11065878120521089,3.9317286257524384,0.8333333333333334,28.6875,4.537265143299001,0.10729879775798941,2426.1534497993025,2004,2,walk,alpha_model_0.9_none,none,1,adaptive,8,0.015625,37,4,4,4,1.0,0.10810810810810811,1.0,4,1.0,2.208,2.5273,0,0.6480000000000001,0.9,0.3
0.17064558798429766,2.5095127714784713,0.2478504841561789,3.0998255558840935,0.8125,20.416666666666668,3.634303411526243,0.11962112799584064,2509.5127714784717,2004,3,walk,alpha_model_0.9_none,none,1,adaptive,8,0.015625,35,4,4,7,1.0,0.11428571428571428,1.0,4,1.0,2.1875,2.44395,0,0.6480000000000001,0.9,0.3
0.02181506283068783,2.35787843138771,0.1283527271332685,3.665501220077367,0.875,28.458333333333332,4.475091217361174,0.10653766430258066,2357.8784313877104,2005,0,walk,alpha_model_0.9_none,none,1,adaptive,8,0.015625,34,0,0,1,nan,0.0,nan,0,1.0,2.167,2.40165,0,0.6480000000000001,0.9,0.3
0.0017195767195767196,2.1990934312038704,0.12733025238616255,3.3957778858145744,0.8958333333333334,21.625,4.2085924163497195,0.12561067566658585,2199.0934312038703,2005,1,walk,alpha_model_0.9_none,none,1,adaptive,8,0.015625,37,4,4,5,1.0,0.10810810810810811,1.0,4,1.0,2.1875,2.7329,0,0.6480000000000001,0.9,0.3
0.29235046184198726,2.1334769893730523,0.33129156340741367,2.1970409124125934,0.9791666666666666,16.583333333333332,3.180672840749518,0.1478279985627463,2133.4769893730527,2005,2,walk,alpha_model_0.9_none,none,1,adaptive,8,0.015625,42,5,5,5,1.0,0.11904761904761904,1.0,5,1.0,2.208,2.6372999999999998,0,0.6480000000000001,0.9,0.3
0.1881837951753206,2.3525459415019463,0.17635098253463752,2.823570563050701,0.9791666666666666,26.208333333333332,4.116748767754837,0.14330613502336484,2352.5459415019473,2005,3,walk,alpha_model_0.9_none,none,1,adaptive,8,0.015625,38,1,1,4,1.0,0.02631578947368421,1.0,1,1.0,2.209,2.4972499999999997,0,0.6480000000000001,0.9,0.3
0.12570947570947572,3.685943553551042,0.25776852660738664,3.86626744715134,0.6875,20.333333333333332,3.579859771344134,0.16110935219593764,3685.943553551042,2006,0,walk,alpha_model_0.9_none,none,1,adaptive,8,0.015625,33,7,7,12,1.0,0.21212121212121213,1.0,7,1.0,2.1875,2.48565,0,0.6480000000000001,0.9,0.3
0.10533854166666667,1.895608829037018,0.16279739488720382,3.1903450559470348,0.9375,22.520833333333332,4.087487390644726,0.057458853220537086,1895.608829037018,2006,1,walk,alpha_model_0.9_none,none,1,adaptive,8,0.015625,40,5,5,5,1.0,0.125,1.0,5,1.0,2.25,2.4972499999999997,0,0.6480000000000001,0.9,0.3
0.12955729166666666,2.1522548762383993,0.22590417532265342,3.2836670226192872,0.8958333333333334,14.958333333333334,3.556085615036157,0.09953776084136072,2152.2548762384,2006,2,walk,alpha_model_0.9_none,none,1,adaptive,8,0.015625,35,4,4,9,1.0,0.11428571428571428,1.0,4,1.0,2.209,2.417,0,0.6480000000000001,0.9,0.3
0.0011004618419872658,2.9699854435853603,0.1320663339162276,3.3993268383463118,0.9375,28.083333333333332,4.487748948332341,0.13096587207424035,2969.9854435853626,2006,3,walk,alpha_model_0.9_none,none,1,adaptive,8,0.015625,35,4,4,6,1.0,0.11428571428571428,1.0,4,1.0,2.25,2.8851999999999998,0,0.6480000000000001,0.9,0.3
0.0,1.974269615332732,0.32980057953244996,3.516464099850559,0.7708333333333334,16.270833333333332,3.1740616948253195,0.32980057953244996,1974.2696153327322,2007,0,walk,alpha_model_0.9_none,none,1,adaptive,8,0.015625,33,2,2,4,1.0,0.06060606060606061,1.0,2,1.0,2.209,2.48565,0,0.6480000000000001,0.9,0.3
0.21124131944444446,1.3503911685166694,0.23737275221445062,2.664258848853214,0.9583333333333334,19.875,3.668724203761517,0.08430340872298075,1350.3911685166697,2007,1,walk,alpha_model_0.9_none,none,1,adaptive,8,0.015625,36,5,5,8,1.0,0.1388888888888889,1.0,5,1.0,2.208,2.44365,0,0.6480000000000001,0.9,0.3
0.021614583333333336,3.2687814517460105,0.11665055842390847,3.7769269199109634,0.7916666666666666,25.958333333333332,4.403140122647904,0.09503597509057514,3268.7814517460097,2007,2,walk,alpha_model_0.9_none,none,1,adaptive,8,0.015625,36,2,2,3,1.0,0.05555555555555555,1.0,2,1.0,2.292,2.542,0,0.6480000000000001,0.9,0.3
0.08749433876811595,3.109223280771445,0.115447668263862,3.5194907753903735,0.8958333333333334,24.979166666666668,4.340869211657043,0.07249440529806814,3109.223280771445,2007,3,walk,alpha_model_0.9_none,none,1,adaptive,8,0.015625,36,2,2,8,1.0,0.05555555555555555,1.0,2,1.0,2.25,2.4443,0,0.6480000000000001,0.9,0.3
0.21424437830687829,1.8292091844029574,0.229089662645646,3.111334315581932,0.7708333333333334,18.479166666666668,3.6420408702538727,0.09069052095165424,1829.2091844029574,2008,0,walk,alpha_model_0.9_none,none,1,adaptive,8,0.015625,37,3,3,6,1.0,0.08108108108108109,1.0,3,1.0,2.25,2.5,0,0.6480000000000001,0.9,0.3
0.06315104166666667,1.9136366254311337,0.13260297420306266,3.2239848075767275,0.9791666666666666,26.583333333333332,4.364134874736622,0.06945193253639599,1913.636625431135,2008,1,walk,alpha_model_0.9_none,none,1,adaptive,8,0.015625,42,4,4,7,1.0,0.09523809523809523,1.0,4,1.0,2.2705,2.79025,0,0.6480000000000001,0.9,0.3
0.1875,2.001362647339533,0.28701526793992255,2.991990594477332,0.8541666666666666,14.333333333333334,3.191360536275323,0.2059618983153824,2001.3626473395332,2008,2,walk,alpha_model_0.9_none,none,1,adaptive,8,0.015625,38,4,4,6,1.0,0.10526315789473684,1.0,4,1.0,2.167,2.58125,0,0.6480000000000001,0.9,0.3
0.07161458333333333,2.4178601701542664,0.19141146993189107,3.8342463881638498,0.9166666666666666,29.9375,4.2177549674029216,0.1308018223914005,2417.8601701542643,2008,3,walk,alpha_model_0.9_none,none,1,adaptive,8,0.015625,39,1,1,1,1.0,0.02564102564102564,1.0,1,1.0,2.208,2.4709499999999998,0,0.6480000000000001,0.9,0.3
0.0005208333333333333,2.7270074458356515,0.14813798854005963,3.765529577688746,0.875,24.75,4.272983290564009,0.14761715520672633,2727.0074458356517,2009,0,walk,alpha_model_0.9_none,none,1,adaptive,8,0.015625,38,2,2,4,1.0,0.05263157894736842,1.0,2,1.0,2.167,2.458,0,0.6480000000000001,0.9,0.3
0.2294973544973545,1.6576396480511386,0.13239784607861202,2.9989743047287516,0.9791666666666666,29.458333333333332,4.459999910104153,0.10602312097366055,1657.63964805114,2009,1,walk,alpha_model_0.9_none,none,1,adaptive,8,0.015625,42,2,2,5,1.0,0.047619047619047616,1.0,2,1.0,2.208,2.4023,0,0.6480000000000001,0.9,0.3
0.2091848544973545,2.513738872697999,0.11614423382043275,2.991110923913325,0.9375,28.333333333333332,4.52626707519518,0.1301576533043677,2513.738872697999,2009,2,walk,alpha_model_0.9_none,none,1,adaptive,8,0.015625,36,2,2,5,1.0,0.05555555555555555,1.0,2,1.0,2.2915,3.0374999999999996,0,0.6480000000000001,0.9,0.3
0.08524569597143776,2.0140652065845446,0.12981064557155877,3.00062404225443,0.9583333333333334,24.875,4.254345000796295,0.04456494960012106,2014.0652065845459,2009,3,walk,alpha_model_0.9_none,none,1,adaptive,8,0.015625,38,3,3,6,1.0,0.07894736842105263,1.0,3,1.0,2.292,2.7626,0,0.6480000000000001,0.9,0.3
0.0014277619650010542,2.719499131506795,0.04867969914250803,3.5643534717732184,1.0,44.104166666666664,5.423109949835934,0.047251937177506975,2719.499131506794,2000,0,walk,alpha_model_0.9_random,random,0.5,adaptive,8,0.015625,34,2,2,3,1.0,0.058823529411764705,1.0,2,1.0,2.292,3.295949999999999,0,0.6480000000000001,0.9,0.3
0.10524354360299355,2.66299601632791,0.1088052110992197,3.4231218123489753,0.9583333333333334,40.916666666666664,4.997995276168429,0.049784265577568175,2662.99601632791,2000,1,walk,alpha_model_0.9_random,random,0.5,adaptive,8,0.015625,37,2,1,1,0.5,0.02702702702702703,0.5,1,1.0,2.25,2.6103,0,0.6480000000000001,0.9,0.3
0.20310639880952383,1.515323536963752,0.14966698541091858,2.71703321482739,1.0,21.104166666666668,4.062510088149517,0.07704321385502315,1515.3235369637523,2000,2,walk,alpha_model_0.9_random,random,0.5,adaptive,8,0.015625,36,2,2,6,1.0,0.05555555555555555,1.0,2,1.0,2.2085,2.5273,0,0.6480000000000001,0.9,0.3
0.04515422900109086,2.7373336954048764,0.052465367271573804,3.655803929719921,1.0,47.583333333333336,5.447250536351234,0.007311138270482946,2737.333695404877,2000,3,walk,alpha_model_0.9_random,random,0.5,adaptive,8,0.015625,33,1,0,2,0.0,0.0,0.0,0,1.0,2.25,2.5122999999999998,0,0.6480000000000001,0.9,0.3
0.45866402116402116,1.035119037757686,0.18641428156587284,2.3936257088577304,1.0,23.416666666666668,4.079347649543389,0.2992514665945221,1035.1190377576866,2001,0,walk,alpha_model_0.9_random,random,0.5,adaptive,8,0.015625,37,2,2,2,1.0,0.05405405405405406,1.0,2,1.0,2.1455,2.44365,0,0.6480000000000001,0.9,0.3
0.02126736111111111,2.9895214423843726,0.06329307106728159,3.4945998333660917,0.9791666666666666,41.125,5.226728918897215,0.042025709956170464,2989.521442384372,2001,1,walk,alpha_model_0.9_random,random,0.5,adaptive,8,0.015625,36,6,2,3,0.3333333333333333,0.05555555555555555,0.6666666666666666,2,1.0,2.1665,2.65165,0,0.6480000000000001,0.9,0.3
0.0,5.422127965316892,0.04142090529549218,4.728691361568199,0.8333333333333334,51.0625,5.634462250294969,0.04142090529549218,5422.127965316889,2001,2,walk,alpha_model_0.9_random,random,0.5,adaptive,8,0.015625,37,4,1,2,0.25,0.02702702702702703,1.0,1,1.0,2.208,2.45625,0,0.6480000000000001,0.9,0.3
0.10752655228758169,2.1094770194896078,0.12099110508498805,3.370030459323798,1.0,30.6875,4.581321279794297,0.028250092609197613,2109.4770194896073,2001,3,walk,alpha_model_0.9_random,random,0.5,adaptive,8,0.015625,32,3,1,3,0.3333333333333333,0.03125,0.3333333333333333,1,1.0,2.25,2.8585499999999997,0,0.6480000000000001,0.9,0.3
0.0,4.758484061244551,0.03350093973299822,4.030861876167518,0.9375,53.9375,5.746466555045891,0.03350093973299822,4758.484061244549,2002,0,walk,alpha_model_0.9_random,random,0.5,adaptive,8,0.015625,39,3,1,1,0.3333333333333333,0.02564102564102564,0.5,1,1.0,2.209,2.61065,0,0.6480000000000001,0.9,0.3
0.021484375,2.5174586894124507,0.06434744419385278,3.566993046142089,0.9791666666666666,44.520833333333336,5.311238495017112,0.05159940568462364,2517.458689412451,2002,1,walk,alpha_model_0.9_random,random,0.5,adaptive,8,0.015625,38,5,1,3,0.2,0.02631578947368421,0.25,1,1.0,2.208,2.45865,0,0.6480000000000001,0.9,0.3
0.16783854166666667,2.3298253694262665,0.12809291054091168,3.39277692530756,1.0,42.666666666666664,4.9182372729117185,0.13947226725150397,2329.825369426267,2002,2,walk,alpha_model_0.9_random,random,0.5,adaptive,8,0.015625,33,3,2,3,0.6666666666666666,0.06060606060606061,0.5,2,1.0,2.25,2.8851999999999998,0,0.6480000000000001,0.9,0.3
0.06379794973544974,2.0130021254100683,0.0991422316989482,3.0356563184921725,1.0,34.0,4.792028813379084,0.11599123468559443,2013.0021254100693,2002,3,walk,alpha_model_0.9_random,random,0.5,adaptive,8,0.015625,39,6,3,5,0.5,0.07692307692307693,0.5,3,1.0,2.208,2.58125,0,0.6480000000000001,0.9,0.3
0.0419973544973545,3.8465486349613376,0.1004182757554341,3.9856230860508544,0.875,42.9375,5.158712523411586,0.07092092125807962,3846.548634961338,2003,0,walk,alpha_model_0.9_random,random,0.5,adaptive,8,0.015625,35,6,3,6,0.5,0.08571428571428572,0.5,3,1.0,2.167,2.5,0,0.6480000000000001,0.9,0.3
0.2761284722222222,1.3779874764217783,0.19487346911573034,2.414296774267793,1.0,22.9375,4.074643156929201,0.1147073390755264,1377.9874764217784,2003,1,walk,alpha_model_0.9_random,random,0.5,adaptive,8,0.015625,35,4,2,3,0.5,0.05714285714285714,0.6666666666666666,2,1.0,2.25,2.5959499999999998,0,0.6480000000000001,0.9,0.3
0.14709105465684413,1.9795577424051638,0.127412112461776,3.0909726328622864,0.9791666666666666,34.708333333333336,4.7317709214149115,0.03985101726552575,1979.5577424051646,2003,2,walk,alpha_model_0.9_random,random,0.5,adaptive,8,0.015625,33,4,3,4,0.75,0.09090909090909091,1.0,3,1.0,2.209,2.61065,0,0.6480000000000001,0.9,0.3
0.23524305555555558,1.4250819566289898,0.14125807446129668,2.8214685028317064,1.0,20.979166666666668,4.112842777892289,0.1769667634895972,1425.0819566289908,2003,3,walk,alpha_model_0.9_random,random,0.5,adaptive,8,0.015625,40,5,3,5,0.6,0.075,0.75,3,1.0,2.229,2.583,0,0.6480000000000001,0.9,0.3
0.14635416666666667,2.101719888310562,0.04243024926068667,3.443748265468606,1.0,40.770833333333336,5.37380603115977,0.10392391740598,2101.7198883105625,2004,0,walk,alpha_model_0.9_random,random,0.5,adaptive,8,0.015625,38,6,3,3,0.5,0.07894736842105263,0.75,3,1.0,2.167,2.5122999999999998,0,0.6480000000000001,0.9,0.3
0.041666666666666664,4.76667676408153,0.0507379802184765,4.591194391845199,0.7083333333333334,41.75,5.326763618453379,0.009071313551809837,4766.676764081526,2004,1,walk,alpha_model_0.9_random,random,0.5,adaptive,8,0.015625,35,4,2,3,0.5,0.05714285714285714,0.5,2,1.0,2.208,2.44365,0,0.6480000000000001,0.9,0.3
0.14816261574074074,3.7780629323868298,0.06678019830473929,3.553611367565638,1.0,40.291666666666664,5.214462793080205,0.09489476448314994,3778.062932386829,2004,2,walk,alpha_model_0.9_random,random,0.5,adaptive,8,0.015625,37,4,1,1,0.25,0.02702702702702703,0.5,1,1.0,2.1875,2.4023,0,0.6480000000000001,0.9,0.3
0.1268317230273752,2.197726834423619,0.19668657721598373,2.9521788853907687,1.0,31.770833333333332,4.276476656867822,0.13624102448252867,2197.7268344236195,2004,3,walk,alpha_model_0.9_random,random,0.5,adaptive,8,0.015625,35,4,3,4,0.75,0.08571428571428572,0.75,3,1.0,2.1875,2.6523,0,0.6480000000000001,0.9,0.3
0.021164021164021163,2.5996390975351447,0.04845277484828036,3.6642007639245358,0.9375,46.145833333333336,5.502709291377292,0.027288753684259193,2599.6390975351446,2005,0,walk,alpha_model_0.9_random,random,0.5,adaptive,8,0.015625,34,0,0,1,nan,0.0,nan,0,1.0,2.1875,2.48565,0,0.6480000000000001,0.9,0.3
0.08622478505291005,2.0854105648896493,0.050657611066451856,3.616721910867788,1.0,43.229166666666664,5.310069026740191,0.03981734143537824,2085.4105648896502,2005,1,walk,alpha_model_0.9_random,random,0.5,adaptive,8,0.015625,37,4,2,2,0.5,0.05405405405405406,0.6666666666666666,2,1.0,2.167,2.4433000000000002,0,0.6480000000000001,0.9,0.3
0.37568379517532063,2.067402554471931,0.1935171141227643,2.300107083666503,1.0,25.583333333333332,3.974716304016597,0.20597172401207994,2067.402554471932,2005,2,walk,alpha_model_0.9_random,random,0.5,adaptive,8,0.015625,42,5,3,4,0.6,0.07142857142857142,0.6666666666666666,3,1.0,2.167,2.6103,0,0.6480000000000001,0.9,0.3
0.0006837951753205989,3.8143263215362935,0.033598739215423855,4.014222623194634,0.9791666666666666,55.333333333333336,5.782794590450176,0.032914944040103256,3814.326321536293,2005,3,walk,alpha_model_0.9_random,random,0.5,adaptive,8,0.015625,38,1,0,1,0.0,0.0,0.0,0,1.0,2.167,2.5,0,0.6480000000000001,0.9,0.3
0.06320947570947572,2.357514981706746,0.14517101941868432,3.1902699696869115,0.9583333333333334,35.604166666666664,4.521863776603676,0.0819615437092086,2357.5149817067463,2006,0,walk,alpha_model_0.9_random,random,0.5,adaptive,8,0.015625,33,7,4,6,0.5714285714285714,0.12121212121212122,0.5,4,1.0,2.25,2.55395,0,0.6480000000000001,0.9,0.3
0.020833333333333332,4.001906904299877,0.07787708658775153,3.9977184496948657,0.8541666666666666,35.5625,4.956134540224903,0.07842840890770097,4001.9069042998794,2006,1,walk,alpha_model_0.9_random,random,0.5,adaptive,8,0.015625,40,5,1,3,0.2,0.025,0.25,1,1.0,2.208,2.69155,0,0.6480000000000001,0.9,0.3
0.06618023620401338,1.8502918268475483,0.10801661382051758,3.12054269946857,0.9583333333333334,26.979166666666668,4.476697425318146,0.10015745339091224,1850.2918268475487,2006,2,walk,alpha_model_0.9_random,random,0.5,adaptive,8,0.015625,35,4,2,4,0.5,0.05714285714285714,0.6666666666666666,2,1.0,2.209,2.52665,0,0.6480000000000001,0.9,0.3
0.0011004618419872658,3.5314015221406705,0.08052585680907358,3.456712882875115,1.0,38.520833333333336,5.047411514118788,0.07942539496708631,3531.401522140671,2006,3,walk,alpha_model_0.9_random,random,0.5,adaptive,8,0.015625,35,4,3,6,0.75,0.08571428571428572,1.0,3,1.0,2.167,2.4709499999999998,0,0.6480000000000001,0.9,0.3
0.020833333333333332,2.686873565315443,0.0662583272839773,3.567614011457293,1.0,36.729166666666664,5.066205080676727,0.04542499395064397,2686.873565315443,2007,0,walk,alpha_model_0.9_random,random,0.5,adaptive,8,0.015625,33,2,1,3,0.5,0.030303030303030304,0.5,1,1.0,2.167,2.40165,0,0.6480000000000001,0.9,0.3
0.12707767210144927,1.6973663584446408,0.11264665566299885,2.9649197331316763,0.9583333333333334,30.333333333333332,4.64269732500647,0.12738745945935268,1697.3663584446413,2007,1,walk,alpha_model_0.9_random,random,0.5,adaptive,8,0.015625,36,5,2,3,0.4,0.05555555555555555,0.4,2,1.0,2.209,2.375,0,0.6480000000000001,0.9,0.3
0.0007812499999999999,2.210329111170467,0.0590362793957017,3.452565245884234,1.0,40.916666666666664,5.1823077774227935,0.05825502939570169,2210.3291111704693,2007,2,walk,alpha_model_0.9_random,random,0.5,adaptive,8,0.015625,36,2,0,1,0.0,0.0,0.0,0,1.0,2.2295,2.5129499999999996,0,0.6480000000000001,0.9,0.3
0.16666666666666666,1.968738845302237,0.07565563699955968,3.0706502620689076,0.9791666666666666,31.145833333333332,4.832902539220593,0.09101102966710699,1968.7388453022368,2007,3,walk,alpha_model_0.9_random,random,0.5,adaptive,8,0.015625,36,2,2,4,1.0,0.05555555555555555,1.0,2,1.0,2.2085,3.7472499999999997,0,0.6480000000000001,0.9,0.3
0.08403604497354498,2.802011882755006,0.10981699969822929,3.313836771518367,0.9583333333333334,41.854166666666664,5.006457957440022,0.053446491763444015,2802.0118827550045,2008,0,walk,alpha_model_0.9_random,random,0.5,adaptive,8,0.015625,37,3,1,3,0.3333333333333333,0.02702702702702703,0.5,1,1.0,2.2295,2.8147999999999995,0,0.6480000000000001,0.9,0.3
0.0,5.412437053759988,0.033425824138310294,4.1942074007700105,0.9791666666666666,54.541666666666664,5.800731207710418,0.033425824138310294,5412.437053759985,2008,1,walk,alpha_model_0.9_random,random,0.5,adaptive,8,0.015625,42,4,1,1,0.25,0.023809523809523808,0.3333333333333333,1,1.0,2.25,2.7619499999999997,0,0.6480000000000001,0.9,0.3
0.026128472222222223,1.8087753733364627,0.14602232187890873,2.8768490343490285,1.0,29.916666666666668,4.470049643850913,0.1198938496566865,1808.7753733364634,2008,2,walk,alpha_model_0.9_random,random,0.5,adaptive,8,0.015625,38,4,2,2,0.5,0.05263157894736842,0.5,2,1.0,2.1875,2.56865,0,0.6480000000000001,0.9,0.3
0.07719494047619048,2.4294741988276995,0.11839352028359429,3.535591021330424,0.7083333333333334,27.833333333333332,4.391963636344056,0.08291473556822478,2429.4741988276996,2008,3,walk,alpha_model_0.9_random,random,0.5,adaptive,8,0.015625,39,1,0,2,0.0,0.0,0.0,0,1.0,2.208,2.4709499999999998,0,0.6480000000000001,0.9,0.3
0.0005208333333333333,2.698287320521097,0.08350127130342587,3.6827336911371424,0.9583333333333334,36.5625,4.973815141836936,0.08298043797009254,2698.2873205210967,2009,0,walk,alpha_model_0.9_random,random,0.5,adaptive,8,0.015625,38,2,1,3,0.5,0.02631578947368421,0.5,1,1.0,2.292,2.8442,0,0.6480000000000001,0.9,0.3
0.0009093915343915343,2.4734309660778884,0.06729271578842844,3.4920572359702184,0.9583333333333334,36.541666666666664,5.027293873729074,0.06638332425403688,2473.4309660778895,2009,1,walk,alpha_model_0.9_random,random,0.5,adaptive,8,0.015625,42,2,0,2,0.0,0.0,0.0,0,1.0,2.3125,2.9166499999999997,0,0.6480000000000001,0.9,0.3
0.08418485449735451,2.3104809686037613,0.05565432917517323,3.4569484639580867,1.0,46.395833333333336,5.436658655167172,0.028530525322181286,2310.48096860376,2009,2,walk,alpha_model_0.9_random,random,0.5,adaptive,8,0.015625,36,2,2,3,1.0,0.05555555555555555,1.0,2,1.0,2.208,2.6795999999999998,0,0.6480000000000001,0.9,0.3
0.0011939718335067173,2.4229529680903292,0.04483824335535961,3.6723255461237474,0.9791666666666666,50.625,5.567569702986364,0.0436442715218529,2422.9529680903293,2009,3,walk,alpha_model_0.9_random,random,0.5,adaptive,8,0.015625,38,3,1,2,0.3333333333333333,0.02631578947368421,0.3333333333333333,1,1.0,2.208,2.5931999999999995,0,0.6480000000000001,0.9,0.3
0.0037977430555555555,2.4491476584914555,0.08209567301932745,3.1621724688054296,1.0,24.3125,4.480244009931421,0.0782979299637719,2449.147658491456,2000,0,walk,alpha_model_0.9_bsp,bsp,0.1,adaptive,8,0.015625,34,2,0,11,0.0,0.0,0.0,0,1.0,17.750500000000002,20.7726,0,0.6480000000000001,0.9,0.3
0.0035807291666666665,3.2102119884706144,0.06118997057680761,4.019194678616521,0.9375,40.4375,5.187850088142551,0.05760924141014095,3210.211988470613,2000,1,walk,alpha_model_0.9_bsp,bsp,0.1,adaptive,8,0.015625,37,2,0,5,0.0,0.0,0.0,0,1.0,17.542,19.18355,0,0.6480000000000001,0.9,0.3
0.003456439393939394,3.105404462009135,0.07972823622667283,3.2171200523999377,0.9583333333333334,25.291666666666668,4.597414905358877,0.07627179683273343,3105.404462009136,2000,2,walk,alpha_model_0.9_bsp,bsp,0.1,adaptive,8,0.015625,36,2,1,8,0.5,0.027777777777777776,0.5,1,1.0,17.479,18.068649999999998,0,0.6480000000000001,0.9,0.3
0.0006510416666666666,2.7559569719819916,0.06642540594968194,3.5212350491177595,0.9791666666666666,36.4375,4.9839384901269455,0.06577436428301527,2755.9569719819897,2000,3,walk,alpha_model_0.9_bsp,bsp,0.1,adaptive,8,0.015625,33,1,1,7,1.0,0.030303030303030304,1.0,1,1.0,17.4585,18.167,0,0.6480000000000001,0.9,0.3
0.0003255208333333333,3.4630687284070416,0.0638826125809946,4.619067176785157,0.625,39.1875,5.097104612463792,0.06355709174766126,3463.068728407041,2001,0,walk,alpha_model_0.9_bsp,bsp,0.1,adaptive,8,0.015625,37,2,0,4,0.0,0.0,0.0,0,1.0,17.375,18.02665,0,0.6480000000000001,0.9,0.3
0.006088789682539683,2.2932046792296767,0.06937034258822079,3.142088661127383,1.0,28.666666666666668,4.755548161303145,0.06328155290568112,2293.2046792296774,2001,1,walk,alpha_model_0.9_bsp,bsp,0.1,adaptive,8,0.015625,36,6,4,9,0.6666666666666666,0.1111111111111111,0.6666666666666666,4,1.0,17.354,18.41665,0,0.6480000000000001,0.9,0.3
0.041666666666666664,1.9078241901978983,0.07693234739011788,3.366769646961433,0.9791666666666666,29.583333333333332,4.721977147352963,0.03526568072345121,1907.824190197898,2001,2,walk,alpha_model_0.9_bsp,bsp,0.1,adaptive,8,0.015625,37,4,2,6,0.5,0.05405405405405406,1.0,2,1.0,17.333,17.9794,0,0.6480000000000001,0.9,0.3
0.025933159722222224,3.054099566776498,0.07840445164101388,3.7294973039654207,0.8958333333333334,27.979166666666668,4.680796376437013,0.05247129191879165,3054.0995667764982,2001,3,walk,alpha_model_0.9_bsp,bsp,0.1,adaptive,8,0.015625,32,3,1,9,0.3333333333333333,0.03125,0.3333333333333333,1,1.0,17.708,20.387499999999996,0,0.6480000000000001,0.9,0.3
0.1748194884472606,3.0779820166079066,0.06363417964781806,3.489173358603299,1.0,37.958333333333336,5.135311173459617,0.11118530879944255,3077.982016607908,2002,0,walk,alpha_model_0.9_bsp,bsp,0.1,adaptive,8,0.015625,39,3,0,3,0.0,0.0,0.0,0,1.0,17.5625,18.6772,0,0.6480000000000001,0.9,0.3
0.10898437500000001,2.000989108868225,0.06616337615531724,3.160667090878638,1.0,33.0,4.857586621457526,0.04282099884468276,2000.9891088682261,2002,1,walk,alpha_model_0.9_bsp,bsp,0.1,adaptive,8,0.015625,38,5,3,10,0.6,0.07894736842105263,0.5,3,1.0,17.5625,18.58365,0,0.6480000000000001,0.9,0.3
0.12565104166666666,1.5658339348966042,0.08229249270530142,2.6969817887905414,1.0,22.229166666666668,4.45100395278228,0.047525215628031914,1565.8339348966044,2002,2,walk,alpha_model_0.9_bsp,bsp,0.1,adaptive,8,0.015625,33,3,2,14,0.6666666666666666,0.06060606060606061,1.0,2,1.0,17.459,18.05395,0,0.6480000000000001,0.9,0.3
0.0029296875,3.390682577092661,0.05831889393375722,3.8129150881197713,0.9166666666666666,41.291666666666664,5.1980928240893975,0.05538920643375722,3390.6825770926603,2002,3,walk,alpha_model_0.9_bsp,bsp,0.1,adaptive,8,0.015625,39,6,3,3,0.5,0.07692307692307693,0.75,3,1.0,17.4165,18.4647,0,0.6480000000000001,0.9,0.3
0.16829427083333334,2.256882257481211,0.06700372194329478,3.1004115585976595,1.0,29.25,4.689483554655617,0.10129054889003854,2256.8822574812098,2003,0,walk,alpha_model_0.9_bsp,bsp,0.1,adaptive,8,0.015625,35,6,2,12,0.3333333333333333,0.05714285714285714,0.25,2,1.0,17.333,18.65625,0,0.6480000000000001,0.9,0.3
0.008174189814814815,3.134790302105083,0.08737190643979192,3.1294623373264976,1.0,21.625,4.37705361864105,0.07919771662497711,3134.790302105082,2003,1,walk,alpha_model_0.9_bsp,bsp,0.1,adaptive,8,0.015625,35,4,2,10,0.5,0.05714285714285714,0.6666666666666666,2,1.0,17.667,19.0568,0,0.6480000000000001,0.9,0.3
0.005512152777777778,3.2773841411894082,0.07329611758998902,4.105878107844198,0.6458333333333334,34.395833333333336,4.933362559753496,0.06778396481221124,3277.38414118941,2003,2,walk,alpha_model_0.9_bsp,bsp,0.1,adaptive,8,0.015625,33,4,1,4,0.25,0.030303030303030304,0.3333333333333333,1,1.0,17.4795,18.9773,0,0.6480000000000001,0.9,0.3
0.016927083333333332,2.8115764747073175,0.07973839559159425,3.340196754598592,1.0,24.25,4.500948764619907,0.0628113122582609,2811.576474707316,2003,3,walk,alpha_model_0.9_bsp,bsp,0.1,adaptive,8,0.015625,40,5,3,9,0.6,0.075,0.5,3,1.0,17.354,18.835849999999997,0,0.6480000000000001,0.9,0.3
0.02105034722222222,3.3651083536488353,0.06212133053367355,3.6391973050000552,0.8958333333333334,28.583333333333332,4.736368928389759,0.041070983311451335,3365.108353648833,2004,0,walk,alpha_model_0.9_bsp,bsp,0.1,adaptive,8,0.015625,38,6,3,5,0.5,0.07894736842105263,0.5,3,1.0,17.916,18.92895,0,0.6480000000000001,0.9,0.3
0.005425347222222221,4.016689465041049,0.07707188377758824,3.8596568288013713,0.9166666666666666,29.395833333333332,4.723436712062063,0.07164653655536603,4016.689465041049,2004,1,walk,alpha_model_0.9_bsp,bsp,0.1,adaptive,8,0.015625,35,4,2,7,0.5,0.05714285714285714,0.5,2,1.0,18.541,26.449899999999996,0,0.6480000000000001,0.9,0.3
0.020833333333333332,2.3807398660510506,0.0741298544140671,3.4532967475581806,0.9375,33.916666666666664,4.944037858491121,0.05329652108073376,2380.7398660510516,2004,2,walk,alpha_model_0.9_bsp,bsp,0.1,adaptive,8,0.015625,37,4,1,3,0.25,0.02702702702702703,0.5,1,1.0,17.7915,18.7455,0,0.6480000000000001,0.9,0.3
0.0035807291666666665,3.3771715700662597,0.07167729281060958,4.240031113083268,0.7083333333333334,32.645833333333336,4.862532160549722,0.06809656364394293,3377.1715700662594,2004,3,walk,alpha_model_0.9_bsp,bsp,0.1,adaptive,8,0.015625,35,4,2,8,0.5,0.05714285714285714,0.5,2,1.0,17.5835,18.829150000000002,0,0.6480000000000001,0.9,0.3
0.0322265625,3.134002145838121,0.07388595173294266,3.5624519592548594,0.9375,30.9375,4.749739844056779,0.04165938923294265,3134.002145838121,2005,0,walk,alpha_model_0.9_bsp,bsp,0.1,adaptive,8,0.015625,34,0,0,6,nan,0.0,nan,0,1.0,17.4585,17.958,0,0.6480000000000001,0.9,0.3
0.0017144097222222222,3.3642895713245515,0.0836175248852038,3.1813821539209264,1.0,24.416666666666668,4.5069819816755805,0.08190311516298157,3364.2895713245503,2005,1,walk,alpha_model_0.9_bsp,bsp,0.1,adaptive,8,0.015625,37,4,2,6,0.5,0.05405405405405406,0.6666666666666666,2,1.0,17.458,18.35615,0,0.6480000000000001,0.9,0.3
0.08463541666666667,5.068395598192119,0.07826688613328583,4.129618190149909,0.8333333333333334,36.395833333333336,5.008654398200805,0.006368530533380832,5068.39559819212,2005,2,walk,alpha_model_0.9_bsp,bsp,0.1,adaptive,8,0.015625,42,5,0,3,0.0,0.0,0.0,0,1.0,17.542,19.0442,0,0.6480000000000001,0.9,0.3
0.16731770833333334,2.8720535207706237,0.07756286903576305,3.126303662810464,1.0,30.833333333333332,4.78826228088015,0.09808817263090362,2872.0535207706234,2005,3,walk,alpha_model_0.9_bsp,bsp,0.1,adaptive,8,0.015625,38,1,0,5,0.0,0.0,0.0,0,1.0,17.375,18.41665,0,0.6480000000000001,0.9,0.3
0.0016276041666666667,2.0934324626148713,0.07723229642612069,3.111573403430627,0.9791666666666666,27.291666666666668,4.648511209228732,0.07560469225945401,2093.432462614871,2006,0,walk,alpha_model_0.9_bsp,bsp,0.1,adaptive,8,0.015625,33,7,4,14,0.5714285714285714,0.12121212121212122,1.0,4,1.0,17.375,18.5022,0,0.6480000000000001,0.9,0.3
0.001171875,2.677246652763968,0.07168345227945862,3.293907124138815,0.9791666666666666,35.583333333333336,5.000196838101153,0.07051157727945861,2677.246652763968,2006,1,walk,alpha_model_0.9_bsp,bsp,0.1,adaptive,8,0.015625,40,5,2,3,0.4,0.05,0.5,2,1.0,17.5415,19.30855,0,0.6480000000000001,0.9,0.3
0.035807291666666664,2.8881266281739726,0.07974042392867511,2.994300660571454,1.0,22.583333333333332,4.44438072173072,0.043933132262008436,2888.126628173972,2006,2,walk,alpha_model_0.9_bsp,bsp,0.1,adaptive,8,0.015625,35,4,1,5,0.25,0.02857142857142857,0.3333333333333333,1,1.0,17.4165,18.220950000000002,0,0.6480000000000001,0.9,0.3
0.0032552083333333335,4.404372900194992,0.07049386150568952,4.68864272435247,0.6458333333333334,31.8125,4.831975105354235,0.06723865317235618,4404.372900194992,2006,3,walk,alpha_model_0.9_bsp,bsp,0.1,adaptive,8,0.015625,35,4,3,8,0.75,0.08571428571428572,0.6666666666666666,3,1.0,17.5,18.333,0,0.6480000000000001,0.9,0.3
0.0,3.729342264038977,0.07812198448886357,4.951455473678428,0.5833333333333334,33.5,4.919033801326739,0.07812198448886357,3729.3422640389776,2007,0,walk,alpha_model_0.9_bsp,bsp,0.1,adaptive,8,0.015625,33,2,1,5,0.5,0.030303030303030304,0.5,1,1.0,17.5,18.042,0,0.6480000000000001,0.9,0.3
0.08094618055555555,2.8038016951297062,0.08063473935319874,3.060405724341354,1.0,31.5,4.842795986556086,0.04968855879764319,2803.8016951297054,2007,1,walk,alpha_model_0.9_bsp,bsp,0.1,adaptive,8,0.015625,36,5,1,6,0.2,0.027777777777777776,0.2,1,1.0,17.292,18.15055,0,0.6480000000000001,0.9,0.3
0.0013020833333333333,2.8432274436654823,0.07111707301191082,4.008011793051404,0.9166666666666666,34.854166666666664,4.947812818260835,0.06981498967857748,2843.2274436654807,2007,2,walk,alpha_model_0.9_bsp,bsp,0.1,adaptive,8,0.015625,36,2,2,5,1.0,0.05555555555555555,1.0,2,1.0,17.354,18.2581,0,0.6480000000000001,0.9,0.3
0.0028211805555555555,4.181816299744505,0.07528198246775349,3.1971032358313107,1.0,23.645833333333332,4.531489232343014,0.07246080191219793,4181.816299744505,2007,3,walk,alpha_model_0.9_bsp,bsp,0.1,adaptive,8,0.015625,36,2,1,7,0.5,0.027777777777777776,1.0,1,1.0,17.833,22.644199999999998,0,0.6480000000000001,0.9,0.3
0.021484375,2.4266432540189746,0.07046328701383939,3.5628561897650983,0.9375,36.3125,4.992595851316477,0.04897891201383939,2426.643254018974,2008,0,walk,alpha_model_0.9_bsp,bsp,0.1,adaptive,8,0.015625,37,3,0,4,0.0,0.0,0.0,0,1.0,17.542,18.849899999999998,0,0.6480000000000001,0.9,0.3
0.19856770833333334,3.244434707462087,0.07710066432782113,3.40701641511677,1.0,32.895833333333336,4.880113581259299,0.12146704400551218,3244.4347074620878,2008,1,walk,alpha_model_0.9_bsp,bsp,0.1,adaptive,8,0.015625,42,4,2,4,0.5,0.047619047619047616,0.6666666666666666,2,1.0,17.542,19.65,0,0.6480000000000001,0.9,0.3
0.0,3.4466178863342143,0.06257099979776176,3.6987710241111658,0.875,32.625,4.8492167197171385,0.06257099979776176,3446.6178863342125,2008,2,walk,alpha_model_0.9_bsp,bsp,0.1,adaptive,8,0.015625,38,4,0,3,0.0,0.0,0.0,0,1.0,17.5,18.7581,0,0.6480000000000001,0.9,0.3
0.505642361111111,1.3004811952953763,0.08694717295745052,2.9480260546543104,0.9791666666666666,30.291666666666668,4.754952530752976,0.42702852148699394,1300.4811952953762,2008,3,walk,alpha_model_0.9_bsp,bsp,0.1,adaptive,8,0.015625,39,1,0,5,0.0,0.0,0.0,0,1.0,17.4165,18.720399999999998,0,0.6480000000000001,0.9,0.3
0.14635416666666667,1.9766304975140299,0.07901748046058711,3.1715862106607475,1.0,26.625,4.607194492727751,0.07150335287274624,1976.63049751403,2009,0,walk,alpha_model_0.9_bsp,bsp,0.1,adaptive,8,0.015625,38,2,2,7,1.0,0.05263157894736842,1.0,2,1.0,17.354,18.7273,0,0.6480000000000001,0.9,0.3
0.08365885416666667,3.1547637047088695,0.061816425257706704,3.8190590899549957,0.9375,40.020833333333336,5.19132805547987,0.02600909557562663,3154.7637047088697,2009,1,walk,alpha_model_0.9_bsp,bsp,0.1,adaptive,8,0.015625,42,2,2,3,1.0,0.047619047619047616,1.0,2,1.0,18.042,20.5919,0,0.6480000000000001,0.9,0.3
0.0216796875,3.502162017663908,0.07824542092750096,3.3294251405230977,0.9166666666666666,26.875,4.646580374738323,0.05656573342750096,3502.162017663908,2009,2,walk,alpha_model_0.9_bsp,bsp,0.1,adaptive,8,0.015625,36,2,1,9,0.5,0.027777777777777776,1.0,1,1.0,17.542,18.6376,0,0.6480000000000001,0.9,0.3
0.0013485863095238093,3.2801861478813197,0.06538803180710767,3.536202255651689,1.0,32.6875,4.926679359920709,0.06403944549758386,3280.1861478813203,2009,3,walk,alpha_model_0.9_bsp,bsp,0.1,adaptive,8,0.015625,38,3,2,9,0.6666666666666666,0.05263157894736842,0.6666666666666666,2,1.0,17.583,18.708099999999998,0,0.6480000000000001,0.9,0.3
0.02226109529833439,1.7394154185731188,0.30704534559553304,2.6299239256950497,0.9791666666666666,16.6875,3.260941546606693,0.28478425029719867,1739.4154185731204,2000,0,walk,move_model_0.05_none,none,1,adaptive,8,0.015625,34,2,2,6,1.0,0.058823529411764705,1.0,2,1.0,2.291,3.237499999999999,0,0.6480000000000001,0.6480000000000001,0.05
0.10524354360299355,2.1629066306061193,0.27653547964887826,3.3945390328195906,0.9166666666666666,29.916666666666668,3.995887059767752,0.17129193604588475,2162.9066306061204,2000,1,walk,move_model_0.05_none,none,1,adaptive,8,0.015625,37,2,2,3,1.0,0.05405405405405406,1.0,2,1.0,2.209,2.5693,0,0.6480000000000001,0.6480000000000001,0.05
0.0005208333333333333,2.9236512728103228,0.28314570652226506,3.9721328421738407,0.75,15.5625,3.261765794802809,0.28262487318893176,2923.651272810322,2000,2,walk,move_model_0.05_none,none,1,adaptive,8,0.015625,36,2,2,5,1.0,0.05555555555555555,1.0,2,1.0,2.208,2.5959499999999998,0,0.6480000000000001,0.6480000000000001,0.05
0.023514304915514594,1.9971352759994871,0.14678046767105493,3.887302506552016,0.7291666666666666,29.0,4.445550053798062,0.12326616275554032,1997.1352759994882,2000,3,walk,move_model_0.05_none,none,1,adaptive,8,0.015625,33,1,1,4,1.0,0.030303030303030304,1.0,1,1.0,2.166,2.458,0,0.6480000000000001,0.6480000000000001,0.05
0.18783068783068782,1.1238940754373168,0.4325119770696883,2.2337355450482543,0.9791666666666666,10.4375,2.6230784068658264,0.26021723815723957,1123.8940754373168,2001,0,walk,move_model_0.05_none,none,1,adaptive,8,0.015625,37,2,2,6,1.0,0.05405405405405406,1.0,2,1.0,2.208,2.541,0,0.6480000000000001,0.6480000000000001,0.05
0.339422123015873,0.7989495983640026,0.3759643628041074,1.959684838656101,0.9791666666666666,9.0,2.5733289115592597,0.26771544635763084,798.9495983640023,2001,1,walk,move_model_0.05_none,none,1,adaptive,8,0.015625,36,6,6,10,1.0,0.16666666666666666,1.0,6,1.0,2.1875,2.5126,0,0.6480000000000001,0.6480000000000001,0.05
0.22916666666666666,2.2310096700489823,0.3330433995341003,2.980067740465562,0.9166666666666666,17.354166666666668,3.227181709330374,0.33528356963170564,2231.0096700489826,2001,2,walk,move_model_0.05_none,none,1,adaptive,8,0.015625,37,4,4,5,1.0,0.10810810810810811,1.0,4,1.0,2.1875,2.5122999999999998,0,0.6480000000000001,0.6480000000000001,0.05
0.2107063768489852,1.5560548099513793,0.4471953376513333,3.258561761052874,0.6666666666666666,11.229166666666666,2.534443247128245,0.3111945138694445,1556.0548099513805,2001,3,walk,move_model_0.05_none,none,1,adaptive,8,0.015625,32,3,3,7,1.0,0.09375,1.0,3,1.0,2.1875,2.7997999999999994,0,0.6480000000000001,0.6480000000000001,0.05
0.25,2.318277749182203,0.44999698874806876,3.2477243345031863,0.6458333333333334,20.145833333333332,2.8446722266799536,0.19999698874806873,2318.277749182203,2002,0,walk,move_model_0.05_none,none,1,adaptive,8,0.015625,39,3,3,6,1.0,0.07692307692307693,1.0,3,1.0,2.167,2.6372999999999998,0,0.6480000000000001,0.6480000000000001,0.05
0.3756510416666667,0.9212090605813593,0.4088120284189944,2.1287256550409914,0.9166666666666666,8.770833333333334,2.3731274277647745,0.12859751708344572,921.2090605813593,2002,1,walk,move_model_0.05_none,none,1,adaptive,8,0.015625,38,5,5,7,1.0,0.13157894736842105,1.0,5,1.0,2.1875,2.4976,0,0.6480000000000001,0.6480000000000001,0.05
0.3314236111111111,0.8421104249300967,0.3919771216899129,2.1766740435039527,0.9583333333333334,11.354166666666666,2.7227707198805398,0.20550279422472703,842.1104249300964,2002,2,walk,move_model_0.05_none,none,1,adaptive,8,0.015625,33,3,3,7,1.0,0.09090909090909091,1.0,3,1.0,2.167,2.42895,0,0.6480000000000001,0.6480000000000001,0.05
0.0012979497354497355,2.9090905638698934,0.17637562661478434,3.801520316690677,0.75,26.208333333333332,4.191516333879936,0.1750776768793346,2909.0905638698914,2002,3,walk,move_model_0.05_none,none,1,adaptive,8,0.015625,39,6,6,7,1.0,0.15384615384615385,1.0,6,1.0,2.167,2.4023,0,0.6480000000000001,0.6480000000000001,0.05
0.1218584656084656,1.3990467602064287,0.5150170118790788,3.644638518910723,0.6458333333333334,6.625,1.974111893322226,0.3931622210438297,1399.046760206429,2003,0,walk,move_model_0.05_none,none,1,adaptive,8,0.015625,35,6,6,11,1.0,0.17142857142857143,1.0,6,1.0,2.208,2.48565,0,0.6480000000000001,0.6480000000000001,0.05
0.4011284722222222,1.2296171681194161,0.46602400616681233,1.8105175654783272,0.9791666666666666,12.25,2.586008569474768,0.14457872328143972,1229.6171681194162,2003,1,walk,move_model_0.05_none,none,1,adaptive,8,0.015625,35,4,4,8,1.0,0.11428571428571428,1.0,4,1.0,2.167,2.42895,0,0.6480000000000001,0.6480000000000001,0.05
0.0637577213235108,2.462561702647924,0.3080607558927135,4.134407102952764,0.6875,24.520833333333332,3.48749875773259,0.25042282623586937,2462.5617026479263,2003,2,walk,move_model_0.05_none,none,1,adaptive,8,0.015625,33,4,4,7,1.0,0.12121212121212122,1.0,4,1.0,2.209,2.6771999999999996,0,0.6480000000000001,0.6480000000000001,0.05
0.026909722222222224,1.811320662003424,0.38784480766805784,3.900943785000089,0.6458333333333334,8.5625,2.5004875177958312,0.36157700888187666,1811.3206620034246,2003,3,walk,move_model_0.05_none,none,1,adaptive,8,0.015625,40,5,5,7,1.0,0.125,1.0,5,1.0,2.209,2.4976,0,0.6480000000000001,0.6480000000000001,0.05
0.3755208333333333,1.3626251044036737,0.31723514850389767,2.5855028765802825,0.9375,13.041666666666666,3.0268036842926076,0.26234303464272013,1362.6251044036737,2004,0,walk,move_model_0.05_none,none,1,adaptive,8,0.015625,38,6,6,9,1.0,0.15789473684210525,1.0,6,1.0,2.208,2.44365,0,0.6480000000000001,0.6480000000000001,0.05
0.19397941468253968,1.6868777947083071,0.2523002920936771,3.3286225911344243,0.8333333333333334,18.395833333333332,3.7077371268998918,0.15800871891753332,1686.8777947083083,2004,1,walk,move_model_0.05_none,none,1,adaptive,8,0.015625,35,4,4,6,1.0,0.11428571428571428,1.0,4,1.0,2.1665,2.45625,0,0.6480000000000001,0.6480000000000001,0.05
0.06482928240740742,2.3183799211191736,0.14811812429801782,3.4531074114216893,0.8125,22.270833333333332,4.18581625598264,0.0832888418906104,2318.3799211191717,2004,2,walk,move_model_0.05_none,none,1,adaptive,8,0.015625,37,4,4,4,1.0,0.10810810810810811,1.0,4,1.0,2.167,2.40165,0,0.6480000000000001,0.6480000000000001,0.05
0.14865319865319865,1.7618768567771488,0.36422529832766215,3.121824802862708,0.75,13.270833333333334,2.944484915486049,0.2252671776688776,1761.8768567771492,2004,3,walk,move_model_0.05_none,none,1,adaptive,8,0.015625,35,4,4,7,1.0,0.11428571428571428,1.0,4,1.0,2.125,2.4023,0,0.6480000000000001,0.6480000000000001,0.05
0.0419973544973545,2.6394263238816698,0.16935580834524278,4.3127863453015225,0.6875,26.520833333333332,4.265391298156429,0.12735845384788827,2639.4263238816698,2005,0,walk,move_model_0.05_none,none,1,adaptive,8,0.015625,34,0,0,3,nan,0.0,nan,0,1.0,2.2705,2.7619499999999997,0,0.6480000000000001,0.6480000000000001,0.05
0.0036292989417989418,2.1345942583328186,0.25411091020929266,3.6818883842735146,0.7708333333333334,13.375,3.2502054915948517,0.2504816112674937,2134.594258332819,2005,1,walk,move_model_0.05_none,none,1,adaptive,8,0.015625,37,4,4,8,1.0,0.10810810810810811,1.0,4,1.0,2.1875,2.6228999999999996,0,0.6480000000000001,0.6480000000000001,0.05
0.27151712850865395,2.1801986703547036,0.48546876698666247,2.28585619863858,0.875,17.9375,2.6411433942964417,0.2412010990897612,2180.198670354705,2005,2,walk,move_model_0.05_none,none,1,adaptive,8,0.015625,42,5,5,6,1.0,0.11904761904761904,1.0,5,1.0,2.1665,2.6103,0,0.6480000000000001,0.6480000000000001,0.05
0.0006837951753205989,2.622172558322228,0.251704024079917,3.7767114510504634,0.7708333333333334,29.270833333333332,3.9213500447018173,0.2510202289045964,2622.17255832223,2005,3,walk,move_model_0.05_none,none,1,adaptive,8,0.015625,38,1,1,3,1.0,0.02631578947368421,1.0,1,1.0,2.166,2.4709499999999998,0,0.6480000000000001,0.6480000000000001,0.05
0.2715428090428091,1.8174465351320148,0.37877523790831935,2.8208961498320186,0.7916666666666666,18.375,3.0762685072121774,0.15585518564848969,1817.446535132015,2006,0,walk,move_model_0.05_none,none,1,adaptive,8,0.015625,33,7,7,11,1.0,0.21212121212121213,1.0,7,1.0,2.208,2.56865,0,0.6480000000000001,0.6480000000000001,0.05
0.10533854166666667,1.7681159958423345,0.3041064026283342,4.742307512783072,0.6041666666666666,15.958333333333334,3.272959388632362,0.3067785949735085,1768.115995842334,2006,1,walk,move_model_0.05_none,none,1,adaptive,8,0.015625,40,5,5,6,1.0,0.125,1.0,5,1.0,2.125,2.5119499999999997,0,0.6480000000000001,0.6480000000000001,0.05
0.29843749999999997,1.2094749450090534,0.3687042342817492,2.4977878367105264,0.9166666666666666,20.333333333333332,3.2549326043995337,0.1917735977728238,1209.4749450090535,2006,2,walk,move_model_0.05_none,none,1,adaptive,8,0.015625,35,4,4,6,1.0,0.11428571428571428,1.0,4,1.0,2.229,2.7353,0,0.6480000000000001,0.6480000000000001,0.05
0.06360046184198727,3.711412763867683,0.1194349376002457,3.995390529808492,1.0,34.916666666666664,4.7710305860678845,0.1297394679790488,3711.412763867686,2006,3,walk,move_model_0.05_none,none,1,adaptive,8,0.015625,35,4,4,5,1.0,0.11428571428571428,1.0,4,1.0,2.209,2.53925,0,0.6480000000000001,0.6480000000000001,0.05
0.08333333333333333,1.726753802857013,0.25389050499848764,3.109968868073872,0.7708333333333334,12.125,3.203248276393382,0.1705571716651543,1726.753802857014,2007,0,walk,move_model_0.05_none,none,1,adaptive,8,0.015625,33,2,2,5,1.0,0.06060606060606061,1.0,2,1.0,2.208,2.48565,0,0.6480000000000001,0.6480000000000001,0.05
0.25207767210144927,1.245193222448098,0.36527011840974727,2.349417530810637,0.9375,15.395833333333334,2.9334054061451447,0.24904240161289215,1245.193222448098,2007,1,walk,move_model_0.05_none,none,1,adaptive,8,0.015625,36,5,5,8,1.0,0.1388888888888889,1.0,5,1.0,2.25,2.458,0,0.6480000000000001,0.6480000000000001,0.05
0.04244791666666667,2.7516287345372454,0.09271466337458789,3.663258856302377,0.8541666666666666,32.520833333333336,4.8276441068830165,0.050266746707921174,2751.6287345372452,2007,2,walk,move_model_0.05_none,none,1,adaptive,8,0.015625,36,2,2,2,1.0,0.05555555555555555,1.0,2,1.0,2.1875,2.4976,0,0.6480000000000001,0.6480000000000001,0.05
0.04253472222222223,2.1401964513456124,0.1955692558810543,3.995495145234289,0.6875,20.395833333333332,4.0206556510653995,0.1530345336588321,2140.196451345612,2007,3,walk,move_model_0.05_none,none,1,adaptive,8,0.015625,36,2,2,4,1.0,0.05555555555555555,1.0,2,1.0,2.167,2.45865,0,0.6480000000000001,0.6480000000000001,0.05
0.1204943783068783,1.8760171432039694,0.47012178869691673,4.254682339697281,0.625,10.479166666666666,2.436529222881931,0.36531330210707935,1876.0171432039695,2008,0,walk,move_model_0.05_none,none,1,adaptive,8,0.015625,37,3,3,5,1.0,0.08108108108108109,1.0,3,1.0,2.167,2.65055,0,0.6480000000000001,0.6480000000000001,0.05
0.09010416666666667,1.4103561970353926,0.12606782450605233,2.5758749931765768,1.0,18.895833333333332,4.090924895387782,0.1532735695854953,1410.3561970353924,2008,1,walk,move_model_0.05_none,none,1,adaptive,8,0.015625,42,4,4,5,1.0,0.09523809523809523,1.0,4,1.0,2.25,3.535399999999999,0,0.6480000000000001,0.6480000000000001,0.05
0.026128472222222223,1.803841153000777,0.3854756327881981,3.3471565703554216,0.7083333333333334,13.645833333333334,2.6777761100843365,0.3594240013933676,1803.8411530007777,2008,2,walk,move_model_0.05_none,none,1,adaptive,8,0.015625,38,4,4,4,1.0,0.10526315789473684,1.0,4,1.0,2.209,2.56865,0,0.6480000000000001,0.6480000000000001,0.05
0.5082465277777778,1.2328841215969544,0.13630768339803434,3.2647281108210975,0.9583333333333334,40.75,4.778002143655469,0.4236328246213328,1232.884121596954,2008,3,walk,move_model_0.05_none,none,1,adaptive,8,0.015625,39,1,1,1,1.0,0.02564102564102564,1.0,1,1.0,2.125,2.417,0,0.6480000000000001,0.6480000000000001,0.05
0.042187499999999996,2.5278740475377006,0.19230065967623652,4.041604273970079,0.7291666666666666,26.125,4.146879376658053,0.15011315967623648,2527.8740475377017,2009,0,walk,move_model_0.05_none,none,1,adaptive,8,0.015625,38,2,2,6,1.0,0.05263157894736842,1.0,2,1.0,2.25,2.5693,0,0.6480000000000001,0.6480000000000001,0.05
0.12816633597883598,1.6893494152818693,0.12325434068446241,3.3829035008311585,0.9375,31.395833333333332,4.580259405963215,0.13580644870518166,1689.3494152818696,2009,1,walk,move_model_0.05_none,none,1,adaptive,8,0.015625,42,2,2,3,1.0,0.047619047619047616,1.0,2,1.0,2.208,2.8834499999999994,0,0.6480000000000001,0.6480000000000001,0.05
0.021684854497354498,2.779969780458171,0.12725606315573598,3.8176545249712492,0.75,28.916666666666668,4.4992725148601975,0.13455623873591818,2779.9697804581715,2009,2,walk,move_model_0.05_none,none,1,adaptive,8,0.015625,36,2,2,4,1.0,0.05555555555555555,1.0,2,1.0,2.25,2.8021999999999996,0,0.6480000000000001,0.6480000000000001,0.05
0.06441236263810442,2.313583494762793,0.20436621130868352,4.1297496539661935,0.7291666666666666,27.208333333333332,3.9838210958485614,0.1399538486705791,2313.583494762795,2009,3,walk,move_model_0.05_none,none,1,adaptive,8,0.015625,38,3,3,5,1.0,0.07894736842105263,1.0,3,1.0,2.333,3.0545999999999998,0,0.6480000000000001,0.6480000000000001,0.05
0.06392776196500105,1.808858859339291,0.11290461633768313,3.257698708067643,1.0,28.375,4.596346098991813,0.048976854372682066,1808.8588593392922,2000,0,walk,move_model_0.05_random,random,0.5,adaptive,8,0.015625,34,2,2,3,1.0,0.058823529411764705,1.0,2,1.0,2.3125,3.682899999999999,0,0.6480000000000001,0.6480000000000001,0.05
0.12607687693632688,2.2623472281306363,0.2371022288053619,3.5788846748132905,0.875,35.541666666666664,4.20370855026982,0.1416079436090219,2262.347228130637,2000,1,walk,move_model_0.05_random,random,0.5,adaptive,8,0.015625,37,2,1,2,0.5,0.02702702702702703,0.5,1,1.0,2.292,3.0357499999999993,0,0.6480000000000001,0.6480000000000001,0.05
0.14635416666666667,2.670690113982593,0.3347130568210696,3.8699944949212424,0.7291666666666666,14.979166666666666,3.0486816330439868,0.24848532573273088,2670.6901139825927,2000,2,walk,move_model_0.05_random,random,0.5,adaptive,8,0.015625,36,2,2,6,1.0,0.05555555555555555,1.0,2,1.0,2.25,2.5399,0,0.6480000000000001,0.6480000000000001,0.05
0.001171875,3.071990202282056,0.07258879170330361,4.839119156139817,0.625,38.25,5.019523908181738,0.0714169167033036,3071.9902022820575,2000,3,walk,move_model_0.05_random,random,0.5,adaptive,8,0.015625,33,1,0,2,0.0,0.0,0.0,0,1.0,2.25,2.5959499999999998,0,0.6480000000000001,0.6480000000000001,0.05
0.10449735449735449,1.409368830233887,0.41468182606985393,2.7261758186012863,1.0,11.9375,2.8233831030965857,0.3178016187856461,1409.3688302338871,2001,0,walk,move_model_0.05_random,random,0.5,adaptive,8,0.015625,37,2,2,2,1.0,0.05405405405405406,1.0,2,1.0,2.208,2.4853,0,0.6480000000000001,0.6480000000000001,0.05
0.00043402777777777775,3.4922315845915546,0.18374723776539847,4.274584930599666,0.6875,32.291666666666664,4.3511703496339456,0.18331320998762068,3492.231584591555,2001,1,walk,move_model_0.05_random,random,0.5,adaptive,8,0.015625,36,6,2,4,0.3333333333333333,0.05555555555555555,0.6666666666666666,2,1.0,2.2085,2.5119499999999997,0,0.6480000000000001,0.6480000000000001,0.05
0.125,2.992001406847654,0.05718356349124146,3.2673442920243025,1.0,37.541666666666664,5.208359455495297,0.06781643650875854,2992.0014068476526,2001,2,walk,move_model_0.05_random,random,0.5,adaptive,8,0.015625,37,4,1,2,0.25,0.02702702702702703,1.0,1,1.0,2.1665,2.44365,0,0.6480000000000001,0.6480000000000001,0.05
0.024193218954248367,4.745639047046983,0.1572123699790164,5.800793090742803,0.4166666666666667,22.416666666666668,3.985087519734689,0.1658971663875604,4745.639047046981,2001,3,walk,move_model_0.05_random,random,0.5,adaptive,8,0.015625,32,3,1,3,0.3333333333333333,0.03125,0.3333333333333333,1,1.0,2.167,2.75,0,0.6480000000000001,0.6480000000000001,0.05
0.0,3.896398432934793,0.04631018472943829,3.8322764638537983,0.9375,50.020833333333336,5.558593650917405,0.046310184729438285,3896.3984329347913,2002,0,walk,move_model_0.05_random,random,0.5,adaptive,8,0.015625,39,3,1,2,0.3333333333333333,0.02564102564102564,0.5,1,1.0,2.167,2.7038499999999996,0,0.6480000000000001,0.6480000000000001,0.05
0.042317708333333336,2.438037257945378,0.0852000265276797,3.286074230852444,0.9791666666666666,28.25,4.73364409437944,0.04288231819434638,2438.0372579453783,2002,1,walk,move_model_0.05_random,random,0.5,adaptive,8,0.015625,38,5,1,3,0.2,0.02631578947368421,0.25,1,1.0,2.25,2.56865,0,0.6480000000000001,0.6480000000000001,0.05
0.1467013888888889,2.670653224164756,0.2845879726791882,4.390584394606649,0.3333333333333333,13.354166666666666,3.291606808859252,0.18951121742162638,2670.6532241647556,2002,2,walk,move_model_0.05_random,random,0.5,adaptive,8,0.015625,33,3,2,4,0.6666666666666666,0.06060606060606061,0.5,2,1.0,2.208,2.5,0,0.6480000000000001,0.6480000000000001,0.05
0.0012979497354497355,2.08573984156236,0.08185579682740612,3.4713863526045152,0.9375,38.104166666666664,5.020630029176137,0.08055784709195639,2085.7398415623607,2002,3,walk,move_model_0.05_random,random,0.5,adaptive,8,0.015625,39,6,3,3,0.5,0.07692307692307693,0.5,3,1.0,2.1875,2.48565,0,0.6480000000000001,0.6480000000000001,0.05
0.0419973544973545,4.047848398014142,0.16075505302037027,4.725293244937034,0.6041666666666666,38.895833333333336,4.720546068011882,0.11875769852301575,4047.8483980141423,2003,0,walk,move_model_0.05_random,random,0.5,adaptive,8,0.015625,35,6,3,4,0.5,0.08571428571428572,0.5,3,1.0,2.209,2.67895,0,0.6480000000000001,0.6480000000000001,0.05
0.20364583333333333,1.0730254995255706,0.3194469067088161,2.310201094555078,0.9791666666666666,15.833333333333334,3.3243360514962315,0.14420956950484298,1073.0254995255705,2003,1,walk,move_model_0.05_random,random,0.5,adaptive,8,0.015625,35,4,2,2,0.5,0.05714285714285714,0.6666666666666666,2,1.0,2.3125,3.035399999999999,0,0.6480000000000001,0.6480000000000001,0.05
0.08459105465684413,2.1865364235491995,0.27365287067404914,3.7460991832940302,0.75,27.416666666666668,3.8164438043762026,0.22239214759830883,2186.536423549201,2003,2,walk,move_model_0.05_random,random,0.5,adaptive,8,0.015625,33,4,3,4,0.75,0.09090909090909091,1.0,3,1.0,2.2085,2.583,0,0.6480000000000001,0.6480000000000001,0.05
0.0685763888888889,2.1438205023978205,0.30437221881115034,4.456082403095741,0.6458333333333334,10.5625,2.8919750747361426,0.23671558784632962,2143.820502397819,2003,3,walk,move_model_0.05_random,random,0.5,adaptive,8,0.015625,40,5,3,3,0.6,0.075,0.75,3,1.0,2.167,2.459,0,0.6480000000000001,0.6480000000000001,0.05
0.10632891414141414,1.8176995622326366,0.07903243054273361,3.25754470604758,0.9166666666666666,23.875,4.4318540080116104,0.10732331812708122,1817.6995622326367,2004,0,walk,move_model_0.05_random,random,0.5,adaptive,8,0.015625,38,6,3,4,0.5,0.07894736842105263,0.75,3,1.0,2.208,2.4853,0,0.6480000000000001,0.6480000000000001,0.05
0.041666666666666664,4.043888972261265,0.07161854026714178,3.665849790822069,0.9791666666666666,33.75,4.934320738500463,0.04568243538789555,4043.8889722612644,2004,1,walk,move_model_0.05_random,random,0.5,adaptive,8,0.015625,35,4,2,4,0.5,0.05714285714285714,0.5,2,1.0,2.25,2.6228999999999996,0,0.6480000000000001,0.6480000000000001,0.05
0.0625,3.822777610979891,0.06540755126836037,3.4823116406815076,0.9791666666666666,29.25,4.819144952316939,0.10705689966735714,3822.7776109798906,2004,2,walk,move_model_0.05_random,random,0.5,adaptive,8,0.015625,37,4,1,2,0.25,0.02702702702702703,0.5,1,1.0,2.292,3.1460499999999993,0,0.6480000000000001,0.6480000000000001,0.05
0.12533068783068782,2.3690836510264006,0.4126698932309934,3.7138192012834703,0.7708333333333334,28.125,3.4193274404659224,0.29535364405192577,2369.0836510264016,2004,3,walk,move_model_0.05_random,random,0.5,adaptive,8,0.015625,35,4,3,3,0.75,0.08571428571428572,0.75,3,1.0,2.333,2.78925,0,0.6480000000000001,0.6480000000000001,0.05
0.06342592592592593,3.04050510008885,0.08749940787274692,5.549550758662684,0.5208333333333334,27.041666666666668,4.590100172831145,0.05448008921741257,3040.505100088849,2005,0,walk,move_model_0.05_random,random,0.5,adaptive,8,0.015625,34,0,0,2,nan,0.0,nan,0,1.0,2.25,2.5669,0,0.6480000000000001,0.6480000000000001,0.05
0.0435598544973545,2.1814059379828064,0.06371458776403936,3.937505264744182,0.8958333333333334,41.604166666666664,5.150431485332153,0.02276279359999657,2181.4059379828063,2005,1,walk,move_model_0.05_random,random,0.5,adaptive,8,0.015625,37,4,2,2,0.5,0.05405405405405406,0.6666666666666666,2,1.0,2.2085,2.6372999999999998,0,0.6480000000000001,0.6480000000000001,0.05
0.1256837951753206,2.3778086989846736,0.28497875735127204,2.6767831838929723,0.9583333333333334,21.520833333333332,3.343554974806222,0.15929496217595143,2377.8086989846756,2005,2,walk,move_model_0.05_random,random,0.5,adaptive,8,0.015625,42,5,3,4,0.6,0.07142857142857142,0.6666666666666666,3,1.0,2.208,2.48565,0,0.6480000000000001,0.6480000000000001,0.05
0.0006837951753205989,4.8461216953939035,0.032788251657733976,3.9477010312528127,1.0,57.520833333333336,5.86673248002714,0.03210445648241338,4846.121695393906,2005,3,walk,move_model_0.05_random,random,0.5,adaptive,8,0.015625,38,1,0,0,0.0,0.0,0.0,0,nan,2.25,2.4982499999999996,0,0.6480000000000001,0.6480000000000001,0.05
0.2298761423761424,2.085669885910611,0.2529904687683702,3.0772487009835756,0.9583333333333334,35.104166666666664,4.159174860062837,0.10557676663026123,2085.6698859106114,2006,0,walk,move_model_0.05_random,random,0.5,adaptive,8,0.015625,33,7,4,5,0.5714285714285714,0.12121212121212122,0.5,4,1.0,2.333,2.958,0,0.6480000000000001,0.6480000000000001,0.05
0.0,3.273819125242614,0.19909329828506536,5.072970394227856,0.6041666666666666,33.666666666666664,4.196020157499951,0.19909329828506536,3273.819125242613,2006,1,walk,move_model_0.05_random,random,0.5,adaptive,8,0.015625,40,5,1,3,0.2,0.025,0.25,1,1.0,2.292,2.83125,0,0.6480000000000001,0.6480000000000001,0.05
0.05885416666666667,2.327379867657795,0.03954107675629393,4.218187920572305,0.9166666666666666,50.895833333333336,5.634972428174691,0.019313089910372738,2327.379867657795,2006,2,walk,move_model_0.05_random,random,0.5,adaptive,8,0.015625,35,4,2,2,0.5,0.05714285714285714,0.6666666666666666,2,1.0,2.1875,2.56865,0,0.6480000000000001,0.6480000000000001,0.05
0.0011004618419872658,3.7668712313133033,0.04834810294841745,3.964225448550085,1.0,43.270833333333336,5.432577606618362,0.047247641106430184,3766.8712313133087,2006,3,walk,move_model_0.05_random,random,0.5,adaptive,8,0.015625,35,4,3,3,0.75,0.08571428571428572,1.0,3,1.0,2.208,2.583,0,0.6480000000000001,0.6480000000000001,0.05
0.0,3.1979113772680656,0.07297215732670269,3.8062421732576524,0.9791666666666666,29.5625,4.778226633057737,0.07297215732670269,3197.911377268065,2007,0,walk,move_model_0.05_random,random,0.5,adaptive,8,0.015625,33,2,1,3,0.5,0.030303030303030304,0.5,1,1.0,2.25,2.459,0,0.6480000000000001,0.6480000000000001,0.05
0.0020776721014492752,1.8275509742639378,0.11594080941559137,3.185807530857918,0.875,22.708333333333332,4.202117641701154,0.11386313731414206,1827.55097426394,2007,1,walk,move_model_0.05_random,random,0.5,adaptive,8,0.015625,36,5,2,3,0.4,0.05555555555555555,0.4,2,1.0,2.209,2.48565,0,0.6480000000000001,0.6480000000000001,0.05
0.0007812499999999999,3.4617584624363134,0.03061910927178549,4.092155964453348,1.0,57.291666666666664,5.879305515374141,0.029837859271785488,3461.758462436314,2007,2,walk,move_model_0.05_random,random,0.5,adaptive,8,0.015625,36,2,0,0,0.0,0.0,0.0,0,nan,2.25,2.61065,0,0.6480000000000001,0.6480000000000001,0.05
0.1076743578255675,2.166899150226033,0.11159663310970326,2.9171357725786824,1.0,22.0625,4.309242808557544,0.12874813654601114,2166.8991502260337,2007,3,walk,move_model_0.05_random,random,0.5,adaptive,8,0.015625,36,2,2,5,1.0,0.05555555555555555,1.0,2,1.0,2.2085,2.69155,0,0.6480000000000001,0.6480000000000001,0.05
0.06320271164021164,3.1377702887235994,0.24007980297099332,4.086057863869023,0.6458333333333334,23.041666666666668,3.9594910483397463,0.1768770913307817,3137.770288723598,2008,0,walk,move_model_0.05_random,random,0.5,adaptive,8,0.015625,37,3,1,2,0.3333333333333333,0.02702702702702703,0.5,1,1.0,2.25,2.65165,0,0.6480000000000001,0.6480000000000001,0.05
0.0005208333333333333,4.003362821900029,0.06945356140808227,3.543565398448981,1.0,31.645833333333332,4.905212036023572,0.06893272807474894,4003.3628219000293,2008,1,walk,move_model_0.05_random,random,0.5,adaptive,8,0.015625,42,4,1,2,0.25,0.023809523809523808,0.3333333333333333,1,1.0,2.2295,2.542,0,0.6480000000000001,0.6480000000000001,0.05
0.0625,2.1825155011152324,0.3113698369555732,3.3016512198609003,0.8541666666666666,17.916666666666668,3.3483011395372717,0.24886983695557321,2182.5155011152337,2008,2,walk,move_model_0.05_random,random,0.5,adaptive,8,0.015625,38,4,2,2,0.5,0.05263157894736842,0.5,2,1.0,2.1875,2.52665,0,0.6480000000000001,0.6480000000000001,0.05
0.2747395833333333,1.6635954627736167,0.07410749334382792,3.4220502650806246,0.7916666666666666,30.1875,4.861650463703154,0.23341149468038228,1663.5954627736164,2008,3,walk,move_model_0.05_random,random,0.5,adaptive,8,0.015625,39,1,0,1,0.0,0.0,0.0,0,1.0,2.167,2.44365,0,0.6480000000000001,0.6480000000000001,0.05
0.12552083333333333,2.3882633845078076,0.10869335752943547,3.0750169119418564,0.9791666666666666,33.083333333333336,4.527444469456939,0.10657089289320436,2388.263384507808,2009,0,walk,move_model_0.05_random,random,0.5,adaptive,8,0.015625,38,2,1,3,0.5,0.02631578947368421,0.5,1,1.0,2.2085,2.5,0,0.6480000000000001,0.6480000000000001,0.05
0.08424272486772487,2.9047642254125936,0.029954062095325463,3.995421908701538,1.0,57.583333333333336,5.905309149559233,0.0542886627723994,2904.7642254125926,2009,1,walk,move_model_0.05_random,random,0.5,adaptive,8,0.015625,42,2,0,0,0.0,0.0,0.0,0,nan,2.2915,2.66425,0,0.6480000000000001,0.6480000000000001,0.05
0.3758515211640212,1.4741328304074324,0.0468758911627667,3.2521831868919677,1.0,46.9375,5.551280666426725,0.3289756300012545,1474.132830407433,2009,2,walk,move_model_0.05_random,random,0.5,adaptive,8,0.015625,36,2,2,2,1.0,0.05555555555555555,1.0,2,1.0,2.291,2.5959499999999998,0,0.6480000000000001,0.6480000000000001,0.05
0.0011939718335067173,2.8343068095101707,0.09328433003388721,4.706328452698094,0.6041666666666666,31.666666666666668,4.717007109058309,0.09209035820038051,2834.306809510171,2009,3,walk,move_model_0.05_random,random,0.5,adaptive,8,0.015625,38,3,1,2,0.3333333333333333,0.02631578947368421,0.3333333333333333,1,1.0,2.208,2.5396,0,0.6480000000000001,0.6480000000000001,0.05
0.0205078125,2.3392065395755064,0.08225279645396,2.9140017373263576,0.8958333333333334,17.104166666666668,4.033772510341226,0.06174498395396,2339.2065395755058,2000,0,walk,move_model_0.05_bsp,bsp,0.1,adaptive,8,0.015625,34,2,0,9,0.0,0.0,0.0,0,1.0,17.6045,21.074549999999995,0,0.6480000000000001,0.6480000000000001,0.05
0.0035807291666666665,3.8626892298091247,0.05678389174559523,3.5273636038247553,1.0,37.395833333333336,5.089906491696625,0.05320316257892856,3862.6892298091257,2000,1,walk,move_model_0.05_bsp,bsp,0.1,adaptive,8,0.015625,37,2,1,5,0.5,0.02702702702702703,0.5,1,1.0,17.436999999999998,18.68355,0,0.6480000000000001,0.6480000000000001,0.05
0.0005208333333333333,3.2739092054683994,0.08306205994337863,3.2842325958317677,1.0,25.270833333333332,4.573678795586159,0.08254122661004533,3273.909205468397,2000,2,walk,move_model_0.05_bsp,bsp,0.1,adaptive,8,0.015625,36,2,1,6,0.5,0.027777777777777776,0.5,1,1.0,17.4165,18.1376,0,0.6480000000000001,0.6480000000000001,0.05
0.005164930555555555,3.0305682363877335,0.0651848512469838,4.569165918079024,0.5625,36.6875,5.036907363140609,0.060019920691428225,3030.568236387731,2000,3,walk,move_model_0.05_bsp,bsp,0.1,adaptive,8,0.015625,33,1,1,2,1.0,0.030303030303030304,1.0,1,1.0,17.333,18.25845,0,0.6480000000000001,0.6480000000000001,0.05
0.024645543981481482,1.9559222199039763,0.08795048262260541,3.2159660044509173,0.9583333333333334,20.854166666666668,4.290257592696112,0.06330493864112394,1955.9222199039762,2001,0,walk,move_model_0.05_bsp,bsp,0.1,adaptive,8,0.015625,37,2,0,4,0.0,0.0,0.0,0,1.0,17.333,18.04165,0,0.6480000000000001,0.6480000000000001,0.05
0.089422123015873,1.520458736776309,0.08803079029517641,2.753093355504402,1.0,17.416666666666668,4.1486122439245925,0.005557999387363258,1520.458736776309,2001,1,walk,move_model_0.05_bsp,bsp,0.1,adaptive,8,0.015625,36,6,6,13,1.0,0.16666666666666666,1.0,6,1.0,17.25,18.52105,0,0.6480000000000001,0.6480000000000001,0.05
0.0,5.301296827171224,0.08243716662164334,3.615606606848541,0.8958333333333334,33.520833333333336,4.824108581182373,0.08243716662164333,5301.296827171223,2001,2,walk,move_model_0.05_bsp,bsp,0.1,adaptive,8,0.015625,37,4,3,3,0.75,0.08108108108108109,1.0,3,1.0,17.25,17.8022,0,0.6480000000000001,0.6480000000000001,0.05
0.04351128472222223,2.240214858406237,0.08288535767707642,2.97105833954164,0.9166666666666666,17.541666666666668,4.069286191886737,0.039374072954854185,2240.2148584062375,2001,3,walk,move_model_0.05_bsp,bsp,0.1,adaptive,8,0.015625,32,3,0,8,0.0,0.0,0.0,0,1.0,17.6455,23.28125,0,0.6480000000000001,0.6480000000000001,0.05
0.008152821780593957,4.372267284687198,0.06506153409232165,4.372555031039057,0.6041666666666666,28.25,4.695525002001083,0.0569087123117277,4372.267284687199,2002,0,walk,move_model_0.05_bsp,bsp,0.1,adaptive,8,0.015625,39,3,0,3,0.0,0.0,0.0,0,1.0,17.561999999999998,23.91425,0,0.6480000000000001,0.6480000000000001,0.05
0.0006510416666666666,2.7376951354612995,0.07371731504348455,3.8659145181568415,0.9583333333333334,35.291666666666664,4.750735744793329,0.07306627337681788,2737.695135461298,2002,1,walk,move_model_0.05_bsp,bsp,0.1,adaptive,8,0.015625,38,5,2,5,0.4,0.05263157894736842,0.5,2,1.0,17.542,18.85855,0,0.6480000000000001,0.6480000000000001,0.05
0.2098958333333333,1.0468562016706333,0.07955566761585055,2.8143694566468436,1.0,37.5625,5.0496093590195175,0.13034016571748278,1046.8562016706335,2002,2,walk,move_model_0.05_bsp,bsp,0.1,adaptive,8,0.015625,33,3,1,7,0.3333333333333333,0.030303030303030304,0.5,1,1.0,17.6665,19.0399,0,0.6480000000000001,0.6480000000000001,0.05
0.0236328125,2.889155621159984,0.07684316706902812,3.491347478313358,0.9166666666666666,35.125,4.979422951556068,0.05321035456902814,2889.155621159984,2002,3,walk,move_model_0.05_bsp,bsp,0.1,adaptive,8,0.015625,39,6,2,4,0.3333333333333333,0.05128205128205128,0.5,2,1.0,17.458,18.568649999999998,0,0.6480000000000001,0.6480000000000001,0.05
0.0027994791666666667,3.9309636320333374,0.07410019333054091,5.105979977716185,0.6041666666666666,35.0625,4.958896183638642,0.07130071416387423,3930.963632033335,2003,0,walk,move_model_0.05_bsp,bsp,0.1,adaptive,8,0.015625,35,6,3,7,0.5,0.08571428571428572,0.5,3,1.0,17.458,18.5897,0,0.6480000000000001,0.6480000000000001,0.05
0.017447916666666664,3.1257212282547653,0.08187892018317837,2.9911366920910076,0.9583333333333334,16.604166666666668,4.04199746575392,0.0644310035165117,3125.7212282547644,2003,1,walk,move_model_0.05_bsp,bsp,0.1,adaptive,8,0.015625,35,4,2,7,0.5,0.05714285714285714,0.6666666666666666,2,1.0,17.3335,20.26065,0,0.6480000000000001,0.6480000000000001,0.05
0.002907986111111111,3.371124172633601,0.07018476788360371,4.074087654129575,0.7083333333333334,39.854166666666664,5.082446615116019,0.0672767817724926,3371.124172633601,2003,2,walk,move_model_0.05_bsp,bsp,0.1,adaptive,8,0.015625,33,4,2,6,0.5,0.06060606060606061,0.6666666666666666,2,1.0,17.3125,18.204500000000003,0,0.6480000000000001,0.6480000000000001,0.05
0.037760416666666664,2.2435787080385263,0.0747524409689413,2.9885573922022033,0.9375,20.6875,4.257062822513476,0.036992024302274634,2243.578708038525,2003,3,walk,move_model_0.05_bsp,bsp,0.1,adaptive,8,0.015625,40,5,3,8,0.6,0.075,0.5,3,1.0,17.292,18.8376,0,0.6480000000000001,0.6480000000000001,0.05
0.017881944444444447,2.7837477990578794,0.07497740744296337,3.788035670060126,0.9791666666666666,28.416666666666668,4.681847253858087,0.05709546299851892,2783.7477990578786,2004,0,walk,move_model_0.05_bsp,bsp,0.1,adaptive,8,0.015625,38,6,5,7,0.8333333333333334,0.13157894736842105,1.0,5,1.0,17.375,18.60855,0,0.6480000000000001,0.6480000000000001,0.05
0.04709201388888889,2.917922816773862,0.07284023505309382,3.4575227217336715,0.9166666666666666,24.6875,4.555179243994464,0.025748221164204943,2917.9228167738634,2004,1,walk,move_model_0.05_bsp,bsp,0.1,adaptive,8,0.015625,35,4,3,8,0.75,0.08571428571428572,0.75,3,1.0,17.375,18.25,0,0.6480000000000001,0.6480000000000001,0.05
0.08566261574074074,2.1095190238755226,0.0789629485799244,3.8993809917858546,0.7291666666666666,21.1875,4.2761587486690855,0.0066996671608163345,2109.519023875521,2004,2,walk,move_model_0.05_bsp,bsp,0.1,adaptive,8,0.015625,37,4,4,10,1.0,0.10810810810810811,1.0,4,1.0,17.25,18.1751,0,0.6480000000000001,0.6480000000000001,0.05
0.14772135416666668,1.5947456563760392,0.06942221406246825,3.0529929015016353,1.0,29.020833333333332,4.622087349905442,0.07829914010419842,1594.7456563760397,2004,3,walk,move_model_0.05_bsp,bsp,0.1,adaptive,8,0.015625,35,4,2,8,0.5,0.05714285714285714,0.5,2,1.0,17.375,18.6376,0,0.6480000000000001,0.6480000000000001,0.05
0.0003255208333333333,3.7990462091577992,0.0837566278402088,4.938571660889953,0.5625,30.041666666666668,4.790522493996546,0.08343110700687546,3799.046209157801,2005,0,walk,move_model_0.05_bsp,bsp,0.1,adaptive,8,0.015625,34,0,0,5,nan,0.0,nan,0,1.0,17.3335,18.069300000000002,0,0.6480000000000001,0.6480000000000001,0.05
0.003624131944444444,3.1754045745375543,0.08916010048055838,3.5973698058808004,0.8541666666666666,21.3125,4.391094640199701,0.08553596853611393,3175.404574537553,2005,1,walk,move_model_0.05_bsp,bsp,0.1,adaptive,8,0.015625,37,4,1,5,0.25,0.02702702702702703,0.3333333333333333,1,1.0,17.2295,21.62095,0,0.6480000000000001,0.6480000000000001,0.05
0.0013020833333333333,6.502571719023268,0.08585914768586465,3.5672358441465146,1.0,48.520833333333336,5.350294404868333,0.0845570643525313,6502.571719023268,2005,2,walk,move_model_0.05_bsp,bsp,0.1,adaptive,8,0.015625,42,5,0,0,0.0,0.0,0.0,0,nan,17.292,18.60855,0,0.6480000000000001,0.6480000000000001,0.05
0.2923177083333333,2.056125631038402,0.07192796961654921,2.834511433776264,1.0,24.479166666666668,4.400415190276813,0.22038973871678413,2056.1256310384024,2005,3,walk,move_model_0.05_bsp,bsp,0.1,adaptive,8,0.015625,38,1,1,6,1.0,0.02631578947368421,1.0,1,1.0,17.6455,20.807999999999996,0,0.6480000000000001,0.6480000000000001,0.05
0.0021484374999999997,5.847066313864604,0.07683731993040657,3.625975787748392,0.9791666666666666,44.875,5.2579426897372175,0.07468888243040656,5847.066313864601,2006,0,walk,move_model_0.05_bsp,bsp,0.1,adaptive,8,0.015625,33,7,2,3,0.2857142857142857,0.06060606060606061,0.5,2,1.0,17.291,18.7683,0,0.6480000000000001,0.6480000000000001,0.05
0.10533854166666667,3.4033426184829634,0.07405155425328501,4.71608130121023,0.7083333333333334,29.104166666666668,4.741170898826013,0.04378698741338168,3403.3426184829623,2006,1,walk,move_model_0.05_bsp,bsp,0.1,adaptive,8,0.015625,40,5,4,4,0.8,0.1,1.0,4,1.0,17.4375,18.84815,0,0.6480000000000001,0.6480000000000001,0.05
0.11093750000000001,1.5332148093968947,0.08159556102410273,3.127200513622215,1.0,25.6875,4.557317477007212,0.05850860564256394,1533.2148093968954,2006,2,walk,move_model_0.05_bsp,bsp,0.1,adaptive,8,0.015625,35,4,1,4,0.25,0.02857142857142857,0.3333333333333333,1,1.0,17.334,17.791,0,0.6480000000000001,0.6480000000000001,0.05
0.045138888888888895,3.3129299333885345,0.07206349697554738,3.947617497673131,0.9375,31.3125,4.771263206231155,0.05192460808665849,3312.9299333885338,2006,3,walk,move_model_0.05_bsp,bsp,0.1,adaptive,8,0.015625,35,4,1,2,0.25,0.02857142857142857,0.3333333333333333,1,1.0,17.25,18.1499,0,0.6480000000000001,0.6480000000000001,0.05
0.0,4.679334651576937,0.09075888084928874,4.207225601367935,0.8125,24.354166666666668,4.531996667961171,0.09075888084928874,4679.334651576934,2007,0,walk,move_model_0.05_bsp,bsp,0.1,adaptive,8,0.015625,33,2,1,4,0.5,0.030303030303030304,0.5,1,1.0,17.2705,18.08935,0,0.6480000000000001,0.6480000000000001,0.05
0.0033420138888888887,2.427889334011719,0.07889401456424812,3.125476653818344,1.0,26.3125,4.558339599609577,0.07555200067535921,2427.8893340117206,2007,1,walk,move_model_0.05_bsp,bsp,0.1,adaptive,8,0.015625,36,5,1,2,0.2,0.027777777777777776,0.2,1,1.0,17.292,17.9296,0,0.6480000000000001,0.6480000000000001,0.05
0.022135416666666668,3.963384756369987,0.06827172657273366,5.163820441364218,0.5208333333333334,26.583333333333332,4.518939251031891,0.04613630990606699,3963.384756369988,2007,2,walk,move_model_0.05_bsp,bsp,0.1,adaptive,8,0.015625,36,2,2,9,1.0,0.05555555555555555,1.0,2,1.0,17.333,18.1625,0,0.6480000000000001,0.6480000000000001,0.05
0.18836805555555558,1.4735876998582997,0.08600409395999331,2.5192407851732486,1.0,15.041666666666666,3.9554206898065836,0.10236396159556227,1473.5876998583005,2007,3,walk,move_model_0.05_bsp,bsp,0.1,adaptive,8,0.015625,36,2,2,8,1.0,0.05555555555555555,1.0,2,1.0,17.333,18.510199999999998,0,0.6480000000000001,0.6480000000000001,0.05
0.0032552083333333335,3.553592789925728,0.0666379936125438,4.029231483901025,0.7083333333333334,32.541666666666664,4.892198192934726,0.06338278527921047,3553.592789925727,2008,0,walk,move_model_0.05_bsp,bsp,0.1,adaptive,8,0.015625,37,3,0,2,0.0,0.0,0.0,0,1.0,17.2705,18.987499999999997,0,0.6480000000000001,0.6480000000000001,0.05
0.03081597222222222,2.1131828872557477,0.07649072893259691,2.672431475435197,1.0,19.791666666666668,4.345127933763133,0.045674756710374693,2113.1828872557485,2008,1,walk,move_model_0.05_bsp,bsp,0.1,adaptive,8,0.015625,42,4,2,4,0.5,0.047619047619047616,0.6666666666666666,2,1.0,17.3125,18.10855,0,0.6480000000000001,0.6480000000000001,0.05
0.005295138888888888,6.529685908916694,0.08359079645297791,4.2957107539902095,0.8333333333333334,30.875,4.70987866633145,0.07829565756408903,6529.6859089167,2008,2,walk,move_model_0.05_bsp,bsp,0.1,adaptive,8,0.015625,38,4,0,4,0.0,0.0,0.0,0,1.0,17.291,18.208,0,0.6480000000000001,0.6480000000000001,0.05
0.08984375,3.2742104302095894,0.0866198199307018,3.534815800014043,0.7708333333333334,25.0,4.276685469466455,0.003223930069298199,3274.2104302095904,2008,3,walk,move_model_0.05_bsp,bsp,0.1,adaptive,8,0.015625,39,1,0,0,0.0,0.0,0.0,0,nan,17.229,18.56635,0,0.6480000000000001,0.6480000000000001,0.05
0.042187499999999996,2.3662935292953944,0.07444493791890662,3.7133658623637853,0.875,23.541666666666668,4.398593728406392,0.032257437918906624,2366.293529295394,2009,0,walk,move_model_0.05_bsp,bsp,0.1,adaptive,8,0.015625,38,2,2,8,1.0,0.05263157894736842,1.0,2,1.0,17.3125,18.2875,0,0.6480000000000001,0.6480000000000001,0.05
0.0003255208333333333,3.786296570386293,0.06904969475596087,3.8789303621782416,0.75,36.208333333333336,4.955895067116577,0.06872417392262754,3786.29657038629,2009,1,walk,move_model_0.05_bsp,bsp,0.1,adaptive,8,0.015625,42,2,0,2,0.0,0.0,0.0,0,1.0,17.4165,19.2683,0,0.6480000000000001,0.6480000000000001,0.05
0.10501302083333335,2.5492389230771404,0.07892870795345741,4.637693679864322,0.5416666666666666,27.166666666666668,4.557910684468802,0.02608431287987593,2549.238923077139,2009,2,walk,move_model_0.05_bsp,bsp,0.1,adaptive,8,0.015625,36,2,2,11,1.0,0.05555555555555555,1.0,2,1.0,17.7295,21.6601,0,0.6480000000000001,0.6480000000000001,0.05
0.06384858630952381,3.056201941278317,0.07062736245889348,4.0942436761264185,0.875,36.5625,5.036549085621013,0.006778776149369669,3056.2019412783156,2009,3,walk,move_model_0.05_bsp,bsp,0.1,adaptive,8,0.015625,38,3,2,3,0.6666666666666666,0.05263157894736842,0.6666666666666666,2,1.0,17.583,21.782999999999998,0,0.6480000000000001,0.6480000000000001,0.05
0.1472610952983344,2.12869526875131,0.06255859994165215,3.2950778429471783,1.0,40.895833333333336,5.1752888896270255,0.08470249535668224,2128.695268751311,2000,0,walk,move_model_0.8_none,none,1,adaptive,8,0.015625,34,2,2,7,1.0,0.058823529411764705,1.0,2,1.0,2.417,3.2170999999999994,0,0.6480000000000001,0.6480000000000001,0.8
0.16149354360299353,1.9539089784742039,0.08959717587646958,3.128638234366491,1.0,35.9375,4.882795430409631,0.08022970105985737,1953.9089784742036,2000,1,walk,move_model_0.8_none,none,1,adaptive,8,0.015625,37,2,2,5,1.0,0.05405405405405406,1.0,2,1.0,2.396,3.2626,0,0.6480000000000001,0.6480000000000001,0.8
0.021354166666666664,2.699890037857061,0.104257312242152,3.070560620865377,0.9791666666666666,29.520833333333332,4.587056110954478,0.0829031455754853,2699.89003785706,2000,2,walk,move_model_0.8_none,none,1,adaptive,8,0.015625,36,2,2,7,1.0,0.05555555555555555,1.0,2,1.0,2.333,3.8585499999999997,0,0.6480000000000001,0.6480000000000001,0.8
0.04434763824884793,2.3945303739755164,0.0610147914476078,3.5802774461198177,1.0,42.604166666666664,5.2434876295248865,0.016667153198759863,2394.530373975517,2000,3,walk,move_model_0.8_none,none,1,adaptive,8,0.015625,33,1,1,6,1.0,0.030303030303030304,1.0,1,1.0,2.208,2.56865,0,0.6480000000000001,0.6480000000000001,0.8
0.41352513227513227,1.0313966755396324,0.19302807266493882,2.3114102741699543,1.0,23.0,3.931167318237851,0.22049705961019347,1031.3966755396323,2001,0,walk,move_model_0.8_none,none,1,adaptive,8,0.015625,37,2,2,7,1.0,0.05405405405405406,1.0,2,1.0,2.25,2.4853,0,0.6480000000000001,0.6480000000000001,0.8
0.19358878968253967,1.2415046126789873,0.0815512848927112,2.784014167198599,1.0,35.395833333333336,4.949982177697955,0.11203750478982848,1241.5046126789873,2001,1,walk,move_model_0.8_none,none,1,adaptive,8,0.015625,36,6,6,7,1.0,0.16666666666666666,1.0,6,1.0,2.208,2.4709499999999998,0,0.6480000000000001,0.6480000000000001,0.8
0.2916666666666667,1.9827944972764004,0.11113121461569371,2.788600872751952,1.0,31.979166666666668,4.653520855254016,0.1805354520509729,1982.7944972764005,2001,2,walk,move_model_0.8_none,none,1,adaptive,8,0.015625,37,4,4,7,1.0,0.10810810810810811,1.0,4,1.0,2.208,2.5,0,0.6480000000000001,0.6480000000000001,0.8
0.06487304351565187,2.1951798955954516,0.10640256045675311,2.946293181754894,1.0,26.770833333333332,4.40957641705723,0.04152951694110122,2195.1798955954528,2001,3,walk,move_model_0.8_none,none,1,adaptive,8,0.015625,32,3,3,9,1.0,0.09375,1.0,3,1.0,2.2085,2.6085499999999997,0,0.6480000000000001,0.6480000000000001,0.8
0.16666666666666666,2.715019779085963,0.1112138685803904,3.2129836671842202,0.8958333333333334,31.479166666666668,4.657222039505592,0.09708882101607437,2715.0197790859643,2002,0,walk,move_model_0.8_none,none,1,adaptive,8,0.015625,39,3,3,4,1.0,0.07692307692307693,1.0,3,1.0,2.208,2.625,0,0.6480000000000001,0.6480000000000001,0.8
0.365234375,0.864116321339227,0.09892081428764828,2.5690480083948923,1.0,28.875,4.58099644820696,0.26631356071235174,864.1163213392268,2002,1,walk,move_model_0.8_none,none,1,adaptive,8,0.015625,38,5,5,6,1.0,0.13157894736842105,1.0,5,1.0,2.167,2.58125,0,0.6480000000000001,0.6480000000000001,0.8
0.18559027777777778,1.6384246433918817,0.11557483282624871,2.7329225318870294,1.0,31.645833333333332,4.644264470003965,0.10792030736411545,1638.4246433918822,2002,2,walk,move_model_0.8_none,none,1,adaptive,8,0.015625,33,3,3,4,1.0,0.09090909090909091,1.0,3,1.0,2.166,2.5416499999999997,0,0.6480000000000001,0.6480000000000001,0.8
0.1054646164021164,1.8435447827648674,0.06277796649839838,3.2468673200379343,1.0,41.583333333333336,5.190548411625089,0.05242026339325703,1843.5447827648675,2002,3,walk,move_model_0.8_none,none,1,adaptive,8,0.015625,39,6,6,8,1.0,0.15384615384615385,1.0,6,1.0,2.208,2.5,0,0.6480000000000001,0.6480000000000001,0.8
0.21352513227513226,1.2046815167901403,0.1600369341712027,2.475405838669583,1.0,20.9375,3.9840888414429365,0.11359304848311029,1204.6815167901404,2003,0,walk,move_model_0.8_none,none,1,adaptive,8,0.015625,35,6,6,11,1.0,0.17142857142857143,1.0,6,1.0,2.2085,2.5248999999999997,0,0.6480000000000001,0.6480000000000001,0.8
0.3386284722222222,1.4775155311431714,0.12221465461359876,2.7144829836892015,1.0,27.729166666666668,4.495464884177019,0.2555252166536504,1477.5155311431718,2003,1,walk,move_model_0.8_none,none,1,adaptive,8,0.015625,35,4,4,6,1.0,0.11428571428571428,1.0,4,1.0,2.1875,2.44365,0,0.6480000000000001,0.6480000000000001,0.8
0.14084105465684413,2.1343659022303254,0.10493159835903776,3.1187522311366376,0.9791666666666666,34.958333333333336,4.74288273063208,0.09586901502783994,2134.365902230327,2003,2,walk,move_model_0.8_none,none,1,adaptive,8,0.015625,33,4,4,11,1.0,0.12121212121212122,1.0,4,1.0,2.2295,2.83125,0,0.6480000000000001,0.6480000000000001,0.8
0.006076388888888889,1.9323608726811854,0.12478172850087609,2.8533901323539355,1.0,22.479166666666668,4.212324383640043,0.11870533961198719,1932.3608726811863,2003,3,walk,move_model_0.8_none,none,1,adaptive,8,0.015625,40,5,5,8,1.0,0.125,1.0,5,1.0,2.209,2.625,0,0.6480000000000001,0.6480000000000001,0.8
0.20885416666666667,1.4016044751434247,0.08129264123548181,2.8194610405951157,1.0,33.583333333333336,4.850346275904136,0.1490857900639382,1401.6044751434247,2004,0,walk,move_model_0.8_none,none,1,adaptive,8,0.015625,38,6,6,7,1.0,0.15789473684210525,1.0,6,1.0,2.208,2.5126,0,0.6480000000000001,0.6480000000000001,0.8
0.277312748015873,1.3644844572756174,0.0627570074535246,3.159752678288473,1.0,41.583333333333336,5.246771154752456,0.2517234393196506,1364.4844572756178,2004,1,walk,move_model_0.8_none,none,1,adaptive,8,0.015625,35,4,4,5,1.0,0.11428571428571428,1.0,4,1.0,2.334,3.5374999999999996,0,0.6480000000000001,0.6480000000000001,0.8
0.002329282407407407,3.378143614232114,0.08500205477068444,3.4317595582972356,1.0,31.666666666666668,4.787198031533744,0.08267277236327704,3378.143614232115,2004,2,walk,move_model_0.8_none,none,1,adaptive,8,0.015625,37,4,4,6,1.0,0.10810810810810811,1.0,4,1.0,2.25,2.6103,0,0.6480000000000001,0.6480000000000001,0.8
0.14865319865319865,1.8151487887296593,0.1435486620761227,2.7639989214692418,1.0,23.4375,4.181744627604457,0.05635934338837962,1815.1487887296598,2004,3,walk,move_model_0.8_none,none,1,adaptive,8,0.015625,35,4,4,8,1.0,0.11428571428571428,1.0,4,1.0,2.375,3.2041499999999994,0,0.6480000000000001,0.6480000000000001,0.8
0.0419973544973545,2.494752410028903,0.04048102473685227,3.7251592141167627,1.0,49.895833333333336,5.599985930605105,0.025936188468741832,2494.752410028904,2005,0,walk,move_model_0.8_none,none,1,adaptive,8,0.015625,34,0,0,2,nan,0.0,nan,0,1.0,2.1875,2.44365,0,0.6480000000000001,0.6480000000000001,0.8
0.0036292989417989418,2.4748320844300093,0.09190927118208536,3.1943487933650023,0.9791666666666666,25.770833333333332,4.494031787227757,0.08827997224028643,2474.8320844300088,2005,1,walk,move_model_0.8_none,none,1,adaptive,8,0.015625,37,4,4,10,1.0,0.10810810810810811,1.0,4,1.0,2.334,3.2293999999999996,0,0.6480000000000001,0.6480000000000001,0.8
0.41735046184198726,1.99121809094084,0.188391709114163,2.254167620174902,1.0,24.416666666666668,3.919995566057558,0.2539830583549186,1991.21809094084,2005,2,walk,move_model_0.8_none,none,1,adaptive,8,0.015625,42,5,5,7,1.0,0.11904761904761904,1.0,5,1.0,2.208,2.6372999999999998,0,0.6480000000000001,0.6480000000000001,0.8
0.25068379517532063,1.8803261969448686,0.0806760114323773,2.900774558522869,1.0,35.583333333333336,4.923118640441172,0.17000778374294326,1880.3261969448702,2005,3,walk,move_model_0.8_none,none,1,adaptive,8,0.015625,38,1,1,5,1.0,0.02631578947368421,1.0,1,1.0,2.292,2.8288499999999996,0,0.6480000000000001,0.6480000000000001,0.8
0.20904280904280906,2.522701877243899,0.10834129852174218,3.028967146617646,0.9791666666666666,38.166666666666664,4.831055735032949,0.152413813968034,2522.701877243899,2006,0,walk,move_model_0.8_none,none,1,adaptive,8,0.015625,33,7,7,9,1.0,0.21212121212121213,1.0,7,1.0,2.25,2.74585,0,0.6480000000000001,0.6480000000000001,0.8
0.08450520833333335,1.9676544916203722,0.06346919995402568,3.310651690232446,1.0,40.229166666666664,5.156664874873957,0.05579239978197031,1967.6544916203723,2006,1,walk,move_model_0.8_none,none,1,adaptive,8,0.015625,40,5,5,7,1.0,0.125,1.0,5,1.0,2.2295,2.5545999999999998,0,0.6480000000000001,0.6480000000000001,0.8
0.1734375,2.1392272088001207,0.08070307444904411,3.032299939812356,1.0,32.9375,4.836331602651833,0.12204731817229512,2139.2272088001205,2006,2,walk,move_model_0.8_none,none,1,adaptive,8,0.015625,35,4,4,6,1.0,0.11428571428571428,1.0,4,1.0,2.208,2.5122999999999998,0,0.6480000000000001,0.6480000000000001,0.8
0.0011004618419872658,3.4684948203260375,0.06586872285453234,3.558056101661369,1.0,39.395833333333336,5.106618702460129,0.06476826101254507,3468.494820326038,2006,3,walk,move_model_0.8_none,none,1,adaptive,8,0.015625,35,4,4,7,1.0,0.11428571428571428,1.0,4,1.0,2.2705,3.16425,0,0.6480000000000001,0.6480000000000001,0.8
0.020833333333333332,3.03898640026606,0.08416079316611186,3.744755244984748,1.0,31.5625,4.7830762717827575,0.0633274598327785,3038.986400266058,2007,0,walk,move_model_0.8_none,none,1,adaptive,8,0.015625,33,2,2,7,1.0,0.06060606060606061,1.0,2,1.0,2.25,2.5955999999999997,0,0.6480000000000001,0.6480000000000001,0.8
0.0854110054347826,1.9888292705818493,0.08737450940296711,3.1841501911500196,1.0,34.166666666666664,4.850571170748297,0.03503606367857775,1988.82927058185,2007,1,walk,move_model_0.8_none,none,1,adaptive,8,0.015625,36,5,5,5,1.0,0.1388888888888889,1.0,5,1.0,2.25,2.5129499999999996,0,0.6480000000000001,0.6480000000000001,0.8
0.10494791666666665,1.8934687034587345,0.07681259244478375,3.0336189418541264,1.0,34.541666666666664,4.905592888593326,0.037202571699476,1893.4687034587353,2007,2,walk,move_model_0.8_none,none,1,adaptive,8,0.015625,36,2,2,6,1.0,0.05555555555555555,1.0,2,1.0,2.208,2.6205,0,0.6480000000000001,0.6480000000000001,0.8
0.0842013888888889,1.5738936557180174,0.0861460882062427,2.8138342784413877,1.0,30.645833333333332,4.761958759969262,0.10332426164973878,1573.8936557180177,2007,3,walk,move_model_0.8_none,none,1,adaptive,8,0.015625,36,2,2,7,1.0,0.05555555555555555,1.0,2,1.0,2.25,2.55395,0,0.6480000000000001,0.6480000000000001,0.8
0.1704943783068783,2.068631164374217,0.1205070719186992,3.0538664343593083,0.9375,26.770833333333332,4.370409286165318,0.06427965494176752,2068.6311643742165,2008,0,walk,move_model_0.8_none,none,1,adaptive,8,0.015625,37,3,3,6,1.0,0.08108108108108109,1.0,3,1.0,2.208,2.4976,0,0.6480000000000001,0.6480000000000001,0.8
0.0484375,2.831373125532604,0.08200531678906532,3.003065720870914,1.0,28.0625,4.708603780123838,0.03356781678906534,2831.373125532604,2008,1,walk,move_model_0.8_none,none,1,adaptive,8,0.015625,42,4,4,6,1.0,0.09523809523809523,1.0,4,1.0,2.25,2.8585499999999997,0,0.6480000000000001,0.6480000000000001,0.8
0.2073784722222222,1.6321082062411494,0.15401830562881827,2.629454204932221,0.9791666666666666,24.4375,4.096640287845354,0.12127712733986594,1632.1082062411504,2008,2,walk,move_model_0.8_none,none,1,adaptive,8,0.015625,38,4,4,6,1.0,0.10526315789473684,1.0,4,1.0,2.2295,2.61065,0,0.6480000000000001,0.6480000000000001,0.8
0.4874131944444444,1.4030735964299754,0.07896484745699346,3.3763466985302766,0.9791666666666666,44.1875,5.213188098346287,0.4846130672456613,1403.0735964299754,2008,3,walk,move_model_0.8_none,none,1,adaptive,8,0.015625,39,1,1,3,1.0,0.02564102564102564,1.0,1,1.0,2.167,2.5693,0,0.6480000000000001,0.6480000000000001,0.8
0.021354166666666664,2.7606357449982397,0.06258091621008563,3.4497232085169656,0.9791666666666666,41.854166666666664,5.248547625323,0.04122674954341895,2760.6357449982406,2009,0,walk,move_model_0.8_none,none,1,adaptive,8,0.015625,38,2,2,5,1.0,0.05263157894736842,1.0,2,1.0,2.2085,2.6498999999999997,0,0.6480000000000001,0.6480000000000001,0.8
0.23007605820105823,1.7016292084330278,0.040211300924303195,3.476796342393744,1.0,49.3125,5.60160459157662,0.18986475727675503,1701.6292084330287,2009,1,walk,move_model_0.8_none,none,1,adaptive,8,0.015625,42,2,2,3,1.0,0.047619047619047616,1.0,2,1.0,2.2085,2.5,0,0.6480000000000001,0.6480000000000001,0.8
0.25085152116402115,1.7943125959513446,0.06577721640318862,3.133058367893208,1.0,37.083333333333336,5.060532230441557,0.21581973381920685,1794.3125959513445,2009,2,walk,move_model_0.8_none,none,1,adaptive,8,0.015625,36,2,2,5,1.0,0.05555555555555555,1.0,2,1.0,2.208,2.5273,0,0.6480000000000001,0.6480000000000001,0.8
0.12691236263810443,2.285986413113322,0.06331505052187926,3.4572345002183464,0.8958333333333334,37.6875,5.095437251512074,0.06359731211622514,2285.986413113323,2009,3,walk,move_model_0.8_none,none,1,adaptive,8,0.015625,38,3,3,8,1.0,0.07894736842105263,1.0,3,1.0,2.2085,2.8876,0,0.6480000000000001,0.6480000000000001,0.8
0.043094428631667715,2.27255160194763,0.03551861398539351,3.579150921293652,1.0,49.395833333333336,5.620834125369252,0.0075758146462742105,2272.5516019476304,2000,0,walk,move_model_0.8_random,random,0.5,adaptive,8,0.015625,34,2,2,3,1.0,0.058823529411764705,1.0,2,1.0,2.3125,3.0063499999999994,0,0.6480000000000001,0.6480000000000001,0.8
0.07816021026966022,2.7247430361669487,0.07469980257319139,3.4640315317539883,1.0,43.916666666666664,5.206512133220001,0.011793741029802162,2724.74303616695,2000,1,walk,move_model_0.8_random,random,0.5,adaptive,8,0.015625,37,2,1,2,0.5,0.02702702702702703,0.5,1,1.0,2.208,2.44365,0,0.6480000000000001,0.6480000000000001,0.8
0.042187499999999996,2.7270127147664756,0.09078675307690996,3.014571823094057,1.0,30.6875,4.699693993726791,0.04859925307690993,2727.012714766476,2000,2,walk,move_model_0.8_random,random,0.5,adaptive,8,0.015625,36,2,2,6,1.0,0.05555555555555555,1.0,2,1.0,2.208,2.52665,0,0.6480000000000001,0.6480000000000001,0.8
0.001171875,3.920104388674009,0.024312626271308157,4.154582985099221,1.0,58.854166666666664,5.934678639727143,0.023140751271308158,3920.10438867401,2000,3,walk,move_model_0.8_random,random,0.5,adaptive,8,0.015625,33,1,0,0,0.0,0.0,0.0,0,nan,2.25,2.7311499999999995,0,0.6480000000000001,0.6480000000000001,0.8
0.4169973544973545,0.92840200661451,0.13439558433376492,2.5979058280344076,1.0,31.979166666666668,4.539320806654742,0.28260177016358956,928.4020066145102,2001,0,walk,move_model_0.8_random,random,0.5,adaptive,8,0.015625,37,2,2,4,1.0,0.05405405405405406,1.0,2,1.0,2.167,2.42895,0,0.6480000000000001,0.6480000000000001,0.8
0.00043402777777777775,3.52333117091643,0.05242577289173881,3.689797259218071,0.9791666666666666,43.9375,5.3400183905321725,0.05199174511396104,3523.3311709164336,2001,1,walk,move_model_0.8_random,random,0.5,adaptive,8,0.015625,36,6,2,4,0.3333333333333333,0.05555555555555555,0.6666666666666666,2,1.0,2.167,2.6103,0,0.6480000000000001,0.6480000000000001,0.8
0.0,4.4949036342716715,0.03354448253748225,3.864154792727312,1.0,50.916666666666664,5.690210061401195,0.03354448253748225,4494.903634271673,2001,2,walk,move_model_0.8_random,random,0.5,adaptive,8,0.015625,37,4,1,2,0.25,0.02702702702702703,1.0,1,1.0,2.125,2.44395,0,0.6480000000000001,0.6480000000000001,0.8
0.024193218954248367,4.181775933930158,0.027650238653106646,4.364848181833935,0.8333333333333334,56.979166666666664,5.88192150704661,0.0034570196988582776,4181.775933930157,2001,3,walk,move_model_0.8_random,random,0.5,adaptive,8,0.015625,32,3,1,1,0.3333333333333333,0.03125,0.3333333333333333,1,1.0,2.208,2.880699999999999,0,0.6480000000000001,0.6480000000000001,0.8
0.0,3.629383626887492,0.03047532144887254,3.8537135796026347,0.9791666666666666,53.291666666666664,5.728074809579609,0.03047532144887254,3629.3836268874925,2002,0,walk,move_model_0.8_random,random,0.5,adaptive,8,0.015625,39,3,1,2,0.3333333333333333,0.02564102564102564,0.5,1,1.0,2.167,2.64955,0,0.6480000000000001,0.6480000000000001,0.8
0.146484375,2.2859221403346504,0.037789716427720776,3.686573400386752,0.9791666666666666,49.854166666666664,5.603389626918701,0.12010833493296273,2285.9221403346523,2002,1,walk,move_model_0.8_random,random,0.5,adaptive,8,0.015625,38,5,1,3,0.2,0.02631578947368421,0.25,1,1.0,2.25,2.5129499999999996,0,0.6480000000000001,0.6480000000000001,0.8
0.06336805555555557,2.2382068349948665,0.11938007564909732,3.0780445127742238,0.9583333333333334,28.416666666666668,4.552829597017033,0.0662833379229991,2238.2068349948663,2002,2,walk,move_model_0.8_random,random,0.5,adaptive,8,0.015625,33,3,2,6,0.6666666666666666,0.06060606060606061,0.5,2,1.0,2.1875,2.48565,0,0.6480000000000001,0.6480000000000001,0.8
0.022131283068783068,4.090053353752274,0.044316249545088594,3.8843647147247897,0.9791666666666666,50.0,5.533739225033815,0.0473892530107058,4090.053353752273,2002,3,walk,move_model_0.8_random,random,0.5,adaptive,8,0.015625,39,6,3,3,0.5,0.07692307692307693,0.5,3,1.0,2.166,2.4709499999999998,0,0.6480000000000001,0.6480000000000001,0.8
0.15033068783068784,2.284337873992056,0.091351147725149,3.173361222423955,0.9791666666666666,38.333333333333336,4.945349172470259,0.06731287343887217,2284.337873992056,2003,0,walk,move_model_0.8_random,random,0.5,adaptive,8,0.015625,35,6,3,6,0.5,0.08571428571428572,0.5,3,1.0,2.208,2.542,0,0.6480000000000001,0.6480000000000001,0.8
0.20364583333333333,1.591389839982334,0.1035620275659365,2.8632596254385407,1.0,30.416666666666668,4.708066546234377,0.11578688887055472,1591.389839982334,2003,1,walk,move_model_0.8_random,random,0.5,adaptive,8,0.015625,35,4,2,3,0.5,0.05714285714285714,0.6666666666666666,2,1.0,2.4165,2.8998999999999997,0,0.6480000000000001,0.6480000000000001,0.8
0.09917438799017746,2.042286462938413,0.06732640748371019,3.391530537296262,0.9791666666666666,44.895833333333336,5.312502660163868,0.03184798050646728,2042.286462938414,2003,2,walk,move_model_0.8_random,random,0.5,adaptive,8,0.015625,33,4,3,4,0.75,0.09090909090909091,1.0,3,1.0,2.459,4.081349999999999,0,0.6480000000000001,0.6480000000000001,0.8
0.006076388888888889,2.3562783223879404,0.07635509040492337,3.274444833802655,1.0,36.395833333333336,4.977599425254307,0.0702787015160345,2356.278322387941,2003,3,walk,move_model_0.8_random,random,0.5,adaptive,8,0.015625,40,5,3,3,0.6,0.075,0.75,3,1.0,2.292,2.6933000000000002,0,0.6480000000000001,0.6480000000000001,0.8
0.02299558080808081,2.203964300894294,0.04132675996009256,3.459697571104025,1.0,44.625,5.469341925375079,0.018331179152011753,2203.9643008942944,2004,0,walk,move_model_0.8_random,random,0.5,adaptive,8,0.015625,38,6,3,4,0.5,0.07894736842105263,0.75,3,1.0,2.375,2.6943,0,0.6480000000000001,0.6480000000000001,0.8
0.041666666666666664,4.658975692914207,0.042987604488952086,3.91193603961171,0.9791666666666666,47.8125,5.525231448779077,0.007592872753109907,4658.97569291421,2004,1,walk,move_model_0.8_random,random,0.5,adaptive,8,0.015625,35,4,2,4,0.5,0.05714285714285714,0.5,2,1.0,2.375,2.69365,0,0.6480000000000001,0.6480000000000001,0.8
0.0,3.9259920674984365,0.04125370982880846,3.6675300910906787,0.9791666666666666,47.833333333333336,5.525512160865508,0.04125370982880846,3925.9920674984364,2004,2,walk,move_model_0.8_random,random,0.5,adaptive,8,0.015625,37,4,1,2,0.25,0.02702702702702703,0.5,1,1.0,2.292,2.625,0,0.6480000000000001,0.6480000000000001,0.8
0.1669973544973545,3.4744361242752233,0.09893843352647093,3.3104320511662007,0.9791666666666666,38.395833333333336,4.924503812311005,0.07580617874589213,3474.4361242752243,2004,3,walk,move_model_0.8_random,random,0.5,adaptive,8,0.015625,35,4,3,4,0.75,0.08571428571428572,0.75,3,1.0,2.417,3.0545999999999998,0,0.6480000000000001,0.6480000000000001,0.8
0.02175925925925926,2.6272005442431685,0.05168824502662205,3.510654841631993,1.0,40.875,5.290720897731711,0.029928985767362786,2627.2005442431687,2005,0,walk,move_model_0.8_random,random,0.5,adaptive,8,0.015625,34,0,0,3,nan,0.0,nan,0,1.0,2.4795,3.8193,0,0.6480000000000001,0.6480000000000001,0.8
0.06439318783068783,2.2994035406633277,0.03857282155735866,3.7158617470509885,1.0,48.75,5.554882355615324,0.025820366273329176,2299.403540663329,2005,1,walk,move_model_0.8_random,random,0.5,adaptive,8,0.015625,37,4,2,2,0.5,0.05405405405405406,0.6666666666666666,2,1.0,2.4375,3.44155,0,0.6480000000000001,0.6480000000000001,0.8
0.39651712850865395,2.0796064385891584,0.10324374673997581,2.7212940344527836,1.0,35.020833333333336,4.744021087701264,0.306038080713338,2079.606438589159,2005,2,walk,move_model_0.8_random,random,0.5,adaptive,8,0.015625,42,5,3,3,0.6,0.07142857142857142,0.6666666666666666,3,1.0,2.458,3.1750999999999996,0,0.6480000000000001,0.6480000000000001,0.8
0.0006837951753205989,3.7889013855134297,0.024956197259601548,3.925193725629466,1.0,58.541666666666664,5.920254071626292,0.024272402084280952,3788.901385513431,2005,3,walk,move_model_0.8_random,random,0.5,adaptive,8,0.015625,38,1,0,0,0.0,0.0,0.0,0,nan,2.292,2.69365,0,0.6480000000000001,0.6480000000000001,0.8
0.14654280904280906,2.4814260836649487,0.0886836353777094,3.2391706574785784,1.0,38.979166666666664,4.92489371581011,0.12700900884387398,2481.426083664949,2006,0,walk,move_model_0.8_random,random,0.5,adaptive,8,0.015625,33,7,4,6,0.5714285714285714,0.12121212121212122,0.5,4,1.0,2.375,2.7773,0,0.6480000000000001,0.6480000000000001,0.8
0.020833333333333332,3.0762269866243237,0.043303709482835316,3.8372489248001043,0.9791666666666666,48.979166666666664,5.509358524559109,0.053290856424905074,3076.2269866243223,2006,1,walk,move_model_0.8_random,random,0.5,adaptive,8,0.015625,40,5,1,2,0.2,0.025,0.25,1,1.0,2.375,2.81895,0,0.6480000000000001,0.6480000000000001,0.8
0.017187499999999998,2.9652314868028236,0.028765390934947992,4.027119601780228,0.9166666666666666,54.75,5.786204760977896,0.011577890934947993,2965.231486802823,2006,2,walk,move_model_0.8_random,random,0.5,adaptive,8,0.015625,35,4,2,2,0.5,0.05714285714285714,0.6666666666666666,2,1.0,2.334,2.77665,0,0.6480000000000001,0.6480000000000001,0.8
0.16776712850865394,2.707766966216132,0.03747315344160808,3.6091521217908547,1.0,47.895833333333336,5.569181590278213,0.13029397506704585,2707.766966216131,2006,3,walk,move_model_0.8_random,random,0.5,adaptive,8,0.015625,35,4,3,4,0.75,0.08571428571428572,1.0,3,1.0,2.375,2.8459499999999998,0,0.6480000000000001,0.6480000000000001,0.8
0.0,3.330534086976997,0.054772565008418705,3.546024629242041,1.0,43.625,5.3374181172761785,0.054772565008418705,3330.534086977002,2007,0,walk,move_model_0.8_random,random,0.5,adaptive,8,0.015625,33,2,1,3,0.5,0.030303030303030304,0.5,1,1.0,2.333,2.58365,0,0.6480000000000001,0.6480000000000001,0.8
0.02291100543478261,2.096185845790161,0.07142040553375316,3.1998611224439517,1.0,38.895833333333336,5.078465684265015,0.04850940009897056,2096.1858457901635,2007,1,walk,move_model_0.8_random,random,0.5,adaptive,8,0.015625,36,5,2,3,0.4,0.05555555555555555,0.4,2,1.0,2.292,2.66425,0,0.6480000000000001,0.6480000000000001,0.8
0.021614583333333336,2.516199608008661,0.051286609513551414,3.429947344290825,1.0,47.666666666666664,5.442689852791133,0.02967202618021808,2516.1996080086615,2007,2,walk,move_model_0.8_random,random,0.5,adaptive,8,0.015625,36,2,0,1,0.0,0.0,0.0,0,1.0,2.292,2.69365,0,0.6480000000000001,0.6480000000000001,0.8
0.19100769115890084,1.424560410052812,0.06038081479108288,3.077101017657198,1.0,36.9375,5.115713661882037,0.14703253919586648,1424.5604100528126,2007,3,walk,move_model_0.8_random,random,0.5,adaptive,8,0.015625,36,2,2,4,1.0,0.05555555555555555,1.0,2,1.0,2.417,2.92895,0,0.6480000000000001,0.6480000000000001,0.8
0.11945271164021165,3.793595357984962,0.07740524489853053,3.5691136954944778,0.9583333333333334,38.354166666666664,5.077484567358852,0.0486174113830943,3793.5953579849574,2008,0,walk,move_model_0.8_random,random,0.5,adaptive,8,0.015625,37,3,1,3,0.3333333333333333,0.02702702702702703,0.5,1,1.0,2.333,2.9538499999999996,0,0.6480000000000001,0.6480000000000001,0.8
0.14635416666666667,2.325601504833226,0.030891888219113674,3.6620675965603233,1.0,51.270833333333336,5.726854637194356,0.11546227844755301,2325.601504833227,2008,1,walk,move_model_0.8_random,random,0.5,adaptive,8,0.015625,42,4,1,2,0.25,0.023809523809523808,0.3333333333333333,1,1.0,2.292,2.667,0,0.6480000000000001,0.6480000000000001,0.8
0.18125,2.3102597662306277,0.08668905356544356,3.0570125363174436,1.0,41.0,5.061072388037407,0.09456094643455644,2310.2597662306275,2008,2,walk,move_model_0.8_random,random,0.5,adaptive,8,0.015625,38,4,2,2,0.5,0.05263157894736842,0.5,2,1.0,2.333,2.542,0,0.6480000000000001,0.6480000000000001,0.8
0.3372395833333333,1.8559083459612216,0.042548071187915516,3.539981159623394,1.0,49.145833333333336,5.587257742283413,0.29469151214541783,1855.9083459612211,2008,3,walk,move_model_0.8_random,random,0.5,adaptive,8,0.015625,39,1,0,1,0.0,0.0,0.0,0,1.0,2.333,2.7209499999999998,0,0.6480000000000001,0.6480000000000001,0.8
0.08385416666666667,2.6273869926714903,0.028077711664358924,3.8165406350485007,1.0,57.6875,5.895546747989267,0.05577645500230775,2627.38699267149,2009,0,walk,move_model_0.8_random,random,0.5,adaptive,8,0.015625,38,2,1,1,0.5,0.02631578947368421,0.5,1,1.0,2.292,2.7482499999999996,0,0.6480000000000001,0.6480000000000001,0.8
0.0009093915343915343,3.623987660199994,0.022487716940764776,4.093065223589159,1.0,59.291666666666664,5.954017358987406,0.02157832540637324,3623.9876601999936,2009,1,walk,move_model_0.8_random,random,0.5,adaptive,8,0.015625,42,2,0,0,0.0,0.0,0.0,0,nan,2.334,2.9149,0,0.6480000000000001,0.6480000000000001,0.8
0.25085152116402115,1.662839546920484,0.056044210561049045,3.2020751909225944,1.0,36.958333333333336,5.07006729422864,0.2152678869908304,1662.8395469204843,2009,2,walk,move_model_0.8_random,random,0.5,adaptive,8,0.015625,36,2,2,5,1.0,0.05555555555555555,1.0,2,1.0,2.458,3.6043999999999996,0,0.6480000000000001,0.6480000000000001,0.8
0.0011939718335067173,2.7752196470552613,0.028633693083438397,3.911339131180981,0.9791666666666666,53.5625,5.754297882480881,0.027439721249931676,2775.2196470552612,2009,3,walk,move_model_0.8_random,random,0.5,adaptive,8,0.015625,38,3,1,2,0.3333333333333333,0.02631578947368421,0.3333333333333333,1,1.0,2.334,2.81865,0,0.6480000000000001,0.6480000000000001,0.8
0.009671585648148148,2.168165757103145,0.07702981529288874,2.9711816533735376,1.0,29.895833333333332,4.7593582562351395,0.0673582296447406,2168.165757103146,2000,0,walk,move_model_0.8_bsp,bsp,0.1,adaptive,8,0.015625,34,2,1,11,0.5,0.029411764705882353,0.5,1,1.0,18.292,21.492099999999997,0,0.6480000000000001,0.6480000000000001,0.8
0.0035807291666666665,2.9909380360777216,0.05471650198964479,3.669572163593958,1.0,41.25,5.250337149982843,0.051135772822978126,2990.938036077721,2000,1,walk,move_model_0.8_bsp,bsp,0.1,adaptive,8,0.015625,37,2,1,5,0.5,0.02702702702702703,0.5,1,1.0,18.0835,19.6331,0,0.6480000000000001,0.6480000000000001,0.8
0.0005208333333333333,3.2242032379174983,0.05772360498267513,3.4846582465243796,1.0,36.333333333333336,5.11222500343008,0.057202771649341795,3224.203237917498,2000,2,walk,move_model_0.8_bsp,bsp,0.1,adaptive,8,0.015625,36,2,1,6,0.5,0.027777777777777776,0.5,1,1.0,18.25,19.345950000000002,0,0.6480000000000001,0.6480000000000001,0.8
0.08849826388888889,2.9877386037295763,0.048878788084620005,3.5220502318631897,1.0,43.895833333333336,5.381831741987038,0.03961947580426889,2987.738603729576,2000,3,walk,move_model_0.8_bsp,bsp,0.1,adaptive,8,0.015625,33,1,1,7,1.0,0.030303030303030304,1.0,1,1.0,18.125,18.792,0,0.6480000000000001,0.6480000000000001,0.8
0.0003255208333333333,5.236443450505548,0.043727248903241527,3.8893613175541173,0.9791666666666666,51.25,5.609966240046919,0.04340172806990819,5236.443450505542,2001,0,walk,move_model_0.8_bsp,bsp,0.1,adaptive,8,0.015625,37,2,0,1,0.0,0.0,0.0,0,1.0,18.042,18.833,0,0.6480000000000001,0.6480000000000001,0.8
0.276922123015873,1.3756494738675873,0.06492612440954289,2.970513794542755,1.0,34.083333333333336,4.9809466078876055,0.21616266527299677,1375.6494738675872,2001,1,walk,move_model_0.8_bsp,bsp,0.1,adaptive,8,0.015625,36,6,5,10,0.8333333333333334,0.1388888888888889,1.0,5,1.0,18.166,19.1601,0,0.6480000000000001,0.6480000000000001,0.8
0.041666666666666664,3.204217483595341,0.06251672061381931,3.430258309528719,0.9166666666666666,35.604166666666664,5.065298762586283,0.02085005394715264,3204.2174835953406,2001,2,walk,move_model_0.8_bsp,bsp,0.1,adaptive,8,0.015625,37,4,3,5,0.75,0.08108108108108109,1.0,3,1.0,18.104,18.80395,0,0.6480000000000001,0.6480000000000001,0.8
0.09689670138888888,3.9582977720977657,0.06600312702094303,3.4131982022336866,0.9791666666666666,31.145833333333332,4.88477039811582,0.03506024103461252,3958.297772097765,2001,3,walk,move_model_0.8_bsp,bsp,0.1,adaptive,8,0.015625,32,3,1,5,0.3333333333333333,0.03125,0.3333333333333333,1,1.0,18.311999999999998,20.495849999999997,0,0.6480000000000001,0.6480000000000001,0.8
0.008152821780593957,3.221912346610335,0.06015628948795004,3.3904404732287774,1.0,39.833333333333336,5.211064091258,0.05200346770735609,3221.912346610335,2002,0,walk,move_model_0.8_bsp,bsp,0.1,adaptive,8,0.015625,39,3,0,4,0.0,0.0,0.0,0,1.0,18.375,19.91855,0,0.6480000000000001,0.6480000000000001,0.8
0.0006510416666666666,2.6368941015645233,0.06958516380268413,3.275237927491219,1.0,35.395833333333336,4.978696322007221,0.06893412213601748,2636.8941015645228,2002,1,walk,move_model_0.8_bsp,bsp,0.1,adaptive,8,0.015625,38,5,2,8,0.4,0.05263157894736842,0.5,2,1.0,18.0,19.09145,0,0.6480000000000001,0.6480000000000001,0.8
0.2098958333333333,1.075112267707021,0.056093282533884105,3.1413721344811187,1.0,37.666666666666664,5.119408449412117,0.1538025507994492,1075.1122677070211,2002,2,walk,move_model_0.8_bsp,bsp,0.1,adaptive,8,0.015625,33,3,1,7,0.3333333333333333,0.030303030303030304,0.5,1,1.0,18.041,19.10165,0,0.6480000000000001,0.6480000000000001,0.8
0.024674479166666666,2.114386249341543,0.04396561803523691,3.5847227234084325,1.0,47.958333333333336,5.506525209876084,0.019291138868570243,2114.386249341543,2002,3,walk,move_model_0.8_bsp,bsp,0.1,adaptive,8,0.015625,39,6,4,4,0.6666666666666666,0.10256410256410256,1.0,4,1.0,17.958,21.064799999999998,0,0.6480000000000001,0.6480000000000001,0.8
0.10972814078282829,2.718657108724829,0.04995474346122244,3.6264545183729044,1.0,42.541666666666664,5.305861719379004,0.05977339732160586,2718.65710872483,2003,0,walk,move_model_0.8_bsp,bsp,0.1,adaptive,8,0.015625,35,6,3,6,0.5,0.08571428571428572,0.5,3,1.0,18.0625,19.0228,0,0.6480000000000001,0.6480000000000001,0.8
0.11987847222222221,2.296794596462941,0.056272376670736625,3.1512195144584934,1.0,35.270833333333336,5.059753132129673,0.0636060955514856,2296.7945964629403,2003,1,walk,move_model_0.8_bsp,bsp,0.1,adaptive,8,0.015625,35,4,3,5,0.75,0.08571428571428572,0.6666666666666666,3,1.0,18.166,19.7977,0,0.6480000000000001,0.6480000000000001,0.8
0.04457465277777778,2.61234058605571,0.04327794885814134,3.8002977406600364,0.9166666666666666,47.145833333333336,5.487510726235741,0.001296703919636442,2612.34058605571,2003,2,walk,move_model_0.8_bsp,bsp,0.1,adaptive,8,0.015625,33,4,2,5,0.5,0.06060606060606061,0.6666666666666666,2,1.0,18.6045,19.979049999999997,0,0.6480000000000001,0.6480000000000001,0.8
0.037760416666666664,1.9657911283209506,0.06390722296535604,3.1424043450891244,1.0,35.3125,5.034359285479815,0.026146806298689384,1965.7911283209503,2003,3,walk,move_model_0.8_bsp,bsp,0.1,adaptive,8,0.015625,40,5,3,7,0.6,0.075,0.5,3,1.0,18.2705,19.095950000000002,0,0.6480000000000001,0.6480000000000001,0.8
0.007465277777777778,1.9440320102719724,0.05911969985279605,3.326708455918702,1.0,39.125,5.1875389932689435,0.05165442207501827,1944.0320102719725,2004,0,walk,move_model_0.8_bsp,bsp,0.1,adaptive,8,0.015625,38,6,5,6,0.8333333333333334,0.13157894736842105,1.0,5,1.0,18.25,18.998250000000002,0,0.6480000000000001,0.6480000000000001,0.8
0.005425347222222221,3.6959910210799833,0.06091146813066816,3.712513261706406,0.9791666666666666,34.75,5.035772610451305,0.055486120908445936,3695.991021079984,2004,1,walk,move_model_0.8_bsp,bsp,0.1,adaptive,8,0.015625,35,4,2,8,0.5,0.05714285714285714,0.5,2,1.0,18.021,19.36875,0,0.6480000000000001,0.6480000000000001,0.8
0.10649594907407407,1.8659530841131247,0.06893986476996669,3.0156365243522685,1.0,33.541666666666664,4.9144923316318385,0.03755608430410739,1865.9530841131239,2004,2,walk,move_model_0.8_bsp,bsp,0.1,adaptive,8,0.015625,37,4,3,7,0.75,0.08108108108108109,1.0,3,1.0,18.083,18.85855,0,0.6480000000000001,0.6480000000000001,0.8
0.06438802083333334,2.2043640327616467,0.05675214760579494,3.3113061208905274,1.0,38.666666666666664,5.153762706840619,0.01180253989420507,2204.3640327616467,2004,3,walk,move_model_0.8_bsp,bsp,0.1,adaptive,8,0.015625,35,4,2,6,0.5,0.05714285714285714,0.5,2,1.0,18.3955,20.32885,0,0.6480000000000001,0.6480000000000001,0.8
0.0008463541666666667,3.2048513552627758,0.051446250619205124,3.9509003492396357,0.9166666666666666,40.666666666666664,5.283560264627002,0.050599896452538456,3204.851355262777,2005,0,walk,move_model_0.8_bsp,bsp,0.1,adaptive,8,0.015625,34,0,0,3,nan,0.0,nan,0,1.0,18.166,19.0375,0,0.6480000000000001,0.6480000000000001,0.8
0.25362413194444444,1.9565059626268217,0.06706818355219121,3.226886283110558,0.9791666666666666,32.125,4.86405886419375,0.18655594839225323,1956.5059626268223,2005,1,walk,move_model_0.8_bsp,bsp,0.1,adaptive,8,0.015625,37,4,1,7,0.25,0.02702702702702703,0.3333333333333333,1,1.0,18.25,19.1523,0,0.6480000000000001,0.6480000000000001,0.8
0.2721354166666667,4.294238385689934,0.05566581950788276,3.401977308831071,1.0,49.583333333333336,5.492300681397364,0.21646959715878392,4294.238385689935,2005,2,walk,move_model_0.8_bsp,bsp,0.1,adaptive,8,0.015625,42,5,1,2,0.2,0.023809523809523808,0.3333333333333333,1,1.0,18.25,19.26655,0,0.6480000000000001,0.6480000000000001,0.8
0.06315104166666667,3.7182013587564318,0.042967828402616294,3.6103870975765653,1.0,45.5625,5.4691790735259005,0.02018321326405037,3718.2013587564325,2005,3,walk,move_model_0.8_bsp,bsp,0.1,adaptive,8,0.015625,38,1,0,3,0.0,0.0,0.0,0,1.0,18.1455,19.05395,0,0.6480000000000001,0.6480000000000001,0.8
0.0014973958333333332,3.9934670442397358,0.04960923963287655,3.785659433054956,0.9583333333333334,42.625,5.316622516450496,0.04811184379954322,3993.4670442397387,2006,0,walk,move_model_0.8_bsp,bsp,0.1,adaptive,8,0.015625,33,7,4,9,0.5714285714285714,0.12121212121212122,1.0,4,1.0,18.146,19.25395,0,0.6480000000000001,0.6480000000000001,0.8
0.063671875,2.547797163866053,0.035405394240459534,3.7394682950955094,0.9791666666666666,49.354166666666664,5.618450421285132,0.028266480759540465,2547.7971638660542,2006,1,walk,move_model_0.8_bsp,bsp,0.1,adaptive,8,0.015625,40,5,4,5,0.8,0.1,1.0,4,1.0,18.25,20.1044,0,0.6480000000000001,0.6480000000000001,0.8
0.0484375,1.750117541251109,0.06851262635329751,2.9136903096004096,1.0,31.9375,4.881141912705617,0.05340845968663085,1750.1175412511086,2006,2,walk,move_model_0.8_bsp,bsp,0.1,adaptive,8,0.015625,35,4,1,2,0.25,0.02857142857142857,0.3333333333333333,1,1.0,18.042,19.0921,0,0.6480000000000001,0.6480000000000001,0.8
0.10894097222222222,2.432594518163581,0.05713799473601338,3.2666705262366627,1.0,37.75,5.135081255124603,0.05180297748620885,2432.594518163581,2006,3,walk,move_model_0.8_bsp,bsp,0.1,adaptive,8,0.015625,35,4,3,7,0.75,0.08571428571428572,0.6666666666666666,3,1.0,18.063000000000002,19.57325,0,0.6480000000000001,0.6480000000000001,0.8
0.0,3.7721801060941185,0.06878376894136,3.7896194426020196,0.9791666666666666,31.0625,4.860882017061295,0.06878376894136,3772.180106094116,2007,0,walk,move_model_0.8_bsp,bsp,0.1,adaptive,8,0.015625,33,2,1,6,0.5,0.030303030303030304,0.5,1,1.0,18.021,18.6751,0,0.6480000000000001,0.6480000000000001,0.8
0.0033420138888888887,2.302889334011719,0.06676741202412448,3.3041726713152832,1.0,33.916666666666664,4.953495397013777,0.06342539813523558,2302.8893340117206,2007,1,walk,move_model_0.8_bsp,bsp,0.1,adaptive,8,0.015625,36,5,2,3,0.4,0.05555555555555555,0.4,2,1.0,17.917,18.8978,0,0.6480000000000001,0.6480000000000001,0.8
0.04296875,2.830876992471959,0.05478844848878713,3.5351925923894107,1.0,42.958333333333336,5.332519944356085,0.01181969848878713,2830.8769924719604,2007,2,walk,move_model_0.8_bsp,bsp,0.1,adaptive,8,0.015625,36,2,2,4,1.0,0.05555555555555555,1.0,2,1.0,17.9375,19.1772,0,0.6480000000000001,0.6480000000000001,0.8
0.2526041666666667,1.4206662442017557,0.045926796603949105,3.2454356844524344,1.0,43.354166666666664,5.3772017741253535,0.20667737006271758,1420.6662442017557,2007,3,walk,move_model_0.8_bsp,bsp,0.1,adaptive,8,0.015625,36,2,2,4,1.0,0.05555555555555555,1.0,2,1.0,18.396,20.491449999999997,0,0.6480000000000001,0.6480000000000001,0.8
0.042317708333333336,3.0249411277226845,0.04979475646828,3.9028307437258327,0.9583333333333334,45.583333333333336,5.398997987199742,0.007477048134946669,3024.941127722684,2008,0,walk,move_model_0.8_bsp,bsp,0.1,adaptive,8,0.015625,37,3,0,3,0.0,0.0,0.0,0,1.0,18.083,19.77665,0,0.6480000000000001,0.6480000000000001,0.8
0.03081597222222222,2.0092624707418474,0.06853002955930362,2.897884200623558,1.0,31.958333333333332,4.906419036789564,0.03771405733708141,2009.262470741849,2008,1,walk,move_model_0.8_bsp,bsp,0.1,adaptive,8,0.015625,42,4,2,5,0.5,0.047619047619047616,0.6666666666666666,2,1.0,18.063000000000002,19.193649999999998,0,0.6480000000000001,0.6480000000000001,0.8
0.15112847222222223,1.9720729708152487,0.06128265663782433,3.0415765637759886,1.0,43.270833333333336,5.256160150679338,0.0898458155843979,1972.0729708152487,2008,2,walk,move_model_0.8_bsp,bsp,0.1,adaptive,8,0.015625,38,4,0,2,0.0,0.0,0.0,0,1.0,18.0415,19.0375,0,0.6480000000000001,0.6480000000000001,0.8
0.3624131944444444,1.5640475058818846,0.05120776177405283,3.4295563962639335,1.0,48.458333333333336,5.481843298916424,0.31537209933705823,1564.0475058818845,2008,3,walk,move_model_0.8_bsp,bsp,0.1,adaptive,8,0.015625,39,1,1,1,1.0,0.02564102564102564,1.0,1,1.0,17.438000000000002,18.069300000000002,0,0.6480000000000001,0.6480000000000001,0.8
0.0005208333333333333,4.249334671928718,0.043142339470254455,3.937281023885421,0.9791666666666666,50.25,5.609682110790938,0.042621506136921124,4249.334671928719,2009,0,walk,move_model_0.8_bsp,bsp,0.1,adaptive,8,0.015625,38,2,2,4,1.0,0.05263157894736842,1.0,2,1.0,17.8125,18.58125,0,0.6480000000000001,0.6480000000000001,0.8
0.2716796875,1.4955119541410513,0.031401843835436816,3.553643169757256,1.0,53.0,5.752080323932156,0.24027784366456317,1495.5119541410513,2009,1,walk,move_model_0.8_bsp,bsp,0.1,adaptive,8,0.015625,42,2,2,2,1.0,0.047619047619047616,1.0,2,1.0,18.125,19.6101,0,0.6480000000000001,0.6480000000000001,0.8
0.29251302083333336,2.080582975176483,0.06263634567836104,3.084451472367668,1.0,35.8125,5.031669350654871,0.22987667515497232,2080.582975176484,2009,2,walk,move_model_0.8_bsp,bsp,0.1,adaptive,8,0.015625,36,2,2,8,1.0,0.05555555555555555,1.0,2,1.0,18.0625,19.345950000000002,0,0.6480000000000001,0.6480000000000001,0.8
0.008119419642857144,2.6121970849971548,0.05569274602637233,3.4257048988439434,1.0,39.104166666666664,5.168155289999711,0.047573326383515184,2612.197084997154,2009,3,walk,move_model_0.8_bsp,bsp,0.1,adaptive,8,0.015625,38,3,3,6,1.0,0.07894736842105263,1.0,3,1.0,18.1455,24.40635,0,0.6480000000000001,0.6480000000000001,0.8
0.21024645969498912,1.3400986713985796,0.16261169097525818,2.694031578781033,1.0,21.708333333333332,4.030617943051736,0.16794297089638607,1340.0986713985797,2000,0,walk,legitimate_fraction_0.5_none,none,1,adaptive,8,0.015625,21,1,1,10,1.0,0.047619047619047616,1.0,1,1.0,2.4585,4.2623,0,0.6480000000000001,0.6480000000000001,0.3
0.10524354360299355,2.136981035807978,0.172451064738079,3.124517875203193,1.0,29.395833333333332,4.264225922224589,0.13252465767579172,2136.981035807979,2000,1,walk,legitimate_fraction_0.5_none,none,1,adaptive,8,0.015625,26,1,1,7,1.0,0.038461538461538464,1.0,1,1.0,2.4375,4.501849999999999,0,0.6480000000000001,0.6480000000000001,0.3
0.10416666666666667,2.264880738642439,0.2560684948568155,3.0605926545835502,0.8333333333333334,17.0,3.460831740328653,0.1612768281901488,2264.8807386424396,2000,2,walk,legitimate_fraction_0.5_none,none,1,adaptive,8,0.015625,25,2,2,6,1.0,0.08,1.0,2,1.0,2.416,2.98565,0,0.6480000000000001,0.6480000000000001,0.3
0.2098958333333333,1.1406269544171759,0.2485871286473332,2.3060848011228834,1.0,20.916666666666668,3.637686955836027,0.05119129531399996,1140.6269544171764,2000,3,walk,legitimate_fraction_0.5_none,none,1,adaptive,8,0.015625,24,0,0,11,nan,0.0,nan,0,1.0,2.375,4.679049999999998,0,0.6480000000000001,0.6480000000000001,0.3
0.6253306878306878,0.5666299611563487,0.36357247461689157,1.684940004011941,1.0,15.75,3.0587343850018835,0.2682633886845875,566.6299611563487,2001,0,walk,legitimate_fraction_0.5_none,none,1,adaptive,8,0.015625,24,2,2,10,1.0,0.08333333333333333,1.0,2,1.0,2.2705,2.6666499999999997,0,0.6480000000000001,0.6480000000000001,0.3
0.33550347222222227,1.2526503183929525,0.204618967072592,2.2810247339603373,1.0,23.083333333333332,4.026372187892981,0.15415058442633192,1252.6503183929526,2001,1,walk,legitimate_fraction_0.5_none,none,1,adaptive,8,0.015625,27,4,4,7,1.0,0.14814814814814814,1.0,4,1.0,2.209,2.542,0,0.6480000000000001,0.6480000000000001,0.3
0.25,2.0358770917170492,0.1796062279299011,2.4568476846717684,1.0,23.875,4.049399244348088,0.11460597692449491,2035.8770917170496,2001,2,walk,legitimate_fraction_0.5_none,none,1,adaptive,8,0.015625,25,3,3,8,1.0,0.12,1.0,3,1.0,2.291,2.52665,0,0.6480000000000001,0.6480000000000001,0.3
0.12737304351565187,1.8145930423551133,0.1612881797450806,2.7574114807611743,0.9791666666666666,21.9375,4.105535983356672,0.12437121816012385,1814.5930423551135,2001,3,walk,legitimate_fraction_0.5_none,none,1,adaptive,8,0.015625,25,2,2,5,1.0,0.08,1.0,2,1.0,2.208,2.58125,0,0.6480000000000001,0.6480000000000001,0.3
0.3801649305555556,0.8467441025127785,0.2770092658302897,1.9463000164045459,1.0,17.333333333333332,3.375932804568778,0.16752295802245964,846.7441025127786,2002,0,walk,legitimate_fraction_0.5_none,none,1,adaptive,8,0.015625,20,2,2,10,1.0,0.1,1.0,2,1.0,2.25,2.8705,0,0.6480000000000001,0.6480000000000001,0.3
0.4450954861111111,0.8639536014240626,0.25818959483905063,1.934256864528793,1.0,19.833333333333332,3.576340435126141,0.19323155247335044,863.9536014240626,2002,1,walk,legitimate_fraction_0.5_none,none,1,adaptive,8,0.015625,26,4,4,14,1.0,0.15384615384615385,1.0,4,1.0,2.2085,2.6226,0,0.6480000000000001,0.6480000000000001,0.3
0.31059027777777776,1.0957305744692514,0.12157251899734907,2.470110910350149,1.0,27.708333333333332,4.5030992382760475,0.18901775878042867,1095.730574469252,2002,2,walk,legitimate_fraction_0.5_none,none,1,adaptive,8,0.015625,23,1,1,6,1.0,0.043478260869565216,1.0,1,1.0,2.209,2.5,0,0.6480000000000001,0.6480000000000001,0.3
0.0012979497354497355,3.135054720460413,0.13717262092823962,3.9844349696174466,0.9791666666666666,35.625,4.6882153829540965,0.13587467119278993,3135.054720460413,2002,3,walk,legitimate_fraction_0.5_none,none,1,adaptive,8,0.015625,32,5,5,6,1.0,0.15625,1.0,5,1.0,2.209,2.5248999999999997,0,0.6480000000000001,0.6480000000000001,0.3
0.25090939153439157,1.456003719369595,0.2263415957738911,2.675731149303632,0.9583333333333334,17.916666666666668,3.6607741593120715,0.07886169836150926,1456.0037193695953,2003,0,walk,legitimate_fraction_0.5_none,none,1,adaptive,8,0.015625,23,4,4,11,1.0,0.17391304347826086,1.0,4,1.0,2.209,2.6376,0,0.6480000000000001,0.6480000000000001,0.3
0.4011284722222222,1.1636349231343877,0.29853477387121147,2.0764078597965963,0.9791666666666666,17.583333333333332,3.4009812169124083,0.22300641762015613,1163.6349231343877,2003,1,walk,legitimate_fraction_0.5_none,none,1,adaptive,8,0.015625,23,4,4,11,1.0,0.17391304347826086,1.0,4,1.0,2.25,2.48565,0,0.6480000000000001,0.6480000000000001,0.3
0.0028178418803418807,2.1049194023484312,0.11079956556588105,3.5590445728233213,1.0,36.5625,4.861216138579784,0.1079817236855392,2104.9194023484315,2003,2,walk,legitimate_fraction_0.5_none,none,1,adaptive,8,0.015625,19,2,2,5,1.0,0.10526315789473684,1.0,2,1.0,2.1875,2.4443,0,0.6480000000000001,0.6480000000000001,0.3
0.21050347222222224,1.2278064637526682,0.22066501485080128,2.4174717398432923,0.9791666666666666,14.458333333333334,3.461710956453324,0.11252220543363688,1227.8064637526684,2003,3,walk,legitimate_fraction_0.5_none,none,1,adaptive,8,0.015625,28,3,3,10,1.0,0.10714285714285714,1.0,3,1.0,2.25,2.7188499999999998,0,0.6480000000000001,0.6480000000000001,0.3
0.18802083333333333,1.5617667617056605,0.15135204811813557,2.539880872127521,1.0,19.895833333333332,4.0040943733565415,0.0972004229169809,1561.766761705661,2004,0,walk,legitimate_fraction_0.5_none,none,1,adaptive,8,0.015625,28,4,4,10,1.0,0.14285714285714285,1.0,4,1.0,2.25,2.5273,0,0.6480000000000001,0.6480000000000001,0.3
0.19397941468253968,1.2650532273850896,0.192278124735532,2.4919999670650497,1.0,21.729166666666668,4.0034233033007816,0.1859546545380252,1265.0532273850897,2004,1,walk,legitimate_fraction_0.5_none,none,1,adaptive,8,0.015625,28,3,3,10,1.0,0.10714285714285714,1.0,3,1.0,2.167,2.56655,0,0.6480000000000001,0.6480000000000001,0.3
0.21066261574074074,1.415588662952773,0.19708187566745908,2.549968569759986,1.0,20.9375,3.900111298965968,0.044647925323400284,1415.5886629527733,2004,2,walk,legitimate_fraction_0.5_none,none,1,adaptive,8,0.015625,25,1,1,6,1.0,0.04,1.0,1,1.0,2.208,2.4709499999999998,0,0.6480000000000001,0.6480000000000001,0.3
0.08663194444444444,1.7191751003258153,0.11837614660272154,2.832633251237395,1.0,28.479166666666668,4.531833804096899,0.03174420215827708,1719.1751003258153,2004,3,walk,legitimate_fraction_0.5_none,none,1,adaptive,8,0.015625,24,2,2,3,1.0,0.08333333333333333,1.0,2,1.0,2.208,2.42895,0,0.6480000000000001,0.6480000000000001,0.3
0.021164021164021163,2.486458708261072,0.12984050470160152,3.4502160439832097,0.9791666666666666,28.083333333333332,4.490489141751845,0.10867648353758035,2486.4587082610715,2005,0,walk,legitimate_fraction_0.5_none,none,1,adaptive,8,0.015625,21,0,0,7,nan,0.0,nan,0,1.0,2.2085,2.52665,0,0.6480000000000001,0.6480000000000001,0.3
0.08696263227513228,2.0876729418470954,0.158219183470671,3.0817260516360103,0.9166666666666666,19.979166666666668,3.9633769663402916,0.115728742352801,2087.6729418470945,2005,1,walk,legitimate_fraction_0.5_none,none,1,adaptive,8,0.015625,29,4,4,10,1.0,0.13793103448275862,1.0,4,1.0,2.25,2.7170999999999994,0,0.6480000000000001,0.6480000000000001,0.3
0.43818379517532063,1.92871809094084,0.4288195656784548,1.8772584877286127,1.0,18.020833333333332,2.7993777725353284,0.07318071030881163,1928.71809094084,2005,2,walk,legitimate_fraction_0.5_none,none,1,adaptive,8,0.015625,27,4,4,10,1.0,0.14814814814814814,1.0,4,1.0,2.25,2.6226,0,0.6480000000000001,0.6480000000000001,0.3
0.25068379517532063,1.7681036760676523,0.18319204067225595,2.4885807498565256,0.9791666666666666,18.291666666666668,3.8070732691193716,0.113302592514984,1768.1036760676523,2005,3,walk,legitimate_fraction_0.5_none,none,1,adaptive,8,0.015625,31,1,1,6,1.0,0.03225806451612903,1.0,1,1.0,2.209,2.542,0,0.6480000000000001,0.6480000000000001,0.3
0.1270224171539961,1.554799680503999,0.15495260722877285,2.9496006496762486,0.9166666666666666,25.666666666666668,4.204883634616641,0.06922363883626743,1554.7996805039995,2006,0,walk,legitimate_fraction_0.5_none,none,1,adaptive,8,0.015625,22,3,3,9,1.0,0.13636363636363635,1.0,3,1.0,2.25,2.5959499999999998,0,0.6480000000000001,0.6480000000000001,0.3
0.1890625,1.5213560406363111,0.16913022178324666,2.742060849563168,0.9583333333333334,21.375,4.058208746036295,0.09765474644676768,1521.3560406363115,2006,1,walk,legitimate_fraction_0.5_none,none,1,adaptive,8,0.015625,27,4,4,9,1.0,0.14814814814814814,1.0,4,1.0,2.208,2.48565,0,0.6480000000000001,0.6480000000000001,0.3
0.34010416666666665,0.7963827132435078,0.2979192753095025,2.033937157393429,1.0,19.208333333333332,3.4112829575705814,0.14436758700483907,796.3827132435077,2006,2,walk,legitimate_fraction_0.5_none,none,1,adaptive,8,0.015625,24,2,2,7,1.0,0.08333333333333333,1.0,2,1.0,2.209,2.45865,0,0.6480000000000001,0.6480000000000001,0.3
0.25225694444444446,1.3594052444696425,0.22008316609600245,2.4331636090754714,0.9791666666666666,18.666666666666668,3.731143812558582,0.08467975685498726,1359.4052444696429,2006,3,walk,legitimate_fraction_0.5_none,none,1,adaptive,8,0.015625,22,3,3,11,1.0,0.13636363636363635,1.0,3,1.0,2.167,2.40165,0,0.6480000000000001,0.6480000000000001,0.3
0.08333333333333333,2.136511494020425,0.15982835139790724,2.8553897006625113,0.9166666666666666,21.75,4.10290780897192,0.07999412163899305,2136.5114940204267,2007,0,walk,legitimate_fraction_0.5_none,none,1,adaptive,8,0.015625,16,1,1,7,1.0,0.0625,1.0,1,1.0,2.25,2.9937499999999995,0,0.6480000000000001,0.6480000000000001,0.3
0.37845643939393936,0.9126939393026046,0.2585906422690191,1.9788020957381527,0.9791666666666666,14.375,3.2764691331236118,0.21657208878628934,912.6939393026046,2007,1,walk,legitimate_fraction_0.5_none,none,1,adaptive,8,0.015625,21,3,3,12,1.0,0.14285714285714285,1.0,3,1.0,2.2295,2.542,0,0.6480000000000001,0.6480000000000001,0.3
0.11510416666666667,1.7476934293747304,0.16180582925018078,3.1601370296026334,0.9166666666666666,17.854166666666668,3.8922522861264497,0.08083497261209131,1747.6934293747308,2007,2,walk,legitimate_fraction_0.5_none,none,1,adaptive,8,0.015625,25,1,1,7,1.0,0.04,1.0,1,1.0,2.208,2.5416499999999997,0,0.6480000000000001,0.6480000000000001,0.3
0.16753472222222224,1.4517178830953388,0.1879144108015659,2.6316687665629215,1.0,20.145833333333332,3.9091002189494155,0.1235336560639534,1451.7178830953392,2007,3,walk,legitimate_fraction_0.5_none,none,1,adaptive,8,0.015625,23,1,1,7,1.0,0.043478260869565216,1.0,1,1.0,2.167,2.45625,0,0.6480000000000001,0.6480000000000001,0.3
0.36528604497354494,1.0747304789070349,0.2232306626858808,2.4490068624895396,0.9375,21.5625,3.7930491186390722,0.24922666865177426,1074.7304789070351,2008,0,walk,legitimate_fraction_0.5_none,none,1,adaptive,8,0.015625,29,3,3,6,1.0,0.10344827586206896,1.0,3,1.0,2.1455,2.4853,0,0.6480000000000001,0.6480000000000001,0.3
0.11093750000000001,1.5761684998637382,0.18078636034099946,2.593813427265094,1.0,21.416666666666668,3.9997809451288866,0.14796747473179997,1576.1684998637384,2008,1,walk,legitimate_fraction_0.5_none,none,1,adaptive,8,0.015625,29,1,1,7,1.0,0.034482758620689655,1.0,1,1.0,2.167,2.375,0,0.6480000000000001,0.6480000000000001,0.3
0.3386284722222222,1.0953928966687174,0.4349648404736694,1.6975824102877608,0.9791666666666666,14.4375,2.6178687108076697,0.12625034777373734,1095.3928966687174,2008,2,walk,legitimate_fraction_0.5_none,none,1,adaptive,8,0.015625,20,2,2,11,1.0,0.1,1.0,2,1.0,2.167,2.5,0,0.6480000000000001,0.6480000000000001,0.3
0.29982638888888885,1.5590947413610952,0.35926089920378174,2.797095075928534,0.75,10.5625,2.8191413704574,0.21510820425384547,1559.0947413610938,2008,3,walk,legitimate_fraction_0.5_none,none,1,adaptive,8,0.015625,26,1,1,8,1.0,0.038461538461538464,1.0,1,1.0,2.2085,2.9250999999999996,0,0.6480000000000001,0.6480000000000001,0.3
0.14895833333333333,1.3551024982033846,0.18965240266445962,2.277857897968608,1.0,18.770833333333332,3.811499990456172,0.0957314769484315,1355.1024982033844,2009,0,walk,legitimate_fraction_0.5_none,none,1,adaptive,8,0.015625,26,1,1,9,1.0,0.038461538461538464,1.0,1,1.0,2.25,2.65165,0,0.6480000000000001,0.6480000000000001,0.3
0.02174272486772487,3.675296825356146,0.06369049204501034,3.910590446458956,0.9166666666666666,44.4375,5.335852386817792,0.04194776717728547,3675.2968253561467,2009,1,walk,legitimate_fraction_0.5_none,none,1,adaptive,8,0.015625,31,2,2,3,1.0,0.06451612903225806,1.0,2,1.0,2.166,2.4709499999999998,0,0.6480000000000001,0.6480000000000001,0.3
0.23086169961169958,1.2831031327745106,0.19301349400648846,2.710897965858195,0.9791666666666666,26.166666666666668,4.124140699594848,0.13453622355077077,1283.1031327745106,2009,2,walk,legitimate_fraction_0.5_none,none,1,adaptive,8,0.015625,22,1,1,8,1.0,0.045454545454545456,1.0,1,1.0,2.1879999999999997,2.48565,0,0.6480000000000001,0.6480000000000001,0.3
0.09212136243386243,1.403189727588944,0.19467222084008487,2.804883105779019,0.9791666666666666,18.0,3.7912419329207583,0.13971308651153572,1403.1897275889442,2009,3,walk,legitimate_fraction_0.5_none,none,1,adaptive,8,0.015625,24,2,2,10,1.0,0.08333333333333333,1.0,2,1.0,2.167,2.48565,0,0.6480000000000001,0.6480000000000001,0.3
0.0019131263616557733,2.038550336828416,0.09355795747505014,3.253614738366027,1.0,34.645833333333336,4.844486155739337,0.09164483111339437,2038.5503368284183,2000,0,walk,legitimate_fraction_0.5_random,random,0.5,adaptive,8,0.015625,21,1,1,5,1.0,0.047619047619047616,1.0,1,1.0,2.2085,2.9124999999999996,0,0.6480000000000001,0.6480000000000001,0.3
0.08441021026966022,2.1667812853225565,0.0706778860557244,3.3903688561077403,1.0,38.875,5.140400080804016,0.013732324213935812,2166.7812853225573,2000,1,walk,legitimate_fraction_0.5_random,random,0.5,adaptive,8,0.015625,26,1,0,3,0.0,0.0,0.0,0,1.0,2.25,2.6768499999999995,0,0.6480000000000001,0.6480000000000001,0.3
0.20885416666666667,1.7517772975075994,0.17395485412970954,2.5549895453413076,1.0,21.208333333333332,3.9398302831193566,0.19461819839051578,1751.7772975076007,2000,2,walk,legitimate_fraction_0.5_random,random,0.5,adaptive,8,0.015625,25,2,2,7,1.0,0.08,1.0,2,1.0,2.208,2.4853,0,0.6480000000000001,0.6480000000000001,0.3
0.04322916666666667,2.2109653996437837,0.027524496730044635,3.9165236654255136,1.0,57.645833333333336,5.897359850828672,0.015704669936622034,2210.965399643785,2000,3,walk,legitimate_fraction_0.5_random,random,0.5,adaptive,8,0.015625,24,0,0,0,nan,0.0,nan,0,nan,2.167,2.48565,0,0.6480000000000001,0.6480000000000001,0.3
0.4169973544973545,0.7971402757864734,0.2257171551606958,2.0465058743313107,1.0,17.8125,3.670952785943776,0.22283420342665264,797.1402757864734,2001,0,walk,legitimate_fraction_0.5_random,random,0.5,adaptive,8,0.015625,24,2,2,5,1.0,0.08333333333333333,1.0,2,1.0,2.1875,2.5416499999999997,0,0.6480000000000001,0.6480000000000001,0.3
0.001736111111111111,2.920850832197747,0.06318054322121198,3.3643148223963593,1.0,36.145833333333336,5.029731206582792,0.06144443211010087,2920.850832197748,2001,1,walk,legitimate_fraction_0.5_random,random,0.5,adaptive,8,0.015625,27,4,2,4,0.5,0.07407407407407407,0.6666666666666666,2,1.0,2.333,3.0914499999999996,0,0.6480000000000001,0.6480000000000001,0.3
0.0,4.676804705003954,0.06636713454138476,3.7244153691438235,0.9791666666666666,37.520833333333336,5.130210809660984,0.06636713454138475,4676.804705003954,2001,2,walk,legitimate_fraction_0.5_random,random,0.5,adaptive,8,0.015625,25,3,0,3,0.0,0.0,0.0,0,1.0,2.208,2.5,0,0.6480000000000001,0.6480000000000001,0.3
0.024193218954248367,3.8709212485822384,0.029044483133008395,4.582179380795775,0.6041666666666666,55.791666666666664,5.858887132455859,0.004851264178760029,3870.921248582237,2001,3,walk,legitimate_fraction_0.5_random,random,0.5,adaptive,8,0.015625,25,2,1,1,0.5,0.04,0.5,1,1.0,2.25,2.9499999999999993,0,0.6480000000000001,0.6480000000000001,0.3
0.0005208333333333333,2.7635751691375265,0.07475318553545011,3.5679618856044897,0.9791666666666666,32.541666666666664,4.903936553002246,0.07423235220211678,2763.5751691375267,2002,0,walk,legitimate_fraction_0.5_random,random,0.5,adaptive,8,0.015625,20,2,0,3,0.0,0.0,0.0,0,1.0,2.1875,2.5396,0,0.6480000000000001,0.6480000000000001,0.3
0.083984375,2.254169801046454,0.13904544543125116,3.208339820268995,0.9791666666666666,34.333333333333336,4.626554029278756,0.1379594980807874,2254.1698010464543,2002,1,walk,legitimate_fraction_0.5_random,random,0.5,adaptive,8,0.015625,26,4,1,7,0.25,0.038461538461538464,0.3333333333333333,1,1.0,2.208,2.5,0,0.6480000000000001,0.6480000000000001,0.3
0.0008680555555555555,2.495863093646562,0.07175511319727128,3.6315070863813794,0.8333333333333334,29.583333333333332,4.846620277980699,0.07088705764171573,2495.8630936465615,2002,2,walk,legitimate_fraction_0.5_random,random,0.5,adaptive,8,0.015625,23,1,1,4,1.0,0.043478260869565216,1.0,1,1.0,2.2085,2.375,0,0.6480000000000001,0.6480000000000001,0.3
0.12629794973544975,1.9303411128982086,0.08671672784590011,3.2169680763861535,0.9791666666666666,36.104166666666664,4.914454858131999,0.0623872219761083,1930.3411128982095,2002,3,walk,legitimate_fraction_0.5_random,random,0.5,adaptive,8,0.015625,32,5,3,5,0.6,0.09375,0.6666666666666666,3,1.0,2.25,2.5959499999999998,0,0.6480000000000001,0.6480000000000001,0.3
0.0419973544973545,4.647693474899085,0.09111091809076709,3.631251823279213,1.0,41.479166666666664,5.134877987528107,0.06161356359341257,4647.693474899083,2003,0,walk,legitimate_fraction_0.5_random,random,0.5,adaptive,8,0.015625,23,4,3,5,0.75,0.13043478260869565,0.6666666666666666,3,1.0,2.1875,2.52665,0,0.6480000000000001,0.6480000000000001,0.3
0.24531250000000002,1.098913847173889,0.23769151007969438,2.4377649902606824,0.9583333333333334,17.145833333333332,3.615450711898165,0.15470787308060605,1098.913847173889,2003,1,walk,legitimate_fraction_0.5_random,random,0.5,adaptive,8,0.015625,23,4,2,5,0.5,0.08695652173913043,0.6666666666666666,2,1.0,2.2085,2.67895,0,0.6480000000000001,0.6480000000000001,0.3
0.004241071428571428,3.1542805294758427,0.054583488881590404,3.787488304162679,0.9791666666666666,42.020833333333336,5.326562368067454,0.050342417453018984,3154.2805294758423,2003,2,walk,legitimate_fraction_0.5_random,random,0.5,adaptive,8,0.015625,19,2,1,3,0.5,0.05263157894736842,0.5,1,1.0,2.167,2.5693,0,0.6480000000000001,0.6480000000000001,0.3
0.02378472222222222,1.5944983654105724,0.0709701813394754,3.032146642671036,1.0,37.395833333333336,5.046640434569217,0.05690827335368459,1594.4983654105733,2003,3,walk,legitimate_fraction_0.5_random,random,0.5,adaptive,8,0.015625,28,3,1,3,0.3333333333333333,0.03571428571428571,0.3333333333333333,1,1.0,2.1875,2.4443,0,0.6480000000000001,0.6480000000000001,0.3
0.002162247474747475,1.9801886526520731,0.08844915267320519,3.053019727679388,1.0,30.604166666666668,4.7222844842501726,0.08628690519845773,1980.1886526520746,2004,0,walk,legitimate_fraction_0.5_random,random,0.5,adaptive,8,0.015625,28,4,2,6,0.5,0.07142857142857142,0.6666666666666666,2,1.0,2.167,2.4433000000000002,0,0.6480000000000001,0.6480000000000001,0.3
0.08333333333333333,3.22726482027724,0.06736044609782242,3.365665245731485,0.9791666666666666,37.145833333333336,5.06956983259224,0.01657756006123841,3227.264820277241,2004,1,walk,legitimate_fraction_0.5_random,random,0.5,adaptive,8,0.015625,28,3,1,4,0.3333333333333333,0.03571428571428571,0.3333333333333333,1,1.0,2.1875,2.583,0,0.6480000000000001,0.6480000000000001,0.3
0.0625,4.496314501642351,0.0533258338656002,3.9856036261019123,0.8958333333333334,41.729166666666664,5.28681219359689,0.060221506520094496,4496.314501642353,2004,2,walk,legitimate_fraction_0.5_random,random,0.5,adaptive,8,0.015625,25,1,0,2,0.0,0.0,0.0,0,1.0,2.208,2.5119499999999997,0,0.6480000000000001,0.6480000000000001,0.3
0.0038773148148148148,2.141056986764168,0.06833259746574653,3.183186214493137,1.0,30.208333333333332,4.879417241108641,0.06445528265093173,2141.0569867641675,2004,3,walk,legitimate_fraction_0.5_random,random,0.5,adaptive,8,0.015625,24,2,1,2,0.5,0.041666666666666664,0.5,1,1.0,2.2085,2.625,0,0.6480000000000001,0.6480000000000001,0.3
0.08425925925925926,2.800471736951144,0.10518608457595062,3.9462189731351263,0.8125,30.8125,4.627211373355773,0.0591132729401142,2800.4717369511454,2005,0,walk,legitimate_fraction_0.5_random,random,0.5,adaptive,8,0.015625,21,0,0,5,nan,0.0,nan,0,1.0,2.208,2.417,0,0.6480000000000001,0.6480000000000001,0.3
0.14772652116402116,1.8524681381632695,0.07727274511305246,3.3579116768686164,0.9791666666666666,29.104166666666668,4.73886901212853,0.1255429376979724,1852.4681381632706,2005,1,walk,legitimate_fraction_0.5_random,random,0.5,adaptive,8,0.015625,29,4,2,5,0.5,0.06896551724137931,0.6666666666666666,2,1.0,2.2295,2.48565,0,0.6480000000000001,0.6480000000000001,0.3
0.25068379517532063,1.7793103227063856,0.22245549531424144,2.192202816129585,1.0,24.1875,3.776303506901997,0.09873983111145539,1779.310322706386,2005,2,walk,legitimate_fraction_0.5_random,random,0.5,adaptive,8,0.015625,27,4,2,4,0.5,0.07407407407407407,0.5,2,1.0,2.1875,2.58125,0,0.6480000000000001,0.6480000000000001,0.3
0.0006837951753205989,3.413788701176746,0.053091790959133335,3.6229377333151285,1.0,41.333333333333336,5.266420504903409,0.05240799578381274,3413.7887011767466,2005,3,walk,legitimate_fraction_0.5_random,random,0.5,adaptive,8,0.015625,31,1,0,2,0.0,0.0,0.0,0,1.0,2.167,2.5273,0,0.6480000000000001,0.6480000000000001,0.3
0.0009259259259259259,4.23599228072302,0.08324690577189031,3.8859179909125223,0.8333333333333334,41.375,5.066038227453913,0.08232097984596437,4235.9922807230205,2006,0,walk,legitimate_fraction_0.5_random,random,0.5,adaptive,8,0.015625,22,3,1,7,0.3333333333333333,0.045454545454545456,0.3333333333333333,1,1.0,2.1875,2.4853,0,0.6480000000000001,0.6480000000000001,0.3
0.15434027777777778,1.5821242231002115,0.09279323287691016,3.41623801374727,0.9583333333333334,30.520833333333332,4.768436360490466,0.13496922737028216,1582.1242231002122,2006,1,walk,legitimate_fraction_0.5_random,random,0.5,adaptive,8,0.015625,27,4,1,2,0.25,0.037037037037037035,0.3333333333333333,1,1.0,2.1665,2.6226,0,0.6480000000000001,0.6480000000000001,0.3
0.05885416666666667,2.1230044808084547,0.06518617490511183,3.355932319596454,1.0,40.083333333333336,5.119996267877911,0.018387743137485164,2123.0044808084554,2006,2,walk,legitimate_fraction_0.5_random,random,0.5,adaptive,8,0.015625,24,2,1,4,0.5,0.041666666666666664,0.5,1,1.0,2.167,2.5416499999999997,0,0.6480000000000001,0.6480000000000001,0.3
0.12586805555555555,2.844914821150607,0.07272227877910041,3.225891629054176,1.0,31.229166666666668,4.902944789400152,0.053145776776455156,2844.9148211506053,2006,3,walk,legitimate_fraction_0.5_random,random,0.5,adaptive,8,0.015625,22,3,2,5,0.6666666666666666,0.09090909090909091,0.6666666666666666,2,1.0,2.292,3.240999999999999,0,0.6480000000000001,0.6480000000000001,0.3
0.20833333333333334,2.2277484268070076,0.1302019230766772,3.036817152462382,0.9791666666666666,26.166666666666668,4.322160236318582,0.11051548260932094,2227.748426807008,2007,0,walk,legitimate_fraction_0.5_random,random,0.5,adaptive,8,0.015625,16,1,1,4,1.0,0.0625,1.0,1,1.0,2.25,2.52665,0,0.6480000000000001,0.6480000000000001,0.3
0.003456439393939394,1.9908945009827024,0.0857838539857478,3.3358593621006243,0.9583333333333334,35.1875,4.900464867971649,0.08232741459180841,1990.894500982704,2007,1,walk,legitimate_fraction_0.5_random,random,0.5,adaptive,8,0.015625,21,3,1,4,0.3333333333333333,0.047619047619047616,0.3333333333333333,1,1.0,2.1875,2.4705999999999997,0,0.6480000000000001,0.6480000000000001,0.3
0.0,2.6380107946101035,0.05169418172549437,3.7653098927292183,1.0,42.041666666666664,5.332166220892808,0.05169418172549437,2638.0107946101025,2007,2,walk,legitimate_fraction_0.5_random,random,0.5,adaptive,8,0.015625,25,1,0,1,0.0,0.0,0.0,0,1.0,2.166,2.4146,0,0.6480000000000001,0.6480000000000001,0.3
0.2118410244922342,1.408234365232839,0.1740267299255797,2.398307952685634,1.0,18.875,3.8603855157201643,0.07784866234466198,1408.23436523284,2007,3,walk,legitimate_fraction_0.5_random,random,0.5,adaptive,8,0.015625,23,1,1,6,1.0,0.043478260869565216,1.0,1,1.0,2.208,2.6334499999999994,0,0.6480000000000001,0.6480000000000001,0.3
0.08403604497354498,3.044343614160512,0.1250519889295785,3.236009522486899,0.9375,28.208333333333332,4.540000816318651,0.041015943956033536,3044.343614160511,2008,0,walk,legitimate_fraction_0.5_random,random,0.5,adaptive,8,0.015625,29,3,1,5,0.3333333333333333,0.034482758620689655,0.5,1,1.0,2.167,2.55395,0,0.6480000000000001,0.6480000000000001,0.3
0.021354166666666664,2.8741791764151094,0.07534933959181304,3.1231428389603533,1.0,33.25,4.88741198064312,0.05399517292514639,2874.17917641511,2008,1,walk,legitimate_fraction_0.5_random,random,0.5,adaptive,8,0.015625,29,1,0,3,0.0,0.0,0.0,0,1.0,2.208,2.45625,0,0.6480000000000001,0.6480000000000001,0.3
0.3333333333333333,2.8541604147467035,0.1505731074914334,2.8847830745996976,1.0,31.770833333333332,4.464949004612451,0.23263016848298942,2854.160414746703,2008,2,walk,legitimate_fraction_0.5_random,random,0.5,adaptive,8,0.015625,20,2,1,6,0.5,0.05,0.5,1,1.0,2.167,2.4976,0,0.6480000000000001,0.6480000000000001,0.3
0.021354166666666664,3.272763059087296,0.11004486758096389,3.448401125823956,0.8958333333333334,25.270833333333332,4.419942620266489,0.08869070091429722,3272.7630590872936,2008,3,walk,legitimate_fraction_0.5_random,random,0.5,adaptive,8,0.015625,26,1,0,3,0.0,0.0,0.0,0,1.0,2.208,2.45865,0,0.6480000000000001,0.6480000000000001,0.3
0.12552083333333333,2.1589651467491526,0.03193523822648809,3.651068177229368,1.0,57.0,5.84415659039412,0.09358559510684526,2158.965146749153,2009,0,walk,legitimate_fraction_0.5_random,random,0.5,adaptive,8,0.015625,26,1,1,1,1.0,0.038461538461538464,1.0,1,1.0,2.167,2.5959499999999998,0,0.6480000000000001,0.6480000000000001,0.3
0.12590939153439154,1.5367749051039512,0.06111151897074718,3.2727628342714232,1.0,38.895833333333336,5.14544212039893,0.06479787256364435,1536.7749051039518,2009,1,walk,legitimate_fraction_0.5_random,random,0.5,adaptive,8,0.015625,31,2,0,3,0.0,0.0,0.0,0,1.0,2.208,2.4709499999999998,0,0.6480000000000001,0.6480000000000001,0.3
0.14752836627836627,2.8306508125413266,0.10659806956528363,3.358622636990516,0.9791666666666666,29.3125,4.5688168695584,0.10309835568209565,2830.650812541326,2009,2,walk,legitimate_fraction_0.5_random,random,0.5,adaptive,8,0.015625,22,1,1,5,1.0,0.045454545454545456,1.0,1,1.0,2.167,2.5126,0,0.6480000000000001,0.6480000000000001,0.3
0.14800347222222224,1.6744553065636245,0.06995214544451848,3.2628013288916606,0.9791666666666666,31.416666666666668,4.912549809234826,0.09193870110362627,1674.4553065636255,2009,3,walk,legitimate_fraction_0.5_random,random,0.5,adaptive,8,0.015625,24,2,1,3,0.5,0.041666666666666664,0.5,1,1.0,2.1665,2.4443,0,0.6480000000000001,0.6480000000000001,0.3
0.004123263888888889,2.251759449325976,0.08737729789682909,2.8473993682215037,1.0,21.0,4.335380064128482,0.08325403400794021,2251.7594493259753,2000,0,walk,legitimate_fraction_0.5_bsp,bsp,0.1,adaptive,8,0.015625,21,1,0,21,0.0,0.0,0.0,0,1.0,17.5,19.987299999999998,0,0.6480000000000001,0.6480000000000001,0.3
0.04381510416666667,2.8305522193018935,0.06815364345178135,3.4427163858917846,0.9583333333333334,33.520833333333336,4.8964991000750375,0.02433853928511469,2830.552219301893,2000,1,walk,legitimate_fraction_0.5_bsp,bsp,0.1,adaptive,8,0.015625,26,1,0,10,0.0,0.0,0.0,0,1.0,17.313000000000002,18.460199999999997,0,0.6480000000000001,0.6480000000000001,0.3
0.0,2.7552272190017213,0.0836878902032191,2.939459849181445,0.9791666666666666,23.125,4.4324266338839395,0.0836878902032191,2755.2272190017234,2000,2,walk,legitimate_fraction_0.5_bsp,bsp,0.1,adaptive,8,0.015625,25,2,1,13,0.5,0.04,0.5,1,1.0,17.167,17.845950000000002,0,0.6480000000000001,0.6480000000000001,0.3
0.0015625000000000003,2.4176188964157013,0.07211446477068371,3.6592979957026226,0.9166666666666666,33.291666666666664,4.901834482418639,0.0705519647706837,2417.6188964157004,2000,3,walk,legitimate_fraction_0.5_bsp,bsp,0.1,adaptive,8,0.015625,24,0,0,6,nan,0.0,nan,0,1.0,17.167,17.98565,0,0.6480000000000001,0.6480000000000001,0.3
0.25381221064814813,1.5451977065264995,0.07986903799761651,2.7163063630595494,1.0,22.604166666666668,4.423417695645594,0.17394317265053164,1545.1977065264994,2001,0,walk,legitimate_fraction_0.5_bsp,bsp,0.1,adaptive,8,0.015625,24,2,0,16,0.0,0.0,0.0,0,1.0,17.25,17.7353,0,0.6480000000000001,0.6480000000000001,0.3
0.1271701388888889,1.8904594850042666,0.07932957079607779,3.006209824622729,1.0,28.166666666666668,4.701876015802733,0.0478405680928111,1890.459485004268,2001,1,walk,legitimate_fraction_0.5_bsp,bsp,0.1,adaptive,8,0.015625,27,4,3,13,0.75,0.1111111111111111,0.6666666666666666,3,1.0,17.2085,17.7353,0,0.6480000000000001,0.6480000000000001,0.3
0.125,2.911867212540562,0.07953027424460143,3.107418580244355,1.0,29.416666666666668,4.7364679966847625,0.049636392422065245,2911.8672125405615,2001,2,walk,legitimate_fraction_0.5_bsp,bsp,0.1,adaptive,8,0.015625,25,3,1,12,0.3333333333333333,0.04,1.0,1,1.0,17.084,17.6796,0,0.6480000000000001,0.6480000000000001,0.3
0.1476779513888889,1.8618340738193957,0.08605955712442671,2.8588853165136023,0.9791666666666666,24.9375,4.491429153153657,0.06995172759779553,1861.8340738193963,2001,3,walk,legitimate_fraction_0.5_bsp,bsp,0.1,adaptive,8,0.015625,25,2,0,14,0.0,0.0,0.0,0,1.0,17.1045,18.49165,0,0.6480000000000001,0.6480000000000001,0.3
0.1275607638888889,2.1712847579105494,0.07800157598638681,3.281906298290782,1.0,30.208333333333332,4.755502963095936,0.06205918790250207,2171.2847579105496,2002,0,walk,legitimate_fraction_0.5_bsp,bsp,0.1,adaptive,8,0.015625,20,2,0,10,0.0,0.0,0.0,0,1.0,17.25,19.6648,0,0.6480000000000001,0.6480000000000001,0.3
0.18033854166666666,1.8016659831279809,0.07496118549248697,2.9220585625202244,1.0,31.333333333333332,4.745781843619917,0.1053773561741797,1801.665983127982,2002,1,walk,legitimate_fraction_0.5_bsp,bsp,0.1,adaptive,8,0.015625,26,4,2,14,0.5,0.07692307692307693,0.6666666666666666,2,1.0,17.8955,24.093849999999996,0,0.6480000000000001,0.6480000000000001,0.3
0.18559027777777778,1.111463178849566,0.07998321832129347,2.7662266861452047,1.0,29.083333333333332,4.693438209376892,0.10560705945648431,1111.4631788495656,2002,2,walk,legitimate_fraction_0.5_bsp,bsp,0.1,adaptive,8,0.015625,23,1,1,13,1.0,0.043478260869565216,1.0,1,1.0,17.875500000000002,21.892,0,0.6480000000000001,0.6480000000000001,0.3
0.0018229166666666665,2.1609952607018186,0.06385866772490638,3.2988221235932573,1.0,37.791666666666664,5.108461956946141,0.0620357510582397,2160.99526070182,2002,3,walk,legitimate_fraction_0.5_bsp,bsp,0.1,adaptive,8,0.015625,32,5,2,5,0.4,0.0625,0.6666666666666666,2,1.0,17.4375,19.2273,0,0.6480000000000001,0.6480000000000001,0.3
0.0008463541666666667,2.2107625320419175,0.06879524341372671,3.2006551090086677,1.0,34.1875,4.925957649291558,0.06794888924706004,2210.762532041918,2003,0,walk,legitimate_fraction_0.5_bsp,bsp,0.1,adaptive,8,0.015625,23,4,2,15,0.5,0.08695652173913043,0.3333333333333333,2,1.0,17.333,17.98355,0,0.6480000000000001,0.6480000000000001,0.3
0.017447916666666664,3.0871291581435742,0.0846844926819355,2.964173279977356,0.9791666666666666,20.916666666666668,4.381450637542937,0.06723657601526882,3087.129158143573,2003,1,walk,legitimate_fraction_0.5_bsp,bsp,0.1,adaptive,8,0.015625,23,4,2,18,0.5,0.08695652173913043,0.6666666666666666,2,1.0,17.186999999999998,18.12225,0,0.6480000000000001,0.6480000000000001,0.3
0.005164930555555555,3.9293002415013407,0.08486864914367447,3.5720786352510845,1.0,28.333333333333332,4.685194779797174,0.07970371858811891,3929.3002415013416,2003,2,walk,legitimate_fraction_0.5_bsp,bsp,0.1,adaptive,8,0.015625,19,2,1,16,0.5,0.05263157894736842,0.5,1,1.0,17.125,18.2581,0,0.6480000000000001,0.6480000000000001,0.3
0.0021701388888888886,3.5482971680475264,0.08844083690085296,3.602842527037247,0.8125,22.229166666666668,4.463356518529392,0.08627069801196403,3548.297168047524,2003,3,walk,legitimate_fraction_0.5_bsp,bsp,0.1,adaptive,8,0.015625,28,3,1,11,0.3333333333333333,0.03571428571428571,0.3333333333333333,1,1.0,17.375,19.02665,0,0.6480000000000001,0.6480000000000001,0.3
0.042187499999999996,2.371608418601457,0.07872796158242255,3.2696672977855594,1.0,30.6875,4.769716743083696,0.03654046158242256,2371.6084186014564,2004,0,walk,legitimate_fraction_0.5_bsp,bsp,0.1,adaptive,8,0.015625,28,4,4,7,1.0,0.14285714285714285,1.0,4,1.0,17.166,18.1523,0,0.6480000000000001,0.6480000000000001,0.3
0.06792534722222222,3.527118352067076,0.07978880573703653,3.3934939850355055,0.9583333333333334,25.416666666666668,4.578125962823474,0.011863458514814303,3527.118352067078,2004,1,walk,legitimate_fraction_0.5_bsp,bsp,0.1,adaptive,8,0.015625,28,3,2,12,0.6666666666666666,0.07142857142857142,0.6666666666666666,2,1.0,17.25,18.30395,0,0.6480000000000001,0.6480000000000001,0.3
0.02316261574074074,1.6648372291607398,0.07845703944900208,2.926344703011663,1.0,28.854166666666668,4.670804113926343,0.05529442370826134,1664.8372291607395,2004,2,walk,legitimate_fraction_0.5_bsp,bsp,0.1,adaptive,8,0.015625,25,1,1,11,1.0,0.04,1.0,1,1.0,17.125,18.123250000000002,0,0.6480000000000001,0.6480000000000001,0.3
0.003298611111111111,2.311318808985409,0.08686099582591877,2.963685699638406,1.0,24.375,4.475202658727168,0.08356238471480765,2311.318808985408,2004,3,walk,legitimate_fraction_0.5_bsp,bsp,0.1,adaptive,8,0.015625,24,2,0,11,0.0,0.0,0.0,0,1.0,17.208,17.6646,0,0.6480000000000001,0.6480000000000001,0.3
0.0419921875,2.20718490886915,0.07660319616640433,3.4300647327978644,0.9166666666666666,29.770833333333332,4.760511121771562,0.034611008666404326,2207.184908869152,2005,0,walk,legitimate_fraction_0.5_bsp,bsp,0.1,adaptive,8,0.015625,21,0,0,8,nan,0.0,nan,0,1.0,17.5,24.08519999999999,0,0.6480000000000001,0.6480000000000001,0.3
0.003624131944444444,3.1701756643521612,0.08280647636114566,3.432990208753828,0.9583333333333334,25.0,4.545209967730328,0.07918234441670122,3170.17566435216,2005,1,walk,legitimate_fraction_0.5_bsp,bsp,0.1,adaptive,8,0.015625,29,4,0,12,0.0,0.0,0.0,0,1.0,17.3335,19.3068,0,0.6480000000000001,0.6480000000000001,0.3
0.12630208333333334,4.831463314115009,0.08246556828370628,3.1634207894574886,1.0,34.5625,4.924436269626418,0.043836515049627066,4831.463314115009,2005,2,walk,legitimate_fraction_0.5_bsp,bsp,0.1,adaptive,8,0.015625,27,4,0,6,0.0,0.0,0.0,0,1.0,17.25,18.960199999999997,0,0.6480000000000001,0.6480000000000001,0.3
0.06315104166666667,4.12045263256644,0.06956806957115959,3.989886248897355,0.8541666666666666,37.3125,5.07480521685559,0.006417027904492916,4120.452632566441,2005,3,walk,legitimate_fraction_0.5_bsp,bsp,0.1,adaptive,8,0.015625,31,1,0,5,0.0,0.0,0.0,0,1.0,17.3335,18.970950000000002,0,0.6480000000000001,0.6480000000000001,0.3
0.0014973958333333332,2.219672754311411,0.07139447181875394,3.217360112791095,1.0,37.8125,5.018495100397807,0.06989707598542061,2219.6727543114116,2006,0,walk,legitimate_fraction_0.5_bsp,bsp,0.1,adaptive,8,0.015625,22,3,3,10,1.0,0.13636363636363635,1.0,3,1.0,17.3955,19.7501,0,0.6480000000000001,0.6480000000000001,0.3
0.022395833333333334,1.9836291010476461,0.08749404860102618,2.806624201401705,0.9791666666666666,20.875,4.3293974342245125,0.06509821526769284,1983.6291010476464,2006,1,walk,legitimate_fraction_0.5_bsp,bsp,0.1,adaptive,8,0.015625,27,4,1,14,0.25,0.037037037037037035,0.3333333333333333,1,1.0,17.459,19.38795,0,0.6480000000000001,0.6480000000000001,0.3
0.006770833333333333,2.0475540317973997,0.0802058866323922,2.9467258675308923,1.0,24.541666666666668,4.530205450584806,0.07343505329905888,2047.5540317974003,2006,2,walk,legitimate_fraction_0.5_bsp,bsp,0.1,adaptive,8,0.015625,24,2,1,13,0.5,0.041666666666666664,0.5,1,1.0,17.25,18.371499999999997,0,0.6480000000000001,0.6480000000000001,0.3
0.061024305555555554,2.7862708210566756,0.07422057492050878,2.9715170422266564,1.0,25.166666666666668,4.545598608544878,0.013196269364953226,2786.2708210566757,2006,3,walk,legitimate_fraction_0.5_bsp,bsp,0.1,adaptive,8,0.015625,22,3,1,10,0.3333333333333333,0.045454545454545456,0.3333333333333333,1,1.0,17.4375,19.3772,0,0.6480000000000001,0.6480000000000001,0.3
0.020833333333333332,3.3735974800019424,0.08977438909197555,3.723995663069173,1.0,27.479166666666668,4.6608024604840885,0.06894105575864222,3373.5974800019408,2007,0,walk,legitimate_fraction_0.5_bsp,bsp,0.1,adaptive,8,0.015625,16,1,1,12,1.0,0.0625,1.0,1,1.0,17.208,17.78925,0,0.6480000000000001,0.6480000000000001,0.3
0.006770833333333333,2.0543139476412624,0.08548142390907376,2.906947493207158,1.0,29.1875,4.6987700826800936,0.07871059057574042,2054.3139476412634,2007,1,walk,legitimate_fraction_0.5_bsp,bsp,0.1,adaptive,8,0.015625,21,3,1,11,0.3333333333333333,0.047619047619047616,0.3333333333333333,1,1.0,17.1045,17.8603,0,0.6480000000000001,0.6480000000000001,0.3
0.0005208333333333333,2.32508426564539,0.08589858965560758,3.2400406121910508,0.9791666666666666,21.25,4.384365514692733,0.08537775632227423,2325.0842656453906,2007,2,walk,legitimate_fraction_0.5_bsp,bsp,0.1,adaptive,8,0.015625,25,1,1,13,1.0,0.04,1.0,1,1.0,17.167,17.666,0,0.6480000000000001,0.6480000000000001,0.3
0.16753472222222224,1.329802507374189,0.08582460275635655,2.544194065559933,1.0,21.125,4.340391336636503,0.08587678613253236,1329.8025073741894,2007,3,walk,legitimate_fraction_0.5_bsp,bsp,0.1,adaptive,8,0.015625,23,1,1,16,1.0,0.043478260869565216,1.0,1,1.0,17.125,17.83125,0,0.6480000000000001,0.6480000000000001,0.3
0.083984375,3.345588041706414,0.06561746202038997,4.15239027631106,0.8541666666666666,36.4375,5.027239324146815,0.018366912979610035,3345.588041706416,2008,0,walk,legitimate_fraction_0.5_bsp,bsp,0.1,adaptive,8,0.015625,29,3,0,6,0.0,0.0,0.0,0,1.0,17.1665,19.0397,0,0.6480000000000001,0.6480000000000001,0.3
0.004774305555555555,3.558333688098429,0.08532897884234976,3.282491209551621,0.9375,20.708333333333332,4.367196048065703,0.0805546732867942,3558.3336880984293,2008,1,walk,legitimate_fraction_0.5_bsp,bsp,0.1,adaptive,8,0.015625,29,1,0,11,0.0,0.0,0.0,0,1.0,17.3125,18.829150000000002,0,0.6480000000000001,0.6480000000000001,0.3
0.15112847222222223,1.935095377637128,0.08247986136569056,2.823449572104836,1.0,25.875,4.530834372018378,0.06864861085653165,1935.095377637128,2008,2,walk,legitimate_fraction_0.5_bsp,bsp,0.1,adaptive,8,0.015625,20,2,0,20,0.0,0.0,0.0,0,1.0,17.083,18.5477,0,0.6480000000000001,0.6480000000000001,0.3
0.5,1.3144662659509092,0.08415411331803485,2.806304545853856,1.0,23.291666666666668,4.456258987366781,0.4325125533486318,1314.4662659509097,2008,3,walk,legitimate_fraction_0.5_bsp,bsp,0.1,adaptive,8,0.015625,26,1,0,10,0.0,0.0,0.0,0,1.0,17.125,17.7206,0,0.6480000000000001,0.6480000000000001,0.3
0.10729166666666667,2.4679426896462076,0.0837606534641347,3.0475585667009955,1.0,25.5,4.525174539124029,0.02353101320253198,2467.942689646208,2009,0,walk,legitimate_fraction_0.5_bsp,bsp,0.1,adaptive,8,0.015625,26,1,1,11,1.0,0.038461538461538464,1.0,1,1.0,17.1665,18.1068,0,0.6480000000000001,0.6480000000000001,0.3
0.0003255208333333333,3.058981306416255,0.07060087625748313,4.263879210917692,0.75,39.1875,5.14860861386009,0.0702753554241498,3058.9813064162568,2009,1,walk,legitimate_fraction_0.5_bsp,bsp,0.1,adaptive,8,0.015625,31,2,2,6,1.0,0.06451612903225806,1.0,2,1.0,17.1455,17.85855,0,0.6480000000000001,0.6480000000000001,0.3
0.17450086805555554,2.753448138084607,0.0745069604544951,3.848513031259092,0.8541666666666666,34.541666666666664,4.939262002000214,0.09999390760106043,2753.448138084607,2009,2,walk,legitimate_fraction_0.5_bsp,bsp,0.1,adaptive,8,0.015625,22,1,1,11,1.0,0.045454545454545456,1.0,1,1.0,17.084,17.9272,0,0.6480000000000001,0.6480000000000001,0.3
0.008695023148148148,1.9649347839748745,0.09031328866593212,2.815164392494627,1.0,24.770833333333332,4.530604979037688,0.08161826551778396,1964.9347839748746,2009,3,walk,legitimate_fraction_0.5_bsp,bsp,0.1,adaptive,8,0.015625,24,2,1,13,0.5,0.041666666666666664,0.5,1,1.0,17.125,18.23145,0,0.6480000000000001,0.6480000000000001,0.3
0.1472610952983344,1.8665093802922248,0.06320037889624812,3.158163452671038,1.0,39.666666666666664,5.170307166154129,0.10680537060030658,1866.5093802922256,2000,0,walk,legitimate_fraction_0.9_none,none,1,adaptive,8,0.015625,44,3,3,4,1.0,0.06818181818181818,1.0,3,1.0,2.792,5.852299999999999,0,0.6480000000000001,0.6480000000000001,0.3
0.10524354360299355,2.0256535167748724,0.16583669327197834,2.9524874266857215,1.0,28.395833333333332,4.32306101011801,0.09835258274964938,2025.6535167748732,2000,1,walk,legitimate_fraction_0.9_none,none,1,adaptive,8,0.015625,44,4,4,6,1.0,0.09090909090909091,1.0,4,1.0,3.1665,12.202399999999999,0,0.6480000000000001,0.6480000000000001,0.3
0.1822730654761905,1.5639365917104866,0.1765423879661099,3.0479108617227166,0.8333333333333334,18.895833333333332,3.844370474570946,0.23232253495979802,1563.936591710486,2000,2,walk,legitimate_fraction_0.9_none,none,1,adaptive,8,0.015625,44,5,5,8,1.0,0.11363636363636363,1.0,5,1.0,2.292,2.78925,0,0.6480000000000001,0.6480000000000001,0.3
0.08401712850865393,4.159816020980704,0.06598087749050317,3.957445955632069,0.8541666666666666,40.333333333333336,5.205373158382323,0.06398157513598189,4159.816020980706,2000,3,walk,legitimate_fraction_0.9_none,none,1,adaptive,8,0.015625,44,5,5,5,1.0,0.11363636363636363,1.0,5,1.0,2.458,4.5432,0,0.6480000000000001,0.6480000000000001,0.3
0.47985046184198726,0.7398136817558122,0.19880911910616203,2.2136802585962756,1.0,21.666666666666668,3.953473840130321,0.3189498572650769,739.8136817558124,2001,0,walk,legitimate_fraction_0.9_none,none,1,adaptive,8,0.015625,43,2,2,3,1.0,0.046511627906976744,1.0,2,1.0,2.25,2.7353,0,0.6480000000000001,0.6480000000000001,0.3
0.11025545634920635,1.3999983391188007,0.09588942756136302,2.8647301904226405,0.9791666666666666,26.479166666666668,4.5526785812197295,0.07242372712045139,1399.9983391188005,2001,1,walk,legitimate_fraction_0.9_none,none,1,adaptive,8,0.015625,41,6,6,8,1.0,0.14634146341463414,1.0,6,1.0,2.209,2.7896,0,0.6480000000000001,0.6480000000000001,0.3
0.35716638685388685,1.648681955020671,0.144972681585158,2.577998149683879,1.0,25.583333333333332,4.35897316759766,0.23295284577170816,1648.6819550206712,2001,2,walk,legitimate_fraction_0.9_none,none,1,adaptive,8,0.015625,44,6,6,6,1.0,0.13636363636363635,1.0,6,1.0,2.25,2.69365,0,0.6480000000000001,0.6480000000000001,0.3
0.2732063768489852,1.9660282829124924,0.23770637520250795,2.4052257584906163,0.9583333333333334,17.0,3.5453542098363546,0.1595360750979434,1966.0282829124928,2001,3,walk,legitimate_fraction_0.9_none,none,1,adaptive,8,0.015625,43,7,7,9,1.0,0.16279069767441862,1.0,7,1.0,2.229,2.7727999999999997,0,0.6480000000000001,0.6480000000000001,0.3
0.22916666666666666,1.9018948324684546,0.24615161587711734,2.711341118475213,0.9375,23.104166666666668,3.8136366220236386,0.1056481485703666,1901.8948324684554,2002,0,walk,legitimate_fraction_0.9_none,none,1,adaptive,8,0.015625,40,3,3,8,1.0,0.075,1.0,3,1.0,2.25,2.6351999999999998,0,0.6480000000000001,0.6480000000000001,0.3
0.042317708333333336,1.5024257873402664,0.13309178969224134,2.556254833500458,1.0,20.8125,4.088939051803486,0.09077408135890798,1502.4257873402673,2002,1,walk,legitimate_fraction_0.9_none,none,1,adaptive,8,0.015625,45,5,5,6,1.0,0.1111111111111111,1.0,5,1.0,2.125,2.4978999999999996,0,0.6480000000000001,0.6480000000000001,0.3
0.27383680555555556,1.0150160922326705,0.14273714015433023,2.7113405622899323,1.0,28.166666666666668,4.456886150591013,0.21013286852622529,1015.0160922326709,2002,2,walk,legitimate_fraction_0.9_none,none,1,adaptive,8,0.015625,41,5,5,6,1.0,0.12195121951219512,1.0,5,1.0,2.2085,2.5273,0,0.6480000000000001,0.6480000000000001,0.3
0.14713128306878306,2.2777736253418617,0.11754068947794716,3.1004764112566576,0.9791666666666666,30.895833333333332,4.58621647174581,0.07956136234042456,2277.773625341862,2002,3,walk,legitimate_fraction_0.9_none,none,1,adaptive,8,0.015625,40,6,6,8,1.0,0.15,1.0,6,1.0,2.166,2.6369499999999997,0,0.6480000000000001,0.6480000000000001,0.3
0.16352513227513227,1.6650266609362905,0.28987639412121,2.6873972754560786,0.9375,17.375,3.404904262219855,0.1607262618460777,1665.0266609362905,2003,0,walk,legitimate_fraction_0.9_none,none,1,adaptive,8,0.015625,42,7,7,10,1.0,0.16666666666666666,1.0,7,1.0,2.125,2.55395,0,0.6480000000000001,0.6480000000000001,0.3
0.3753720238095238,1.5126976205711065,0.2247932959104998,2.342557701646078,0.9791666666666666,21.145833333333332,3.8456464914475483,0.22660920369764426,1512.6976205711069,2003,1,walk,legitimate_fraction_0.9_none,none,1,adaptive,8,0.015625,43,5,5,7,1.0,0.11627906976744186,1.0,5,1.0,2.208,2.5126,0,0.6480000000000001,0.6480000000000001,0.3
0.10542438799017746,2.1459395419451783,0.1349496251254144,3.2052963282933766,0.9791666666666666,33.4375,4.638131753056276,0.06323423092639623,2145.93954194518,2003,2,walk,legitimate_fraction_0.9_none,none,1,adaptive,8,0.015625,42,6,6,6,1.0,0.14285714285714285,1.0,6,1.0,2.25,3.0914499999999996,0,0.6480000000000001,0.6480000000000001,0.3
0.04774305555555556,1.8010493081897272,0.24845845335474917,2.7384064831244417,1.0,15.125,3.423575592756523,0.2007153977991936,1801.0493081897284,2003,3,walk,legitimate_fraction_0.9_none,none,1,adaptive,8,0.015625,44,6,6,8,1.0,0.13636363636363635,1.0,6,1.0,2.167,2.5959499999999998,0,0.6480000000000001,0.6480000000000001,0.3
0.0011761964886964887,1.9523130244285698,0.12206728026222802,2.734732217488661,1.0,24.229166666666668,4.321448261007198,0.12089108377353157,1952.3130244285712,2004,0,walk,legitimate_fraction_0.9_none,none,1,adaptive,8,0.015625,46,7,7,8,1.0,0.15217391304347827,1.0,7,1.0,2.292,2.8732499999999996,0,0.6480000000000001,0.6480000000000001,0.3
0.13147941468253968,1.5747179957819284,0.1462502306933403,2.745751241892773,1.0,26.25,4.333431028212515,0.13099392064419674,1574.7179957819283,2004,1,walk,legitimate_fraction_0.9_none,none,1,adaptive,8,0.015625,42,6,6,8,1.0,0.14285714285714285,1.0,6,1.0,2.333,3.2293999999999996,0,0.6480000000000001,0.6480000000000001,0.3
0.02316261574074074,2.7458709200549465,0.0913757802720515,3.220637031031338,1.0,29.729166666666668,4.6436982402355,0.06821316453131072,2745.870920054945,2004,2,walk,legitimate_fraction_0.9_none,none,1,adaptive,8,0.015625,44,4,4,6,1.0,0.09090909090909091,1.0,4,1.0,2.396,3.6142499999999993,0,0.6480000000000001,0.6480000000000001,0.3
0.16948653198653196,1.5595338853738028,0.18288402411794746,2.6383283459907125,1.0,21.645833333333332,4.060095187837569,0.10768178803609396,1559.533885373803,2004,3,walk,legitimate_fraction_0.9_none,none,1,adaptive,8,0.015625,42,4,4,5,1.0,0.09523809523809523,1.0,4,1.0,2.208,2.58365,0,0.6480000000000001,0.6480000000000001,0.3
0.0006898832329866812,3.85615378009531,0.039107717156004286,3.876192535995996,1.0,49.395833333333336,5.641953519989158,0.0384178339230176,3856.153780095309,2005,0,walk,legitimate_fraction_0.9_none,none,1,adaptive,8,0.015625,47,0,0,0,nan,0.0,nan,0,nan,2.25,2.95625,0,0.6480000000000001,0.6480000000000001,0.3
0.003910383597883598,3.212816074580575,0.08524835411708996,3.7223273858774157,0.9375,27.833333333333332,4.624793849575226,0.08133797051920637,3212.816074580575,2005,1,walk,legitimate_fraction_0.9_none,none,1,adaptive,8,0.015625,43,4,4,5,1.0,0.09302325581395349,1.0,4,1.0,2.292,3.433549999999999,0,0.6480000000000001,0.6480000000000001,0.3
0.33401712850865395,2.1004397719224914,0.26301993731032497,2.1290092323963674,1.0,21.8125,3.5542116211224264,0.1382133241673489,2100.439771922492,2005,2,walk,legitimate_fraction_0.9_none,none,1,adaptive,8,0.015625,47,6,6,6,1.0,0.1276595744680851,1.0,6,1.0,2.2705,2.7629499999999996,0,0.6480000000000001,0.6480000000000001,0.3
0.02151712850865393,2.3758572850294306,0.09321200287027932,3.2386816953750457,1.0,32.354166666666664,4.788565739454223,0.07169487436162539,2375.8572850294313,2005,3,walk,legitimate_fraction_0.9_none,none,1,adaptive,8,0.015625,42,1,1,3,1.0,0.023809523809523808,1.0,1,1.0,2.208,2.8294999999999995,0,0.6480000000000001,0.6480000000000001,0.3
0.14654280904280906,2.9593565676902727,0.18828286599352437,2.9622886912402553,0.9583333333333334,29.3125,4.195887410676451,0.11159354031153644,2959.356567690273,2006,0,walk,legitimate_fraction_0.9_none,none,1,adaptive,8,0.015625,38,7,7,11,1.0,0.18421052631578946,1.0,7,1.0,2.2295,2.56865,0,0.6480000000000001,0.6480000000000001,0.3
0.10533854166666667,1.8198599862618188,0.10249457830498547,3.4492928450583435,0.9375,31.541666666666668,4.721573309701989,0.1051115616177007,1819.8599862618196,2006,1,walk,legitimate_fraction_0.9_none,none,1,adaptive,8,0.015625,44,5,5,6,1.0,0.11363636363636363,1.0,5,1.0,2.208,2.5521999999999996,0,0.6480000000000001,0.6480000000000001,0.3
0.023660714285714285,3.517141587240868,0.08081726921488887,3.635180908808822,0.9583333333333334,35.3125,4.915508583666866,0.09045579921263869,3517.1415872408675,2006,2,walk,legitimate_fraction_0.9_none,none,1,adaptive,8,0.015625,45,4,4,4,1.0,0.08888888888888889,1.0,4,1.0,2.3125,3.20625,0,0.6480000000000001,0.6480000000000001,0.3
0.04276712850865393,2.881584114689901,0.06351447839830734,3.539684832709931,0.9375,38.291666666666664,5.120325304062539,0.056185924011279,2881.5841146899,2006,3,walk,legitimate_fraction_0.9_none,none,1,adaptive,8,0.015625,41,5,5,6,1.0,0.12195121951219512,1.0,5,1.0,2.209,2.67895,0,0.6480000000000001,0.6480000000000001,0.3
0.0,4.7815589415623245,0.0766515976271651,3.852473197060846,1.0,38.979166666666664,5.011716784965536,0.07665159762716511,4781.558941562318,2007,0,walk,legitimate_fraction_0.9_none,none,1,adaptive,8,0.015625,41,2,2,3,1.0,0.04878048780487805,1.0,2,1.0,2.25,2.9955,0,0.6480000000000001,0.6480000000000001,0.3
0.0016493055555555556,2.035940680608507,0.124110162481374,2.936898228683734,1.0,29.041666666666668,4.488961255779575,0.12246085692581844,2035.9406806085078,2007,1,walk,legitimate_fraction_0.9_none,none,1,adaptive,8,0.015625,42,5,5,5,1.0,0.11904761904761904,1.0,5,1.0,2.2915,3.8999999999999986,0,0.6480000000000001,0.6480000000000001,0.3
0.08411458333333333,2.4979265331304674,0.07803785482199596,3.344425112414147,0.9791666666666666,32.0,4.832137403533069,0.04227234848451722,2497.9265331304673,2007,2,walk,legitimate_fraction_0.9_none,none,1,adaptive,8,0.015625,43,4,4,5,1.0,0.09302325581395349,1.0,4,1.0,2.209,2.5416499999999997,0,0.6480000000000001,0.6480000000000001,0.3
0.16935662309537872,2.0628883504741276,0.06737252358426886,3.181391939156903,1.0,44.020833333333336,5.264207662398962,0.10198409951110986,2062.8883504741275,2007,3,walk,legitimate_fraction_0.9_none,none,1,adaptive,8,0.015625,43,2,2,2,1.0,0.046511627906976744,1.0,2,1.0,2.208,2.5521999999999996,0,0.6480000000000001,0.6480000000000001,0.3
0.31841104497354494,1.6522121288889844,0.192690766447653,2.93585403117998,0.875,20.6875,3.9067223833550435,0.21984683352352305,1652.2121288889841,2008,0,walk,legitimate_fraction_0.9_none,none,1,adaptive,8,0.015625,44,3,3,5,1.0,0.06818181818181818,1.0,3,1.0,2.291,3.2899,0,0.6480000000000001,0.6480000000000001,0.3
0.0013081382762233824,3.9405160533373635,0.07042299758338645,3.4583797077860745,1.0,39.791666666666664,5.1302747858237705,0.06911485930716306,3940.5160533373623,2008,1,walk,legitimate_fraction_0.9_none,none,1,adaptive,8,0.015625,46,4,4,4,1.0,0.08695652173913043,1.0,4,1.0,2.292,2.6795999999999998,0,0.6480000000000001,0.6480000000000001,0.3
0.026128472222222223,2.0411865850758626,0.24859455363914673,2.771200017016614,0.9583333333333334,17.291666666666668,3.4037030406224527,0.22325800124482428,2041.186585075863,2008,2,walk,legitimate_fraction_0.9_none,none,1,adaptive,8,0.015625,47,4,4,4,1.0,0.0851063829787234,1.0,4,1.0,2.166,2.5273,0,0.6480000000000001,0.6480000000000001,0.3
0.027715773809523808,5.338055404472519,0.0450039982269927,4.162025342091905,0.8958333333333334,54.083333333333336,5.716447776012418,0.017288224417468894,5338.055404472519,2008,3,walk,legitimate_fraction_0.9_none,none,1,adaptive,8,0.015625,43,1,1,1,1.0,0.023255813953488372,1.0,1,1.0,2.1875,2.5959499999999998,0,0.6480000000000001,0.6480000000000001,0.3
0.08385416666666667,2.6192011927504866,0.0714752212913028,3.639889639121352,1.0,40.5625,5.158406487976721,0.13421004314420182,2619.2011927504855,2009,0,walk,legitimate_fraction_0.9_none,none,1,adaptive,8,0.015625,43,2,2,4,1.0,0.046511627906976744,1.0,2,1.0,2.25,2.4978999999999996,0,0.6480000000000001,0.6480000000000001,0.3
0.20924272486772488,1.786429758226754,0.04541815845880288,3.463699694558725,1.0,50.0625,5.608903746970278,0.16382456640892198,1786.4297582267552,2009,1,walk,legitimate_fraction_0.9_none,none,1,adaptive,8,0.015625,45,2,2,2,1.0,0.044444444444444446,1.0,2,1.0,2.166,2.4433000000000002,0,0.6480000000000001,0.6480000000000001,0.3
0.12585152116402118,1.9529186790647322,0.12173707775220448,2.855326616850268,1.0,29.020833333333332,4.4578559796303745,0.03272301303367291,1952.9186790647325,2009,2,walk,legitimate_fraction_0.9_none,none,1,adaptive,8,0.015625,41,3,3,7,1.0,0.07317073170731707,1.0,3,1.0,2.2295,2.8726,0,0.6480000000000001,0.6480000000000001,0.3
0.18941236263810443,1.9466312675626751,0.12015472013025184,3.2256367245149824,0.8541666666666666,28.854166666666668,4.491484847812759,0.13781455518763325,1946.6312675626768,2009,3,walk,legitimate_fraction_0.9_none,none,1,adaptive,8,0.015625,44,5,5,7,1.0,0.11363636363636363,1.0,5,1.0,2.167,2.5669,0,0.6480000000000001,0.6480000000000001,0.3
0.0014277619650010542,4.237205786699408,0.029742462428677327,4.093505248951886,0.9791666666666666,53.729166666666664,5.809323779544564,0.028314700463676273,4237.205786699406,2000,0,walk,legitimate_fraction_0.9_random,random,0.5,adaptive,8,0.015625,44,3,3,3,1.0,0.06818181818181818,1.0,3,1.0,2.417,3.5623999999999993,0,0.6480000000000001,0.6480000000000001,0.3
0.12607687693632688,2.1896149980883304,0.11976834679084747,3.1417609506593025,1.0,34.041666666666664,4.710351341495258,0.08348004051095803,2189.6149980883306,2000,1,walk,legitimate_fraction_0.9_random,random,0.5,adaptive,8,0.015625,44,4,2,2,0.5,0.045454545454545456,0.5,2,1.0,2.208,2.6666499999999997,0,0.6480000000000001,0.6480000000000001,0.3
0.14060639880952383,1.6071951027008187,0.09888618111199572,3.245707289707594,0.9375,26.604166666666668,4.49596595289858,0.16984666651502558,1607.1951027008197,2000,2,walk,legitimate_fraction_0.9_random,random,0.5,adaptive,8,0.015625,44,5,4,5,0.8,0.09090909090909091,1.0,4,1.0,2.208,2.6372999999999998,0,0.6480000000000001,0.6480000000000001,0.3
0.0006837951753205989,4.953012597451486,0.04072061511351543,4.0715183317198305,0.9166666666666666,45.979166666666664,5.496726337962691,0.04003681993819483,4953.012597451488,2000,3,walk,legitimate_fraction_0.9_random,random,0.5,adaptive,8,0.015625,44,5,2,3,0.4,0.045454545454545456,1.0,2,1.0,2.208,2.541,0,0.6480000000000001,0.6480000000000001,0.3
0.1881837951753206,1.2878790107009221,0.1943024238357733,2.3957711613387853,1.0,23.875,4.081495035748813,0.0641991760176099,1287.879010700922,2001,0,walk,legitimate_fraction_0.9_random,random,0.5,adaptive,8,0.015625,43,2,2,2,1.0,0.046511627906976744,1.0,2,1.0,2.167,2.55395,0,0.6480000000000001,0.6480000000000001,0.3
0.22960069444444442,3.12955680172719,0.040481253580553024,3.7004179579319563,0.9791666666666666,47.291666666666664,5.546724421253095,0.1891194408638914,3129.5568017271908,2001,1,walk,legitimate_fraction_0.9_random,random,0.5,adaptive,8,0.015625,41,6,2,2,0.3333333333333333,0.04878048780487805,0.6666666666666666,2,1.0,2.125,2.52665,0,0.6480000000000001,0.6480000000000001,0.3
0.0007027116402116402,4.075407524820389,0.027617144012585693,4.100876181106565,1.0,54.3125,5.836878372638449,0.02691443237237405,4075.40752482039,2001,2,walk,legitimate_fraction_0.9_random,random,0.5,adaptive,8,0.015625,44,6,1,1,0.16666666666666666,0.022727272727272728,1.0,1,1.0,2.1875,2.5416499999999997,0,0.6480000000000001,0.6480000000000001,0.3
0.12835988562091502,2.227360474817919,0.2064471366783179,3.0735582950139535,1.0,26.895833333333332,4.095024853087179,0.11910136846825832,2227.360474817918,2001,3,walk,legitimate_fraction_0.9_random,random,0.5,adaptive,8,0.015625,43,7,3,3,0.42857142857142855,0.06976744186046512,0.42857142857142855,3,1.0,2.2085,2.81655,0,0.6480000000000001,0.6480000000000001,0.3
0.0,4.995346921852732,0.041688750121076666,3.9766393559849007,0.9375,51.25,5.607696275520492,0.04168875012107667,4995.346921852733,2002,0,walk,legitimate_fraction_0.9_random,random,0.5,adaptive,8,0.015625,40,3,1,2,0.3333333333333333,0.025,0.5,1,1.0,2.25,2.65055,0,0.6480000000000001,0.6480000000000001,0.3
0.0006510416666666666,2.8609719019036963,0.02858607085460527,4.09750571424376,0.9791666666666666,58.708333333333336,5.9327751701314275,0.027935029187938606,2860.971901903695,2002,1,walk,legitimate_fraction_0.9_random,random,0.5,adaptive,8,0.015625,45,5,1,1,0.2,0.022222222222222223,0.25,1,1.0,2.166,2.5959499999999998,0,0.6480000000000001,0.6480000000000001,0.3
0.16793402777777777,2.319836791690982,0.12121010493214988,3.3526666144501927,1.0,42.625,5.042509131777096,0.14267262329842426,2319.8367916909824,2002,2,walk,legitimate_fraction_0.9_random,random,0.5,adaptive,8,0.015625,41,5,4,4,0.8,0.0975609756097561,0.75,4,1.0,2.25,2.6232499999999996,0,0.6480000000000001,0.6480000000000001,0.3
0.0012979497354497355,3.077450874341164,0.06169785382185574,3.6137929455576283,1.0,45.833333333333336,5.345875729227657,0.060399904086406,3077.450874341164,2002,3,walk,legitimate_fraction_0.9_random,random,0.5,adaptive,8,0.015625,40,6,3,3,0.5,0.075,0.5,3,1.0,2.3335,2.77665,0,0.6480000000000001,0.6480000000000001,0.3
0.08366402116402116,3.1652508775861157,0.14926454799604236,3.810357171237415,0.8333333333333334,44.375,4.990024715209194,0.08747552683202116,3165.2508775861147,2003,0,walk,legitimate_fraction_0.9_random,random,0.5,adaptive,8,0.015625,42,7,4,4,0.5714285714285714,0.09523809523809523,0.6,4,1.0,2.2705,2.7353,0,0.6480000000000001,0.6480000000000001,0.3
0.1875,1.6290467112405225,0.1629807755112983,2.677133497614061,0.9791666666666666,24.6875,4.286079061769121,0.14438672936360353,1629.046711240523,2003,1,walk,legitimate_fraction_0.9_random,random,0.5,adaptive,8,0.015625,43,5,2,2,0.4,0.046511627906976744,0.6666666666666666,2,1.0,2.2705,2.9397999999999995,0,0.6480000000000001,0.6480000000000001,0.3
0.08459105465684413,2.0873445586109853,0.11902359552272825,3.2998101520211747,0.9791666666666666,37.229166666666664,4.871611530548599,0.06724504086588413,2087.344558610986,2003,2,walk,legitimate_fraction_0.9_random,random,0.5,adaptive,8,0.015625,42,6,4,4,0.6666666666666666,0.09523809523809523,1.0,4,1.0,2.25,2.792,0,0.6480000000000001,0.6480000000000001,0.3
0.11024305555555557,1.8744229338509777,0.17921964338481722,2.958950203509865,1.0,21.020833333333332,3.989929913057575,0.10347264830849384,1874.4229338509788,2003,3,walk,legitimate_fraction_0.9_random,random,0.5,adaptive,8,0.015625,44,6,4,4,0.6666666666666666,0.09090909090909091,0.75,4,1.0,2.208,2.6085499999999997,0,0.6480000000000001,0.6480000000000001,0.3
0.0011761964886964887,4.323847669511686,0.04508433108309498,3.6430588382664304,0.9791666666666666,39.604166666666664,5.341866613462076,0.04390813459439849,4323.847669511689,2004,0,walk,legitimate_fraction_0.9_random,random,0.5,adaptive,8,0.015625,46,7,4,4,0.5714285714285714,0.08695652173913043,0.8,4,1.0,2.1045,2.44365,0,0.6480000000000001,0.6480000000000001,0.3
0.14583333333333334,4.295217131588284,0.044009720037728677,4.187285160496809,0.7916666666666666,43.375,5.404049590838524,0.10182361329560467,4295.217131588283,2004,1,walk,legitimate_fraction_0.9_random,random,0.5,adaptive,8,0.015625,42,6,2,3,0.3333333333333333,0.047619047619047616,0.4,2,1.0,2.208,2.4982499999999996,0,0.6480000000000001,0.6480000000000001,0.3
0.0,5.030971920433865,0.05727552790606402,3.6701474615265455,0.9791666666666666,40.333333333333336,5.273710590023451,0.05727552790606402,5030.971920433864,2004,2,walk,legitimate_fraction_0.9_random,random,0.5,adaptive,8,0.015625,44,4,1,2,0.25,0.022727272727272728,0.5,1,1.0,2.167,2.4853,0,0.6480000000000001,0.6480000000000001,0.3
0.12533068783068782,2.9718568245118484,0.16300731991347708,3.111010305133282,1.0,34.020833333333336,4.522888179757793,0.13161760045668827,2971.856824511848,2004,3,walk,legitimate_fraction_0.9_random,random,0.5,adaptive,8,0.015625,42,4,3,3,0.75,0.07142857142857142,0.75,3,1.0,2.292,2.83125,0,0.6480000000000001,0.6480000000000001,0.3
0.0006898832329866812,3.244275026120206,0.024556048718164875,3.9727729390050244,1.0,56.75,5.902534460134135,0.023866165485178194,3244.275026120205,2005,0,walk,legitimate_fraction_0.9_random,random,0.5,adaptive,8,0.015625,47,0,0,0,nan,0.0,nan,0,nan,2.25,3.0126,0,0.6480000000000001,0.6480000000000001,0.3
0.0664103835978836,1.741066002291074,0.04621426405058849,3.565087619387606,1.0,43.75,5.338901171777934,0.0201961195472951,1741.0660022910743,2005,1,walk,legitimate_fraction_0.9_random,random,0.5,adaptive,8,0.015625,43,4,2,2,0.5,0.046511627906976744,0.6666666666666666,2,1.0,2.1665,2.56865,0,0.6480000000000001,0.6480000000000001,0.3
0.39651712850865395,2.0379397719224914,0.16841528274111583,2.3629076404369087,1.0,26.375,4.107777991101876,0.24278403462791912,2037.9397719224924,2005,2,walk,legitimate_fraction_0.9_random,random,0.5,adaptive,8,0.015625,47,6,4,4,0.6666666666666666,0.0851063829787234,1.0,4,1.0,2.291,2.77665,0,0.6480000000000001,0.6480000000000001,0.3
0.0006837951753205989,3.769792949766168,0.026670870067633315,3.970505546855861,1.0,58.5625,5.91639815854901,0.02598707489231272,3769.792949766168,2005,3,walk,legitimate_fraction_0.9_random,random,0.5,adaptive,8,0.015625,42,1,0,0,0.0,0.0,0.0,0,nan,2.1875,2.6376,0,0.6480000000000001,0.6480000000000001,0.3
0.1673761423761424,3.0941182572058463,0.13277050914226116,3.1281926478697337,0.9791666666666666,34.729166666666664,4.576863936891395,0.08615630684432836,3094.118257205846,2006,0,walk,legitimate_fraction_0.9_random,random,0.5,adaptive,8,0.015625,38,7,4,7,0.5714285714285714,0.10526315789473684,0.5,4,1.0,2.291,3.0647999999999995,0,0.6480000000000001,0.6480000000000001,0.3
0.020833333333333332,3.1951876634082006,0.06787450598823667,4.065277643324114,0.8958333333333334,42.645833333333336,5.1701296821869045,0.06830036242309039,3195.1876634082,2006,1,walk,legitimate_fraction_0.9_random,random,0.5,adaptive,8,0.015625,44,5,1,2,0.2,0.022727272727272728,0.25,1,1.0,2.208,2.8960499999999993,0,0.6480000000000001,0.6480000000000001,0.3
0.12782738095238097,2.564400962741672,0.0337729759993047,3.9137647223298018,0.9375,52.729166666666664,5.697540294123258,0.09405440495307626,2564.4009627416726,2006,2,walk,legitimate_fraction_0.9_random,random,0.5,adaptive,8,0.015625,45,4,2,2,0.5,0.044444444444444446,0.6666666666666666,2,1.0,2.125,2.6103,0,0.6480000000000001,0.6480000000000001,0.3
0.06360046184198727,3.704835682659209,0.030790898254203322,3.8965525634431626,0.9375,51.979166666666664,5.740866089085938,0.03280956358778394,3704.83568265921,2006,3,walk,legitimate_fraction_0.9_random,random,0.5,adaptive,8,0.015625,41,5,3,3,0.6,0.07317073170731707,0.75,3,1.0,2.2295,2.95625,0,0.6480000000000001,0.6480000000000001,0.3
0.041666666666666664,3.581797675318338,0.06778065425429736,3.15845932542312,1.0,32.229166666666664,4.874184970698845,0.06708111106323295,3581.797675318341,2007,0,walk,legitimate_fraction_0.9_random,random,0.5,adaptive,8,0.015625,41,2,1,3,0.5,0.024390243902439025,0.5,1,1.0,2.166,2.5683000000000002,0,0.6480000000000001,0.6480000000000001,0.3
0.02248263888888889,2.1745340568285982,0.07944403405294001,3.266755219643938,0.9791666666666666,35.5,5.000013303568991,0.05696139516405111,2174.5340568286,2007,1,walk,legitimate_fraction_0.9_random,random,0.5,adaptive,8,0.015625,42,5,2,2,0.4,0.047619047619047616,0.4,2,1.0,2.167,2.58365,0,0.6480000000000001,0.6480000000000001,0.3
0.021614583333333336,3.666506924873953,0.03630418055639107,3.964282026606383,0.8958333333333334,46.145833333333336,5.51082629626061,0.014689597223057738,3666.506924873955,2007,2,walk,legitimate_fraction_0.9_random,random,0.5,adaptive,8,0.015625,43,4,1,1,0.25,0.023255813953488372,0.25,1,1.0,2.166,2.5273,0,0.6480000000000001,0.6480000000000001,0.3
0.10685662309537873,3.1928393979604195,0.06695838066785452,3.1582727544638907,1.0,35.395833333333336,4.970903266953917,0.07258331167154221,3192.8393979604202,2007,3,walk,legitimate_fraction_0.9_random,random,0.5,adaptive,8,0.015625,43,2,2,3,1.0,0.046511627906976744,1.0,2,1.0,2.167,2.7626,0,0.6480000000000001,0.6480000000000001,0.3
0.06320271164021164,3.311884858868695,0.09916122656155067,3.6153685738933645,0.9375,47.104166666666664,5.257810350814381,0.051131629522488536,3311.8848588686956,2008,0,walk,legitimate_fraction_0.9_random,random,0.5,adaptive,8,0.015625,44,3,1,1,0.3333333333333333,0.022727272727272728,0.5,1,1.0,2.167,2.61065,0,0.6480000000000001,0.6480000000000001,0.3
0.0013081382762233824,3.925107051891718,0.03684255268414136,3.766780841493309,1.0,49.291666666666664,5.593642832828706,0.035534414407917984,3925.1070518917186,2008,1,walk,legitimate_fraction_0.9_random,random,0.5,adaptive,8,0.015625,46,4,1,2,0.25,0.021739130434782608,0.3333333333333333,1,1.0,2.125,2.4166499999999997,0,0.6480000000000001,0.6480000000000001,0.3
0.020833333333333332,2.5789014174723053,0.14568529080638687,2.8885182327504118,1.0,27.145833333333332,4.36499200866563,0.12485195747305357,2578.9014174723056,2008,2,walk,legitimate_fraction_0.9_random,random,0.5,adaptive,8,0.015625,47,4,2,2,0.5,0.0425531914893617,0.5,2,1.0,2.125,2.458,0,0.6480000000000001,0.6480000000000001,0.3
0.006882440476190476,3.073654782665235,0.02919369948412677,3.9407123360668574,1.0,58.270833333333336,5.9132834150344324,0.022311259007936294,3073.654782665235,2008,3,walk,legitimate_fraction_0.9_random,random,0.5,adaptive,8,0.015625,43,1,0,0,0.0,0.0,0.0,0,nan,2.125,2.42895,0,0.6480000000000001,0.6480000000000001,0.3
0.08385416666666667,2.700347498027481,0.029402685835203002,3.854171528729735,1.0,57.729166666666664,5.893418294689876,0.05445148083146367,2700.3474980274814,2009,0,walk,legitimate_fraction_0.9_random,random,0.5,adaptive,8,0.015625,43,2,1,1,0.5,0.023255813953488372,0.5,1,1.0,2.1875,2.53925,0,0.6480000000000001,0.6480000000000001,0.3
0.0009093915343915343,2.1975317436119806,0.025739591706442855,3.8774554261984,1.0,59.1875,5.9417648355911785,0.024830200172051318,2197.5317436119813,2009,1,walk,legitimate_fraction_0.9_random,random,0.5,adaptive,8,0.015625,45,2,0,0,0.0,0.0,0.0,0,nan,2.167,2.70625,0,0.6480000000000001,0.6480000000000001,0.3
0.06335152116402117,2.0021450098848597,0.07870942275999633,2.953050790904649,1.0,33.145833333333336,4.83577695156684,0.027785837595678056,2002.1450098848607,2009,2,walk,legitimate_fraction_0.9_random,random,0.5,adaptive,8,0.015625,41,3,3,4,1.0,0.07317073170731707,1.0,3,1.0,2.1665,2.56895,0,0.6480000000000001,0.6480000000000001,0.3
0.0011939718335067173,3.5885443035221107,0.02911249034350726,4.150506328398122,0.9791666666666666,56.541666666666664,5.853543816535382,0.02791851851000054,3588.5443035221106,2009,3,walk,legitimate_fraction_0.9_random,random,0.5,adaptive,8,0.015625,44,5,1,1,0.2,0.022727272727272728,0.25,1,1.0,2.1665,2.625,0,0.6480000000000001,0.6480000000000001,0.3
0.07606336805555555,2.7413320727518653,0.056629422643768156,3.4788812284141764,0.875,31.666666666666668,4.925098339384987,0.0194339454117874,2741.3320727518644,2000,0,walk,legitimate_fraction_0.9_bsp,bsp,0.1,adaptive,8,0.015625,44,3,1,3,0.3333333333333333,0.022727272727272728,0.5,1,1.0,17.8545,22.561949999999996,0,0.6480000000000001,0.6480000000000001,0.3
0.06608072916666667,2.35970249205435,0.05278959715869281,3.355194420166198,1.0,38.125,5.113346710110153,0.013291132007973855,2359.7024920543513,2000,1,walk,legitimate_fraction_0.9_bsp,bsp,0.1,adaptive,8,0.015625,44,4,2,4,0.5,0.045454545454545456,0.5,2,1.0,17.9375,21.64395,0,0.6480000000000001,0.6480000000000001,0.3
0.01115451388888889,2.1828882716750133,0.07510117802830509,2.894497357588687,1.0,26.25,4.614313271697652,0.06394666413941619,2182.888271675013,2000,2,walk,legitimate_fraction_0.9_bsp,bsp,0.1,adaptive,8,0.015625,44,5,2,5,0.4,0.045454545454545456,0.5,2,1.0,17.4795,19.55045,0,0.6480000000000001,0.6480000000000001,0.3
0.0018229166666666665,4.081800426369737,0.051505056716274096,3.833201450263864,0.9166666666666666,40.416666666666664,5.281889578349303,0.049682140049607436,4081.8004263697385,2000,3,walk,legitimate_fraction_0.9_bsp,bsp,0.1,adaptive,8,0.015625,44,5,4,6,0.8,0.09090909090909091,1.0,4,1.0,17.4795,19.18115,0,0.6480000000000001,0.6480000000000001,0.3
0.05588107638888889,2.555998059387622,0.05024035661236655,3.5756040951037336,1.0,42.020833333333336,5.267059370433949,0.013974053109855665,2555.998059387622,2001,0,walk,legitimate_fraction_0.9_bsp,bsp,0.1,adaptive,8,0.015625,43,2,0,0,0.0,0.0,0.0,0,nan,17.708,18.65625,0,0.6480000000000001,0.6480000000000001,0.3
0.276922123015873,1.0229633866147847,0.07372409948144161,2.770675868436921,1.0,29.208333333333332,4.794272151514446,0.20736469020109805,1022.9633866147843,2001,1,walk,legitimate_fraction_0.9_bsp,bsp,0.1,adaptive,8,0.015625,41,6,6,10,1.0,0.14634146341463414,1.0,6,1.0,17.333,18.26295,0,0.6480000000000001,0.6480000000000001,0.3
0.27786458333333336,1.8332430568100193,0.062168926325098774,3.0749047375349288,1.0,40.125,5.219073972216774,0.21986232367490122,1833.2430568100187,2001,2,walk,legitimate_fraction_0.9_bsp,bsp,0.1,adaptive,8,0.015625,44,6,4,4,0.6666666666666666,0.09090909090909091,1.0,4,1.0,17.3955,18.6205,0,0.6480000000000001,0.6480000000000001,0.3
0.0018446180555555553,5.855649806636975,0.06320415475751955,4.970707616855766,0.7083333333333334,35.979166666666664,5.027796102170744,0.061359536701964,5855.649806636972,2001,3,walk,legitimate_fraction_0.9_bsp,bsp,0.1,adaptive,8,0.015625,43,7,2,3,0.2857142857142857,0.046511627906976744,0.2857142857142857,2,1.0,17.583,19.3079,0,0.6480000000000001,0.6480000000000001,0.3
0.04981948844726062,2.8075821292014926,0.06132157324753205,3.4409274651795134,1.0,40.791666666666664,5.197787709418292,0.011502084800271426,2807.582129201493,2002,0,walk,legitimate_fraction_0.9_bsp,bsp,0.1,adaptive,8,0.015625,40,3,0,3,0.0,0.0,0.0,0,1.0,17.334,18.35855,0,0.6480000000000001,0.6480000000000001,0.3
0.0006510416666666666,3.072758218982911,0.05692888469179733,3.614501930101685,1.0,49.395833333333336,5.466175934189079,0.05627784302513066,3072.75821898291,2002,1,walk,legitimate_fraction_0.9_bsp,bsp,0.1,adaptive,8,0.015625,45,5,2,3,0.4,0.044444444444444446,0.5,2,1.0,17.436999999999998,18.532999999999998,0,0.6480000000000001,0.6480000000000001,0.3
0.0012673611111111112,3.468440118847481,0.05245372796637839,3.367433286232123,1.0,37.75,5.161936218201048,0.05118636685526728,3468.4401188474817,2002,2,walk,legitimate_fraction_0.9_bsp,bsp,0.1,adaptive,8,0.015625,41,5,3,6,0.6,0.07317073170731707,0.75,3,1.0,17.2705,18.2206,0,0.6480000000000001,0.6480000000000001,0.3
0.0861328125,1.7199236161709914,0.0558682178654297,3.4043214387620178,1.0,44.875,5.39724655942458,0.03026459463457031,1719.923616170992,2002,3,walk,legitimate_fraction_0.9_bsp,bsp,0.1,adaptive,8,0.015625,40,6,3,3,0.5,0.075,0.75,3,1.0,17.333,18.54945,0,0.6480000000000001,0.6480000000000001,0.3
0.0027994791666666667,2.537096645901032,0.0476790757059549,3.999536042820351,0.7916666666666666,42.333333333333336,5.363292645924365,0.04487959653928824,2537.0966459010324,2003,0,walk,legitimate_fraction_0.9_bsp,bsp,0.1,adaptive,8,0.015625,42,7,3,6,0.42857142857142855,0.07142857142857142,0.4,3,1.0,17.4585,18.1229,0,0.6480000000000001,0.6480000000000001,0.3
0.0003720238095238095,4.093297858800748,0.06915458070822833,3.1003225649464916,0.9791666666666666,27.729166666666668,4.737967584931493,0.06878255689870452,4093.297858800752,2003,1,walk,legitimate_fraction_0.9_bsp,bsp,0.1,adaptive,8,0.015625,43,5,3,3,0.6,0.06976744186046512,0.6666666666666666,3,1.0,18.5625,20.74945,0,0.6480000000000001,0.6480000000000001,0.3
0.002907986111111111,3.4713405903011396,0.05924176449741619,3.561677433752189,0.9166666666666666,41.645833333333336,5.210890822779762,0.05633377838630507,3471.3405903011408,2003,2,walk,legitimate_fraction_0.9_bsp,bsp,0.1,adaptive,8,0.015625,42,6,3,4,0.5,0.07142857142857142,0.75,3,1.0,18.188000000000002,26.416649999999994,0,0.6480000000000001,0.6480000000000001,0.3
0.10026041666666667,1.7239884622811241,0.06410009360005932,2.958945702788707,1.0,31.708333333333332,4.899829494195683,0.036160323066607346,1723.9884622811244,2003,3,walk,legitimate_fraction_0.9_bsp,bsp,0.1,adaptive,8,0.015625,44,6,3,4,0.5,0.06818181818181818,0.5,3,1.0,17.6455,18.93915,0,0.6480000000000001,0.6480000000000001,0.3
0.004210069444444444,3.4052057321035307,0.046220472690118176,3.665796789802389,1.0,40.1875,5.322744347606974,0.04201040324567373,3405.205732103535,2004,0,walk,legitimate_fraction_0.9_bsp,bsp,0.1,adaptive,8,0.015625,46,7,6,6,0.8571428571428571,0.13043478260869565,1.0,6,1.0,17.646,18.93915,0,0.6480000000000001,0.6480000000000001,0.3
0.04709201388888889,2.6254849428635,0.06274698643666865,3.29976499325837,1.0,31.208333333333332,4.903785324741291,0.015654972547779766,2625.484942863502,2004,1,walk,legitimate_fraction_0.9_bsp,bsp,0.1,adaptive,8,0.015625,42,6,2,5,0.3333333333333333,0.047619047619047616,0.4,2,1.0,17.4795,18.66075,0,0.6480000000000001,0.6480000000000001,0.3
0.002329282407407407,2.8556675897011896,0.06804029858337503,3.2880289119121304,1.0,30.6875,4.827528032336903,0.06571101617596761,2855.66758970119,2004,2,walk,legitimate_fraction_0.9_bsp,bsp,0.1,adaptive,8,0.015625,44,4,4,5,1.0,0.09090909090909091,1.0,4,1.0,17.4585,18.75635,0,0.6480000000000001,0.6480000000000001,0.3
0.0018880208333333336,2.485960861594609,0.05420011641494935,3.4939955690661946,1.0,38.0625,5.184282130712654,0.052312095581616015,2485.9608615946095,2004,3,walk,legitimate_fraction_0.9_bsp,bsp,0.1,adaptive,8,0.015625,42,4,2,4,0.5,0.047619047619047616,0.5,2,1.0,17.6045,18.5942,0,0.6480000000000001,0.6480000000000001,0.3
0.0006510416666666666,6.038505388471017,0.04754151433159654,4.603409089759534,0.9375,48.125,5.5204654708288095,0.04689047266492988,6038.505388471014,2005,0,walk,legitimate_fraction_0.9_bsp,bsp,0.1,adaptive,8,0.015625,47,0,0,0,nan,0.0,nan,0,nan,17.6455,18.89605,0,0.6480000000000001,0.6480000000000001,0.3
0.0028862847222222224,2.3206844350806635,0.06277198959507924,3.530578854073795,0.9166666666666666,33.958333333333336,4.979237767267416,0.059885704872857014,2320.6844350806623,2005,1,walk,legitimate_fraction_0.9_bsp,bsp,0.1,adaptive,8,0.015625,43,4,2,4,0.5,0.046511627906976744,0.6666666666666666,2,1.0,17.417,18.194300000000002,0,0.6480000000000001,0.6480000000000001,0.3
0.2721354166666667,3.68711056019554,0.0601218057298305,3.2797864160325294,1.0,46.791666666666664,5.420709835497366,0.21201361093683616,3687.11056019554,2005,2,walk,legitimate_fraction_0.9_bsp,bsp,0.1,adaptive,8,0.015625,47,6,2,2,0.3333333333333333,0.0425531914893617,0.6666666666666666,2,1.0,17.542,18.4296,0,0.6480000000000001,0.6480000000000001,0.3
0.2923177083333333,2.056125631038402,0.07304857930044986,2.94224602687744,1.0,33.916666666666664,4.949720139430232,0.21926912903288345,2056.1256310384024,2005,3,walk,legitimate_fraction_0.9_bsp,bsp,0.1,adaptive,8,0.015625,42,1,0,4,0.0,0.0,0.0,0,1.0,17.333,18.372600000000002,0,0.6480000000000001,0.6480000000000001,0.3
0.3146484375,2.493322084875793,0.056632884837828724,3.2195762685190257,0.9791666666666666,39.583333333333336,5.15376747960146,0.2663488859955046,2493.322084875794,2006,0,walk,legitimate_fraction_0.9_bsp,bsp,0.1,adaptive,8,0.015625,38,7,4,7,0.5714285714285714,0.10526315789473684,1.0,4,1.0,17.3955,19.872799999999998,0,0.6480000000000001,0.6480000000000001,0.3
0.10533854166666667,2.3177897776333167,0.042996074153654446,3.844333391689627,0.875,47.979166666666664,5.548818187234339,0.06234246751301223,2317.789777633316,2006,1,walk,legitimate_fraction_0.9_bsp,bsp,0.1,adaptive,8,0.015625,44,5,4,4,0.8,0.09090909090909091,1.0,4,1.0,17.500500000000002,18.93355,0,0.6480000000000001,0.6480000000000001,0.3
0.07918836805555556,2.16612507197242,0.03834802916470445,3.977363493551516,0.9375,51.5625,5.673753420206791,0.0408403388908511,2166.1250719724208,2006,2,walk,legitimate_fraction_0.9_bsp,bsp,0.1,adaptive,8,0.015625,45,4,3,3,0.75,0.06666666666666667,1.0,3,1.0,17.583,18.54165,0,0.6480000000000001,0.6480000000000001,0.3
0.024739583333333332,3.0829591853368523,0.04792973228373471,3.5807447367119516,1.0,40.895833333333336,5.266071681931395,0.02319014895040138,3082.959185336851,2006,3,walk,legitimate_fraction_0.9_bsp,bsp,0.1,adaptive,8,0.015625,41,5,4,7,0.8,0.0975609756097561,1.0,4,1.0,17.4375,18.451749999999997,0,0.6480000000000001,0.6480000000000001,0.3
0.0,3.4569673461093426,0.05638685308876958,4.178155776436033,0.875,34.6875,5.06748200130341,0.05638685308876958,3456.967346109346,2007,0,walk,legitimate_fraction_0.9_bsp,bsp,0.1,adaptive,8,0.015625,41,2,1,4,0.5,0.024390243902439025,0.5,1,1.0,17.3125,18.68915,0,0.6480000000000001,0.6480000000000001,0.3
0.0047023009472606245,2.39468251032372,0.07295606794599441,3.2768197911847174,1.0,38.0,5.02961314426272,0.06825376699873378,2394.682510323722,2007,1,walk,legitimate_fraction_0.9_bsp,bsp,0.1,adaptive,8,0.015625,42,5,2,3,0.4,0.047619047619047616,0.4,2,1.0,17.5,18.45,0,0.6480000000000001,0.6480000000000001,0.3
0.0013020833333333333,2.888198463312183,0.05346600056213654,3.4152479890843055,1.0,35.166666666666664,5.065787188028918,0.0521639172288032,2888.1984633121815,2007,2,walk,legitimate_fraction_0.9_bsp,bsp,0.1,adaptive,8,0.015625,43,4,4,5,1.0,0.09302325581395349,1.0,4,1.0,17.375,20.110199999999995,0,0.6480000000000001,0.6480000000000001,0.3
0.193359375,1.8506421008325245,0.042662467279348255,3.342523304625963,1.0,39.958333333333336,5.276202961790534,0.15069690772065172,1850.6421008325242,2007,3,walk,legitimate_fraction_0.9_bsp,bsp,0.1,adaptive,8,0.015625,43,2,2,3,1.0,0.046511627906976744,1.0,2,1.0,17.75,20.275,0,0.6480000000000001,0.6480000000000001,0.3
0.0006510416666666666,4.577399323724049,0.03686405192348682,4.476419363842038,0.8125,54.708333333333336,5.686126876588813,0.036213010256820145,4577.399323724046,2008,0,walk,legitimate_fraction_0.9_bsp,bsp,0.1,adaptive,8,0.015625,44,3,0,1,0.0,0.0,0.0,0,1.0,18.0835,26.441899999999993,0,0.6480000000000001,0.6480000000000001,0.3
0.0012803819444444444,4.029518431939227,0.0572728440347694,3.6432158813967104,1.0,40.895833333333336,5.202585804821852,0.055992462090324956,4029.518431939227,2008,1,walk,legitimate_fraction_0.9_bsp,bsp,0.1,adaptive,8,0.015625,46,4,3,5,0.75,0.06521739130434782,1.0,3,1.0,17.7085,22.8101,0,0.6480000000000001,0.6480000000000001,0.3
0.04696180555555555,5.8431663593640435,0.03978359230895421,3.61289551900774,1.0,47.354166666666664,5.550746963613045,0.007178213246601344,5843.166359364045,2008,2,walk,legitimate_fraction_0.9_bsp,bsp,0.1,adaptive,8,0.015625,47,4,1,1,0.25,0.02127659574468085,0.25,1,1.0,17.646,19.429399999999998,0,0.6480000000000001,0.6480000000000001,0.3
0.41449652777777773,1.755094780874619,0.07284559485579649,3.143072140777011,1.0,43.395833333333336,5.118515609910726,0.34581759958864794,1755.0947808746187,2008,3,walk,legitimate_fraction_0.9_bsp,bsp,0.1,adaptive,8,0.015625,43,1,0,0,0.0,0.0,0.0,0,nan,17.8545,19.3022,0,0.6480000000000001,0.6480000000000001,0.3
0.021354166666666664,2.8630376635823445,0.05238047463388915,3.8227595937394945,1.0,41.020833333333336,5.286869799574025,0.03102630796722249,2863.0376635823436,2009,0,walk,legitimate_fraction_0.9_bsp,bsp,0.1,adaptive,8,0.015625,43,2,2,4,1.0,0.046511627906976744,1.0,2,1.0,17.6045,19.00395,0,0.6480000000000001,0.6480000000000001,0.3
0.0003255208333333333,2.8634090214147747,0.04773521388978171,3.4079888347548093,0.9791666666666666,43.395833333333336,5.406368941429737,0.047409693056448377,2863.409021414777,2009,1,walk,legitimate_fraction_0.9_bsp,bsp,0.1,adaptive,8,0.015625,45,2,2,3,1.0,0.044444444444444446,1.0,2,1.0,17.771,19.47915,0,0.6480000000000001,0.6480000000000001,0.3
0.3341796875,1.7580722061673644,0.06849088904723172,2.9461493803686403,1.0,31.354166666666668,4.801957481195191,0.26568879845276827,1758.0722061673644,2009,2,walk,legitimate_fraction_0.9_bsp,bsp,0.1,adaptive,8,0.015625,41,3,3,10,1.0,0.07317073170731707,1.0,3,1.0,17.750500000000002,24.643649999999994,0,0.6480000000000001,0.6480000000000001,0.3
0.0013485863095238093,2.405145945847337,0.058282423432113956,3.5372863522028215,0.9583333333333334,44.166666666666664,5.294727435652287,0.05693383712259015,2405.1459458473387,2009,3,walk,legitimate_fraction_0.9_bsp,bsp,0.1,adaptive,8,0.015625,44,5,1,1,0.2,0.022727272727272728,0.25,1,1.0,17.5,18.760199999999998,0,0.6480000000000001,0.6480000000000001,0.3
0.14756944444444445,1.670024628913852,0.2432691780516775,2.320970344991906,0.9375,10.5,3.1699248548984844,0.1637256087656588,1670.024628913853,2000,0,walk,side_4_none,none,1,adaptive,4,0.0625,34,4,4,8,1.0,0.11764705882352941,1.0,4,1.0,2.25,3.08125,0,0.6480000000000001,0.6480000000000001,0.3
0.23055555555555554,1.176253901466933,0.37334587762919846,1.9678285818044827,1.0,8.291666666666666,2.628126635722668,0.15796124577965523,1176.2539014669335,2000,1,walk,side_4_none,none,1,adaptive,4,0.0625,37,9,9,13,1.0,0.24324324324324326,1.0,9,1.0,2.167,2.4853,0,0.6480000000000001,0.6480000000000001,0.3
0.4015625,1.0135401683897565,0.43152213315864413,1.6981508478278127,0.9166666666666666,7.125,2.3261287338364336,0.11179402992849818,1013.5401683897566,2000,2,walk,side_4_none,none,1,adaptive,4,0.0625,36,9,9,14,1.0,0.25,1.0,9,1.0,2.166,2.4419,0,0.6480000000000001,0.6480000000000001,0.3
0.0859375,1.5600617744531649,0.2877453207559047,2.534671841223272,0.9583333333333334,8.833333333333334,2.8827839039500254,0.20316383653499728,1560.0617744531655,2000,3,walk,side_4_none,none,1,adaptive,4,0.0625,33,6,6,11,1.0,0.18181818181818182,1.0,6,1.0,2.167,2.42895,0,0.6480000000000001,0.6480000000000001,0.3
0.6067708333333334,0.45510944740016085,0.5712681590716948,1.0185754408862875,1.0,5.125,1.7197539587888515,0.14334261151297173,455.10944740016083,2001,0,walk,side_4_none,none,1,adaptive,4,0.0625,37,13,13,20,1.0,0.35135135135135137,1.0,13,1.0,2.208,2.40165,0,0.6480000000000001,0.6480000000000001,0.3
0.4597222222222222,0.9402791188057248,0.30014174034707236,1.710452225698746,1.0,9.145833333333334,2.882454861004805,0.24048355355679804,940.2791188057249,2001,1,walk,side_4_none,none,1,adaptive,4,0.0625,36,9,9,12,1.0,0.25,1.0,9,1.0,2.125,2.4835499999999997,0,0.6480000000000001,0.6480000000000001,0.3
0.595486111111111,0.5070716566183716,0.34176127173693366,1.4829380059500996,1.0,8.395833333333334,2.694110669504431,0.2615124652450279,507.0716566183716,2001,2,walk,side_4_none,none,1,adaptive,4,0.0625,37,9,9,12,1.0,0.24324324324324326,1.0,9,1.0,2.167,2.42895,0,0.6480000000000001,0.6480000000000001,0.3
0.17137896825396826,1.32279572561505,0.3619712403149356,2.653925035144555,0.8333333333333334,7.979166666666667,2.6216691750752927,0.19364386503314293,1322.7957256150507,2001,3,walk,side_4_none,none,1,adaptive,4,0.0625,32,4,4,11,1.0,0.125,1.0,4,1.0,2.167,2.44365,0,0.6480000000000001,0.6480000000000001,0.3
0.11092171717171717,1.307811768534387,0.3061025264506501,2.3295895679039114,0.9166666666666666,8.395833333333334,2.7965938820982994,0.19809775089033552,1307.8117685343873,2002,0,walk,side_4_none,none,1,adaptive,4,0.0625,39,6,6,8,1.0,0.15384615384615385,1.0,6,1.0,2.1455,2.5,0,0.6480000000000001,0.6480000000000001,0.3
0.4427083333333333,0.6333228111794098,0.49206927885810353,1.4622258710738352,1.0,6.3125,2.1006399478652202,0.1849714702572375,633.3228111794095,2002,1,walk,side_4_none,none,1,adaptive,4,0.0625,38,15,15,17,1.0,0.39473684210526316,1.0,15,1.0,2.1455,2.4853,0,0.6480000000000001,0.6480000000000001,0.3
0.2109375,1.2473769442453582,0.3153491179685885,2.265714875990944,0.9375,8.4375,2.777529080017605,0.15623999813019795,1247.3769442453581,2002,2,walk,side_4_none,none,1,adaptive,4,0.0625,33,4,4,13,1.0,0.12121212121212122,1.0,4,1.0,2.1875,2.458,0,0.6480000000000001,0.6480000000000001,0.3
0.296875,1.2436088418750308,0.2705404441573371,1.962875011973126,0.9375,9.6875,3.0068154330287853,0.12438074039168068,1243.6088418750307,2002,3,walk,side_4_none,none,1,adaptive,4,0.0625,39,8,8,9,1.0,0.20512820512820512,1.0,8,1.0,2.167,2.4705999999999997,0,0.6480000000000001,0.6480000000000001,0.3
0.4225694444444444,1.0019152420669422,0.2900605813668371,1.9084754162809203,0.9791666666666666,9.770833333333334,2.988556117925412,0.14836865865879945,1001.9152420669421,2003,0,walk,side_4_none,none,1,adaptive,4,0.0625,35,5,5,8,1.0,0.14285714285714285,1.0,5,1.0,2.208,2.4972499999999997,0,0.6480000000000001,0.6480000000000001,0.3
0.3463541666666667,0.9134264462814761,0.3163982965434879,1.926882684200702,0.9375,8.770833333333334,2.8049928189051845,0.21970881609379497,913.4264462814762,2003,1,walk,side_4_none,none,1,adaptive,4,0.0625,35,10,10,12,1.0,0.2857142857142857,1.0,10,1.0,2.167,2.3459499999999998,0,0.6480000000000001,0.6480000000000001,0.3
0.24131944444444442,1.2509070652665109,0.2902865188894863,2.109250367031606,0.9791666666666666,9.770833333333334,2.982239454452152,0.10645633170373803,1250.9070652665112,2003,2,walk,side_4_none,none,1,adaptive,4,0.0625,33,6,6,10,1.0,0.18181818181818182,1.0,6,1.0,2.125,2.5416499999999997,0,0.6480000000000001,0.6480000000000001,0.3
0.31684027777777773,0.7853904884578885,0.44979559267371466,1.5558503115825821,1.0,6.583333333333333,2.2102426962421724,0.1541454733420469,785.3904884578886,2003,3,walk,side_4_none,none,1,adaptive,4,0.0625,40,8,8,12,1.0,0.2,1.0,8,1.0,2.1455,2.40165,0,0.6480000000000001,0.6480000000000001,0.3
0.6119791666666666,0.7388805379225024,0.3679810738678797,1.6611546698439457,0.9791666666666666,7.979166666666667,2.6173943946595095,0.29594374666454204,738.8805379225024,2004,0,walk,side_4_none,none,1,adaptive,4,0.0625,38,8,8,10,1.0,0.21052631578947367,1.0,8,1.0,2.209,2.8018499999999995,0,0.6480000000000001,0.6480000000000001,0.3
0.4600694444444445,0.7880522674543361,0.4531223872001364,1.40129198928188,1.0,6.375,2.1905930031808487,0.1256505144327578,788.052267454336,2004,1,walk,side_4_none,none,1,adaptive,4,0.0625,35,10,10,11,1.0,0.2857142857142857,1.0,10,1.0,2.167,2.6498999999999997,0,0.6480000000000001,0.6480000000000001,0.3
0.5,0.8179279169877369,0.29926155555712236,2.053089299934549,0.9166666666666666,9.5,2.9227407585040823,0.22401319616159235,817.9279169877368,2004,2,walk,side_4_none,none,1,adaptive,4,0.0625,37,7,7,8,1.0,0.1891891891891892,1.0,7,1.0,2.1875,2.48565,0,0.6480000000000001,0.6480000000000001,0.3
0.10416666666666667,1.7812621380769862,0.2331731639180801,2.7630630870391744,0.8958333333333334,10.104166666666666,3.154230884889433,0.12900649725141344,1781.2621380769867,2004,3,walk,side_4_none,none,1,adaptive,4,0.0625,35,4,4,7,1.0,0.11428571428571428,1.0,4,1.0,2.125,2.2773,0,0.6480000000000001,0.6480000000000001,0.3
0.08472222222222221,1.70774862074753,0.30529549312183785,2.5818152874235722,0.9375,9.125,2.8660524448378752,0.25108138527777407,1707.7486207475313,2005,0,walk,side_4_none,none,1,adaptive,4,0.0625,34,7,7,10,1.0,0.20588235294117646,1.0,7,1.0,2.125,2.3732499999999996,0,0.6480000000000001,0.6480000000000001,0.3
0.5241161616161616,0.9768728595032289,0.4227498003261027,1.6139212808324672,0.9375,8.020833333333334,2.440098011279955,0.2593229190155519,976.8728595032293,2005,1,walk,side_4_none,none,1,adaptive,4,0.0625,37,7,7,12,1.0,0.1891891891891892,1.0,7,1.0,2.167,2.4433000000000002,0,0.6480000000000001,0.6480000000000001,0.3
0.41805555555555557,0.9757897204398018,0.3708344950186227,1.6854176869697053,1.0,8.0625,2.6214703408474134,0.19821060652130237,975.7897204398018,2005,2,walk,side_4_none,none,1,adaptive,4,0.0625,42,10,10,10,1.0,0.23809523809523808,1.0,10,1.0,2.167,2.45625,0,0.6480000000000001,0.6480000000000001,0.3
0.4600694444444444,1.1150423348134066,0.3208087703691588,1.7910307325117207,0.9791666666666666,9.8125,2.8615562424537764,0.17415325541926233,1115.0423348134066,2005,3,walk,side_4_none,none,1,adaptive,4,0.0625,38,8,8,11,1.0,0.21052631578947367,1.0,8,1.0,2.167,2.4976,0,0.6480000000000001,0.6480000000000001,0.3
0.3246527777777778,0.8012562050511488,0.41584770510205504,1.5853215543196422,1.0,6.791666666666667,2.3649001860714374,0.20579438685139914,801.2562050511489,2006,0,walk,side_4_none,none,1,adaptive,4,0.0625,33,9,9,15,1.0,0.2727272727272727,1.0,9,1.0,2.291,2.95625,0,0.6480000000000001,0.6480000000000001,0.3
0.25297619047619047,1.4476510908107931,0.3056633777042088,2.0999196388783323,0.9375,8.166666666666666,2.7769252086835556,0.06395567262489268,1447.651090810793,2006,1,walk,side_4_none,none,1,adaptive,4,0.0625,40,11,11,13,1.0,0.275,1.0,11,1.0,2.167,2.4443,0,0.6480000000000001,0.6480000000000001,0.3
0.5651041666666666,0.4637096226620989,0.3192976369830811,1.35212480131063,1.0,7.166666666666667,2.585597981574771,0.24580652968358563,463.70962266209887,2006,2,walk,side_4_none,none,1,adaptive,4,0.0625,35,9,9,13,1.0,0.2571428571428571,1.0,9,1.0,2.208,2.417,0,0.6480000000000001,0.6480000000000001,0.3
0.40138888888888885,0.8558883391968338,0.2292516630720872,2.0714685982029994,1.0,10.916666666666666,3.2598074271793682,0.23112528365607646,855.8883391968337,2006,3,walk,side_4_none,none,1,adaptive,4,0.0625,35,5,5,7,1.0,0.14285714285714285,1.0,5,1.0,2.1455,2.6369499999999997,0,0.6480000000000001,0.6480000000000001,0.3
0.4166666666666667,0.8391439832497621,0.3265635625575418,1.9040529966226323,0.9375,9.3125,2.8718002634476285,0.10258506945862561,839.1439832497623,2007,0,walk,side_4_none,none,1,adaptive,4,0.0625,33,5,5,7,1.0,0.15151515151515152,1.0,5,1.0,2.208,2.6498999999999997,0,0.6480000000000001,0.6480000000000001,0.3
0.20225694444444442,0.9655711289240662,0.2742851657318141,2.2235716335914653,0.9375,9.979166666666666,3.030056597875926,0.10763286722782334,965.5711289240661,2007,1,walk,side_4_none,none,1,adaptive,4,0.0625,36,5,5,7,1.0,0.1388888888888889,1.0,5,1.0,2.25,2.5126,0,0.6480000000000001,0.6480000000000001,0.3
0.3142361111111111,0.9437579206001335,0.27449536079076625,1.8625104654102618,0.9791666666666666,9.458333333333334,2.972224868352432,0.1359565582327801,943.7579206001336,2007,2,walk,side_4_none,none,1,adaptive,4,0.0625,36,7,7,8,1.0,0.19444444444444445,1.0,7,1.0,2.125,2.3876,0,0.6480000000000001,0.6480000000000001,0.3
0.6710069444444443,0.3779329887995469,0.367300967823339,1.3457291155301212,1.0,7.125,2.50422110656735,0.3336312228221379,377.932988799547,2007,3,walk,side_4_none,none,1,adaptive,4,0.0625,36,4,4,8,1.0,0.1111111111111111,1.0,4,1.0,2.166,2.70625,0,0.6480000000000001,0.6480000000000001,0.3
0.19494949494949496,1.5229791611110943,0.3991849970565158,2.4918511451595635,0.8541666666666666,7.958333333333333,2.5389723628471974,0.20460072956753847,1522.9791611110948,2008,0,walk,side_4_none,none,1,adaptive,4,0.0625,37,6,6,10,1.0,0.16216216216216217,1.0,6,1.0,2.125,2.5273,0,0.6480000000000001,0.6480000000000001,0.3
0.2526041666666667,1.3954585563837225,0.23807680049598165,2.217901211757073,1.0,10.583333333333334,3.1919491704670993,0.19648007573004242,1395.4585563837227,2008,1,walk,side_4_none,none,1,adaptive,4,0.0625,42,6,6,7,1.0,0.14285714285714285,1.0,6,1.0,2.167,2.4295999999999998,0,0.6480000000000001,0.6480000000000001,0.3
0.25,1.7114914669656642,0.38673728776703303,2.3125590846193878,0.8541666666666666,8.25,2.551163681641061,0.2159240688614331,1711.491466965664,2008,2,walk,side_4_none,none,1,adaptive,4,0.0625,38,7,7,10,1.0,0.18421052631578946,1.0,7,1.0,2.1665,2.44365,0,0.6480000000000001,0.6480000000000001,0.3
0.25297619047619047,1.102866115443412,0.4158762533333032,1.8538566402235659,0.9583333333333334,7.5625,2.453306384583144,0.1808734652073268,1102.866115443412,2008,3,walk,side_4_none,none,1,adaptive,4,0.0625,39,7,7,11,1.0,0.1794871794871795,1.0,7,1.0,2.167,2.41425,0,0.6480000000000001,0.6480000000000001,0.3
0.2526041666666667,1.1541925523998717,0.34821625036724574,2.0091115230392167,0.875,8.729166666666666,2.715074631188062,0.1545040147346033,1154.1925523998718,2009,0,walk,side_4_none,none,1,adaptive,4,0.0625,38,5,5,6,1.0,0.13157894736842105,1.0,5,1.0,2.125,2.45625,0,0.6480000000000001,0.6480000000000001,0.3
0.4192708333333333,0.8028675339715176,0.3748148837323315,1.5596111165810511,1.0,8.104166666666666,2.590180010722492,0.2299285090374822,802.8675339715173,2009,1,walk,side_4_none,none,1,adaptive,4,0.0625,42,6,6,7,1.0,0.14285714285714285,1.0,6,1.0,2.125,2.3722499999999997,0,0.6480000000000001,0.6480000000000001,0.3
0.20972222222222223,1.3235072239399945,0.29260958103210205,2.522400901608981,0.7916666666666666,8.770833333333334,2.8156443788505183,0.18456190570960632,1323.507223939995,2009,2,walk,side_4_none,none,1,adaptive,4,0.0625,36,9,9,12,1.0,0.25,1.0,9,1.0,2.208,2.6228999999999996,0,0.6480000000000001,0.6480000000000001,0.3
0.140625,1.280081819750355,0.25382808159591036,2.1754392347039895,0.9791666666666666,10.5,3.123603465982576,0.14970289930980074,1280.0818197503552,2009,3,walk,side_4_none,none,1,adaptive,4,0.0625,38,8,8,12,1.0,0.21052631578947367,1.0,8,1.0,2.125,2.3603,0,0.6480000000000001,0.6480000000000001,0.3
0.16840277777777776,1.6983213174591667,0.20648659812735404,2.4670755827390147,0.9791666666666666,11.395833333333334,3.338161747955555,0.16232065112007568,1698.3213174591667,2000,0,walk,side_4_random,random,0.5,adaptive,4,0.0625,34,4,1,4,0.25,0.029411764705882353,0.3333333333333333,1,1.0,2.208,2.9083499999999995,0,0.6480000000000001,0.6480000000000001,0.3
0.08472222222222221,1.2755024852690207,0.23449830967215193,2.170925793910262,1.0,10.375,3.1381984687803133,0.18062032294500066,1275.5024852690212,2000,1,walk,side_4_random,random,0.5,adaptive,4,0.0625,37,9,4,7,0.4444444444444444,0.10810810810810811,0.5,4,1.0,2.208,2.6376,0,0.6480000000000001,0.6480000000000001,0.3
0.17065972222222223,1.7296187387198476,0.2188169207950601,2.4652490169956978,0.875,10.520833333333334,3.2008292556897255,0.11114240796436625,1729.6187387198481,2000,2,walk,side_4_random,random,0.5,adaptive,4,0.0625,36,9,6,9,0.6666666666666666,0.16666666666666666,0.6666666666666666,6,1.0,2.166,2.3879499999999996,0,0.6480000000000001,0.6480000000000001,0.3
0.044270833333333336,2.150167735904254,0.1472888182377303,2.8902665650687767,0.9583333333333334,13.25,3.633280101866997,0.103017984904397,2150.1677359042546,2000,3,walk,side_4_random,random,0.5,adaptive,4,0.0625,33,6,2,3,0.3333333333333333,0.06060606060606061,0.6666666666666666,2,1.0,2.167,2.44365,0,0.6480000000000001,0.6480000000000001,0.3
0.4401041666666667,0.6131466648507213,0.3867845313477832,1.3740773822878196,1.0,7.166666666666667,2.474569051727586,0.1201563893428194,613.1466648507213,2001,0,walk,side_4_random,random,0.5,adaptive,4,0.0625,37,13,8,9,0.6153846153846154,0.21621621621621623,1.0,8,1.0,2.25,2.44365,0,0.6480000000000001,0.6480000000000001,0.3
0.14722222222222223,1.3373081644262703,0.22103096790852117,2.237846701222164,0.9791666666666666,11.020833333333334,3.2792446013499887,0.12721053985495065,1337.3081644262707,2001,1,walk,side_4_random,random,0.5,adaptive,4,0.0625,36,9,4,6,0.4444444444444444,0.1111111111111111,0.75,4,1.0,2.166,2.48565,0,0.6480000000000001,0.6480000000000001,0.3
0.10416666666666667,1.6119800678455112,0.1593417010696606,2.3563112751454853,1.0,11.958333333333334,3.473098076799135,0.10999933603932206,1611.9800678455124,2001,2,walk,side_4_random,random,0.5,adaptive,4,0.0625,37,9,2,4,0.2222222222222222,0.05405405405405406,0.3333333333333333,2,1.0,2.25,2.4709499999999998,0,0.6480000000000001,0.6480000000000001,0.3
0.004712301587301587,2.1498932208901063,0.18263374498128368,3.4077558853086583,0.75,11.145833333333334,3.3421864435813755,0.1779214433939821,2149.8932208901056,2001,3,walk,side_4_random,random,0.5,adaptive,4,0.0625,32,4,2,4,0.5,0.0625,0.6666666666666666,2,1.0,2.167,2.4023,0,0.6480000000000001,0.6480000000000001,0.3
0.006755050505050504,1.7551479342635448,0.19110892478886107,2.5507371834763846,1.0,12.666666666666666,3.536708546363275,0.18487455360989777,1755.147934263545,2002,0,walk,side_4_random,random,0.5,adaptive,4,0.0625,39,6,1,2,0.16666666666666666,0.02564102564102564,0.25,1,1.0,2.1665,2.4709499999999998,0,0.6480000000000001,0.6480000000000001,0.3
0.171875,1.2709592605578994,0.1890943498197263,2.196335286216661,0.9791666666666666,10.5,3.224839405319132,0.04044700022395646,1270.9592605579,2002,1,walk,side_4_random,random,0.5,adaptive,4,0.0625,38,15,7,9,0.4666666666666667,0.18421052631578946,1.0,7,1.0,2.125,2.4705999999999997,0,0.6480000000000001,0.6480000000000001,0.3
0.10677083333333333,1.476019378833059,0.1637391637951738,2.480727736414768,0.9375,11.458333333333334,3.421695418365506,0.08719967070324434,1476.0193788330591,2002,2,walk,side_4_random,random,0.5,adaptive,4,0.0625,33,4,3,6,0.75,0.09090909090909091,0.75,3,1.0,2.2915,3.2192,0,0.6480000000000001,0.6480000000000001,0.3
0.15104166666666666,2.502029970365291,0.13534301721239428,2.711246948910457,0.8333333333333334,13.270833333333334,3.6985152071327825,0.11925229036731257,2502.0299703652904,2002,3,walk,side_4_random,random,0.5,adaptive,4,0.0625,39,8,5,5,0.625,0.1282051282051282,0.6,5,1.0,2.208,2.7188499999999998,0,0.6480000000000001,0.6480000000000001,0.3
0.19340277777777778,1.4423468419391838,0.15747610128325337,2.5710709910878866,0.9791666666666666,12.104166666666666,3.501447272319029,0.0807148359273389,1442.3468419391832,2003,0,walk,side_4_random,random,0.5,adaptive,4,0.0625,35,5,3,4,0.6,0.08571428571428572,0.5,3,1.0,2.208,2.5416499999999997,0,0.6480000000000001,0.6480000000000001,0.3
0.07552083333333333,1.9938296650135479,0.16648721201446323,2.763752979536839,0.9375,11.916666666666666,3.4939482413197056,0.13285283904709147,1993.8296650135471,2003,1,walk,side_4_random,random,0.5,adaptive,4,0.0625,35,10,5,5,0.5,0.14285714285714285,0.6666666666666666,5,1.0,2.1875,2.45625,0,0.6480000000000001,0.6480000000000001,0.3
0.012152777777777776,2.0544937951205324,0.17633333221233108,2.6422594356688047,0.9791666666666666,12.0,3.4177811087379433,0.16418055443455334,2054.493795120534,2003,2,walk,side_4_random,random,0.5,adaptive,4,0.0625,33,6,4,4,0.6666666666666666,0.12121212121212122,0.6666666666666666,4,1.0,2.208,2.5,0,0.6480000000000001,0.6480000000000001,0.3
0.3376736111111111,0.8321121694395405,0.2680901792942547,1.8941893996244714,1.0,9.770833333333334,3.0048844260488163,0.16993781470495062,832.1121694395403,2003,3,walk,side_4_random,random,0.5,adaptive,4,0.0625,40,8,4,5,0.5,0.1,0.75,4,1.0,2.2915,2.95625,0,0.6480000000000001,0.6480000000000001,0.3
0.2682291666666667,1.436934136039575,0.15667274541977017,2.205557260272635,1.0,12.166666666666666,3.500221561440999,0.18970191578960582,1436.9341360395754,2004,0,walk,side_4_random,random,0.5,adaptive,4,0.0625,38,8,4,4,0.5,0.10526315789473684,0.6666666666666666,4,1.0,2.25,2.4853,0,0.6480000000000001,0.6480000000000001,0.3
0.3350694444444445,1.3050617698121156,0.4146459239717639,1.881139216309377,0.9791666666666666,7.520833333333333,2.4340521072825125,0.18005667220924235,1305.0617698121157,2004,1,walk,side_4_random,random,0.5,adaptive,4,0.0625,35,10,5,6,0.5,0.14285714285714285,0.75,5,1.0,2.167,2.6103,0,0.6480000000000001,0.6480000000000001,0.3
0.0625,1.852685151897535,0.1638333496825278,2.4497898504123774,1.0,12.458333333333334,3.5310542848727224,0.12821050730951286,1852.6851518975348,2004,2,walk,side_4_random,random,0.5,adaptive,4,0.0625,37,7,3,4,0.42857142857142855,0.08108108108108109,0.4,3,1.0,2.229,2.44365,0,0.6480000000000001,0.6480000000000001,0.3
0.1875,1.3221264114135811,0.22313633122895993,2.312375115602882,1.0,10.729166666666666,3.2197352926096285,0.1906781276244964,1322.1264114135813,2004,3,walk,side_4_random,random,0.5,adaptive,4,0.0625,35,4,4,5,1.0,0.11428571428571428,1.0,4,1.0,2.208,2.4443,0,0.6480000000000001,0.6480000000000001,0.3
0.16805555555555554,1.7062219903247018,0.24251051510912527,2.6115101056562993,0.875,10.520833333333334,3.164286765046127,0.12382796514835077,1706.2219903247021,2005,0,walk,side_4_random,random,0.5,adaptive,4,0.0625,34,7,4,6,0.5714285714285714,0.11764705882352941,1.0,4,1.0,2.1665,2.375,0,0.6480000000000001,0.6480000000000001,0.3
0.3366161616161616,1.4633348871475584,0.2849398462243703,1.9857263690843032,0.9791666666666666,9.791666666666666,2.9910277414608113,0.17967484943648024,1463.3348871475584,2005,1,walk,side_4_random,random,0.5,adaptive,4,0.0625,37,7,5,6,0.7142857142857143,0.13513513513513514,1.0,5,1.0,2.1455,2.3879499999999996,0,0.6480000000000001,0.6480000000000001,0.3
0.18888888888888888,1.6091270463218503,0.23579980146501744,2.3785378841571894,0.9166666666666666,11.145833333333334,3.2776475192538803,0.11210808310604699,1609.1270463218507,2005,2,walk,side_4_random,random,0.5,adaptive,4,0.0625,42,10,3,5,0.3,0.07142857142857142,0.4,3,1.0,2.208,2.4023,0,0.6480000000000001,0.6480000000000001,0.3
0.10590277777777778,1.9625601824871728,0.14008415022331835,2.5557255600817537,0.9583333333333334,13.479166666666666,3.663103397741929,0.10571762586008299,1962.5601824871737,2005,3,walk,side_4_random,random,0.5,adaptive,4,0.0625,38,8,2,3,0.25,0.05263157894736842,0.4,2,1.0,2.1875,2.458,0,0.6480000000000001,0.6480000000000001,0.3
0.11631944444444446,1.9261248778971092,0.2429828040584581,2.709228624127228,0.8541666666666666,9.6875,3.057767483478006,0.17749401779784166,1926.1248778971094,2006,0,walk,side_4_random,random,0.5,adaptive,4,0.0625,33,9,5,7,0.5555555555555556,0.15151515151515152,0.75,5,1.0,2.125,2.375,0,0.6480000000000001,0.6480000000000001,0.3
0.10714285714285714,1.6600218432511407,0.15594684710695403,2.2931644922155194,0.9583333333333334,12.916666666666666,3.62116675362213,0.0488039899640969,1660.0218432511404,2006,1,walk,side_4_random,random,0.5,adaptive,4,0.0625,40,11,3,3,0.2727272727272727,0.075,0.3333333333333333,3,1.0,2.167,2.375,0,0.6480000000000001,0.6480000000000001,0.3
0.3359375,0.7518018544276446,0.2498972773461677,1.7730548605809018,1.0,10.5,3.1269640950278697,0.12400706163130341,751.8018544276446,2006,2,walk,side_4_random,random,0.5,adaptive,4,0.0625,35,9,4,6,0.4444444444444444,0.11428571428571428,1.0,4,1.0,2.208,2.94155,0,0.6480000000000001,0.6480000000000001,0.3
0.13055555555555556,1.4432526164205404,0.19521703182943792,2.269021997048947,0.9791666666666666,11.208333333333334,3.341220426505537,0.0724272907522661,1443.252616420541,2006,3,walk,side_4_random,random,0.5,adaptive,4,0.0625,35,5,3,5,0.6,0.08571428571428572,0.5,3,1.0,2.209,3.2437499999999995,0,0.6480000000000001,0.6480000000000001,0.3
0.3125,1.6806758756822175,0.17859101428489807,2.2972318451395872,1.0,11.854166666666666,3.4176233544778136,0.23659077268814224,1680.6758756822182,2007,0,walk,side_4_random,random,0.5,adaptive,4,0.0625,33,5,3,4,0.6,0.09090909090909091,0.6666666666666666,3,1.0,2.292,2.542,0,0.6480000000000001,0.6480000000000001,0.3
0.2647569444444444,0.9151380815908872,0.23546602041797024,2.1358814468409837,1.0,10.708333333333334,3.173696081261981,0.11262944681794113,915.1380815908873,2007,1,walk,side_4_random,random,0.5,adaptive,4,0.0625,36,5,3,7,0.6,0.08333333333333333,0.6666666666666666,3,1.0,2.25,2.9913499999999993,0,0.6480000000000001,0.6480000000000001,0.3
0.14756944444444445,1.5851753946961742,0.25154682292476643,2.5924317368791265,0.875,10.375,3.1285040102337818,0.24972890789934934,1585.175394696175,2007,2,walk,side_4_random,random,0.5,adaptive,4,0.0625,36,7,3,4,0.42857142857142855,0.08333333333333333,0.5,3,1.0,2.2705,2.61065,0,0.6480000000000001,0.6480000000000001,0.3
0.6085069444444444,0.5703510716641259,0.1456526375570237,2.0685232212736966,1.0,13.104166666666666,3.6150856178349717,0.46285430688742074,570.3510716641259,2007,3,walk,side_4_random,random,0.5,adaptive,4,0.0625,36,4,1,1,0.25,0.027777777777777776,0.5,1,1.0,2.167,2.45865,0,0.6480000000000001,0.6480000000000001,0.3
0.15328282828282827,1.5013578370131608,0.19283480323203894,2.6598005358643566,0.875,10.75,3.2729122378965436,0.12867894337647431,1501.357837013161,2008,0,walk,side_4_random,random,0.5,adaptive,4,0.0625,37,6,2,4,0.3333333333333333,0.05405405405405406,0.4,2,1.0,2.1455,2.56895,0,0.6480000000000001,0.6480000000000001,0.3
0.22916666666666666,1.275139315795559,0.17948936212686076,2.145552912271475,1.0,11.666666666666666,3.440745754954186,0.11778525369521796,1275.1393157955597,2008,1,walk,side_4_random,random,0.5,adaptive,4,0.0625,42,6,5,6,0.8333333333333334,0.11904761904761904,1.0,5,1.0,2.125,2.44155,0,0.6480000000000001,0.6480000000000001,0.3
0.020833333333333332,2.374798743043264,0.1931510656072777,2.8270710180149563,0.9583333333333334,11.229166666666666,3.335722247725901,0.17231773227394445,2374.7987430432618,2008,2,walk,side_4_random,random,0.5,adaptive,4,0.0625,38,7,4,5,0.5714285714285714,0.10526315789473684,0.75,4,1.0,2.292,3.0227999999999997,0,0.6480000000000001,0.6480000000000001,0.3
0.12797619047619047,1.813344636963862,0.30433491856342293,2.9155249904165372,0.7291666666666666,10.0,2.9587557068777914,0.19772002945709546,1813.3446369638616,2008,3,walk,side_4_random,random,0.5,adaptive,4,0.0625,39,7,5,6,0.7142857142857143,0.1282051282051282,1.0,5,1.0,2.166,2.375,0,0.6480000000000001,0.6480000000000001,0.3
0.044270833333333336,2.114044321480928,0.18159146483000962,2.724514575288192,0.9166666666666666,11.666666666666666,3.3992174650537232,0.13732063149667628,2114.044321480929,2009,0,walk,side_4_random,random,0.5,adaptive,4,0.0625,38,5,3,6,0.6,0.07894736842105263,1.0,3,1.0,2.1875,2.55395,0,0.6480000000000001,0.6480000000000001,0.3
0.09635416666666667,2.058791889487447,0.2160309166969782,2.7142552175182537,0.9166666666666666,10.979166666666666,3.2253262261818674,0.16406308222101887,2058.7918894874447,2009,1,walk,side_4_random,random,0.5,adaptive,4,0.0625,42,6,2,4,0.3333333333333333,0.047619047619047616,0.5,2,1.0,2.1875,2.4443,0,0.6480000000000001,0.6480000000000001,0.3
0.23055555555555554,1.3431338407602762,0.16902774067655746,2.487985182482852,0.875,12.104166666666666,3.4496531731549553,0.10856752741110803,1343.1338407602764,2009,2,walk,side_4_random,random,0.5,adaptive,4,0.0625,36,9,5,6,0.5555555555555556,0.1388888888888889,0.5,5,1.0,2.167,2.4829,0,0.6480000000000001,0.6480000000000001,0.3
0.140625,1.9675759807466828,0.11323970031646957,2.8059672155447823,0.9166666666666666,14.1875,3.824485164605646,0.02738529968353041,1967.5759807466823,2009,3,walk,side_4_random,random,0.5,adaptive,4,0.0625,38,8,4,4,0.5,0.10526315789473684,0.6,4,1.0,2.125,2.4829,0,0.6480000000000001,0.6480000000000001,0.3
0.0915798611111111,1.702490901072056,0.08809469420105893,2.6647738161794483,1.0,14.125,3.8426449169730237,0.005568500243385506,1702.4909010720569,2000,0,walk,side_4_bsp,bsp,0.1,adaptive,4,0.0625,34,4,0,6,0.0,0.0,0.0,0,1.0,17.209,22.47095,0,0.6480000000000001,0.6480000000000001,0.3
0.04600694444444445,1.7640111485523564,0.0827447049911367,2.79113476280058,0.9791666666666666,14.916666666666666,3.9172127492543507,0.036737760546692255,1764.0111485523573,2000,1,walk,side_4_bsp,bsp,0.1,adaptive,4,0.0625,37,9,0,2,0.0,0.0,0.0,0,1.0,17.083,18.13105,0,0.6480000000000001,0.6480000000000001,0.3
0.04296875,2.2204099536672723,0.09022215087712136,2.852266423149127,0.8958333333333334,13.708333333333334,3.80541566462271,0.05350340087712136,2220.40995366727,2000,2,walk,side_4_bsp,bsp,0.1,adaptive,4,0.0625,36,9,1,7,0.1111111111111111,0.027777777777777776,0.16666666666666666,1,1.0,17.313000000000002,17.8999,0,0.6480000000000001,0.6480000000000001,0.3
0.020833333333333332,2.174700564213684,0.08978761117955837,2.840053750722458,0.9166666666666666,14.375,3.880799628457988,0.06895427784622504,2174.7005642136837,2000,3,walk,side_4_bsp,bsp,0.1,adaptive,4,0.0625,33,6,1,5,0.16666666666666666,0.030303030303030304,0.3333333333333333,1,1.0,17.146,19.956149999999997,0,0.6480000000000001,0.6480000000000001,0.3
0.07942708333333333,1.7535618280725167,0.08961348238495222,2.662711741861331,1.0,14.458333333333334,3.8805439276049825,0.01898026761504777,1753.5618280725175,2001,0,walk,side_4_bsp,bsp,0.1,adaptive,4,0.0625,37,13,0,5,0.0,0.0,0.0,0,1.0,17.208,17.8603,0,0.6480000000000001,0.6480000000000001,0.3
0.040364583333333336,1.7864733234247836,0.08852652970884788,2.753628729176206,1.0,14.9375,3.9340634816039977,0.04816194637551454,1786.4733234247824,2001,1,walk,side_4_bsp,bsp,0.1,adaptive,4,0.0625,36,9,2,2,0.2222222222222222,0.05555555555555555,0.5,2,1.0,17.1665,18.159,0,0.6480000000000001,0.6480000000000001,0.3
0.0,2.3487517631893566,0.09176447009510529,2.9481379514752457,0.9583333333333334,14.270833333333334,3.8666611367026493,0.09176447009510529,2348.751763189354,2001,2,walk,side_4_bsp,bsp,0.1,adaptive,4,0.0625,37,9,0,3,0.0,0.0,0.0,0,1.0,17.1455,18.024549999999998,0,0.6480000000000001,0.6480000000000001,0.3
0.044704861111111105,2.1320570960831478,0.08906174496572243,2.7212102123229998,1.0,14.208333333333334,3.8551063908433463,0.04435688385461131,2132.057096083147,2001,3,walk,side_4_bsp,bsp,0.1,adaptive,4,0.0625,32,4,0,6,0.0,0.0,0.0,0,1.0,17.2705,21.05855,0,0.6480000000000001,0.6480000000000001,0.3
0.013020833333333334,2.553374772505505,0.08730998692880437,2.9811278719466476,1.0,14.666666666666666,3.9013004437464964,0.07428915359547104,2553.3747725055036,2002,0,walk,side_4_bsp,bsp,0.1,adaptive,4,0.0625,39,6,1,2,0.16666666666666666,0.02564102564102564,0.25,1,1.0,17.25,18.67095,0,0.6480000000000001,0.6480000000000001,0.3
0.13020833333333334,1.4360408126886697,0.08854063440020747,2.4943906032982843,1.0,14.520833333333334,3.883516553777803,0.04166769893312585,1436.040812688669,2002,1,walk,side_4_bsp,bsp,0.1,adaptive,4,0.0625,38,15,3,5,0.2,0.07894736842105263,0.6,3,1.0,17.333,18.6979,0,0.6480000000000001,0.6480000000000001,0.3
0.05902777777777777,2.1216576045917903,0.0853952180238529,2.8049083231384073,1.0,14.0,3.8279799191470913,0.026367440246075124,2121.657604591791,2002,2,walk,side_4_bsp,bsp,0.1,adaptive,4,0.0625,33,4,0,8,0.0,0.0,0.0,0,1.0,17.0625,17.59355,0,0.6480000000000001,0.6480000000000001,0.3
0.1150173611111111,1.7824719069031065,0.08616091080526872,2.560662765626454,1.0,14.375,3.8723253657757497,0.028856450305842374,1782.4719069031064,2002,3,walk,side_4_bsp,bsp,0.1,adaptive,4,0.0625,39,8,1,4,0.125,0.02564102564102564,0.2,1,1.0,17.1455,18.33345,0,0.6480000000000001,0.6480000000000001,0.3
0.046875,2.5905315425330713,0.08911990919690217,2.8739993886784667,1.0,15.104166666666666,3.947520785141455,0.04224490919690218,2590.53154253307,2003,0,walk,side_4_bsp,bsp,0.1,adaptive,4,0.0625,35,5,0,1,0.0,0.0,0.0,0,1.0,17.0625,17.9125,0,0.6480000000000001,0.6480000000000001,0.3
0.08854166666666667,1.5166051722920717,0.09020071098110728,2.515210508206621,1.0,13.979166666666666,3.8339990911297552,0.020409044314440624,1516.6051722920704,2003,1,walk,side_4_bsp,bsp,0.1,adaptive,4,0.0625,35,10,1,7,0.1,0.02857142857142857,0.16666666666666666,1,1.0,17.042,17.6523,0,0.6480000000000001,0.6480000000000001,0.3
0.030381944444444444,2.1748029878082398,0.08920022794551673,2.794012210452926,1.0,14.541666666666666,3.8999049821868605,0.058818283501072266,2174.802987808238,2003,2,walk,side_4_bsp,bsp,0.1,adaptive,4,0.0625,33,6,2,3,0.3333333333333333,0.06060606060606061,0.3333333333333333,2,1.0,16.9795,17.774549999999998,0,0.6480000000000001,0.6480000000000001,0.3
0.0546875,1.9640381584022195,0.0806695835627863,2.7232143844256225,1.0,15.041666666666666,3.931625416650865,0.030148750229452976,1964.0381584022198,2003,3,walk,side_4_bsp,bsp,0.1,adaptive,4,0.0625,40,8,1,3,0.125,0.025,0.25,1,1.0,17.25,19.1398,0,0.6480000000000001,0.6480000000000001,0.3
0.11979166666666667,2.014435468223469,0.0912804433803643,2.631656865420987,1.0,15.145833333333334,3.9440364203461393,0.028511223286302373,2014.435468223469,2004,0,walk,side_4_bsp,bsp,0.1,adaptive,4,0.0625,38,8,3,3,0.375,0.07894736842105263,1.0,3,1.0,17.0205,18.45,0,0.6480000000000001,0.6480000000000001,0.3
0.12369791666666667,2.18336908149998,0.08928402540453063,2.834493000411926,0.7708333333333334,14.458333333333334,3.8768644239232426,0.034413891262136016,2183.369081499978,2004,1,walk,side_4_bsp,bsp,0.1,adaptive,4,0.0625,35,10,0,2,0.0,0.0,0.0,0,1.0,17.000500000000002,17.8705,0,0.6480000000000001,0.6480000000000001,0.3
0.09895833333333333,1.742298533125953,0.08786613796792105,2.759285116220477,0.8958333333333334,14.0625,3.83868303210569,0.019425528698745618,1742.2985331259522,2004,2,walk,side_4_bsp,bsp,0.1,adaptive,4,0.0625,37,7,2,6,0.2857142857142857,0.05405405405405406,0.4,2,1.0,18.458,23.331049999999998,0,0.6480000000000001,0.6480000000000001,0.3
0.09505208333333333,1.663075789304341,0.08919642718938638,2.614572478887666,1.0,14.25,3.85818256953379,0.012105656143946942,1663.07578930434,2004,3,walk,side_4_bsp,bsp,0.1,adaptive,4,0.0625,35,4,2,6,0.5,0.05714285714285714,0.5,2,1.0,17.042,17.58125,0,0.6480000000000001,0.6480000000000001,0.3
0.037760416666666664,2.424918515832771,0.08866183495800756,2.8439639560676606,0.8333333333333334,14.833333333333334,3.9234339834396166,0.050901418291340865,2424.918515832771,2005,0,walk,side_4_bsp,bsp,0.1,adaptive,4,0.0625,34,7,0,1,0.0,0.0,0.0,0,1.0,17.125,19.458999999999996,0,0.6480000000000001,0.6480000000000001,0.3
0.1072048611111111,2.059244381437536,0.08970690842388318,2.614462489166522,1.0,14.229166666666666,3.858809559940418,0.017497952687227928,2059.244381437535,2005,1,walk,side_4_bsp,bsp,0.1,adaptive,4,0.0625,37,7,1,4,0.14285714285714285,0.02702702702702703,0.3333333333333333,1,1.0,17.1045,17.97665,0,0.6480000000000001,0.6480000000000001,0.3
0.010416666666666666,2.538899411737622,0.0817787894440682,2.799614688862537,1.0,15.229166666666666,3.9466415974753812,0.07136212277740153,2538.8994117376196,2005,2,walk,side_4_bsp,bsp,0.1,adaptive,4,0.0625,42,10,0,1,0.0,0.0,0.0,0,1.0,17.166,17.65165,0,0.6480000000000001,0.6480000000000001,0.3
0.11501736111111112,1.5614222794811308,0.08579526986960608,2.5195579007681843,1.0,14.083333333333334,3.842298074481565,0.029222091241505044,1561.42227948113,2005,3,walk,side_4_bsp,bsp,0.1,adaptive,4,0.0625,38,8,1,5,0.125,0.02631578947368421,0.2,1,1.0,17.083,18.00635,0,0.6480000000000001,0.6480000000000001,0.3
0.10980902777777778,1.708431644955575,0.08917396055389219,2.49364297462566,1.0,13.75,3.8121148019497006,0.020635067223885584,1708.4316449555745,2006,0,walk,side_4_bsp,bsp,0.1,adaptive,4,0.0625,33,9,0,6,0.0,0.0,0.0,0,1.0,17.0,17.7875,0,0.6480000000000001,0.6480000000000001,0.3
0.08897569444444443,2.1821621380379033,0.08354866436540052,2.6181012460711917,0.9791666666666666,14.979166666666666,3.9204976980532096,0.005427030079043931,2182.1621380379033,2006,1,walk,side_4_bsp,bsp,0.1,adaptive,4,0.0625,40,11,2,4,0.18181818181818182,0.05,0.3333333333333333,2,1.0,17.041,17.748250000000002,0,0.6480000000000001,0.6480000000000001,0.3
0.19791666666666666,1.2667644085860104,0.08993862822701887,2.5292838475703308,0.9791666666666666,14.833333333333334,3.9224754664105888,0.10797803843964777,1266.7644085860102,2006,2,walk,side_4_bsp,bsp,0.1,adaptive,4,0.0625,35,9,1,2,0.1111111111111111,0.02857142857142857,0.5,1,1.0,17.0,17.541,0,0.6480000000000001,0.6480000000000001,0.3
0.05121527777777778,2.489501302158423,0.08250209476882654,2.8998394017637206,0.9583333333333334,14.645833333333334,3.8936322781228996,0.03128681699104876,2489.5013021584223,2006,3,walk,side_4_bsp,bsp,0.1,adaptive,4,0.0625,35,5,0,4,0.0,0.0,0.0,0,1.0,17.000500000000002,18.099549999999997,0,0.6480000000000001,0.6480000000000001,0.3
0.0,2.6275219419373017,0.0912859004728729,3.0227593413022222,1.0,15.145833333333334,3.9434838770440646,0.09128590047287288,2627.5219419372993,2007,0,walk,side_4_bsp,bsp,0.1,adaptive,4,0.0625,33,5,1,1,0.2,0.030303030303030304,0.3333333333333333,1,1.0,17.041,17.66525,0,0.6480000000000001,0.6480000000000001,0.3
0.020833333333333332,2.3597805426656877,0.08995764919820769,2.9170618974202065,0.9375,14.9375,3.9316758702202783,0.06912431586487433,2359.7805426656873,2007,1,walk,side_4_bsp,bsp,0.1,adaptive,4,0.0625,36,5,0,1,0.0,0.0,0.0,0,1.0,17.084,18.5375,0,0.6480000000000001,0.6480000000000001,0.3
0.10286458333333333,1.661204489711105,0.08976856261237527,2.6367111618968995,1.0,14.479166666666666,3.889510495342964,0.013096020720958062,1661.2044897111045,2007,2,walk,side_4_bsp,bsp,0.1,adaptive,4,0.0625,36,7,0,3,0.0,0.0,0.0,0,1.0,17.1875,18.46645,0,0.6480000000000001,0.6480000000000001,0.3
0.11979166666666667,1.736010312505374,0.09162998560014561,2.5164931140452027,1.0,14.375,3.8750523285353644,0.02816168106652105,1736.0103125053731,2007,3,walk,side_4_bsp,bsp,0.1,adaptive,4,0.0625,36,4,1,2,0.25,0.027777777777777776,0.5,1,1.0,17.021,17.9146,0,0.6480000000000001,0.6480000000000001,0.3
0.010850694444444442,2.51200721388726,0.08859689186832398,3.0655247310731806,0.9375,13.875,3.824644529465336,0.07774619742387955,2512.00721388726,2008,0,walk,side_4_bsp,bsp,0.1,adaptive,4,0.0625,37,6,1,6,0.16666666666666666,0.02702702702702703,0.2,1,1.0,17.209,18.57885,0,0.6480000000000001,0.6480000000000001,0.3
0.0720486111111111,2.183084980418765,0.08808382024829413,2.685275394219333,1.0,14.291666666666666,3.868673834534553,0.01603520913718302,2183.084980418764,2008,1,walk,side_4_bsp,bsp,0.1,adaptive,4,0.0625,42,6,1,3,0.16666666666666666,0.023809523809523808,0.2,1,1.0,17.2295,18.0273,0,0.6480000000000001,0.6480000000000001,0.3
0.0,1.814901700389637,0.09014483009744245,2.8188856807650158,0.9583333333333334,14.958333333333334,3.934248014794745,0.09014483009744244,1814.9017003896377,2008,2,walk,side_4_bsp,bsp,0.1,adaptive,4,0.0625,38,7,0,1,0.0,0.0,0.0,0,1.0,17.167,17.693649999999998,0,0.6480000000000001,0.6480000000000001,0.3
0.20052083333333334,1.3707678530196599,0.08767236021851886,2.5441442113353814,1.0,15.1875,3.9524681459165643,0.11284847311481445,1370.7678530196597,2008,3,walk,side_4_bsp,bsp,0.1,adaptive,4,0.0625,39,7,0,0,0.0,0.0,0.0,0,nan,17.146,17.65165,0,0.6480000000000001,0.6480000000000001,0.3
0.09375,2.19476482021043,0.08525103757920638,2.7916406290485756,1.0,14.25,3.856512730727152,0.016832295754126956,2194.7648202104297,2009,0,walk,side_4_bsp,bsp,0.1,adaptive,4,0.0625,38,5,1,5,0.2,0.02631578947368421,0.3333333333333333,1,1.0,17.1665,18.051849999999998,0,0.6480000000000001,0.6480000000000001,0.3
0.05859375,2.033813289858044,0.08801801653251277,2.767651023881488,1.0,14.854166666666666,3.9185157785655385,0.029424266532512764,2033.8132898580427,2009,1,walk,side_4_bsp,bsp,0.1,adaptive,4,0.0625,42,6,0,1,0.0,0.0,0.0,0,1.0,17.2295,17.845950000000002,0,0.6480000000000001,0.6480000000000001,0.3
0.16276041666666666,1.6144431796240672,0.08642789044934475,2.585747771867285,1.0,14.9375,3.9306033098683595,0.07633252621732191,1614.4431796240672,2009,2,walk,side_4_bsp,bsp,0.1,adaptive,4,0.0625,36,9,1,3,0.1111111111111111,0.027777777777777776,0.25,1,1.0,16.9585,18.224899999999998,0,0.6480000000000001,0.6480000000000001,0.3
0.11458333333333333,1.76262518502062,0.08825145146338524,2.6739596795559293,0.9791666666666666,15.229166666666666,3.9499631389141743,0.026331881869948115,1762.62518502062,2009,3,walk,side_4_bsp,bsp,0.1,adaptive,4,0.0625,38,8,1,1,0.125,0.02631578947368421,0.2,1,1.0,17.125,18.1727,0,0.6480000000000001,0.6480000000000001,0.3
0.0643622805704205,2.5891487185161943,0.0828409184380627,3.6691948938191867,1.0,55.166666666666664,5.226466059898501,0.07023295193846055,2589.148718516196,2000,0,walk,side_16_none,none,1,adaptive,16,0.00390625,34,1,1,8,1.0,0.029411764705882353,1.0,1,1.0,2.666,7.402199999999998,0,0.6480000000000001,0.6480000000000001,0.3
0.06311026010263555,3.691731249310671,0.041968980957206053,4.268648777541164,1.0,111.58333333333333,6.383500846568691,0.02998367535982126,3691.7312493106724,2000,1,walk,side_16_none,none,1,adaptive,16,0.00390625,37,2,2,6,1.0,0.05405405405405406,1.0,2,1.0,2.5625,2.9709499999999998,0,0.6480000000000001,0.6480000000000001,0.3
0.0,8.895405662656858,0.043305426700684733,4.514640516512615,0.9375,106.125,6.194693591312091,0.043305426700684733,8895.405662656849,2000,2,walk,side_16_none,none,1,adaptive,16,0.00390625,36,1,1,4,1.0,0.027777777777777776,1.0,1,1.0,2.459,3.3728999999999996,0,0.6480000000000001,0.6480000000000001,0.3
0.0,11.967711679275263,0.04167577283092554,6.032324333969396,0.8333333333333334,126.47916666666667,6.605612306660721,0.04167577283092555,11967.711679275257,2000,3,walk,side_16_none,none,1,adaptive,16,0.00390625,33,1,1,2,1.0,0.030303030303030304,1.0,1,1.0,2.4585,3.0399,0,0.6480000000000001,0.6480000000000001,0.3
0.27156540707807175,2.6487402636901893,0.1150260126756965,2.951490207575954,1.0,76.08333333333333,5.141589934339653,0.2057083961740472,2648.740263690191,2001,0,walk,side_16_none,none,1,adaptive,16,0.00390625,37,1,1,5,1.0,0.02702702702702703,1.0,1,1.0,2.417,3.2329,0,0.6480000000000001,0.6480000000000001,0.3
0.0629411605614952,2.609705855049093,0.06149209361064147,3.7563429681233873,1.0,93.5,6.044837086831714,0.0174961608573499,2609.7058550490933,2001,1,walk,side_16_none,none,1,adaptive,16,0.00390625,36,1,1,4,1.0,0.027777777777777776,1.0,1,1.0,2.6045,3.6085499999999997,0,0.6480000000000001,0.6480000000000001,0.3
0.0,6.455007857278566,0.03586782503028467,4.2491461895101565,0.9375,88.91666666666667,6.231636841530167,0.03586782503028467,6455.007857278563,2001,2,walk,side_16_none,none,1,adaptive,16,0.00390625,37,3,3,5,1.0,0.08108108108108109,1.0,3,1.0,2.4375,3.08125,0,0.6480000000000001,0.6480000000000001,0.3
0.0443858148845492,2.553328918601163,0.10713162104658332,3.3343420718343957,1.0,47.791666666666664,4.786466958922672,0.06274580616203411,2553.3289186011634,2001,3,walk,side_16_none,none,1,adaptive,16,0.00390625,32,0,0,4,nan,0.0,nan,0,1.0,2.667,4.30395,0,0.6480000000000001,0.6480000000000001,0.3
0.00016997618256342083,3.817572551716426,0.029267015254252005,3.963597844704978,1.0,107.58333333333333,6.535880969503565,0.029097039071688587,3817.572551716425,2002,0,walk,side_16_none,none,1,adaptive,16,0.00390625,39,2,2,4,1.0,0.05128205128205128,1.0,2,1.0,2.5,3.08365,0,0.6480000000000001,0.6480000000000001,0.3
0.1705149015745291,2.1658376060187714,0.13464061775824585,3.102641915697204,1.0,70.3125,4.894436507439045,0.11958911213882507,2165.8376060187716,2002,1,walk,side_16_none,none,1,adaptive,16,0.00390625,38,2,2,4,1.0,0.05263157894736842,1.0,2,1.0,2.4375,3.2044999999999995,0,0.6480000000000001,0.6480000000000001,0.3
0.20847800925925927,1.5459613605612288,0.0633057216028885,3.3465310727200688,1.0,80.91666666666667,5.729982212680446,0.14517228765637077,1545.9613605612292,2002,2,walk,side_16_none,none,1,adaptive,16,0.00390625,33,3,3,7,1.0,0.09090909090909091,1.0,3,1.0,2.5,3.1232499999999996,0,0.6480000000000001,0.6480000000000001,0.3
0.0009508366290773698,3.056754810883863,0.03032002708169548,4.122381314408323,1.0,163.25,6.968535074462398,0.02936919045261811,3056.7548108838632,2002,3,walk,side_16_none,none,1,adaptive,16,0.00390625,39,2,2,3,1.0,0.05128205128205128,1.0,2,1.0,2.4585,3.2353,0,0.6480000000000001,0.6480000000000001,0.3
0.0004987377876487842,5.379469712707929,0.06559157414913627,4.8428142974979895,0.8333333333333334,117.66666666666667,6.115259510706829,0.0650928363614875,5379.469712707927,2003,0,walk,side_16_none,none,1,adaptive,16,0.00390625,35,0,0,7,nan,0.0,nan,0,1.0,2.542,3.2773,0,0.6480000000000001,0.6480000000000001,0.3
0.0012887723940247602,5.933500031478673,0.04034514543163034,5.140348043392418,0.7083333333333334,107.0,6.328084525602151,0.039056373037605584,5933.500031478671,2003,1,walk,side_16_none,none,1,adaptive,16,0.00390625,35,1,1,5,1.0,0.02857142857142857,1.0,1,1.0,2.458,3.0942,0,0.6480000000000001,0.6480000000000001,0.3
0.000762766462464302,10.026062401221688,0.05151078119476637,5.672074086699858,0.6458333333333334,115.125,6.300842695922679,0.05074801473230206,10026.062401221692,2003,2,walk,side_16_none,none,1,adaptive,16,0.00390625,33,1,1,6,1.0,0.030303030303030304,1.0,1,1.0,2.5,3.16425,0,0.6480000000000001,0.6480000000000001,0.3
0.0001694775132275132,6.139001247904164,0.03341259926877091,5.139071281510163,0.9375,155.0625,6.85400660311289,0.0332431217555434,6139.0012479041625,2003,3,walk,side_16_none,none,1,adaptive,16,0.00390625,40,3,3,5,1.0,0.075,1.0,3,1.0,2.5,3.15055,0,0.6480000000000001,0.6480000000000001,0.3
0.1875,5.101622092392852,0.06132745464524961,3.840463832243105,0.9166666666666666,99.6875,5.957713578544543,0.1261725453547504,5101.622092392852,2004,0,walk,side_16_none,none,1,adaptive,16,0.00390625,38,4,4,5,1.0,0.10526315789473684,1.0,4,1.0,2.417,3.1351999999999998,0,0.6480000000000001,0.6480000000000001,0.3
0.007251110356555413,4.208292117768479,0.03853791393437873,4.312296881862845,1.0,117.35416666666667,6.459897334573648,0.03128680357782332,4208.292117768483,2004,1,walk,side_16_none,none,1,adaptive,16,0.00390625,35,0,0,2,nan,0.0,nan,0,1.0,2.5,3.2629499999999996,0,0.6480000000000001,0.6480000000000001,0.3
0.022703269675925924,3.4919434256237696,0.03620476309220007,4.168720279070287,1.0,96.0625,6.3399840382704555,0.013501493416274142,3491.943425623768,2004,2,walk,side_16_none,none,1,adaptive,16,0.00390625,37,2,2,5,1.0,0.05405405405405406,1.0,2,1.0,2.4585,3.05395,0,0.6480000000000001,0.6480000000000001,0.3
0.021643924763770833,4.484953824324023,0.05888489472928679,3.9928360984068316,0.875,73.10416666666667,5.827437600122422,0.04823315213883558,4484.953824324022,2004,3,walk,side_16_none,none,1,adaptive,16,0.00390625,35,2,2,7,1.0,0.05714285714285714,1.0,2,1.0,2.4375,2.9835499999999997,0,0.6480000000000001,0.6480000000000001,0.3
0.00022637527233115468,8.3725927926244,0.03456132114806068,5.491314861880163,0.875,128.70833333333334,6.5919564826376735,0.03433494587572953,8372.592792624404,2005,0,walk,side_16_none,none,1,adaptive,16,0.00390625,34,0,0,3,nan,0.0,nan,0,1.0,2.375,2.9853,0,0.6480000000000001,0.6480000000000001,0.3
0.0009304203312149232,4.55164603620901,0.018463795641271586,4.4774076091111645,1.0,145.97916666666666,7.029702531767552,0.01753337531005666,4551.646036209009,2005,1,walk,side_16_none,none,1,adaptive,16,0.00390625,37,0,0,2,nan,0.0,nan,0,1.0,2.417,3.1897999999999995,0,0.6480000000000001,0.6480000000000001,0.3
0.0023282865566073303,2.8122719799075533,0.02791542458188991,4.290322385874826,1.0,124.9375,6.617511437259835,0.02558713802528258,2812.2719799075544,2005,2,walk,side_16_none,none,1,adaptive,16,0.00390625,42,4,4,5,1.0,0.09523809523809523,1.0,4,1.0,2.5,3.2748999999999997,0,0.6480000000000001,0.6480000000000001,0.3
0.0005169290045187174,5.304885805446935,0.052452639536143424,4.831390494239465,0.9166666666666666,94.95833333333333,6.124438334978616,0.051935710531624706,5304.8858054469365,2005,3,walk,side_16_none,none,1,adaptive,16,0.00390625,38,2,2,6,1.0,0.05263157894736842,1.0,2,1.0,2.5,3.11065,0,0.6480000000000001,0.6480000000000001,0.3
0.16717441686932513,3.572634405287508,0.11883020547410378,3.3501154725406166,0.9791666666666666,62.916666666666664,5.228105497824454,0.10683595168308858,3572.6344052875083,2006,0,walk,side_16_none,none,1,adaptive,16,0.00390625,33,1,1,6,1.0,0.030303030303030304,1.0,1,1.0,2.4585,3.15165,0,0.6480000000000001,0.6480000000000001,0.3
0.10535990232311936,2.573259580579603,0.02702302135812513,3.89340762077072,0.9791666666666666,115.3125,6.604721482791919,0.07833688096499422,2573.2595805796045,2006,1,walk,side_16_none,none,1,adaptive,16,0.00390625,40,0,0,2,nan,0.0,nan,0,1.0,2.4165,3.3414499999999996,0,0.6480000000000001,0.6480000000000001,0.3
0.08391203703703703,2.245104870049023,0.04167635123575816,3.7799123404937274,1.0,150.4375,6.730433265103133,0.04223568580127887,2245.1048700490232,2006,2,walk,side_16_none,none,1,adaptive,16,0.00390625,35,0,0,1,nan,0.0,nan,0,1.0,2.417,2.9709499999999998,0,0.6480000000000001,0.6480000000000001,0.3
0.0002575048218521125,3.7439109957984655,0.057745103493172044,3.9315907570941024,1.0,115.9375,6.18916648201384,0.05748759867131992,3743.9109957984642,2006,3,walk,side_16_none,none,1,adaptive,16,0.00390625,35,2,2,5,1.0,0.05714285714285714,1.0,2,1.0,2.625,3.4976,0,0.6480000000000001,0.6480000000000001,0.3
0.0004050925925925926,2.277793771263972,0.08474021892131957,3.5824754236954255,1.0,48.645833333333336,5.237770288388347,0.08433512632872697,2277.7937712639746,2007,0,walk,side_16_none,none,1,adaptive,16,0.00390625,33,1,1,6,1.0,0.030303030303030304,1.0,1,1.0,2.458,3.2209499999999998,0,0.6480000000000001,0.6480000000000001,0.3
0.02188735147847681,5.735283403650137,0.02458595991709633,4.706355386063502,0.9791666666666666,154.89583333333334,6.88592024371588,0.002698608438619521,5735.283403650137,2007,1,walk,side_16_none,none,1,adaptive,16,0.00390625,36,0,0,2,nan,0.0,nan,0,1.0,2.75,5.364349999999998,0,0.6480000000000001,0.6480000000000001,0.3
0.18841026548676232,3.868631689372018,0.056577944561405774,3.870572216595232,1.0,100.58333333333333,6.004366978404661,0.13183232092535654,3868.6316893720173,2007,2,walk,side_16_none,none,1,adaptive,16,0.00390625,36,0,0,4,nan,0.0,nan,0,1.0,2.6045,3.945499999999999,0,0.6480000000000001,0.6480000000000001,0.3
0.0003074363425925926,5.963889055015245,0.07375827353758917,6.325993378536847,0.4375,54.0,5.351908988141144,0.07345083719499655,5963.889055015243,2007,3,walk,side_16_none,none,1,adaptive,16,0.00390625,36,2,2,8,1.0,0.05555555555555555,1.0,2,1.0,2.4165,3.5669,0,0.6480000000000001,0.6480000000000001,0.3
0.000353942410987003,5.4443323461459485,0.032178652930889375,4.625051809835117,0.9791666666666666,126.875,6.637573853453951,0.03182471051990237,5444.332346145949,2008,0,walk,side_16_none,none,1,adaptive,16,0.00390625,37,0,0,3,nan,0.0,nan,0,1.0,2.417,3.3169,0,0.6480000000000001,0.6480000000000001,0.3
0.0006820436507936506,4.191564379426928,0.05534623607760245,4.107684392629705,0.9166666666666666,41.875,5.2861893132621836,0.05466419242680881,4191.564379426928,2008,1,walk,side_16_none,none,1,adaptive,16,0.00390625,42,3,3,5,1.0,0.07142857142857142,1.0,3,1.0,2.4165,2.83125,0,0.6480000000000001,0.6480000000000001,0.3
0.16749174902520222,2.38282860835024,0.20715506829654218,3.2517636066679088,1.0,59.479166666666664,4.5351477498710695,0.06416774293005353,2382.8286083502394,2008,2,walk,side_16_none,none,1,adaptive,16,0.00390625,38,2,2,5,1.0,0.05263157894736842,1.0,2,1.0,2.4585,3.3459499999999998,0,0.6480000000000001,0.6480000000000001,0.3
0.0003161911282509874,7.26453748364943,0.047068567920698634,5.334567019867446,0.8125,113.02083333333333,6.266088902755636,0.04675237679244765,7264.537483649424,2008,3,walk,side_16_none,none,1,adaptive,16,0.00390625,39,1,1,4,1.0,0.02564102564102564,1.0,1,1.0,2.417,3.3687499999999995,0,0.6480000000000001,0.6480000000000001,0.3
0.0009328492956007847,4.219925747033808,0.028675624102376247,4.608684376867307,1.0,139.89583333333334,6.806434367485838,0.027742774806775464,4219.925747033808,2009,0,walk,side_16_none,none,1,adaptive,16,0.00390625,38,0,0,2,nan,0.0,nan,0,1.0,2.458,3.2329,0,0.6480000000000001,0.6480000000000001,0.3
0.00312895025281618,3.370866243424326,0.0332607837998918,4.62726240420248,1.0,131.5,6.566552296856657,0.030131833547075618,3370.866243424322,2009,1,walk,side_16_none,none,1,adaptive,16,0.00390625,42,4,4,5,1.0,0.09523809523809523,1.0,4,1.0,2.375,3.0955999999999997,0,0.6480000000000001,0.6480000000000001,0.3
0.14733136172407002,2.847279303541658,0.13640848638425532,3.143243232581898,0.9791666666666666,82.1875,4.945134019070315,0.1410408148285193,2847.279303541658,2009,2,walk,side_16_none,none,1,adaptive,16,0.00390625,36,1,1,6,1.0,0.027777777777777776,1.0,1,1.0,2.417,3.1103,0,0.6480000000000001,0.6480000000000001,0.3
0.043056249851785376,3.190040087877686,0.20076807720427528,3.5510870919597823,1.0,92.35416666666667,4.947508199204783,0.1577118273524899,3190.040087877685,2009,3,walk,side_16_none,none,1,adaptive,16,0.00390625,38,3,3,8,1.0,0.07894736842105263,1.0,3,1.0,2.458,3.48565,0,0.6480000000000001,0.6480000000000001,0.3
0.0006609362686548552,5.429914080428458,0.03200350054865219,4.766950267541972,1.0,107.54166666666667,6.350782988520623,0.03134256427999734,5429.914080428453,2000,0,walk,side_16_random,random,0.5,adaptive,16,0.00390625,34,1,1,4,1.0,0.029411764705882353,1.0,1,1.0,2.521,3.5959499999999998,0,0.6480000000000001,0.6480000000000001,0.3
0.0006102601026355565,6.143225936569373,0.007177018159823381,5.2975288434518335,1.0,211.45833333333334,7.819586307246998,0.0065667580571878255,6143.225936569372,2000,1,walk,side_16_random,random,0.5,adaptive,16,0.00390625,37,2,1,1,0.5,0.02702702702702703,1.0,1,1.0,2.4795,3.05395,0,0.6480000000000001,0.6480000000000001,0.3
0.0,6.680631740579045,0.04312372367538974,4.864012753698513,0.8125,97.91666666666667,6.083746080417424,0.04312372367538975,6680.6317405790405,2000,2,walk,side_16_random,random,0.5,adaptive,16,0.00390625,36,1,0,4,0.0,0.0,0.0,0,1.0,2.4795,3.1211499999999996,0,0.6480000000000001,0.6480000000000001,0.3
0.0,10.7804500020438,0.018988500188617335,5.748008882753541,0.7083333333333334,122.97916666666667,6.89018745249265,0.018988500188617335,10780.450002043799,2000,3,walk,side_16_random,random,0.5,adaptive,16,0.00390625,33,1,1,3,1.0,0.030303030303030304,1.0,1,1.0,2.4165,3.0683000000000002,0,0.6480000000000001,0.6480000000000001,0.3
0.02091600529100529,5.891377105453979,0.010100126292748004,5.017729332322331,1.0,198.10416666666666,7.595643608143753,0.010815878998257289,5891.377105453978,2001,0,walk,side_16_random,random,0.5,adaptive,16,0.00390625,37,1,0,1,0.0,0.0,0.0,0,1.0,2.354,2.9397999999999995,0,0.6480000000000001,0.6480000000000001,0.3
0.00046885525519187887,5.302502609952366,0.020135963630629056,4.634218826889826,1.0,130.72916666666666,6.867696472465831,0.019667108375437177,5302.502609952373,2001,1,walk,side_16_random,random,0.5,adaptive,16,0.00390625,36,1,1,3,1.0,0.027777777777777776,1.0,1,1.0,2.3955,3.0791499999999994,0,0.6480000000000001,0.6480000000000001,0.3
0.0,8.616120525319259,0.010513024728914189,5.019184078733553,0.9791666666666666,171.1875,7.462947303853437,0.010513024728914189,8616.120525319262,2001,2,walk,side_16_random,random,0.5,adaptive,16,0.00390625,37,3,2,2,0.6666666666666666,0.05405405405405406,0.6666666666666666,2,1.0,2.4795,3.847799999999999,0,0.6480000000000001,0.6480000000000001,0.3
0.14822185194021653,2.441983695563042,0.1281666887779738,3.011262651105245,1.0,37.916666666666664,4.474596995647872,0.10152042942253492,2441.983695563042,2001,3,walk,side_16_random,random,0.5,adaptive,16,0.00390625,32,0,0,4,nan,0.0,nan,0,1.0,2.459,3.1666499999999997,0,0.6480000000000001,0.6480000000000001,0.3
8.169934640522875e-05,8.338816648092143,0.014094904773296078,4.926743716439435,0.9583333333333334,182.04166666666666,7.3110349777424775,0.01401320542689085,8338.816648092145,2002,0,walk,side_16_random,random,0.5,adaptive,16,0.00390625,39,2,1,3,0.5,0.02564102564102564,0.5,1,1.0,2.5415,3.0122999999999998,0,0.6480000000000001,0.6480000000000001,0.3
0.0002593810944328492,10.142975626262558,0.01736863770786605,4.805968104814699,1.0,116.14583333333333,6.829923515839546,0.0171092566134332,10142.975626262554,2002,1,walk,side_16_random,random,0.5,adaptive,16,0.00390625,38,2,0,2,0.0,0.0,0.0,0,1.0,2.708,4.2602,0,0.6480000000000001,0.6480000000000001,0.3
0.20869502314814814,2.4536168673247167,0.03944618091716177,3.908734607597197,1.0,98.875,6.166212619291142,0.17822034378933704,2453.6168673247166,2002,2,walk,side_16_random,random,0.5,adaptive,16,0.00390625,33,3,2,4,0.6666666666666666,0.06060606060606061,0.5,2,1.0,2.583,3.19155,0,0.6480000000000001,0.6480000000000001,0.3
0.0009508366290773698,5.428814260795189,0.013792325893165112,5.047311675097559,1.0,165.29166666666666,7.237675917734816,0.012841489264087742,5428.814260795187,2002,3,walk,side_16_random,random,0.5,adaptive,16,0.00390625,39,2,0,1,0.0,0.0,0.0,0,1.0,2.3545,2.9433000000000002,0,0.6480000000000001,0.6480000000000001,0.3
0.06299873778764879,5.03126972816622,0.029649574829106948,4.28240474210661,1.0,136.625,6.646431443025649,0.03334916295854184,5031.2697281662195,2003,0,walk,side_16_random,random,0.5,adaptive,16,0.00390625,35,0,0,3,nan,0.0,nan,0,1.0,2.4375,3.2601999999999998,0,0.6480000000000001,0.6480000000000001,0.3
0.0006826298952098452,3.306219408181951,0.05161844898307369,3.7611943623783977,1.0,83.5,5.840151333912364,0.050935819087863855,3306.219408181949,2003,1,walk,side_16_random,random,0.5,adaptive,16,0.00390625,35,1,1,4,1.0,0.02857142857142857,1.0,1,1.0,2.4165,2.9705999999999997,0,0.6480000000000001,0.6480000000000001,0.3
0.000762766462464302,10.571311259933433,0.008056189952621974,5.85834787201546,0.9583333333333334,220.125,7.815100067287049,0.0072934234901576725,10571.311259933422,2003,2,walk,side_16_random,random,0.5,adaptive,16,0.00390625,33,1,0,0,0.0,0.0,0.0,0,nan,2.5,3.0959499999999998,0,0.6480000000000001,0.6480000000000001,0.3
0.0001694775132275132,6.1817655494765384,0.012424101199294926,5.683264437023649,0.5625,165.58333333333334,7.315467593702352,0.012254623686067412,6181.765549476539,2003,3,walk,side_16_random,random,0.5,adaptive,16,0.00390625,40,3,2,4,0.6666666666666666,0.05,1.0,2,1.0,2.4585,3.0959499999999998,0,0.6480000000000001,0.6480000000000001,0.3
0.125,7.244532584369897,0.05846436405934305,4.4307838602253655,0.6458333333333334,95.9375,5.717777349466776,0.06653563594065694,7244.5325843698965,2004,0,walk,side_16_random,random,0.5,adaptive,16,0.00390625,38,4,3,6,0.75,0.07894736842105263,1.0,3,1.0,2.417,3.0545999999999998,0,0.6480000000000001,0.6480000000000001,0.3
0.00036729094930153125,7.754233725433161,0.03854749384502265,4.976839084602417,0.7291666666666666,97.25,6.017892339998663,0.03818020289572112,7754.233725433162,2004,1,walk,side_16_random,random,0.5,adaptive,16,0.00390625,35,0,0,3,nan,0.0,nan,0,1.0,2.3955,3.06865,0,0.6480000000000001,0.6480000000000001,0.3
0.0016042788643235073,2.9961591167051647,0.02273402127712651,4.1882502821151215,1.0,95.625,6.4893607126612265,0.021129742412803004,2996.159116705165,2004,2,walk,side_16_random,random,0.5,adaptive,16,0.00390625,37,2,1,2,0.5,0.02702702702702703,0.5,1,1.0,2.417,3.0959499999999998,0,0.6480000000000001,0.6480000000000001,0.3
0.00048667071911853694,4.386743328787321,0.007246513722451549,5.161819734712113,1.0,227.75,7.89201617440697,0.006759843003333012,4386.74332878732,2004,3,walk,side_16_random,random,0.5,adaptive,16,0.00390625,35,2,1,1,0.5,0.02857142857142857,1.0,1,1.0,2.4165,3.1226,0,0.6480000000000001,0.6480000000000001,0.3
0.02091503267973856,7.7796145383723685,0.020009531327387284,4.835155504714854,0.7708333333333334,136.10416666666666,6.8304394746335495,0.0009055013523512762,7779.614538372361,2005,0,walk,side_16_random,random,0.5,adaptive,16,0.00390625,34,0,0,3,nan,0.0,nan,0,1.0,2.3955,3.1624999999999996,0,0.6480000000000001,0.6480000000000001,0.3
0.00031451424655883856,7.2836505706818535,0.01069351232930514,5.247269786099049,1.0,176.20833333333334,7.48582648408737,0.0103789980827463,7283.650570681856,2005,1,walk,side_16_random,random,0.5,adaptive,16,0.00390625,37,0,0,1,nan,0.0,nan,0,1.0,2.646,4.029149999999999,0,0.6480000000000001,0.6480000000000001,0.3
8.267195767195767e-05,7.269965650903306,0.012212247276797728,5.280248274396526,0.9791666666666666,168.91666666666666,7.286038636835218,0.012129575319125771,7269.9656509033075,2005,2,walk,side_16_random,random,0.5,adaptive,16,0.00390625,42,4,2,3,0.5,0.047619047619047616,0.6666666666666666,2,1.0,2.667,4.3561499999999995,0,0.6480000000000001,0.6480000000000001,0.3
0.0005169290045187174,8.054289899760942,0.007197054904474272,5.575786082229929,1.0,232.22916666666666,7.9055789298816235,0.006680125899955556,8054.289899760949,2005,3,walk,side_16_random,random,0.5,adaptive,16,0.00390625,38,2,0,0,0.0,0.0,0.0,0,nan,2.625,4.011950000000001,0,0.6480000000000001,0.6480000000000001,0.3
0.1462650811734041,3.321821955786955,0.053771041560026184,4.230992201041197,1.0,151.375,6.5222756269176685,0.11996979857586519,3321.8219557869543,2006,0,walk,side_16_random,random,0.5,adaptive,16,0.00390625,33,1,1,4,1.0,0.030303030303030304,1.0,1,1.0,2.5,3.6351999999999998,0,0.6480000000000001,0.6480000000000001,0.3
0.19271647160596964,2.2619886450837505,0.01402886921464859,4.349928511396019,1.0,119.6875,6.960493259301317,0.17868760239132106,2261.9886450837516,2006,1,walk,side_16_random,random,0.5,adaptive,16,0.00390625,40,0,0,1,nan,0.0,nan,0,1.0,2.417,3.69365,0,0.6480000000000001,0.6480000000000001,0.3
0.0006510416666666666,6.785424649594419,0.008055581839194617,5.302650700071509,1.0,229.52083333333334,7.898724276521032,0.0074045401725279505,6785.42464959442,2006,2,walk,side_16_random,random,0.5,adaptive,16,0.00390625,35,0,0,0,nan,0.0,nan,0,nan,2.417,3.3830999999999993,0,0.6480000000000001,0.6480000000000001,0.3
0.0002575048218521125,4.405507884396342,0.059308497738547045,4.237918667120925,0.9791666666666666,81.9375,5.79898718727328,0.05905099291669492,4405.507884396341,2006,3,walk,side_16_random,random,0.5,adaptive,16,0.00390625,35,2,1,6,0.5,0.02857142857142857,0.5,1,1.0,2.5835,3.2748999999999997,0,0.6480000000000001,0.6480000000000001,0.3
0.00013020833333333333,4.080533202733444,0.013716010026820604,4.809500758515225,1.0,159.5625,7.272726434798137,0.01358580169348727,4080.5332027334466,2007,0,walk,side_16_random,random,0.5,adaptive,16,0.00390625,33,1,1,2,1.0,0.030303030303030304,1.0,1,1.0,2.375,2.9982499999999996,0,0.6480000000000001,0.6480000000000001,0.3
0.01404406949704321,4.1748639390237114,0.01754504434750312,4.4849798275275665,1.0,117.20833333333333,6.786566536968966,0.00350097485045991,4174.863939023713,2007,1,walk,side_16_random,random,0.5,adaptive,16,0.00390625,36,0,0,2,nan,0.0,nan,0,1.0,2.417,3.1523,0,0.6480000000000001,0.6480000000000001,0.3
0.000900275141018805,6.964321887079515,0.012030240725578888,5.265554972448805,1.0,180.22916666666666,7.465503279498464,0.011129965584560085,6964.321887079509,2007,2,walk,side_16_random,random,0.5,adaptive,16,0.00390625,36,0,0,1,nan,0.0,nan,0,1.0,2.4585,3.2044999999999995,0,0.6480000000000001,0.6480000000000001,0.3
0.0002769219483568075,7.1142653274533,0.008569425248401359,5.866792308085959,0.9791666666666666,217.83333333333334,7.800949983559526,0.00829250330004455,7114.265327453298,2007,3,walk,side_16_random,random,0.5,adaptive,16,0.00390625,36,2,1,1,0.5,0.027777777777777776,0.5,1,1.0,2.3129999999999997,3.2874999999999996,0,0.6480000000000001,0.6480000000000001,0.3
0.0009963035220981141,4.9015502625773495,0.014460109874195493,4.611720951580664,0.9791666666666666,145.97916666666666,7.144559833153202,0.013463806352097379,4901.550262577349,2008,0,walk,side_16_random,random,0.5,adaptive,16,0.00390625,37,0,0,1,nan,0.0,nan,0,1.0,2.5,3.9250999999999996,0,0.6480000000000001,0.6480000000000001,0.3
0.0,8.27470767178322,0.007591215117246055,5.7645474678187085,0.8333333333333334,215.0625,7.811669543945669,0.007591215117246055,8274.707671783215,2008,1,walk,side_16_random,random,0.5,adaptive,16,0.00390625,42,3,1,1,0.3333333333333333,0.023809523809523808,0.5,1,1.0,2.5205,3.6205,0,0.6480000000000001,0.6480000000000001,0.3
0.021550782012837513,2.947420927604567,0.0862354783960247,3.7229467097375264,1.0,66.91666666666667,5.213855468564004,0.0646846963831872,2947.4209276045644,2008,2,walk,side_16_random,random,0.5,adaptive,16,0.00390625,38,2,2,2,1.0,0.05263157894736842,1.0,2,1.0,3.1045,7.556449999999999,0,0.6480000000000001,0.6480000000000001,0.3
0.0003348214285714285,11.813389554753618,0.008697572265057562,5.49485362957174,1.0,192.91666666666666,7.647418115275272,0.008362750836486132,11813.389554753618,2008,3,walk,side_16_random,random,0.5,adaptive,16,0.00390625,39,1,1,1,1.0,0.02564102564102564,1.0,1,1.0,2.792,8.618749999999999,0,0.6480000000000001,0.6480000000000001,0.3
0.0009328492956007847,3.220986532280957,0.033367964457486195,4.214291865178117,1.0,103.4375,6.263298277030845,0.032435115161885415,3220.9865322809533,2009,0,walk,side_16_random,random,0.5,adaptive,16,0.00390625,38,0,0,3,nan,0.0,nan,0,1.0,2.9585,8.167,0,0.6480000000000001,0.6480000000000001,0.3
0.0003970488345488345,7.495662594032514,0.006261592759080094,5.489914014308787,1.0,234.5625,7.94005462838071,0.0058645439245312595,7495.66259403251,2009,1,walk,side_16_random,random,0.5,adaptive,16,0.00390625,42,4,0,0,0.0,0.0,0.0,0,nan,2.7085,5.6933,0,0.6480000000000001,0.6480000000000001,0.3
0.0005356189704468282,8.835457124029276,0.01280453569118051,5.453687384052775,0.7291666666666666,159.85416666666666,7.287950575573427,0.01226891672073368,8835.457124029277,2009,2,walk,side_16_random,random,0.5,adaptive,16,0.00390625,36,1,1,3,1.0,0.027777777777777776,1.0,1,1.0,3.166,11.095399999999996,0,0.6480000000000001,0.6480000000000001,0.3
0.0017345623404111225,6.652840484090629,0.022532788542996895,5.439646561537184,1.0,214.41666666666666,7.522477146210097,0.02079822620258577,6652.840484090623,2009,3,walk,side_16_random,random,0.5,adaptive,16,0.00390625,38,3,1,1,0.3333333333333333,0.02631578947368421,0.5,1,1.0,2.917,9.44615,0,0.6480000000000001,0.6480000000000001,0.3
0.06379820808531746,3.248871159561091,0.06315424416145289,3.673055942003265,0.9375,53.458333333333336,5.2598056916164415,0.0006439639238645656,3248.8711595610894,2000,0,walk,side_16_bsp,bsp,0.1,adaptive,16,0.00390625,34,1,1,7,1.0,0.029411764705882353,1.0,1,1.0,20.979,47.27905,0,0.6480000000000001,0.6480000000000001,0.3
0.0006394159226190476,4.398706007658029,0.038539442634972894,4.578175858740823,0.8958333333333334,103.22916666666667,6.231639025599949,0.03790002671235385,4398.7060076580265,2000,1,walk,side_16_bsp,bsp,0.1,adaptive,16,0.00390625,37,2,1,6,0.5,0.02702702702702703,1.0,1,1.0,20.3125,46.01019999999999,0,0.6480000000000001,0.6480000000000001,0.3
0.0,6.814535873570402,0.03490255043250987,4.439619778635793,0.9375,136.95833333333334,6.591006899467658,0.03490255043250987,6814.5358735704,2000,2,walk,side_16_bsp,bsp,0.1,adaptive,16,0.00390625,36,1,1,4,1.0,0.027777777777777776,1.0,1,1.0,20.2085,35.3704,0,0.6480000000000001,0.6480000000000001,0.3
0.020833333333333332,6.780721744230868,0.0345747943271726,5.224497286052577,0.6041666666666666,113.08333333333333,6.47168989108708,0.013741460993839267,6780.721744230867,2000,3,walk,side_16_bsp,bsp,0.1,adaptive,16,0.00390625,33,1,1,7,1.0,0.030303030303030304,1.0,1,1.0,20.4795,42.260749999999994,0,0.6480000000000001,0.6480000000000001,0.3
0.0010398582175925927,7.011957156696055,0.01769065657170307,5.042746181004172,1.0,189.41666666666666,7.312736823026846,0.01665079835411048,7011.957156696051,2001,0,walk,side_16_bsp,bsp,0.1,adaptive,16,0.00390625,37,1,0,1,0.0,0.0,0.0,0,1.0,20.604,42.075,0,0.6480000000000001,0.6480000000000001,0.3
0.14050693411044973,3.7023529578726175,0.049498813258995134,3.8296158240061424,1.0,83.16666666666667,5.811110382206214,0.0910081208514546,3702.3529578726193,2001,1,walk,side_16_bsp,bsp,0.1,adaptive,16,0.00390625,36,1,1,7,1.0,0.027777777777777776,1.0,1,1.0,20.5835,41.48345,0,0.6480000000000001,0.6480000000000001,0.3
0.041666666666666664,5.9123017125839326,0.036635060665312504,4.211477565808131,0.9375,83.41666666666667,6.123982883394393,0.005031606001354161,5912.3017125839315,2001,2,walk,side_16_bsp,bsp,0.1,adaptive,16,0.00390625,37,3,3,5,1.0,0.08108108108108109,1.0,3,1.0,19.708,35.0193,0,0.6480000000000001,0.6480000000000001,0.3
0.0008933738425925926,3.8481596201112116,0.05810785675287738,3.575404287318779,1.0,50.645833333333336,5.262962352850303,0.05721448291028478,3848.1596201112147,2001,3,walk,side_16_bsp,bsp,0.1,adaptive,16,0.00390625,32,0,0,5,nan,0.0,nan,0,1.0,20.354,46.0124,0,0.6480000000000001,0.6480000000000001,0.3
0.0022948893554362304,5.483470322116015,0.0273224312859862,4.436644771534978,1.0,151.27083333333334,6.849800224089869,0.02502754193054997,5483.470322116019,2002,0,walk,side_16_bsp,bsp,0.1,adaptive,16,0.00390625,39,2,2,3,1.0,0.05128205128205128,1.0,2,1.0,20.2705,36.59164999999999,0,0.6480000000000001,0.6480000000000001,0.3
0.016545500578703704,3.5550986328589587,0.05130006128447065,3.6266928899475506,1.0,75.125,5.846067207700741,0.03475456070576694,3555.098632858957,2002,1,walk,side_16_bsp,bsp,0.1,adaptive,16,0.00390625,38,2,1,4,0.5,0.02631578947368421,0.5,1,1.0,20.521,44.6979,0,0.6480000000000001,0.6480000000000001,0.3
0.00014467592592592592,2.635666548778625,0.05773917119855334,3.7854899997435525,1.0,77.66666666666667,5.704188835866671,0.05759449527262741,2635.666548778625,2002,2,walk,side_16_bsp,bsp,0.1,adaptive,16,0.00390625,33,3,3,10,1.0,0.09090909090909091,1.0,3,1.0,20.0835,54.4353,0,0.6480000000000001,0.6480000000000001,0.3
0.1047634548611111,3.7132775190892175,0.04951907362089075,3.688162347948682,1.0,74.8125,5.760307984297591,0.05524438124022035,3713.2775190892175,2002,3,walk,side_16_bsp,bsp,0.1,adaptive,16,0.00390625,39,2,2,7,1.0,0.05128205128205128,1.0,2,1.0,19.958,40.97289999999999,0,0.6480000000000001,0.6480000000000001,0.3
0.0007143373842592593,4.0830951499674395,0.047185158389817704,4.290693812010378,1.0,113.5625,6.153881452760694,0.04647082100555844,4083.095149967443,2003,0,walk,side_16_bsp,bsp,0.1,adaptive,16,0.00390625,35,0,0,7,nan,0.0,nan,0,1.0,20.188000000000002,31.1933,0,0.6480000000000001,0.6480000000000001,0.3
0.001730427414021164,3.2731329126846114,0.0552786485963656,3.628634763747917,1.0,60.270833333333336,5.536202988831125,0.05354822118234443,3273.1329126846117,2003,1,walk,side_16_bsp,bsp,0.1,adaptive,16,0.00390625,35,1,1,6,1.0,0.02857142857142857,1.0,1,1.0,20.0,37.71655,0,0.6480000000000001,0.6480000000000001,0.3
0.0024155387436637435,5.801197537094925,0.04136314825547042,4.596971683990586,0.9583333333333334,108.27083333333333,6.313527539656505,0.038947609511806675,5801.197537094923,2003,2,walk,side_16_bsp,bsp,0.1,adaptive,16,0.00390625,33,1,1,5,1.0,0.030303030303030304,1.0,1,1.0,25.604,75.18345,0,0.6480000000000001,0.6480000000000001,0.3
0.00016276041666666666,5.229008733576372,0.026255731178731746,4.648032923458929,0.9791666666666666,166.97916666666666,6.973623607125049,0.02609297076206508,5229.008733576372,2003,3,walk,side_16_bsp,bsp,0.1,adaptive,16,0.00390625,40,3,3,6,1.0,0.075,1.0,3,1.0,20.729,44.46414999999999,0,0.6480000000000001,0.6480000000000001,0.3
0.0,6.023712668131092,0.04944980193678186,4.5942762725606,0.8333333333333334,95.83333333333333,5.795499757611878,0.04944980193678186,6023.712668131095,2004,0,walk,side_16_bsp,bsp,0.1,adaptive,16,0.00390625,38,4,2,5,0.5,0.05263157894736842,0.6666666666666666,2,1.0,20.25,46.1773,0,0.6480000000000001,0.6480000000000001,0.3
0.14615885416666666,6.14267404825009,0.037656024368797086,4.270358257130414,0.9791666666666666,118.58333333333333,6.277430996360238,0.10850282979786958,6142.67404825009,2004,1,walk,side_16_bsp,bsp,0.1,adaptive,16,0.00390625,35,0,0,7,nan,0.0,nan,0,1.0,20.521,51.38979999999999,0,0.6480000000000001,0.6480000000000001,0.3
0.022703269675925924,3.1515877211612993,0.03821648137242133,3.9475566322510462,1.0,93.3125,6.235847043328892,0.015513211696495407,3151.5877211612988,2004,2,walk,side_16_bsp,bsp,0.1,adaptive,16,0.00390625,37,2,2,4,1.0,0.05405405405405406,1.0,2,1.0,19.354,24.443649999999995,0,0.6480000000000001,0.6480000000000001,0.3
0.009712663277116403,3.366610014200544,0.026535031367355886,4.809748871336855,1.0,152.29166666666666,7.007808122100726,0.016822368090239483,3366.610014200544,2004,3,walk,side_16_bsp,bsp,0.1,adaptive,16,0.00390625,35,2,2,3,1.0,0.05714285714285714,1.0,2,1.0,19.646,26.276849999999992,0,0.6480000000000001,0.6480000000000001,0.3
0.18758138020833334,3.323684054954518,0.06020588186408055,3.8723832905280493,0.9583333333333334,69.02083333333333,5.560498055182347,0.12737549834425277,3323.6840549545163,2005,0,walk,side_16_bsp,bsp,0.1,adaptive,16,0.00390625,34,0,0,6,nan,0.0,nan,0,1.0,19.125500000000002,25.679399999999998,0,0.6480000000000001,0.6480000000000001,0.3
0.0007414641203703703,7.194205362614557,0.03155651654029087,5.346510720967886,0.75,109.14583333333333,6.425911874087556,0.030815052419920497,7194.205362614561,2005,1,walk,side_16_bsp,bsp,0.1,adaptive,16,0.00390625,37,0,0,4,nan,0.0,nan,0,1.0,18.6665,21.694300000000002,0,0.6480000000000001,0.6480000000000001,0.3
0.016795030418077294,3.83451751022389,0.026512645863246115,4.142989053852657,1.0,117.66666666666667,6.517839851387989,0.009717615445168823,3834.51751022389,2005,2,walk,side_16_bsp,bsp,0.1,adaptive,16,0.00390625,42,4,4,5,1.0,0.09523809523809523,1.0,4,1.0,18.8335,23.090999999999998,0,0.6480000000000001,0.6480000000000001,0.3
0.00567465484457672,4.034529783988986,0.022476319796689778,4.389053565647336,1.0,125.04166666666667,6.831181951365784,0.01680166495211306,4034.5297839889863,2005,3,walk,side_16_bsp,bsp,0.1,adaptive,16,0.00390625,38,2,2,3,1.0,0.05263157894736842,1.0,2,1.0,18.875,21.79385,0,0.6480000000000001,0.6480000000000001,0.3
0.05480504918981482,3.3003957936820014,0.02989923628106873,4.2058640604860855,1.0,140.70833333333334,6.877884548200769,0.024905812908746088,3300.3957936819993,2006,0,walk,side_16_bsp,bsp,0.1,adaptive,16,0.00390625,33,1,0,3,0.0,0.0,0.0,0,1.0,19.104,23.40625,0,0.6480000000000001,0.6480000000000001,0.3
0.029520605985449738,4.574966490786068,0.02333971927651339,4.220886996541377,0.9583333333333334,84.52083333333333,6.295999105949748,0.006180886708936346,4574.966490786069,2006,1,walk,side_16_bsp,bsp,0.1,adaptive,16,0.00390625,40,0,0,2,nan,0.0,nan,0,1.0,18.583,22.02225,0,0.6480000000000001,0.6480000000000001,0.3
0.0005787037037037037,4.71324614615216,0.023941882875617018,4.682666716176662,1.0,156.04166666666666,7.030812608764923,0.023363179171913315,4713.24614615216,2006,2,walk,side_16_bsp,bsp,0.1,adaptive,16,0.00390625,35,0,0,1,nan,0.0,nan,0,1.0,18.9165,21.818649999999998,0,0.6480000000000001,0.6480000000000001,0.3
0.021844740545912417,5.331746399957833,0.04182602136162594,4.62987614100749,0.9583333333333334,87.5625,5.988034160518602,0.019981280815713525,5331.746399957829,2006,3,walk,side_16_bsp,bsp,0.1,adaptive,16,0.00390625,35,2,2,9,1.0,0.05714285714285714,1.0,2,1.0,19.125,22.143749999999997,0,0.6480000000000001,0.6480000000000001,0.3
0.0004050925925925926,2.774078299652519,0.06499040099207024,4.005669714311313,1.0,50.770833333333336,5.391016162110827,0.06458530839947764,2774.0782996525177,2007,0,walk,side_16_bsp,bsp,0.1,adaptive,16,0.00390625,33,1,1,8,1.0,0.030303030303030304,1.0,1,1.0,18.6045,20.5956,0,0.6480000000000001,0.6480000000000001,0.3
0.04263754546957672,3.5157933312921315,0.031105903131750923,4.186746569808496,0.9791666666666666,170.45833333333334,6.94383806204993,0.011531642337825795,3515.793331292131,2007,1,walk,side_16_bsp,bsp,0.1,adaptive,16,0.00390625,36,0,0,1,nan,0.0,nan,0,1.0,18.875,20.95625,0,0.6480000000000001,0.6480000000000001,0.3
0.002640335648148148,5.464804842797489,0.05078525830222142,4.920400135297862,0.8541666666666666,98.79166666666667,5.950642752044653,0.048144922654073274,5464.804842797489,2007,2,walk,side_16_bsp,bsp,0.1,adaptive,16,0.00390625,36,0,0,4,nan,0.0,nan,0,1.0,18.6875,21.62095,0,0.6480000000000001,0.6480000000000001,0.3
0.0003074363425925926,5.2676167979290875,0.035176167473556515,5.0251273653318105,1.0,110.4375,6.4433552841575095,0.03486873113096392,5267.616797929087,2007,3,walk,side_16_bsp,bsp,0.1,adaptive,16,0.00390625,36,2,2,5,1.0,0.05555555555555555,1.0,2,1.0,18.542,22.03575,0,0.6480000000000001,0.6480000000000001,0.3
0.022323495370370372,3.8769389078372725,0.03901893963564069,4.397822903698432,0.9791666666666666,95.875,6.296427225359298,0.016695444265270313,3876.9389078372756,2008,0,walk,side_16_bsp,bsp,0.1,adaptive,16,0.00390625,37,0,0,2,nan,0.0,nan,0,1.0,18.604,23.274449999999998,0,0.6480000000000001,0.6480000000000001,0.3
0.0006820436507936506,2.462480557350049,0.04711847507190641,3.4362180598546046,0.9166666666666666,46.3125,5.429482816223903,0.046436431421112756,2462.4805573500494,2008,1,walk,side_16_bsp,bsp,0.1,adaptive,16,0.00390625,42,3,3,7,1.0,0.07142857142857142,1.0,3,1.0,18.667,23.207999999999995,0,0.6480000000000001,0.6480000000000001,0.3
0.0009708788029100529,8.441676561213928,0.017107574350475902,5.590157438111976,0.9791666666666666,185.33333333333334,7.367195594700071,0.01613669554756585,8441.676561213928,2008,2,walk,side_16_bsp,bsp,0.1,adaptive,16,0.00390625,38,2,0,0,0.0,0.0,0.0,0,nan,18.9585,24.102399999999992,0,0.6480000000000001,0.6480000000000001,0.3
0.0003074363425925926,6.171334597294255,0.02748544156527469,4.947371863329218,0.9791666666666666,122.66666666666667,6.597358264307515,0.0271780052226821,6171.334597294251,2008,3,walk,side_16_bsp,bsp,0.1,adaptive,16,0.00390625,39,1,1,3,1.0,0.02564102564102564,1.0,1,1.0,19.2295,29.58124999999999,0,0.6480000000000001,0.6480000000000001,0.3
0.021643260168650796,4.0795393077239055,0.04799025911444286,4.347862884821476,1.0,83.5,5.938058071624051,0.026346998945792077,4079.5393077239046,2009,0,walk,side_16_bsp,bsp,0.1,adaptive,16,0.00390625,38,0,0,6,nan,0.0,nan,0,1.0,19.0,22.36875,0,0.6480000000000001,0.6480000000000001,0.3
8.138020833333333e-05,4.62651318026801,0.036860537949246,4.380781518904667,0.9791666666666666,123.89583333333333,6.3672448892121905,0.036779157740912664,4626.513180268007,2009,1,walk,side_16_bsp,bsp,0.1,adaptive,16,0.00390625,42,4,4,5,1.0,0.09523809523809523,1.0,4,1.0,18.5835,22.7443,0,0.6480000000000001,0.6480000000000001,0.3
0.042131100236568984,5.122210089134775,0.03389675761604332,4.254333055691649,0.8958333333333334,119.27083333333333,6.355559122878218,0.008234342620525659,5122.210089134775,2009,2,walk,side_16_bsp,bsp,0.1,adaptive,16,0.00390625,36,1,1,4,1.0,0.027777777777777776,1.0,1,1.0,19.146,23.406699999999997,0,0.6480000000000001,0.6480000000000001,0.3
0.0003255208333333333,5.322128586315087,0.03141664193555257,4.940908511552014,0.875,145.3125,6.783725070571408,0.031091121102219232,5322.128586315087,2009,3,walk,side_16_bsp,bsp,0.1,adaptive,16,0.00390625,38,3,0,3,0.0,0.0,0.0,0,1.0,18.854,20.8579,0,0.6480000000000001,0.6480000000000001,0.3
0.022034143518518526,3.8188605231775505,0.022267786753170715,3.9287835499511385,1.0,51.3125,5.657663141600004,0.00023364323465218753,3818.860523177551,2000,0,walk,reset_every_1_none,none,1,adaptive,8,0.015625,34,2,2,12,1.0,0.058823529411764705,1.0,2,1.0,2.375,3.822599999999999,0,0.6480000000000001,0.6480000000000001,0.3
0.04011450066137563,3.419520528015766,0.03863338778211425,3.9578966744035373,1.0,57.270833333333336,5.792560986619601,0.0014811128792614273,3419.5205280157666,2000,1,walk,reset_every_1_none,none,1,adaptive,8,0.015625,37,2,2,2,1.0,0.05405405405405406,1.0,2,1.0,2.333,2.77665,0,0.6480000000000001,0.6480000000000001,0.3
0.02268725198412699,4.247687792221725,0.01943524405585434,3.9732615147236436,1.0,57.8125,5.8749193562893085,0.0032520079282726496,4247.687792221724,2000,2,walk,reset_every_1_none,none,1,adaptive,8,0.015625,36,2,2,2,1.0,0.05555555555555555,1.0,2,1.0,2.25,2.6103,0,0.6480000000000001,0.6480000000000001,0.3
0.019494047619047623,3.27696207952645,0.018036972499628046,4.0474366517662315,0.9791666666666666,58.895833333333336,5.923918709069613,0.0014570751194195781,3276.9620795264505,2000,3,walk,reset_every_1_none,none,1,adaptive,8,0.015625,33,1,1,1,1.0,0.030303030303030304,1.0,1,1.0,2.167,2.48565,0,0.6480000000000001,0.6480000000000001,0.3
0.061214451058201,3.970727627556267,0.059424282805532025,3.8621946064016783,1.0,56.770833333333336,5.686364037708105,0.0017901682526690308,3970.727627556267,2001,0,walk,reset_every_1_none,none,1,adaptive,8,0.015625,37,2,2,2,1.0,0.05405405405405406,1.0,2,1.0,2.208,2.5122999999999998,0,0.6480000000000001,0.6480000000000001,0.3
0.020757895171957676,4.010233637750894,0.020023639311654774,4.017539910522042,0.9791666666666666,56.729166666666664,5.845755372685145,0.0007342558603029015,4010.233637750894,2001,1,walk,reset_every_1_none,none,1,adaptive,8,0.015625,36,6,6,6,1.0,0.16666666666666666,1.0,6,1.0,2.167,2.6057999999999995,0,0.6480000000000001,0.6480000000000001,0.3
0.028444320436507922,4.090181445441965,0.025452271301857395,3.9059013432308607,1.0,53.854166666666664,5.704607791599266,0.002992049134650535,4090.181445441965,2001,2,walk,reset_every_1_none,none,1,adaptive,8,0.015625,37,4,4,9,1.0,0.10810810810810811,1.0,4,1.0,2.208,2.45865,0,0.6480000000000001,0.6480000000000001,0.3
0.028038194444444442,4.369163371546992,0.03221881181235476,3.9713047286656296,1.0,49.8125,5.511753075444793,0.0041806173679103135,4369.163371546992,2001,3,walk,reset_every_1_none,none,1,adaptive,8,0.015625,32,3,3,12,1.0,0.09375,1.0,3,1.0,2.25,2.75,0,0.6480000000000001,0.6480000000000001,0.3
0.04168526785714283,3.7866880108145646,0.041119090983662655,3.933469983738915,0.9583333333333334,54.6875,5.682669813035031,0.000566176873480218,3786.688010814565,2002,0,walk,reset_every_1_none,none,1,adaptive,8,0.015625,39,3,3,5,1.0,0.07692307692307693,1.0,3,1.0,2.25,2.5955999999999997,0,0.6480000000000001,0.6480000000000001,0.3
0.02912223048941796,3.6593967992461693,0.028370938037171875,3.9265351413818546,1.0,56.104166666666664,5.735909529258234,0.0007512924522461278,3659.3967992461694,2002,1,walk,reset_every_1_none,none,1,adaptive,8,0.015625,38,5,5,5,1.0,0.13157894736842105,1.0,5,1.0,2.208,2.6624999999999996,0,0.6480000000000001,0.6480000000000001,0.3
0.04014550264550263,3.825667831094209,0.03897646180067698,3.9596576438548574,0.9791666666666666,57.270833333333336,5.77653825591995,0.0011690408448256733,3825.6678310942084,2002,2,walk,reset_every_1_none,none,1,adaptive,8,0.015625,33,3,3,3,1.0,0.09090909090909091,1.0,3,1.0,2.167,2.45865,0,0.6480000000000001,0.6480000000000001,0.3
0.02532758763227513,3.030032050424396,0.02519595552233397,3.9419929103960953,1.0,54.875,5.735358822605792,0.00013163210994116686,3030.0320504243955,2002,3,walk,reset_every_1_none,none,1,adaptive,8,0.015625,39,6,6,6,1.0,0.15384615384615385,1.0,6,1.0,2.25,2.53925,0,0.6480000000000001,0.6480000000000001,0.3
0.06455853174603172,3.506337781904719,0.06386725000503052,3.841777207069985,0.9583333333333334,55.229166666666664,5.5919383214483736,0.0006912817410012229,3506.3377819047196,2003,0,walk,reset_every_1_none,none,1,adaptive,8,0.015625,35,6,6,6,1.0,0.17142857142857143,1.0,6,1.0,2.167,2.583,0,0.6480000000000001,0.6480000000000001,0.3
0.0393962880291005,3.9162819319420983,0.03892581467266958,3.9708654291990277,1.0,57.0,5.781402586803236,0.00047047335643095783,3916.2819319420983,2003,1,walk,reset_every_1_none,none,1,adaptive,8,0.015625,35,4,4,4,1.0,0.11428571428571428,1.0,4,1.0,2.2295,2.7727999999999997,0,0.6480000000000001,0.6480000000000001,0.3
0.04085234788359784,3.4842570474232217,0.039195349376649376,3.9253788714842184,0.9791666666666666,56.916666666666664,5.767494397556735,0.0016569985069485131,3484.2570474232202,2003,2,walk,reset_every_1_none,none,1,adaptive,8,0.015625,33,4,4,4,1.0,0.12121212121212122,1.0,4,1.0,2.25,2.542,0,0.6480000000000001,0.6480000000000001,0.3
0.02940331514550262,3.313081977212748,0.028605690062632205,3.9181518386921805,1.0,55.708333333333336,5.72149682264343,0.0007976250828704451,3313.0819772127493,2003,3,walk,reset_every_1_none,none,1,adaptive,8,0.015625,40,5,5,5,1.0,0.125,1.0,5,1.0,2.2085,2.5683000000000002,0,0.6480000000000001,0.6480000000000001,0.3
0.023751653439153437,3.8691976491929125,0.023154257610891085,3.9833584687030323,1.0,56.166666666666664,5.801540411980238,0.0005973958282623667,3869.197649192912,2004,0,walk,reset_every_1_none,none,1,adaptive,8,0.015625,38,6,6,6,1.0,0.15789473684210525,1.0,6,1.0,2.208,2.48565,0,0.6480000000000001,0.6480000000000001,0.3
0.025608672288359783,3.7852574981277503,0.023400114862004634,3.994763524736367,1.0,56.958333333333336,5.821621683451389,0.0022085574263551663,3785.2574981277485,2004,1,walk,reset_every_1_none,none,1,adaptive,8,0.015625,35,4,4,4,1.0,0.11428571428571428,1.0,4,1.0,2.1875,2.58125,0,0.6480000000000001,0.6480000000000001,0.3
0.021806795634920634,4.1859932339557835,0.022171611988352838,3.9841137442648633,0.875,53.041666666666664,5.703780869649633,0.0003648163534322041,4185.993233955782,2004,2,walk,reset_every_1_none,none,1,adaptive,8,0.015625,37,4,4,8,1.0,0.10810810810810811,1.0,4,1.0,2.208,2.56865,0,0.6480000000000001,0.6480000000000001,0.3
0.04000909391534389,3.8492129765349348,0.03883854484081279,3.95259239047227,0.9583333333333334,57.125,5.779416963296815,0.0011705490745311312,3849.2129765349364,2004,3,walk,reset_every_1_none,none,1,adaptive,8,0.015625,35,4,4,4,1.0,0.11428571428571428,1.0,4,1.0,2.25,2.6103,0,0.6480000000000001,0.6480000000000001,0.3
0.018439980158730163,3.506125059607408,0.020954867006921618,4.076322284743097,1.0,54.791666666666664,5.769861317633297,0.0025148868481914555,3506.125059607408,2005,0,walk,reset_every_1_none,none,1,adaptive,8,0.015625,34,0,0,6,nan,0.0,nan,0,1.0,2.167,2.45865,0,0.6480000000000001,0.6480000000000001,0.3
0.020481977513227514,3.4210208295949847,0.01954046330473197,4.01101637225145,0.9583333333333334,56.666666666666664,5.838039232674684,0.0009415142084955447,3421.0208295949856,2005,1,walk,reset_every_1_none,none,1,adaptive,8,0.015625,37,4,4,4,1.0,0.10810810810810811,1.0,4,1.0,2.2085,2.5959499999999998,0,0.6480000000000001,0.6480000000000001,0.3
0.03338810350529099,4.6217856656236815,0.029760228446330552,3.888001735821003,0.7083333333333334,54.916666666666664,5.6759734867549225,0.0036278750589604663,4621.785665623684,2005,2,walk,reset_every_1_none,none,1,adaptive,8,0.015625,42,5,5,5,1.0,0.11904761904761904,1.0,5,1.0,2.209,2.56895,0,0.6480000000000001,0.6480000000000001,0.3
0.019719328703703704,4.199017525979338,0.02085960050063926,4.02615006391633,0.9791666666666666,54.354166666666664,5.758224131700458,0.0011402717969355575,4199.017525979338,2005,3,walk,reset_every_1_none,none,1,adaptive,8,0.015625,38,1,1,7,1.0,0.02631578947368421,1.0,1,1.0,2.2085,2.48565,0,0.6480000000000001,0.6480000000000001,0.3
0.037471064814814804,3.562344288455035,0.03598534586213809,3.7981664970111786,1.0,50.208333333333336,5.493322505418647,0.0014857189526767238,3562.3442884550345,2006,0,walk,reset_every_1_none,none,1,adaptive,8,0.015625,33,7,7,13,1.0,0.21212121212121213,1.0,7,1.0,2.208,2.61065,0,0.6480000000000001,0.6480000000000001,0.3
0.023444733796296302,4.015598946262508,0.022504352046977913,4.012864977307975,0.9375,57.229166666666664,5.839622881931018,0.0009403817493183914,4015.59894626251,2006,1,walk,reset_every_1_none,none,1,adaptive,8,0.015625,40,5,5,5,1.0,0.125,1.0,5,1.0,2.209,2.66425,0,0.6480000000000001,0.6480000000000001,0.3
0.02220568783068783,4.134022524634779,0.019422305766130393,4.008812815821514,0.8958333333333334,57.458333333333336,5.866548899445469,0.0027833820645574367,4134.022524634777,2006,2,walk,reset_every_1_none,none,1,adaptive,8,0.015625,35,4,4,4,1.0,0.11428571428571428,1.0,4,1.0,2.167,2.4976,0,0.6480000000000001,0.6480000000000001,0.3
0.018901909722222218,4.059918401320101,0.02129979556849604,4.051845574803031,0.9791666666666666,52.645833333333336,5.705794149102768,0.002397885846273822,4059.9184013200997,2006,3,walk,reset_every_1_none,none,1,adaptive,8,0.015625,35,4,4,11,1.0,0.11428571428571428,1.0,4,1.0,2.25,2.5129499999999996,0,0.6480000000000001,0.6480000000000001,0.3
0.022551876653439162,3.9585110406429447,0.026173337394347976,4.055902856240561,0.9583333333333334,53.041666666666664,5.6668036817411505,0.0036214607409088204,3958.511040642946,2007,0,walk,reset_every_1_none,none,1,adaptive,8,0.015625,33,2,2,9,1.0,0.06060606060606061,1.0,2,1.0,2.208,2.4166499999999997,0,0.6480000000000001,0.6480000000000001,0.3
0.020763062169312185,3.9324396462936257,0.019542947510009546,4.021765889780279,0.8958333333333334,56.666666666666664,5.8466963689789795,0.001220114659302637,3932.4396462936256,2007,1,walk,reset_every_1_none,none,1,adaptive,8,0.015625,36,5,5,5,1.0,0.1388888888888889,1.0,5,1.0,2.166,2.4853,0,0.6480000000000001,0.6480000000000001,0.3
0.019735863095238098,3.8094803934341996,0.021184275905462013,4.03569519812801,0.9583333333333334,53.020833333333336,5.716539792407699,0.0014484128102239164,3809.4803934342,2007,2,walk,reset_every_1_none,none,1,adaptive,8,0.015625,36,2,2,10,1.0,0.05555555555555555,1.0,2,1.0,2.208,2.6214999999999997,0,0.6480000000000001,0.6480000000000001,0.3
0.018762400793650807,4.335833526738184,0.018600026350398147,4.056372440382291,1.0,57.791666666666664,5.885883550615408,0.00016237444325265896,4335.8335267381835,2007,3,walk,reset_every_1_none,none,1,adaptive,8,0.015625,36,2,2,3,1.0,0.05555555555555555,1.0,2,1.0,2.208,2.67895,0,0.6480000000000001,0.6480000000000001,0.3
0.0486111111111111,3.324430127992309,0.04788690358424149,3.868845182722508,0.9791666666666666,55.625,5.654315394877358,0.0007242075268696126,3324.4301279923093,2008,0,walk,reset_every_1_none,none,1,adaptive,8,0.015625,37,3,3,3,1.0,0.08108108108108109,1.0,3,1.0,2.208,2.458,0,0.6480000000000001,0.6480000000000001,0.3
0.018946345899470907,4.204001915920292,0.021257090291763755,4.066252531522821,0.9583333333333334,54.4375,5.758978144311372,0.0023107443922928453,4204.001915920292,2008,1,walk,reset_every_1_none,none,1,adaptive,8,0.015625,42,4,4,7,1.0,0.09523809523809523,1.0,4,1.0,2.208,2.4982499999999996,0,0.6480000000000001,0.6480000000000001,0.3
0.04647817460317457,4.202537693948938,0.04754179457604879,3.870665495712102,0.9791666666666666,51.708333333333336,5.525780161273418,0.0010636199728741812,4202.537693948939,2008,2,walk,reset_every_1_none,none,1,adaptive,8,0.015625,38,4,4,9,1.0,0.10526315789473684,1.0,4,1.0,2.2085,2.417,0,0.6480000000000001,0.6480000000000001,0.3
0.021285962301587306,4.542742104815457,0.018778970328696697,4.0878692184968894,0.9583333333333334,59.291666666666664,5.9347542224011995,0.0025069919728906106,4542.7421048154565,2008,3,walk,reset_every_1_none,none,1,adaptive,8,0.015625,39,1,1,1,1.0,0.02564102564102564,1.0,1,1.0,2.25,2.6103,0,0.6480000000000001,0.6480000000000001,0.3
0.01936280588624339,3.917745829905256,0.021318085952651625,4.046105914449343,1.0,53.916666666666664,5.745824754706672,0.0019552800664082346,3917.7458299052564,2009,0,walk,reset_every_1_none,none,1,adaptive,8,0.015625,38,2,2,9,1.0,0.05263157894736842,1.0,2,1.0,2.2085,2.45865,0,0.6480000000000001,0.6480000000000001,0.3
0.017809606481481485,3.5589092151933364,0.01820063894589156,4.099045865589557,0.9375,57.416666666666664,5.884922102242274,0.0003910324644100747,3558.909215193338,2009,1,walk,reset_every_1_none,none,1,adaptive,8,0.015625,42,2,2,4,1.0,0.047619047619047616,1.0,2,1.0,2.25,2.6771999999999996,0,0.6480000000000001,0.6480000000000001,0.3
0.01828703703703704,3.87797586610219,0.0175235804004602,4.0950185933108525,0.9583333333333334,59.125,5.93640736727249,0.0007634566365768378,3877.9758661021892,2009,2,walk,reset_every_1_none,none,1,adaptive,8,0.015625,36,2,2,2,1.0,0.05555555555555555,1.0,2,1.0,2.209,2.5126,0,0.6480000000000001,0.6480000000000001,0.3
0.019584986772486778,4.026966191900706,0.021806162500438788,4.030641192308271,0.9375,52.895833333333336,5.710433635983965,0.00222117572795201,4026.9661919007067,2009,3,walk,reset_every_1_none,none,1,adaptive,8,0.015625,38,3,3,10,1.0,0.07894736842105263,1.0,3,1.0,2.2085,2.6232499999999996,0,0.6480000000000001,0.6480000000000001,0.3
0.016825810185185187,4.112040692397941,0.01872755341481055,4.0871162191244235,0.9791666666666666,56.708333333333336,5.856275760054562,0.0019017432296253647,4112.04069239794,2000,0,walk,reset_every_1_random,random,0.5,adaptive,8,0.015625,34,2,2,6,1.0,0.058823529411764705,1.0,2,1.0,2.2915,3.0080999999999993,0,0.6480000000000001,0.6480000000000001,0.3
0.03946345899470897,3.4702715406601037,0.03713992729524948,4.027972416829768,1.0,59.166666666666664,5.8635670460656675,0.002323531699459517,3470.2715406601037,2000,1,walk,reset_every_1_random,random,0.5,adaptive,8,0.015625,37,2,1,1,0.5,0.02702702702702703,0.5,1,1.0,2.208,2.6232499999999996,0,0.6480000000000001,0.6480000000000001,0.3
0.02268725198412699,4.247687792221725,0.01782663541422105,4.051908567195435,1.0,58.916666666666664,5.929893459966581,0.00486061656990594,4247.687792221724,2000,2,walk,reset_every_1_random,random,0.5,adaptive,8,0.015625,36,2,2,2,1.0,0.05555555555555555,1.0,2,1.0,2.208,2.42895,0,0.6480000000000001,0.6480000000000001,0.3
0.01897321428571429,3.2747087344230486,0.01666512123541068,4.112905466727866,0.9791666666666666,60.416666666666664,5.988589285432552,0.0023080930503036126,3274.708734423049,2000,3,walk,reset_every_1_random,random,0.5,adaptive,8,0.015625,33,1,0,0,0.0,0.0,0.0,0,nan,2.208,2.52665,0,0.6480000000000001,0.6480000000000001,0.3
0.061214451058201,3.970727627556267,0.0577567810515788,3.9279216903214564,1.0,57.916666666666664,5.739218435512431,0.0034576700066222565,3970.727627556267,2001,0,walk,reset_every_1_random,random,0.5,adaptive,8,0.015625,37,2,2,2,1.0,0.05405405405405406,1.0,2,1.0,2.1455,2.4166499999999997,0,0.6480000000000001,0.6480000000000001,0.3
0.018432746362433867,4.119507328186736,0.017263568774931345,4.113691993189673,0.9791666666666666,59.645833333333336,5.964873054223251,0.0011691775875025238,4119.507328186736,2001,1,walk,reset_every_1_random,random,0.5,adaptive,8,0.015625,36,6,2,2,0.3333333333333333,0.05555555555555555,0.6666666666666666,2,1.0,2.208,2.5,0,0.6480000000000001,0.6480000000000001,0.3
0.02097904265873016,4.279083593242514,0.018299917193705054,4.077197931860476,0.9791666666666666,57.8125,5.894125220760729,0.002679125465025106,4279.0835932425125,2001,2,walk,reset_every_1_random,random,0.5,adaptive,8,0.015625,37,4,1,4,0.25,0.02702702702702703,1.0,1,1.0,2.167,2.48565,0,0.6480000000000001,0.6480000000000001,0.3
0.012413194444444444,4.774707719561827,0.01841545165346776,4.175379776092216,0.9583333333333334,57.708333333333336,5.891491639677693,0.006002257209023314,4774.707719561827,2001,3,walk,reset_every_1_random,random,0.5,adaptive,8,0.015625,32,3,1,4,0.3333333333333333,0.03125,0.3333333333333333,1,1.0,2.25,2.5959499999999998,0,0.6480000000000001,0.6480000000000001,0.3
0.01868179563492064,3.9669611084544463,0.01803389413843196,4.1053592588546906,0.9375,58.708333333333336,5.919287705714314,0.0006479014964886806,3966.9611084544467,2002,0,walk,reset_every_1_random,random,0.5,adaptive,8,0.015625,39,3,1,2,0.3333333333333333,0.02564102564102564,0.5,1,1.0,2.1875,2.44365,0,0.6480000000000001,0.6480000000000001,0.3
0.017403480489417995,3.85544584717821,0.016540921631483876,4.136625419772195,0.9583333333333334,60.270833333333336,5.986395765316169,0.000862558857934119,3855.445847178211,2002,1,walk,reset_every_1_random,random,0.5,adaptive,8,0.015625,38,5,1,1,0.2,0.02631578947368421,0.25,1,1.0,2.209,2.5955999999999997,0,0.6480000000000001,0.6480000000000001,0.3
0.03919064153439152,3.8665514908515015,0.037503202923354795,4.018086488155558,0.9583333333333334,58.291666666666664,5.832274928794573,0.0016874386110367415,3866.5514908515015,2002,2,walk,reset_every_1_random,random,0.5,adaptive,8,0.015625,33,3,2,3,0.6666666666666666,0.06060606060606061,0.5,2,1.0,2.2295,2.4853,0,0.6480000000000001,0.6480000000000001,0.3
0.02301277281746032,3.112851891092467,0.022831553836402004,4.036291911248672,0.9791666666666666,57.8125,5.846816627065217,0.00018121898105831943,3112.8518910924668,2002,3,walk,reset_every_1_random,random,0.5,adaptive,8,0.015625,39,6,3,3,0.5,0.07692307692307693,0.5,3,1.0,2.208,2.5,0,0.6480000000000001,0.6480000000000001,0.3
0.03814484126984127,3.616474616353122,0.03733960730122317,4.042005305488559,0.9166666666666666,58.770833333333336,5.851875236186557,0.0008052339686181095,3616.474616353122,2003,0,walk,reset_every_1_random,random,0.5,adaptive,8,0.015625,35,6,3,3,0.5,0.08571428571428572,0.5,3,1.0,2.166,2.44395,0,0.6480000000000001,0.6480000000000001,0.3
0.03902426421957669,3.8883162196146395,0.03774664787635396,4.012726598520328,1.0,58.333333333333336,5.834644811224854,0.0012776163432227535,3888.31621961464,2003,1,walk,reset_every_1_random,random,0.5,adaptive,8,0.015625,35,4,2,2,0.5,0.05714285714285714,0.6666666666666666,2,1.0,2.208,2.7748999999999997,0,0.6480000000000001,0.6480000000000001,0.3
0.03955026455026451,3.532132206129861,0.0371279469925577,4.020305836282223,0.9791666666666666,58.875,5.856356011725289,0.0024223175577068553,3532.1322061298597,2003,2,walk,reset_every_1_random,random,0.5,adaptive,8,0.015625,33,4,3,3,0.75,0.09090909090909091,1.0,3,1.0,2.2295,2.5273,0,0.6480000000000001,0.6480000000000001,0.3
0.024194981812169305,3.390730838680382,0.022617688119615634,4.0258869343451105,0.9791666666666666,57.791666666666664,5.845522988969646,0.001577293692553684,3390.7308386803834,2003,3,walk,reset_every_1_random,random,0.5,adaptive,8,0.015625,40,5,3,3,0.6,0.075,0.75,3,1.0,2.208,2.5669,0,0.6480000000000001,0.6480000000000001,0.3
0.01765046296296298,3.9985238884607406,0.017317087828173174,4.101458832327355,0.9791666666666666,58.854166666666664,5.9404224289012815,0.0003333751347898035,3998.5238884607406,2004,0,walk,reset_every_1_random,random,0.5,adaptive,8,0.015625,38,6,3,3,0.5,0.07894736842105263,0.75,3,1.0,2.166,2.5273,0,0.6480000000000001,0.6480000000000001,0.3
0.019749297288359797,3.896703407853238,0.016899626445880077,4.118800072815167,0.9791666666666666,59.833333333333336,5.97214680480091,0.0028496708424797213,3896.7034078532374,2004,1,walk,reset_every_1_random,random,0.5,adaptive,8,0.015625,35,4,2,2,0.5,0.05714285714285714,0.5,2,1.0,2.167,2.416,0,0.6480000000000001,0.6480000000000001,0.3
0.015426587301587307,4.484816578942751,0.01764382660182488,4.151445482440576,0.8333333333333334,58.75,5.930247836032254,0.0022172393002375737,4484.81657894275,2004,2,walk,reset_every_1_random,random,0.5,adaptive,8,0.015625,37,4,1,2,0.25,0.02702702702702703,0.5,1,1.0,2.25,2.459,0,0.6480000000000001,0.6480000000000001,0.3
0.03963707010582008,3.8216316870137224,0.037746181125235236,4.004523643687876,0.9583333333333334,58.291666666666664,5.831036268580107,0.001890888980584875,3821.631687013724,2004,3,walk,reset_every_1_random,random,0.5,adaptive,8,0.015625,35,4,3,3,0.75,0.08571428571428572,0.75,3,1.0,2.291,2.5955999999999997,0,0.6480000000000001,0.6480000000000001,0.3
0.017571924603174607,3.5566434457532883,0.019250187003159166,4.067572094208132,1.0,56.5625,5.8429482031427815,0.0016782623999845592,3556.6434457532882,2005,0,walk,reset_every_1_random,random,0.5,adaptive,8,0.015625,34,0,0,5,nan,0.0,nan,0,1.0,2.25,2.5273,0,0.6480000000000001,0.6480000000000001,0.3
0.01896288029100529,3.460313925809206,0.01754507029202294,4.093467224926889,0.9583333333333334,59.0625,5.937905281704912,0.0014178099989823497,3460.313925809207,2005,1,walk,reset_every_1_random,random,0.5,adaptive,8,0.015625,37,4,2,2,0.5,0.05405405405405406,0.6666666666666666,2,1.0,2.208,2.5,0,0.6480000000000001,0.6480000000000001,0.3
0.030411913029100526,4.728457391342433,0.025293859490425726,3.9896636730751975,0.7708333333333334,57.270833333333336,5.800729467557928,0.0051180535386748036,4728.457391342435,2005,2,walk,reset_every_1_random,random,0.5,adaptive,8,0.015625,42,5,3,3,0.6,0.07142857142857142,0.6666666666666666,3,1.0,2.167,2.5396,0,0.6480000000000001,0.6480000000000001,0.3
0.014510995370370372,4.433265283278895,0.01702918701314238,4.168670594820118,0.9166666666666666,59.6875,5.96142824019093,0.00251819164277201,4433.265283278896,2005,3,walk,reset_every_1_random,random,0.5,adaptive,8,0.015625,38,1,0,1,0.0,0.0,0.0,0,1.0,2.167,2.5,0,0.6480000000000001,0.6480000000000001,0.3
0.03455687830687829,3.7836571736576032,0.033928238412816995,3.884601025581866,1.0,53.270833333333336,5.607402340559141,0.0006286398940613044,3783.657173657602,2006,0,walk,reset_every_1_random,random,0.5,adaptive,8,0.015625,33,7,4,8,0.5714285714285714,0.12121212121212122,0.5,4,1.0,2.208,2.48565,0,0.6480000000000001,0.6480000000000001,0.3
0.02203104332010583,4.041613702336306,0.021482145113914993,4.076261270388618,0.9166666666666666,59.291666666666664,5.907222600482059,0.0005488982061908366,4041.613702336308,2006,1,walk,reset_every_1_random,random,0.5,adaptive,8,0.015625,40,5,1,1,0.2,0.025,0.25,1,1.0,2.292,2.94365,0,0.6480000000000001,0.6480000000000001,0.3
0.020965608465608465,4.149741525418606,0.017723918524310742,4.088319794075605,0.8958333333333334,59.333333333333336,5.9440461368195985,0.003241689941297724,4149.741525418604,2006,2,walk,reset_every_1_random,random,0.5,adaptive,8,0.015625,35,4,2,2,0.5,0.05714285714285714,0.6666666666666666,2,1.0,2.2295,2.58365,0,0.6480000000000001,0.6480000000000001,0.3
0.017165798611111113,4.151790008630757,0.019793164961661343,4.050081001272188,0.9791666666666666,54.8125,5.786956430852412,0.0026273663505502315,4151.790008630755,2006,3,walk,reset_every_1_random,random,0.5,adaptive,8,0.015625,35,4,3,9,0.75,0.08571428571428572,1.0,3,1.0,2.25,2.7773,0,0.6480000000000001,0.6480000000000001,0.3
0.013003265542328044,4.199724686905141,0.017695319294571053,4.181861419612624,0.9791666666666666,58.875,5.930937562498797,0.00469205375224301,4199.724686905142,2007,0,walk,reset_every_1_random,random,0.5,adaptive,8,0.015625,33,2,1,3,0.5,0.030303030303030304,0.5,1,1.0,2.166,2.4853,0,0.6480000000000001,0.6480000000000001,0.3
0.01943617724867726,4.0263682313863045,0.018333061059802938,4.080511173476279,0.8958333333333334,58.625,5.91777517596836,0.0011031161888743202,4026.368231386304,2007,1,walk,reset_every_1_random,random,0.5,adaptive,8,0.015625,36,5,2,2,0.4,0.05555555555555555,0.4,2,1.0,2.208,2.375,0,0.6480000000000001,0.6480000000000001,0.3
0.013634672619047624,4.116816272666991,0.01762621439590328,4.169757942397679,0.9583333333333334,58.916666666666664,5.931800901169449,0.003991541776855657,4116.816272666992,2007,2,walk,reset_every_1_random,random,0.5,adaptive,8,0.015625,36,2,0,2,0.0,0.0,0.0,0,1.0,2.209,2.5,0,0.6480000000000001,0.6480000000000001,0.3
0.01841517857142858,4.330905561288998,0.017052853756937065,4.101562625371493,1.0,59.520833333333336,5.957040125532951,0.001362324814491514,4330.905561288998,2007,3,walk,reset_every_1_random,random,0.5,adaptive,8,0.015625,36,2,2,2,1.0,0.05555555555555555,1.0,2,1.0,2.2085,2.6768499999999995,0,0.6480000000000001,0.6480000000000001,0.3
0.038194444444444434,3.461474622769473,0.03699519580890417,4.044871243467212,0.9375,59.104166666666664,5.865260629302825,0.0011992486355402916,3461.4746227694736,2008,0,walk,reset_every_1_random,random,0.5,adaptive,8,0.015625,37,3,1,1,0.3333333333333333,0.02702702702702703,0.5,1,1.0,2.167,2.5693,0,0.6480000000000001,0.6480000000000001,0.3
0.014548197751322753,4.447154286404776,0.017255408984902524,4.158599640052457,0.9583333333333334,59.125,5.944865202915717,0.00270721123357977,4447.154286404777,2008,1,walk,reset_every_1_random,random,0.5,adaptive,8,0.015625,42,4,1,2,0.25,0.023809523809523808,0.3333333333333333,1,1.0,2.208,2.4023,0,0.6480000000000001,0.6480000000000001,0.3
0.03554067460317457,4.574208532986049,0.038196964598403764,4.056888214099222,0.9375,57.0625,5.789920239157968,0.0026562899952291574,4574.208532986049,2008,2,walk,reset_every_1_random,random,0.5,adaptive,8,0.015625,38,4,2,4,0.5,0.05263157894736842,0.5,2,1.0,2.208,2.459,0,0.6480000000000001,0.6480000000000001,0.3
0.020913938492063494,4.515160815294244,0.016940013336743193,4.123692944406831,0.9583333333333334,60.4375,5.989581497885798,0.0039739251553203014,4515.1608152942445,2008,3,walk,reset_every_1_random,random,0.5,adaptive,8,0.015625,39,1,0,0,0.0,0.0,0.0,0,nan,2.208,2.48565,0,0.6480000000000001,0.6480000000000001,0.3
0.01725467096560847,4.0151704961890715,0.01930663761757073,4.073287965738931,1.0,56.541666666666664,5.84368380752305,0.0020519666519622573,4015.170496189072,2009,0,walk,reset_every_1_random,random,0.5,adaptive,8,0.015625,38,2,1,6,0.5,0.02631578947368421,0.5,1,1.0,2.166,2.5,0,0.6480000000000001,0.6480000000000001,0.3
0.015180638227513232,3.7192896206511503,0.01648364898657845,4.164978599970455,0.9791666666666666,60.458333333333336,5.9911818246024255,0.0013030107590652207,3719.289620651152,2009,1,walk,reset_every_1_random,random,0.5,adaptive,8,0.015625,42,2,0,0,0.0,0.0,0.0,0,nan,2.209,2.65055,0,0.6480000000000001,0.6480000000000001,0.3
0.01828703703703704,3.87797586610219,0.01654612755246392,4.120077816004334,0.9583333333333334,60.0,5.978268094608393,0.001740909484573119,3877.9758661021892,2009,2,walk,reset_every_1_random,random,0.5,adaptive,8,0.015625,36,2,2,2,1.0,0.05555555555555555,1.0,2,1.0,2.25,2.9835499999999997,0,0.6480000000000001,0.6480000000000001,0.3
0.014351851851851852,4.236750368686237,0.018323932259543936,4.141038180512259,0.8958333333333334,58.145833333333336,5.9020728539399165,0.003972080407692084,4236.750368686237,2009,3,walk,reset_every_1_random,random,0.5,adaptive,8,0.015625,38,3,1,3,0.3333333333333333,0.02631578947368421,0.3333333333333333,1,1.0,2.2085,2.5416499999999997,0,0.6480000000000001,0.6480000000000001,0.3
0.021657986111111114,3.8191375277258612,0.022030140427575656,3.943659118591531,1.0,51.895833333333336,5.666678749967346,0.0003721543164645393,3819.1375277258608,2000,0,walk,reset_every_1_bsp,bsp,0.1,adaptive,8,0.015625,34,2,2,12,1.0,0.058823529411764705,1.0,2,1.0,17.417,20.316,0,0.6480000000000001,0.6480000000000001,0.3
0.01922743055555556,3.50400904621946,0.017886717916930823,4.0594527912297105,1.0,59.125,5.926566771062291,0.0013407126386247373,3504.009046219459,2000,1,walk,reset_every_1_bsp,bsp,0.1,adaptive,8,0.015625,37,2,1,1,0.5,0.02702702702702703,0.5,1,1.0,17.3335,18.3421,0,0.6480000000000001,0.6480000000000001,0.3
0.02239583333333334,4.2424355083187,0.019250439424864766,3.984866698421462,1.0,58.208333333333336,5.881984063293138,0.0031453939084685766,4242.435508318701,2000,2,walk,reset_every_1_bsp,bsp,0.1,adaptive,8,0.015625,36,2,2,2,1.0,0.05555555555555555,1.0,2,1.0,17.25,18.02315,0,0.6480000000000001,0.6480000000000001,0.3
0.019184027777777782,3.272130913930899,0.017839638841785983,4.059865996588564,0.9791666666666666,59.3125,5.9315162966168025,0.0013443889359917999,3272.1309139309,2000,3,walk,reset_every_1_bsp,bsp,0.1,adaptive,8,0.015625,33,1,1,1,1.0,0.030303030303030304,1.0,1,1.0,17.25,17.9023,0,0.6480000000000001,0.6480000000000001,0.3
0.019819568452380955,4.153449385219176,0.01816847128532341,4.0505450934033504,1.0,59.875,5.945518023058792,0.0016510971670575456,4153.4493852191745,2001,0,walk,reset_every_1_bsp,bsp,0.1,adaptive,8,0.015625,37,2,0,0,0.0,0.0,0.0,0,nan,17.436999999999998,18.04165,0,0.6480000000000001,0.6480000000000001,0.3
0.02081473214285715,4.010838638915858,0.01984053162836751,4.00723090791674,1.0,57.1875,5.85267580644967,0.0009742005144896421,4010.838638915857,2001,1,walk,reset_every_1_bsp,bsp,0.1,adaptive,8,0.015625,36,6,6,6,1.0,0.16666666666666666,1.0,6,1.0,17.311999999999998,17.95625,0,0.6480000000000001,0.6480000000000001,0.3
0.02317708333333333,4.150445579389603,0.020325942670902458,3.978939312773617,1.0,55.645833333333336,5.797226611469957,0.0028511406624308713,4150.445579389603,2001,2,walk,reset_every_1_bsp,bsp,0.1,adaptive,8,0.015625,37,4,3,8,0.75,0.08108108108108109,1.0,3,1.0,17.25,17.970950000000002,0,0.6480000000000001,0.6480000000000001,0.3
0.017968750000000002,4.513937221102593,0.022260879712961312,4.098884990130925,1.0,52.666666666666664,5.685741555232675,0.004292129712961311,4513.937221102596,2001,3,walk,reset_every_1_bsp,bsp,0.1,adaptive,8,0.015625,32,3,1,10,0.3333333333333333,0.03125,0.3333333333333333,1,1.0,17.375,18.02665,0,0.6480000000000001,0.6480000000000001,0.3
0.021419270833333334,3.881218289237463,0.02031038000776756,3.9954034630234356,1.0,56.75,5.819027878197921,0.0011088908255657722,3881.218289237464,2002,0,walk,reset_every_1_bsp,bsp,0.1,adaptive,8,0.015625,39,3,2,4,0.6666666666666666,0.05128205128205128,1.0,2,1.0,17.583,20.1625,0,0.6480000000000001,0.6480000000000001,0.3
0.01901351686507937,3.809778905846579,0.01838715846794071,4.055787614509295,1.0,58.979166666666664,5.910956894336164,0.0006263583971386604,3809.7789058465787,2002,1,walk,reset_every_1_bsp,bsp,0.1,adaptive,8,0.015625,38,5,3,3,0.6,0.07894736842105263,0.5,3,1.0,17.541,20.224999999999998,0,0.6480000000000001,0.6480000000000001,0.3
0.019686259920634927,3.920845119825575,0.018278396487783156,4.036540514288532,1.0,58.895833333333336,5.908875789221777,0.0014078634328517706,3920.845119825573,2002,2,walk,reset_every_1_bsp,bsp,0.1,adaptive,8,0.015625,33,3,2,2,0.6666666666666666,0.06060606060606061,1.0,2,1.0,17.416,18.12225,0,0.6480000000000001,0.6480000000000001,0.3
0.020059317129629634,3.0837233241273956,0.02007053442294861,4.014893168536013,1.0,56.708333333333336,5.827826493440507,1.1217293318978768e-05,3083.7233241273957,2002,3,walk,reset_every_1_bsp,bsp,0.1,adaptive,8,0.015625,39,6,5,5,0.8333333333333334,0.1282051282051282,1.0,5,1.0,17.3335,17.8603,0,0.6480000000000001,0.6480000000000001,0.3
0.0183655753968254,3.7227408722710678,0.01778146767942738,4.084619574175745,0.9583333333333334,59.333333333333336,5.932474738768881,0.0005841077173980186,3722.7408722710666,2003,0,walk,reset_every_1_bsp,bsp,0.1,adaptive,8,0.015625,35,6,3,3,0.5,0.08571428571428572,0.5,3,1.0,17.311999999999998,18.470950000000002,0,0.6480000000000001,0.6480000000000001,0.3
0.018536086309523813,3.9914709284657626,0.018194885329648115,4.071499194256,1.0,58.8125,5.914902014348541,0.0003412009798756989,3991.4709284657597,2003,1,walk,reset_every_1_bsp,bsp,0.1,adaptive,8,0.015625,35,4,3,3,0.75,0.08571428571428572,0.6666666666666666,3,1.0,17.3125,18.0669,0,0.6480000000000001,0.6480000000000001,0.3
0.02003658234126985,3.5580814939530825,0.018492321789965255,4.024276751857922,0.9166666666666666,58.604166666666664,5.8999506599926015,0.0015442605513045933,3558.0814939530806,2003,2,walk,reset_every_1_bsp,bsp,0.1,adaptive,8,0.015625,33,4,3,3,0.75,0.09090909090909091,1.0,3,1.0,17.1875,18.596049999999998,0,0.6480000000000001,0.6480000000000001,0.3
0.019335937500000004,3.4458154658826463,0.018648601210150013,4.0457055777521385,1.0,58.479166666666664,5.89549119868727,0.0006873362898499902,3445.8154658826484,2003,3,walk,reset_every_1_bsp,bsp,0.1,adaptive,8,0.015625,40,5,3,3,0.6,0.075,0.5,3,1.0,17.3545,18.35165,0,0.6480000000000001,0.6480000000000001,0.3
0.01847098214285715,3.9581426810633857,0.018018729563829973,4.057008586735894,1.0,57.979166666666664,5.894560611207617,0.00045225257902717597,3958.142681063384,2004,0,walk,reset_every_1_bsp,bsp,0.1,adaptive,8,0.015625,38,6,5,5,0.8333333333333334,0.13157894736842105,1.0,5,1.0,17.333,18.0,0,0.6480000000000001,0.6480000000000001,0.3
0.02028356481481482,3.8253329569218004,0.018238014213631387,4.069998554846993,1.0,58.895833333333336,5.915536846880211,0.0020455506011834317,3825.3329569218004,2004,1,walk,reset_every_1_bsp,bsp,0.1,adaptive,8,0.015625,35,4,3,3,0.75,0.08571428571428572,0.75,3,1.0,17.4585,18.7522,0,0.6480000000000001,0.6480000000000001,0.3
0.022113715277777776,4.1842764068517875,0.021925555662784337,3.956072401007914,0.9166666666666666,53.666666666666664,5.713204733170335,0.00018815961499343836,4184.276406851785,2004,2,walk,reset_every_1_bsp,bsp,0.1,adaptive,8,0.015625,37,4,4,8,1.0,0.10810810810810811,1.0,4,1.0,17.2915,18.01195,0,0.6480000000000001,0.6480000000000001,0.3
0.019218129960317465,3.9329145372384957,0.018150468360157886,4.050591808489889,0.9583333333333334,58.75,5.911359993038624,0.0010676616001595793,3932.9145372384955,2004,3,walk,reset_every_1_bsp,bsp,0.1,adaptive,8,0.015625,35,4,3,3,0.75,0.08571428571428572,0.75,3,1.0,17.333,18.20865,0,0.6480000000000001,0.6480000000000001,0.3
0.018077256944444443,3.5204396012258914,0.020726420097432748,4.0905857048933845,1.0,55.354166666666664,5.778475546643951,0.0026491631529883034,3520.4396012258935,2005,0,walk,reset_every_1_bsp,bsp,0.1,adaptive,8,0.015625,34,0,0,6,nan,0.0,nan,0,1.0,17.229,18.0546,0,0.6480000000000001,0.6480000000000001,0.3
0.020275297619047623,3.425351563273806,0.019408500368347875,4.019351171006693,0.875,56.875,5.843153038315002,0.0008667972506997482,3425.351563273807,2005,1,walk,reset_every_1_bsp,bsp,0.1,adaptive,8,0.015625,37,4,4,4,1.0,0.10810810810810811,1.0,4,1.0,17.25,17.90165,0,0.6480000000000001,0.6480000000000001,0.3
0.02365761408730159,4.79474839979181,0.02013568744135141,4.0440019539250285,0.5416666666666666,58.770833333333336,5.891375454760779,0.0035219266459501817,4794.7483997918125,2005,2,walk,reset_every_1_bsp,bsp,0.1,adaptive,8,0.015625,42,5,2,2,0.4,0.047619047619047616,0.3333333333333333,2,1.0,17.375,18.31415,0,0.6480000000000001,0.6480000000000001,0.3
0.01929253472222222,4.217360544169996,0.02058902586025825,4.043135130690354,0.9791666666666666,55.0,5.768558679603213,0.0012964911380360308,4217.360544170001,2005,3,walk,reset_every_1_bsp,bsp,0.1,adaptive,8,0.015625,38,1,1,7,1.0,0.02631578947368421,1.0,1,1.0,17.25,18.0897,0,0.6480000000000001,0.6480000000000001,0.3
0.022575644841269848,3.7682154062789315,0.021179951656707333,3.981325224157936,1.0,54.145833333333336,5.74934502685375,0.0013956931845625121,3768.2154062789305,2006,0,walk,reset_every_1_bsp,bsp,0.1,adaptive,8,0.015625,33,7,4,10,0.5714285714285714,0.12121212121212122,1.0,4,1.0,17.167,17.834,0,0.6480000000000001,0.6480000000000001,0.3
0.0181671626984127,4.074988592562241,0.01737136419453037,4.086326972119545,0.75,59.020833333333336,5.932504704175055,0.0007957985038823298,4074.98859256224,2006,1,walk,reset_every_1_bsp,bsp,0.1,adaptive,8,0.015625,40,5,4,4,0.8,0.1,1.0,4,1.0,17.3545,18.7035,0,0.6480000000000001,0.6480000000000001,0.3
0.021837797619047625,4.16240802161055,0.019189200090870013,4.023439221211717,0.6041666666666666,58.020833333333336,5.875442830550791,0.0026485975281776105,4162.408021610548,2006,2,walk,reset_every_1_bsp,bsp,0.1,adaptive,8,0.015625,35,4,4,4,1.0,0.11428571428571428,1.0,4,1.0,17.292,18.471049999999998,0,0.6480000000000001,0.6480000000000001,0.3
0.01852885251322751,4.054898080293568,0.02106336028248935,4.06668399282764,0.9791666666666666,53.208333333333336,5.714819581394763,0.00253450776926184,4054.8980802935675,2006,3,walk,reset_every_1_bsp,bsp,0.1,adaptive,8,0.015625,35,4,4,11,1.0,0.11428571428571428,1.0,4,1.0,17.25,17.952099999999998,0,0.6480000000000001,0.6480000000000001,0.3
0.017361111111111112,4.026081186696629,0.02109530980766385,4.125919604090933,0.9583333333333334,54.666666666666664,5.7575932775103515,0.003734198696552738,4026.081186696629,2007,0,walk,reset_every_1_bsp,bsp,0.1,adaptive,8,0.015625,33,2,1,8,0.5,0.030303030303030304,0.5,1,1.0,17.25,17.70865,0,0.6480000000000001,0.6480000000000001,0.3
0.020706225198412705,3.936067838485482,0.0192864807287465,4.01612643111639,0.8333333333333334,57.333333333333336,5.856511787931718,0.0014197444696662069,3936.0678384854814,2007,1,walk,reset_every_1_bsp,bsp,0.1,adaptive,8,0.015625,36,5,5,5,1.0,0.1388888888888889,1.0,5,1.0,17.2085,17.8876,0,0.6480000000000001,0.6480000000000001,0.3
0.02007688492063492,3.803818749556095,0.020969872570432795,4.005692696350715,1.0,53.479166666666664,5.72479193776027,0.0008929876497978754,3803.8187495560946,2007,2,walk,reset_every_1_bsp,bsp,0.1,adaptive,8,0.015625,36,2,2,10,1.0,0.05555555555555555,1.0,2,1.0,17.167,18.0204,0,0.6480000000000001,0.6480000000000001,0.3
0.018362475198412703,4.33738311271791,0.018346521387204297,4.072284182781607,1.0,58.395833333333336,5.895563540712783,1.5953811208407425e-05,4337.383112717907,2007,3,walk,reset_every_1_bsp,bsp,0.1,adaptive,8,0.015625,36,2,2,3,1.0,0.05555555555555555,1.0,2,1.0,17.1665,17.792,0,0.6480000000000001,0.6480000000000001,0.3
0.01786024305555556,3.535044354591612,0.01731256760834642,4.089808363074688,0.9791666666666666,60.0625,5.957340126706915,0.0005476754472091399,3535.0443545916137,2008,0,walk,reset_every_1_bsp,bsp,0.1,adaptive,8,0.015625,37,3,0,0,0.0,0.0,0.0,0,nan,17.208,18.30855,0,0.6480000000000001,0.6480000000000001,0.3
0.019147858796296297,4.217143661020539,0.020955284284299092,4.041680324640185,1.0,55.208333333333336,5.77048735851024,0.001807425488002797,4217.143661020534,2008,1,walk,reset_every_1_bsp,bsp,0.1,adaptive,8,0.015625,42,4,4,7,1.0,0.09523809523809523,1.0,4,1.0,17.292,18.49375,0,0.6480000000000001,0.6480000000000001,0.3
0.018504050925925924,4.422300417383659,0.019678519695619692,4.070610189301679,0.9791666666666666,55.666666666666664,5.80407958096727,0.0011744687696937674,4422.300417383658,2008,2,walk,reset_every_1_bsp,bsp,0.1,adaptive,8,0.015625,38,4,1,6,0.25,0.02631578947368421,0.25,1,1.0,17.2705,18.30395,0,0.6480000000000001,0.6480000000000001,0.3
0.021205357142857147,4.553909441318077,0.018507974064860055,4.083114960986415,0.9791666666666666,59.979166666666664,5.945085822175976,0.0026973830779970904,4553.909441318077,2008,3,walk,reset_every_1_bsp,bsp,0.1,adaptive,8,0.015625,39,1,1,1,1.0,0.02564102564102564,1.0,1,1.0,17.1455,18.4476,0,0.6480000000000001,0.6480000000000001,0.3
0.019013516865079367,3.9169598133170975,0.02109618014921853,4.060059131320537,1.0,54.458333333333336,5.754334006176628,0.002082663284139162,3916.9598133170966,2009,0,walk,reset_every_1_bsp,bsp,0.1,adaptive,8,0.015625,38,2,2,9,1.0,0.05263157894736842,1.0,2,1.0,17.3545,18.63915,0,0.6480000000000001,0.6480000000000001,0.3
0.01775483630952381,3.5451658788675484,0.017945015411539766,4.0933798845203295,0.9583333333333334,58.0,5.894743417450972,0.00019017910201595684,3545.165878867547,2009,1,walk,reset_every_1_bsp,bsp,0.1,adaptive,8,0.015625,42,2,2,4,1.0,0.047619047619047616,1.0,2,1.0,17.292,17.944300000000002,0,0.6480000000000001,0.6480000000000001,0.3
0.01862289186507937,3.8624747558099473,0.017305847454684668,4.065228104167966,0.9375,59.583333333333336,5.9447910138117335,0.0013170444103947007,3862.474755809945,2009,2,walk,reset_every_1_bsp,bsp,0.1,adaptive,8,0.015625,36,2,2,2,1.0,0.05555555555555555,1.0,2,1.0,17.25,17.96885,0,0.6480000000000001,0.6480000000000001,0.3
0.0195343501984127,4.035845747116959,0.02155477610840287,4.0246254872017975,0.9583333333333334,53.520833333333336,5.719972300970017,0.002020425909990175,4035.845747116959,2009,3,walk,reset_every_1_bsp,bsp,0.1,adaptive,8,0.015625,38,3,3,10,1.0,0.07894736842105263,1.0,3,1.0,17.271,18.1625,0,0.6480000000000001,0.6480000000000001,0.3
0.042389674924550313,3.324853980118304,0.028416049406423536,3.6914925642473073,1.0,46.9375,5.51658428754011,0.013973625518126776,3324.8539801183033,2000,0,walk,reset_every_4_none,none,1,adaptive,8,0.015625,34,2,2,7,1.0,0.058823529411764705,1.0,2,1.0,2.292,3.2266499999999994,0,0.6480000000000001,0.6480000000000001,0.3
0.06131415772123078,2.853636768695017,0.049246804961822155,3.645519021563357,0.9583333333333334,49.020833333333336,5.466836294125841,0.012067352759408618,2853.6367686950175,2000,1,walk,reset_every_4_none,none,1,adaptive,8,0.015625,37,2,2,7,1.0,0.05405405405405406,1.0,2,1.0,2.209,2.69155,0,0.6480000000000001,0.6480000000000001,0.3
0.04162749149693096,3.986373479592442,0.02957987360058267,3.8160474170370846,0.9791666666666666,51.416666666666664,5.601521335657608,0.01204761789634829,3986.3734795924443,2000,2,walk,reset_every_4_none,none,1,adaptive,8,0.015625,36,2,2,6,1.0,0.05555555555555555,1.0,2,1.0,2.25,2.5396,0,0.6480000000000001,0.6480000000000001,0.3
0.01753001605487327,3.1981291779082213,0.02534310982293277,3.833628605364657,0.9583333333333334,52.833333333333336,5.710156686689715,0.007813093768059498,3198.129177908222,2000,3,walk,reset_every_4_none,none,1,adaptive,8,0.015625,33,1,1,4,1.0,0.030303030303030304,1.0,1,1.0,2.167,2.459,0,0.6480000000000001,0.6480000000000001,0.3
0.12555888011770364,3.2910527461491648,0.116343532966037,3.4525844231778344,1.0,47.6875,5.169756206399815,0.016003026946922676,3291.052746149165,2001,0,walk,reset_every_4_none,none,1,adaptive,8,0.015625,37,2,2,5,1.0,0.05405405405405406,1.0,2,1.0,2.25,2.52665,0,0.6480000000000001,0.6480000000000001,0.3
0.03993157161099665,3.7010815018328582,0.03076295621022791,3.6792700754281764,0.9791666666666666,48.395833333333336,5.53760595581948,0.009168615400768743,3701.0815018328576,2001,1,walk,reset_every_4_none,none,1,adaptive,8,0.015625,36,6,6,8,1.0,0.16666666666666666,1.0,6,1.0,2.333,3.1523,0,0.6480000000000001,0.6480000000000001,0.3
0.04470491617714012,3.7214280577402126,0.045924533712149974,3.6480773619651043,1.0,44.9375,5.287625190611191,0.024338107118343166,3721.4280577402114,2001,2,walk,reset_every_4_none,none,1,adaptive,8,0.015625,37,4,4,8,1.0,0.10810810810810811,1.0,4,1.0,2.333,2.7209499999999998,0,0.6480000000000001,0.6480000000000001,0.3
0.022342273388755076,4.117250756733324,0.05309908573853348,3.868631875293062,1.0,48.25,5.38871585939231,0.03075681234977845,4117.250756733324,2001,3,walk,reset_every_4_none,none,1,adaptive,8,0.015625,32,3,3,7,1.0,0.09375,1.0,3,1.0,2.25,2.8579,0,0.6480000000000001,0.6480000000000001,0.3
0.0426739493145743,3.5979175983631353,0.049946144347775584,3.8070145472102417,0.9791666666666666,48.895833333333336,5.451306975348138,0.007272195033201271,3597.9175983631358,2002,0,walk,reset_every_4_none,none,1,adaptive,8,0.015625,39,3,3,7,1.0,0.07692307692307693,1.0,3,1.0,2.292,2.7041499999999994,0,0.6480000000000001,0.6480000000000001,0.3
0.04026972708187398,2.981082101790005,0.05498923186914914,3.4643386854487694,1.0,43.1875,5.16311000732166,0.014719504787275142,2981.0821017900057,2002,1,walk,reset_every_4_none,none,1,adaptive,8,0.015625,38,5,5,8,1.0,0.13157894736842105,1.0,5,1.0,2.2295,2.6079,0,0.6480000000000001,0.6480000000000001,0.3
0.05281894627287525,3.429701954340953,0.07501930976195666,3.696020160292223,0.9791666666666666,50.604166666666664,5.422742896764869,0.04784464437922325,3429.7019543409538,2002,2,walk,reset_every_4_none,none,1,adaptive,8,0.015625,33,3,3,4,1.0,0.09090909090909091,1.0,3,1.0,2.25,2.6103,0,0.6480000000000001,0.6480000000000001,0.3
0.021905492869179487,2.9656340217049255,0.0427227068106348,3.783066291160894,0.9583333333333334,47.291666666666664,5.427122838316624,0.027498874182304473,2965.634021704925,2002,3,walk,reset_every_4_none,none,1,adaptive,8,0.015625,39,6,6,7,1.0,0.15384615384615385,1.0,6,1.0,2.25,2.5959499999999998,0,0.6480000000000001,0.6480000000000001,0.3
0.12568439943286,2.7177023760211014,0.12595216113780366,3.2713843150739526,0.9791666666666666,43.041666666666664,4.933778875879038,0.03736439975338968,2717.702376021102,2003,0,walk,reset_every_4_none,none,1,adaptive,8,0.015625,35,6,6,8,1.0,0.17142857142857143,1.0,6,1.0,2.208,2.5119499999999997,0,0.6480000000000001,0.6480000000000001,0.3
0.08207986473245904,3.369899294427638,0.08299134957370098,3.591019556797494,1.0,47.770833333333336,5.310976445189115,0.010286484841241943,3369.8992944276392,2003,1,walk,reset_every_4_none,none,1,adaptive,8,0.015625,35,4,4,7,1.0,0.11428571428571428,1.0,4,1.0,2.25,2.7044999999999995,0,0.6480000000000001,0.6480000000000001,0.3
0.07169736425972746,3.303460880584718,0.058081142959554605,3.742252677150096,0.9791666666666666,51.645833333333336,5.555158778703471,0.013616221300172851,3303.4608805847165,2003,2,walk,reset_every_4_none,none,1,adaptive,8,0.015625,33,4,4,6,1.0,0.12121212121212122,1.0,4,1.0,2.25,2.7335499999999997,0,0.6480000000000001,0.6480000000000001,0.3
0.031763155512156124,2.879163714498348,0.05016159680162704,3.576584897707599,0.9791666666666666,44.3125,5.213444953943036,0.018398441289470876,2879.1637144983492,2003,3,walk,reset_every_4_none,none,1,adaptive,8,0.015625,40,5,5,9,1.0,0.125,1.0,5,1.0,2.25,2.55395,0,0.6480000000000001,0.6480000000000001,0.3
0.05449071992628415,3.5502677710911814,0.037243459316718956,3.6906742449734495,1.0,49.083333333333336,5.499016818974273,0.017247260609565194,3550.2677710911807,2004,0,walk,reset_every_4_none,none,1,adaptive,8,0.015625,38,6,6,7,1.0,0.15789473684210525,1.0,6,1.0,2.271,2.56865,0,0.6480000000000001,0.6480000000000001,0.3
0.04664819688472215,3.450814538186194,0.03175929727257563,3.8387594669853438,1.0,49.916666666666664,5.576471041661997,0.014888899612146525,3450.814538186194,2004,1,walk,reset_every_4_none,none,1,adaptive,8,0.015625,35,4,4,6,1.0,0.11428571428571428,1.0,4,1.0,2.25,2.6079,0,0.6480000000000001,0.6480000000000001,0.3
0.023268356681092204,3.9824499726436753,0.031839364352207335,3.861249218097391,0.8958333333333334,44.479166666666664,5.4031658637966125,0.008571007671115132,3982.4499726436748,2004,2,walk,reset_every_4_none,none,1,adaptive,8,0.015625,37,4,4,7,1.0,0.10810810810810811,1.0,4,1.0,2.209,2.48565,0,0.6480000000000001,0.6480000000000001,0.3
0.06635589716186824,3.309796122033722,0.061731551903104614,3.636399853413499,0.9583333333333334,49.770833333333336,5.4699738777577736,0.004750654741236353,3309.796122033722,2004,3,walk,reset_every_4_none,none,1,adaptive,8,0.015625,35,4,4,6,1.0,0.11428571428571428,1.0,4,1.0,2.291,2.70625,0,0.6480000000000001,0.6480000000000001,0.3
0.021149917706160665,3.2998615117939707,0.02674410032557266,3.88674903136123,1.0,50.708333333333336,5.63616681041749,0.005594182619411993,3299.8615117939717,2005,0,walk,reset_every_4_none,none,1,adaptive,8,0.015625,34,0,0,4,nan,0.0,nan,0,1.0,2.2295,2.52665,0,0.6480000000000001,0.6480000000000001,0.3
0.0676404650175751,2.8762818187702277,0.0337453714635089,3.738816175972897,0.9791666666666666,48.020833333333336,5.497152802350769,0.03389509355406622,2876.2818187702273,2005,1,walk,reset_every_4_none,none,1,adaptive,8,0.015625,37,4,4,6,1.0,0.10810810810810811,1.0,4,1.0,2.25,2.6376,0,0.6480000000000001,0.6480000000000001,0.3
0.08121749276630985,4.214195897442033,0.05622096913031729,3.608504690689788,0.875,47.395833333333336,5.289787923990468,0.04216245658920561,4214.195897442033,2005,2,walk,reset_every_4_none,none,1,adaptive,8,0.015625,42,5,5,5,1.0,0.11904761904761904,1.0,5,1.0,2.25,2.58125,0,0.6480000000000001,0.6480000000000001,0.3
0.029073198301421993,4.069689500155247,0.027921463598891926,3.9277754204320914,0.9791666666666666,49.1875,5.574640777191289,0.0011630801122847426,4069.689500155249,2005,3,walk,reset_every_4_none,none,1,adaptive,8,0.015625,38,1,1,7,1.0,0.02631578947368421,1.0,1,1.0,2.167,2.6795999999999998,0,0.6480000000000001,0.6480000000000001,0.3
0.07189003126503125,3.348439213998285,0.081288122893394,3.5448836664828907,0.9583333333333334,41.479166666666664,5.023048986478079,0.03864168567682887,3348.4392139982842,2006,0,walk,reset_every_4_none,none,1,adaptive,8,0.015625,33,7,7,12,1.0,0.21212121212121213,1.0,7,1.0,2.25,2.583,0,0.6480000000000001,0.6480000000000001,0.3
0.035002751404966254,3.677443556304088,0.038918951186217396,3.8405055439534554,0.9791666666666666,49.541666666666664,5.501895126028628,0.01069557481345943,3677.4435563040875,2006,1,walk,reset_every_4_none,none,1,adaptive,8,0.015625,40,5,5,7,1.0,0.125,1.0,5,1.0,2.2295,2.7461499999999996,0,0.6480000000000001,0.6480000000000001,0.3
0.03925427842687401,3.810060122630953,0.024583565966272192,3.9442793726624275,0.8958333333333334,53.479166666666664,5.731750108255132,0.014670712460601818,3810.060122630952,2006,2,walk,reset_every_4_none,none,1,adaptive,8,0.015625,35,4,4,5,1.0,0.11428571428571428,1.0,4,1.0,2.25,2.5,0,0.6480000000000001,0.6480000000000001,0.3
0.025638296300372565,3.9730883898009086,0.030579607810911392,3.9636187627424704,0.9583333333333334,46.479166666666664,5.495890280703395,0.004941311510538828,3973.088389800911,2006,3,walk,reset_every_4_none,none,1,adaptive,8,0.015625,35,4,4,7,1.0,0.11428571428571428,1.0,4,1.0,2.25,2.6523,0,0.6480000000000001,0.6480000000000001,0.3
0.023276475921556492,3.9283148237018204,0.05108478302140745,3.9202808585545603,0.9166666666666666,43.729166666666664,5.201036249984095,0.027808307099850937,3928.3148237018213,2007,0,walk,reset_every_4_none,none,1,adaptive,8,0.015625,33,2,2,9,1.0,0.06060606060606061,1.0,2,1.0,2.2295,2.52665,0,0.6480000000000001,0.6480000000000001,0.3
0.03486553808280435,3.311568202077098,0.029200877775932638,3.77502371230387,0.9583333333333334,48.1875,5.537627278582558,0.0056646603068717105,3311.5682020771,2007,1,walk,reset_every_4_none,none,1,adaptive,8,0.015625,36,5,5,7,1.0,0.1388888888888889,1.0,5,1.0,2.208,2.52665,0,0.6480000000000001,0.6480000000000001,0.3
0.014974911967836499,3.782685984333357,0.02979603784269906,3.870100210615092,0.9583333333333334,46.229166666666664,5.466527326386689,0.014821125874862564,3782.685984333359,2007,2,walk,reset_every_4_none,none,1,adaptive,8,0.015625,36,2,2,7,1.0,0.05555555555555555,1.0,2,1.0,2.208,2.5396,0,0.6480000000000001,0.6480000000000001,0.3
0.0302433137941098,3.826929836388516,0.028641259214317597,3.762997511457256,1.0,48.0625,5.5455742800152334,0.0016020545797922013,3826.929836388515,2007,3,walk,reset_every_4_none,none,1,adaptive,8,0.015625,36,2,2,5,1.0,0.05555555555555555,1.0,2,1.0,2.25,2.9149,0,0.6480000000000001,0.6480000000000001,0.3
0.04547503339122643,3.2328928343535406,0.0680346903585886,3.791016772290441,0.9791666666666666,52.125,5.458860663993504,0.022559656967362184,3232.892834353539,2008,0,walk,reset_every_4_none,none,1,adaptive,8,0.015625,37,3,3,4,1.0,0.08108108108108109,1.0,3,1.0,2.375,3.0914499999999996,0,0.6480000000000001,0.6480000000000001,0.3
0.023139325144488364,3.652347642246109,0.035363417975531705,3.793173248236012,0.9375,44.666666666666664,5.391473539745857,0.012224092831043342,3652.3476422461113,2008,1,walk,reset_every_4_none,none,1,adaptive,8,0.015625,42,4,4,7,1.0,0.09523809523809523,1.0,4,1.0,2.292,2.625,0,0.6480000000000001,0.6480000000000001,0.3
0.05041810806765628,3.736338506123456,0.09322809950115697,3.700951303444825,0.9375,41.75,4.949311417664266,0.043921227965254835,3736.338506123457,2008,2,walk,reset_every_4_none,none,1,adaptive,8,0.015625,38,4,4,6,1.0,0.10526315789473684,1.0,4,1.0,2.209,2.52665,0,0.6480000000000001,0.6480000000000001,0.3
0.030729302452830412,4.290026335861753,0.02485379303309555,4.0167087852096595,0.8541666666666666,55.645833333333336,5.789792610156998,0.010479097382697825,4290.026335861752,2008,3,walk,reset_every_4_none,none,1,adaptive,8,0.015625,39,1,1,3,1.0,0.02564102564102564,1.0,1,1.0,2.208,2.55395,0,0.6480000000000001,0.6480000000000001,0.3
0.013039685676282435,3.946714527379644,0.026725406042709652,3.9684188627886687,0.9583333333333334,52.1875,5.677879462547342,0.013685720366427219,3946.7145273796455,2009,0,walk,reset_every_4_none,none,1,adaptive,8,0.015625,38,2,2,6,1.0,0.05263157894736842,1.0,2,1.0,2.291,2.70625,0,0.6480000000000001,0.6480000000000001,0.3
0.02499891612205776,3.548819130079341,0.021807627682224814,3.9560379954336398,0.9791666666666666,54.333333333333336,5.795225381592914,0.0031912884398329435,3548.81913007934,2009,1,walk,reset_every_4_none,none,1,adaptive,8,0.015625,42,2,2,3,1.0,0.047619047619047616,1.0,2,1.0,2.334,3.5641499999999997,0,0.6480000000000001,0.6480000000000001,0.3
0.04179501036275779,3.360966776420138,0.024099115695194278,3.846205608366463,1.0,53.104166666666664,5.733347423552723,0.01769589466756351,3360.966776420138,2009,2,walk,reset_every_4_none,none,1,adaptive,8,0.015625,36,2,2,4,1.0,0.05555555555555555,1.0,2,1.0,2.416,3.5,0,0.6480000000000001,0.6480000000000001,0.3
0.020940318069188318,3.707234276211184,0.029783275212115476,3.8421239495332142,0.8958333333333334,44.895833333333336,5.440531215304056,0.00884295714292716,3707.2342762111844,2009,3,walk,reset_every_4_none,none,1,adaptive,8,0.015625,38,3,3,8,1.0,0.07894736842105263,1.0,3,1.0,2.3125,2.7353,0,0.6480000000000001,0.6480000000000001,0.3
0.025028563813439212,4.0018211991197745,0.021427110020962873,3.9860898902429476,1.0,54.3125,5.796900984011877,0.003601453792476339,4001.821199119773,2000,0,walk,reset_every_4_random,random,0.5,adaptive,8,0.015625,34,2,2,4,1.0,0.058823529411764705,1.0,2,1.0,2.2705,2.8726,0,0.6480000000000001,0.6480000000000001,0.3
0.04861379980028462,3.3451379763754434,0.04296616074510414,3.88219914775124,0.9791666666666666,53.520833333333336,5.662296552620528,0.005647639055180481,3345.1379763754444,2000,1,walk,reset_every_4_random,random,0.5,adaptive,8,0.015625,37,2,1,4,0.5,0.02702702702702703,0.5,1,1.0,2.291,2.56865,0,0.6480000000000001,0.6480000000000001,0.3
0.032078880385819845,3.9202945100439996,0.022568322561552445,3.936428048946682,1.0,54.729166666666664,5.778059385679767,0.009510557824267402,3920.2945100439997,2000,2,walk,reset_every_4_random,random,0.5,adaptive,8,0.015625,36,2,2,5,1.0,0.05555555555555555,1.0,2,1.0,2.1875,2.5,0,0.6480000000000001,0.6480000000000001,0.3
0.015369877806025348,3.171961621017592,0.01968295591521231,3.9926177758713206,0.9791666666666666,58.25,5.915059919509755,0.004313078109186963,3171.961621017592,2000,3,walk,reset_every_4_random,random,0.5,adaptive,8,0.015625,33,1,0,1,0.0,0.0,0.0,0,1.0,2.167,2.48565,0,0.6480000000000001,0.6480000000000001,0.3
0.12324406530288882,3.3199754553652343,0.10442344086390797,3.5776355300248657,1.0,51.041666666666664,5.312970256345282,0.028079883698240105,3319.975455365234,2001,0,walk,reset_every_4_random,random,0.5,adaptive,8,0.015625,37,2,2,4,1.0,0.05405405405405406,1.0,2,1.0,2.208,2.4443,0,0.6480000000000001,0.6480000000000001,0.3
0.010967590596983668,3.83063084008997,0.023391051398981597,3.942021520872755,0.9583333333333334,54.354166666666664,5.775353639452535,0.01242346080199793,3830.630840089969,2001,1,walk,reset_every_4_random,random,0.5,adaptive,8,0.015625,36,6,2,5,0.3333333333333333,0.05555555555555555,0.6666666666666666,2,1.0,2.167,2.5129499999999996,0,0.6480000000000001,0.6480000000000001,0.3
0.011024360621584574,4.4405224603641225,0.02280654902595815,3.9748141584728014,0.9791666666666666,52.875,5.7415615619200535,0.011782188404373577,4440.522460364119,2001,2,walk,reset_every_4_random,random,0.5,adaptive,8,0.015625,37,4,1,3,0.25,0.02702702702702703,1.0,1,1.0,2.167,2.416,0,0.6480000000000001,0.6480000000000001,0.3
0.015061380561881126,4.494416901917178,0.020683438569348785,4.172579234022188,0.9375,56.791666666666664,5.869764882738752,0.00562205800746766,4494.416901917178,2001,3,walk,reset_every_4_random,random,0.5,adaptive,8,0.015625,32,3,1,2,0.3333333333333333,0.03125,0.3333333333333333,1,1.0,2.2915,2.7335499999999997,0,0.6480000000000001,0.6480000000000001,0.3
0.019492519985047165,3.846968185307572,0.02294107833714219,4.03098923419059,0.9791666666666666,55.979166666666664,5.811711346877817,0.003448558352095022,3846.9681853075726,2002,0,walk,reset_every_4_random,random,0.5,adaptive,8,0.015625,39,3,1,2,0.3333333333333333,0.02564102564102564,0.5,1,1.0,2.208,2.667,0,0.6480000000000001,0.6480000000000001,0.3
0.019291717822614737,3.6676857794589517,0.01945608521660983,4.087857978997254,0.9583333333333334,57.4375,5.894578179128673,0.0001643673939950921,3667.685779458951,2002,1,walk,reset_every_4_random,random,0.5,adaptive,8,0.015625,38,5,1,2,0.2,0.02631578947368421,0.25,1,1.0,2.208,2.55395,0,0.6480000000000001,0.6480000000000001,0.3
0.03656432415887815,3.4963602786871113,0.07066606067325036,3.9221558688126343,0.9166666666666666,51.4375,5.4947441828962225,0.034101736514372205,3496.3602786871124,2002,2,walk,reset_every_4_random,random,0.5,adaptive,8,0.015625,33,3,2,4,0.6666666666666666,0.06060606060606061,0.5,2,1.0,2.167,2.45625,0,0.6480000000000001,0.6480000000000001,0.3
0.021905492869179487,3.1699555114512505,0.03361654364535599,3.932104958375439,0.9791666666666666,51.458333333333336,5.59936477790323,0.0117110507761765,3169.955511451249,2002,3,walk,reset_every_4_random,random,0.5,adaptive,8,0.015625,39,6,3,4,0.5,0.07692307692307693,0.5,3,1.0,2.208,2.5935499999999996,0,0.6480000000000001,0.6480000000000001,0.3
0.05872011371857431,3.070058656832962,0.07615769884299822,3.730955068100984,0.9583333333333334,51.479166666666664,5.450852806023426,0.029937585124423904,3070.058656832962,2003,0,walk,reset_every_4_random,random,0.5,adaptive,8,0.015625,35,6,3,5,0.5,0.08571428571428572,0.5,3,1.0,2.208,2.5101999999999998,0,0.6480000000000001,0.6480000000000001,0.3
0.09206250362134792,3.352251800236351,0.07813998006790743,3.743193892666246,1.0,52.458333333333336,5.48708598478157,0.013922523553440473,3352.2518002363518,2003,1,walk,reset_every_4_random,random,0.5,adaptive,8,0.015625,35,4,2,4,0.5,0.05714285714285714,0.6666666666666666,2,1.0,2.1875,2.56655,0,0.6480000000000001,0.6480000000000001,0.3
0.06849100753774574,3.364607202009084,0.053033138126134534,3.9067163514670447,0.9791666666666666,56.479166666666664,5.737344643590135,0.015457869411611183,3364.6072020090833,2003,2,walk,reset_every_4_random,random,0.5,adaptive,8,0.015625,33,4,3,3,0.75,0.09090909090909091,1.0,3,1.0,2.229,2.5,0,0.6480000000000001,0.6480000000000001,0.3
0.02335541741691804,3.1678817761559497,0.03661425274949921,3.8067649339100886,0.9583333333333334,49.416666666666664,5.492592788401734,0.013258835332581187,3167.88177615595,2003,3,walk,reset_every_4_random,random,0.5,adaptive,8,0.015625,40,5,3,5,0.6,0.075,0.75,3,1.0,2.2295,2.6226,0,0.6480000000000001,0.6480000000000001,0.3
0.01850192573436497,3.7532894248797883,0.020982473924298955,3.9789294464556897,0.9791666666666666,54.4375,5.801832737730018,0.002480548189933982,3753.289424879787,2004,0,walk,reset_every_4_random,random,0.5,adaptive,8,0.015625,38,6,3,4,0.5,0.07894736842105263,0.75,3,1.0,2.1665,2.583,0,0.6480000000000001,0.6480000000000001,0.3
0.030330819239219504,3.795409091707553,0.021745804183393697,4.003448496951631,1.0,55.145833333333336,5.815840666191001,0.008585015055825809,3795.4090917075523,2004,1,walk,reset_every_4_random,random,0.5,adaptive,8,0.015625,35,4,2,4,0.5,0.05714285714285714,0.5,2,1.0,2.375,3.0914499999999996,0,0.6480000000000001,0.6480000000000001,0.3
0.017683865940351467,4.997433657937434,0.02164965927107591,4.13951794885732,0.8333333333333334,55.25,5.813057009017086,0.0039657933307244405,4997.433657937434,2004,2,walk,reset_every_4_random,random,0.5,adaptive,8,0.015625,37,4,1,2,0.25,0.02702702702702703,0.5,1,1.0,2.521,2.875,0,0.6480000000000001,0.6480000000000001,0.3
0.06328801596898705,3.478076338530054,0.05695809414616323,3.823863159652266,0.9791666666666666,54.0625,5.628978588152787,0.006329921822823779,3478.076338530053,2004,3,walk,reset_every_4_random,random,0.5,adaptive,8,0.015625,35,4,3,4,0.75,0.08571428571428572,0.75,3,1.0,2.5,3.4705999999999997,0,0.6480000000000001,0.6480000000000001,0.3
0.015181753925496892,3.5996847046023475,0.02084676606769954,4.018181514177193,1.0,56.083333333333336,5.835401987734506,0.005665012142202647,3599.684704602347,2005,0,walk,reset_every_4_random,random,0.5,adaptive,8,0.015625,34,0,0,3,nan,0.0,nan,0,1.0,2.375,2.6523,0,0.6480000000000001,0.6480000000000001,0.3
0.02580018723979734,3.090013166810405,0.022120554943972564,3.973726681534822,0.9791666666666666,55.104166666666664,5.810681809644303,0.0036796322958247787,3090.0131668104063,2005,1,walk,reset_every_4_random,random,0.5,adaptive,8,0.015625,37,4,2,2,0.5,0.05405405405405406,0.6666666666666666,2,1.0,2.375,3.1624999999999996,0,0.6480000000000001,0.6480000000000001,0.3
0.06464727671692715,4.284543645141639,0.04030589573760755,3.72627662757928,0.9166666666666666,50.854166666666664,5.511875716263456,0.037704456018438616,4284.543645141639,2005,2,walk,reset_every_4_random,random,0.5,adaptive,8,0.015625,42,5,3,4,0.6,0.07142857142857142,0.6666666666666666,3,1.0,2.458,3.1498999999999997,0,0.6480000000000001,0.6480000000000001,0.3
0.012935256382230066,4.723893075416883,0.017999084981864952,4.2334099329427755,0.9166666666666666,59.958333333333336,5.9770757433283785,0.005063828599634887,4723.8930754168805,2005,3,walk,reset_every_4_random,random,0.5,adaptive,8,0.015625,38,1,0,0,0.0,0.0,0.0,0,nan,2.3335,2.58365,0,0.6480000000000001,0.6480000000000001,0.3
0.08904446248196247,3.723515055241393,0.06809340666245409,3.6532364206989736,1.0,48.875,5.308228602988989,0.020951055819508378,3723.515055241393,2006,0,walk,reset_every_4_random,random,0.5,adaptive,8,0.015625,33,7,4,6,0.5714285714285714,0.12121212121212122,0.5,4,1.0,2.4165,3.27665,0,0.6480000000000001,0.6480000000000001,0.3
0.02746513566422552,3.9390207924908585,0.035719373481276274,3.982724856857653,0.9583333333333334,54.0,5.638486778150078,0.019560173072190146,3939.0207924908586,2006,1,walk,reset_every_4_random,random,0.5,adaptive,8,0.015625,40,5,1,3,0.2,0.025,0.25,1,1.0,2.4585,3.1600999999999995,0,0.6480000000000001,0.6480000000000001,0.3
0.03784185982695541,4.010705840814034,0.02031595529147625,4.06469569336307,0.9166666666666666,57.416666666666664,5.875652879750427,0.017525904535479163,4010.705840814033,2006,2,walk,reset_every_4_random,random,0.5,adaptive,8,0.015625,35,4,2,4,0.5,0.05714285714285714,0.6666666666666666,2,1.0,2.292,2.73565,0,0.6480000000000001,0.6480000000000001,0.3
0.022166074078150345,4.073200818510185,0.026105174944548133,3.8992733477154453,0.9791666666666666,48.604166666666664,5.594531958541263,0.003939100866397788,4073.2008185101863,2006,3,walk,reset_every_4_random,random,0.5,adaptive,8,0.015625,35,4,3,6,0.75,0.08571428571428572,1.0,3,1.0,2.3545,2.67895,0,0.6480000000000001,0.6480000000000001,0.3
0.014033751053831625,4.195870823143397,0.01906588642850145,4.191930204027373,0.9583333333333334,58.479166666666664,5.922751527249971,0.005032135374669823,4195.870823143396,2007,0,walk,reset_every_4_random,random,0.5,adaptive,8,0.015625,33,2,1,2,0.5,0.030303030303030304,0.5,1,1.0,2.3125,2.56865,0,0.6480000000000001,0.6480000000000001,0.3
0.031790870715857567,3.5996713085126344,0.02455004633224224,3.912504690720716,0.9583333333333334,53.604166666666664,5.730751651149812,0.007240824383615327,3599.6713085126353,2007,1,walk,reset_every_4_random,random,0.5,adaptive,8,0.015625,36,5,2,3,0.4,0.05555555555555555,0.4,2,1.0,2.417,2.7353,0,0.6480000000000001,0.6480000000000001,0.3
0.011285675856725385,4.31143119671303,0.019395279312050834,4.213089028914952,0.9375,58.458333333333336,5.920128478631969,0.00810960345532545,4311.431196713031,2007,2,walk,reset_every_4_random,random,0.5,adaptive,8,0.015625,36,2,0,1,0.0,0.0,0.0,0,1.0,2.375,2.6666499999999997,0,0.6480000000000001,0.6480000000000001,0.3
0.031608886302739815,3.7668242556937113,0.022382918717530134,3.945764658311773,1.0,53.895833333333336,5.763542826875142,0.00922596758520968,3766.8242556937107,2007,3,walk,reset_every_4_random,random,0.5,adaptive,8,0.015625,36,2,2,4,1.0,0.05555555555555555,1.0,2,1.0,2.6665,5.223149999999999,0,0.6480000000000001,0.6480000000000001,0.3
0.037663842675623935,3.3048195321071283,0.03821449485301618,4.000659738272927,0.9375,58.791666666666664,5.85659814301188,0.0005506521773922293,3304.8195321071275,2008,0,walk,reset_every_4_random,random,0.5,adaptive,8,0.015625,37,3,1,1,0.3333333333333333,0.02702702702702703,0.5,1,1.0,2.729,4.393649999999999,0,0.6480000000000001,0.6480000000000001,0.3
0.010521740183153397,4.646563452813612,0.019061692182279318,4.16220810534825,0.9583333333333334,57.958333333333336,5.922193642211677,0.00853995199912592,4646.563452813611,2008,1,walk,reset_every_4_random,random,0.5,adaptive,8,0.015625,42,4,1,1,0.25,0.023809523809523808,0.3333333333333333,1,1.0,2.375,2.69365,0,0.6480000000000001,0.6480000000000001,0.3
0.029063941400989616,4.887600698798393,0.06788939068081516,4.002431896266904,0.9166666666666666,54.354166666666664,5.59225325788428,0.03882544927982555,4887.600698798395,2008,2,walk,reset_every_4_random,random,0.5,adaptive,8,0.015625,38,4,2,2,0.5,0.05263157894736842,0.5,2,1.0,2.208,2.56865,0,0.6480000000000001,0.6480000000000001,0.3
0.0225161614271894,4.654494141766956,0.018449846489977172,4.1554048979055365,0.9166666666666666,60.0,5.977678516049575,0.0040663149372122285,4654.494141766957,2008,3,walk,reset_every_4_random,random,0.5,adaptive,8,0.015625,39,1,0,0,0.0,0.0,0.0,0,nan,2.208,2.6103,0,0.6480000000000001,0.6480000000000001,0.3
0.011167895293462642,4.130225480180791,0.021408158079051748,4.045550972438296,0.9583333333333334,56.270833333333336,5.842197894738246,0.010240262785589106,4130.225480180793,2009,0,walk,reset_every_4_random,random,0.5,adaptive,8,0.015625,38,2,1,3,0.5,0.02631578947368421,0.5,1,1.0,2.25,2.5119499999999997,0,0.6480000000000001,0.6480000000000001,0.3
0.012329438608830243,3.8788692146334838,0.017877560862696058,4.143952780252708,0.9791666666666666,60.083333333333336,5.981797767684333,0.005548122253865813,3878.869214633483,2009,1,walk,reset_every_4_random,random,0.5,adaptive,8,0.015625,42,2,0,0,0.0,0.0,0.0,0,nan,2.2085,2.7209499999999998,0,0.6480000000000001,0.6480000000000001,0.3
0.03911176617136142,3.5526344519352615,0.019406587885822838,3.9967540927195526,1.0,57.583333333333336,5.901259361899012,0.01970517828553858,3552.634451935261,2009,2,walk,reset_every_4_random,random,0.5,adaptive,8,0.015625,36,2,2,3,1.0,0.05555555555555555,1.0,2,1.0,2.25,2.5,0,0.6480000000000001,0.6480000000000001,0.3
0.017990323572389104,3.9013588157741768,0.02171202673038898,4.042179594004143,0.9583333333333334,54.583333333333336,5.790604615776165,0.003721703157999877,3901.3588157741756,2009,3,walk,reset_every_4_random,random,0.5,adaptive,8,0.015625,38,3,1,2,0.3333333333333333,0.02631578947368421,0.3333333333333333,1,1.0,2.2295,2.5959499999999998,0,0.6480000000000001,0.6480000000000001,0.3
0.04370659722222223,3.2874553633608845,0.03102757063008713,3.6635313930762163,1.0,43.666666666666664,5.3777118698166015,0.012679026592135096,3287.4553633608843,2000,0,walk,reset_every_4_bsp,bsp,0.1,adaptive,8,0.015625,34,2,2,9,1.0,0.058823529411764705,1.0,2,1.0,17.792,20.800549999999998,0,0.6480000000000001,0.6480000000000001,0.3
0.028157744519891694,3.01737680662426,0.027132851211010934,3.764352629336274,1.0,50.895833333333336,5.603846980243794,0.0010248933088807578,3017.3768066242606,2000,1,walk,reset_every_4_bsp,bsp,0.1,adaptive,8,0.015625,37,2,1,6,0.5,0.02702702702702703,0.5,1,1.0,17.521,18.782999999999998,0,0.6480000000000001,0.6480000000000001,0.3
0.033774594907407404,3.813996142502887,0.027420028267457763,3.8198778974990746,1.0,52.208333333333336,5.6354684617855275,0.006354566639949641,3813.9961425028882,2000,2,walk,reset_every_4_bsp,bsp,0.1,adaptive,8,0.015625,36,2,2,6,1.0,0.05555555555555555,1.0,2,1.0,17.5415,18.15165,0,0.6480000000000001,0.6480000000000001,0.3
0.02083263328853047,3.0989839045828873,0.02337097711537169,3.8802765061452393,0.9583333333333334,54.5625,5.755127164177082,0.002538343826841219,3098.983904582888,2000,3,walk,reset_every_4_bsp,bsp,0.1,adaptive,8,0.015625,33,1,1,3,1.0,0.030303030303030304,1.0,1,1.0,17.458,17.9853,0,0.6480000000000001,0.6480000000000001,0.3
0.02669270833333334,3.5894945617246274,0.027826298008123168,3.853658692392281,1.0,53.791666666666664,5.7140077942560685,0.00113358967478983,3589.4945617246267,2001,0,walk,reset_every_4_bsp,bsp,0.1,adaptive,8,0.015625,37,2,0,3,0.0,0.0,0.0,0,1.0,17.5,17.9853,0,0.6480000000000001,0.6480000000000001,0.3
0.02669374173280423,3.593764910836182,0.030891659135023775,3.689656248812238,1.0,48.708333333333336,5.52578993527052,0.004197917402219543,3593.764910836182,2001,1,walk,reset_every_4_bsp,bsp,0.1,adaptive,8,0.015625,36,6,6,9,1.0,0.16666666666666666,1.0,6,1.0,17.3955,18.3456,0,0.6480000000000001,0.6480000000000001,0.3
0.022178819444444442,3.860560842352036,0.03129128578119499,3.787420180377748,1.0,47.520833333333336,5.467497061449143,0.009112466336750549,3860.5608423520357,2001,2,walk,reset_every_4_bsp,bsp,0.1,adaptive,8,0.015625,37,4,3,9,0.75,0.08108108108108109,1.0,3,1.0,17.5,18.1523,0,0.6480000000000001,0.6480000000000001,0.3
0.011046006944444443,4.590222666099753,0.030823294233962382,4.0871379956062395,0.9583333333333334,47.208333333333336,5.472508186208905,0.01977728728951794,4590.222666099755,2001,3,walk,reset_every_4_bsp,bsp,0.1,adaptive,8,0.015625,32,3,1,10,0.3333333333333333,0.03125,0.3333333333333333,1,1.0,17.5,18.2147,0,0.6480000000000001,0.6480000000000001,0.3
0.020659022177419356,3.7951136575497615,0.02592583451889781,3.9083071169069736,1.0,54.583333333333336,5.714432672180238,0.005266812341478452,3795.113657549761,2002,0,walk,reset_every_4_bsp,bsp,0.1,adaptive,8,0.015625,39,3,2,3,0.6666666666666666,0.05128205128205128,1.0,2,1.0,17.625,19.32225,0,0.6480000000000001,0.6480000000000001,0.3
0.022080646494709002,3.307469805699838,0.02832328133691588,3.796222750347741,1.0,51.229166666666664,5.60682052709749,0.00624263484220688,3307.4698056998373,2002,1,walk,reset_every_4_bsp,bsp,0.1,adaptive,8,0.015625,38,5,3,6,0.6,0.07894736842105263,0.5,3,1.0,17.541,18.604049999999997,0,0.6480000000000001,0.6480000000000001,0.3
0.01575830853174603,3.7262087070851684,0.021072997370599537,3.914545937788104,1.0,57.604166666666664,5.868327478769852,0.0053146888388535055,3726.208707085166,2002,2,walk,reset_every_4_bsp,bsp,0.1,adaptive,8,0.015625,33,3,1,1,0.3333333333333333,0.030303030303030304,0.5,1,1.0,17.479,17.9146,0,0.6480000000000001,0.6480000000000001,0.3
0.01785300925925926,2.9178413140176027,0.02810090354553646,3.8896012413062024,0.9791666666666666,52.25,5.659759072111157,0.010247894286277199,2917.841314017602,2002,3,walk,reset_every_4_bsp,bsp,0.1,adaptive,8,0.015625,39,6,5,5,0.8333333333333334,0.1282051282051282,1.0,5,1.0,17.375,18.2773,0,0.6480000000000001,0.6480000000000001,0.3
0.03213603670634921,3.310809780945123,0.026219489658439055,3.8413086159001204,0.9791666666666666,53.5,5.72982032962621,0.005916547047910152,3310.8097809451224,2003,0,walk,reset_every_4_bsp,bsp,0.1,adaptive,8,0.015625,35,6,3,5,0.5,0.08571428571428572,0.5,3,1.0,17.4585,18.7035,0,0.6480000000000001,0.6480000000000001,0.3
0.021682087653609832,3.7246418534730474,0.021895709120149227,3.968045428005684,0.9583333333333334,55.3125,5.805010235076714,0.00021362146653939687,3724.641853473046,2003,1,walk,reset_every_4_bsp,bsp,0.1,adaptive,8,0.015625,35,4,3,3,0.75,0.08571428571428572,0.6666666666666666,3,1.0,17.3955,18.125,0,0.6480000000000001,0.6480000000000001,0.3
0.03075706845238095,3.1035583112067084,0.02405438560874916,3.833701964073325,0.9166666666666666,53.854166666666664,5.742414286439748,0.006702682843631791,3103.558311206709,2003,2,walk,reset_every_4_bsp,bsp,0.1,adaptive,8,0.015625,33,4,3,5,0.75,0.09090909090909091,1.0,3,1.0,17.3545,18.2851,0,0.6480000000000001,0.6480000000000001,0.3
0.02751012731481481,3.030553266565892,0.02294743524659466,3.8651615762886897,1.0,54.770833333333336,5.768532261215015,0.004562692068220149,3030.553266565894,2003,3,walk,reset_every_4_bsp,bsp,0.1,adaptive,8,0.015625,40,5,3,3,0.6,0.075,0.5,3,1.0,17.6045,19.68115,0,0.6480000000000001,0.6480000000000001,0.3
0.01989293981481482,3.7425152402157362,0.022510481823791176,3.9002846112257643,1.0,53.416666666666664,5.74020466617786,0.002617542008976357,3742.515240215737,2004,0,walk,reset_every_4_bsp,bsp,0.1,adaptive,8,0.015625,38,6,5,6,0.8333333333333334,0.13157894736842105,1.0,5,1.0,17.541,18.6146,0,0.6480000000000001,0.6480000000000001,0.3
0.038586516203703694,3.2908593382089593,0.027082897264348357,3.8146440166246323,1.0,51.4375,5.649471922295528,0.011503618939355337,3290.859338208959,2004,1,walk,reset_every_4_bsp,bsp,0.1,adaptive,8,0.015625,35,4,3,6,0.75,0.08571428571428572,0.75,3,1.0,17.5205,18.5249,0,0.6480000000000001,0.6480000000000001,0.3
0.027256944444444445,3.9183902953068976,0.030800166145814767,3.8120022555661026,0.9166666666666666,45.770833333333336,5.442509037400245,0.003543221701370322,3918.3902953068978,2004,2,walk,reset_every_4_bsp,bsp,0.1,adaptive,8,0.015625,37,4,4,6,1.0,0.10810810810810811,1.0,4,1.0,17.417,18.4149,0,0.6480000000000001,0.6480000000000001,0.3
0.024385460669482845,3.4081086543647845,0.02320328699029736,3.852834174658559,0.9375,54.791666666666664,5.773663506092539,0.0011821736791854849,3408.108654364784,2004,3,walk,reset_every_4_bsp,bsp,0.1,adaptive,8,0.015625,35,4,3,4,0.75,0.08571428571428572,0.75,3,1.0,17.458,18.06415,0,0.6480000000000001,0.6480000000000001,0.3
0.015950520833333332,3.4251454452993575,0.027674428673547215,3.8699366509471864,1.0,49.333333333333336,5.574414763519876,0.011723907840213882,3425.145445299358,2005,0,walk,reset_every_4_bsp,bsp,0.1,adaptive,8,0.015625,34,0,0,5,nan,0.0,nan,0,1.0,17.3335,17.86065,0,0.6480000000000001,0.6480000000000001,0.3
0.026908688822751325,2.9451577084045564,0.03146632240777494,3.7618713528319745,0.8958333333333334,47.479166666666664,5.468868777192707,0.004557633585023609,2945.1577084045566,2005,1,walk,reset_every_4_bsp,bsp,0.1,adaptive,8,0.015625,37,4,4,7,1.0,0.10810810810810811,1.0,4,1.0,17.667,18.194300000000002,0,0.6480000000000001,0.6480000000000001,0.3
0.04033874834656084,4.6417789537762975,0.03075363733825388,3.935147265415752,0.7083333333333334,54.583333333333336,5.696220721695858,0.009585111008306965,4641.778953776296,2005,2,walk,reset_every_4_bsp,bsp,0.1,adaptive,8,0.015625,42,5,2,2,0.4,0.047619047619047616,0.3333333333333333,2,1.0,17.5,19.7498,0,0.6480000000000001,0.6480000000000001,0.3
0.025716145833333332,4.164544259813013,0.02647977744252311,3.969377446348831,0.9375,50.8125,5.616044351074875,0.000763631609189778,4164.544259813013,2005,3,walk,reset_every_4_bsp,bsp,0.1,adaptive,8,0.015625,38,1,1,6,1.0,0.02631578947368421,1.0,1,1.0,17.3125,18.604049999999997,0,0.6480000000000001,0.6480000000000001,0.3
0.01111565806878307,3.6703577262281475,0.03362650719464102,3.8336329266618923,0.9583333333333334,44.354166666666664,5.3825888491584655,0.022510849125857952,3670.3577262281483,2006,0,walk,reset_every_4_bsp,bsp,0.1,adaptive,8,0.015625,33,7,4,13,0.5714285714285714,0.12121212121212122,1.0,4,1.0,17.3955,18.068649999999998,0,0.6480000000000001,0.6480000000000001,0.3
0.02076409556878307,3.8844899122017567,0.02178265068601884,3.980352988719893,0.75,55.083333333333336,5.788636373560927,0.0010185551172357695,3884.4899122017555,2006,1,walk,reset_every_4_bsp,bsp,0.1,adaptive,8,0.015625,40,5,4,6,0.8,0.1,1.0,4,1.0,17.458,18.17895,0,0.6480000000000001,0.6480000000000001,0.3
0.03364645337301587,3.6743084164129,0.02366347353382534,3.8781921539389064,0.6458333333333334,54.479166666666664,5.738489498977201,0.00998297983919053,3674.3084164128977,2006,2,walk,reset_every_4_bsp,bsp,0.1,adaptive,8,0.015625,35,4,4,5,1.0,0.11428571428571428,1.0,4,1.0,17.375,17.95625,0,0.6480000000000001,0.6480000000000001,0.3
0.03661334325396825,3.8041726105001126,0.03281089079825617,3.9257463837397357,0.9166666666666666,44.791666666666664,5.3994479024470765,0.003802452455712077,3804.1726105001126,2006,3,walk,reset_every_4_bsp,bsp,0.1,adaptive,8,0.015625,35,4,4,9,1.0,0.11428571428571428,1.0,4,1.0,17.333,18.23355,0,0.6480000000000001,0.6480000000000001,0.3
0.018858506944444443,4.039136791569393,0.03011949554987312,4.056234988049638,0.9375,48.8125,5.5231539052491465,0.011260988605428679,4039.1367915693954,2007,0,walk,reset_every_4_bsp,bsp,0.1,adaptive,8,0.015625,33,2,1,8,0.5,0.030303030303030304,0.5,1,1.0,17.2915,18.024549999999998,0,0.6480000000000001,0.6480000000000001,0.3
0.03170159556878307,3.0818347839919937,0.02599282754306653,3.7874691293231084,0.9791666666666666,52.25,5.669777700433412,0.005708768025716539,3081.834783991992,2007,1,walk,reset_every_4_bsp,bsp,0.1,adaptive,8,0.015625,36,5,5,5,1.0,0.1388888888888889,1.0,5,1.0,17.7295,19.3183,0,0.6480000000000001,0.6480000000000001,0.3
0.017968749999999995,3.606161048029035,0.029686355049630533,3.825585577738641,1.0,45.604166666666664,5.4355581160454065,0.011717605049630537,3606.1610480290365,2007,2,walk,reset_every_4_bsp,bsp,0.1,adaptive,8,0.015625,36,2,2,8,1.0,0.05555555555555555,1.0,2,1.0,17.292,18.704500000000003,0,0.6480000000000001,0.6480000000000001,0.3
0.027220117845117835,3.804508689649166,0.027827906026248878,3.821033496214975,1.0,50.604166666666664,5.6154647616035165,0.0006077881811310434,3804.5086896491653,2007,3,walk,reset_every_4_bsp,bsp,0.1,adaptive,8,0.015625,36,2,2,4,1.0,0.05555555555555555,1.0,2,1.0,17.417,18.27665,0,0.6480000000000001,0.6480000000000001,0.3
0.01959635416666667,3.353942576190088,0.019773882594724606,4.000187269420599,0.9791666666666666,59.0625,5.914919267065798,0.0001775284280579372,3353.9425761900893,2008,0,walk,reset_every_4_bsp,bsp,0.1,adaptive,8,0.015625,37,3,0,0,0.0,0.0,0.0,0,nan,17.333,18.2318,0,0.6480000000000001,0.6480000000000001,0.3
0.02453993055555555,3.744852263062769,0.03216702559772774,3.8033145856349115,1.0,46.125,5.4347813315667635,0.007627095042172183,3744.852263062767,2008,1,walk,reset_every_4_bsp,bsp,0.1,adaptive,8,0.015625,42,4,4,7,1.0,0.09523809523809523,1.0,4,1.0,17.3125,18.2353,0,0.6480000000000001,0.6480000000000001,0.3
0.02877500826719576,4.069473005064444,0.02588939411055681,3.868780396586017,1.0,50.041666666666664,5.614870781202323,0.0028856141566389513,4069.4730050644434,2008,2,walk,reset_every_4_bsp,bsp,0.1,adaptive,8,0.015625,38,4,1,4,0.25,0.02631578947368421,0.25,1,1.0,17.396,18.19155,0,0.6480000000000001,0.6480000000000001,0.3
0.026522197420634917,4.499037659822083,0.02197631452321644,4.068899715952088,0.9375,58.166666666666664,5.862469606494923,0.004545882897418478,4499.037659822084,2008,3,walk,reset_every_4_bsp,bsp,0.1,adaptive,8,0.015625,39,1,1,1,1.0,0.02564102564102564,1.0,1,1.0,17.2705,18.125,0,0.6480000000000001,0.6480000000000001,0.3
0.019013516865079367,3.9008576959747825,0.026301952909324577,4.0313136246335155,0.8958333333333334,52.291666666666664,5.669078499488697,0.007288436044245211,3900.8576959747857,2009,0,walk,reset_every_4_bsp,bsp,0.1,adaptive,8,0.015625,38,2,2,6,1.0,0.05263157894736842,1.0,2,1.0,17.5,19.45395,0,0.6480000000000001,0.6480000000000001,0.3
0.023592509920634913,3.48840272459589,0.02098383611619654,3.97999807571338,0.9791666666666666,55.354166666666664,5.81328479559388,0.0026086738044383737,3488.4027245958882,2009,1,walk,reset_every_4_bsp,bsp,0.1,adaptive,8,0.015625,42,2,2,3,1.0,0.047619047619047616,1.0,2,1.0,17.5835,18.35855,0,0.6480000000000001,0.6480000000000001,0.3
0.02712570271164021,3.4449890863641266,0.02085708621875827,3.905917381007733,0.9583333333333334,57.395833333333336,5.870052553085333,0.006268616492881944,3444.9890863641253,2009,2,walk,reset_every_4_bsp,bsp,0.1,adaptive,8,0.015625,36,2,2,2,1.0,0.05555555555555555,1.0,2,1.0,17.3335,18.35855,0,0.6480000000000001,0.6480000000000001,0.3
0.023744419642857142,3.759953786222438,0.02931562009242421,3.8459463996298644,0.9166666666666666,45.479166666666664,5.442613079196899,0.005571200449567072,3759.953786222442,2009,3,walk,reset_every_4_bsp,bsp,0.1,adaptive,8,0.015625,38,3,3,9,1.0,0.07894736842105263,1.0,3,1.0,18.1665,22.337699999999998,0,0.6480000000000001,0.6480000000000001,0.3
0.10490186542217339,2.307702140245806,0.06557485146413812,3.170795497535066,1.0,36.979166666666664,4.94294916073096,0.05865684198301833,2307.702140245807,2000,0,walk,reset_every_12_none,none,1,adaptive,8,0.015625,34,2,2,8,1.0,0.058823529411764705,1.0,2,1.0,2.25,3.1187499999999995,0,0.6480000000000001,0.6480000000000001,0.3
0.08836486181697166,2.4038023047345676,0.13668302771806162,3.0018930352686404,1.0,34.020833333333336,4.578942459351579,0.08384432323589597,2403.8023047345678,2000,1,walk,reset_every_12_none,none,1,adaptive,8,0.015625,37,2,2,5,1.0,0.05405405405405406,1.0,2,1.0,2.2085,2.5129499999999996,0,0.6480000000000001,0.6480000000000001,0.3
0.005146539360693773,3.700914881183334,0.08696115635167967,3.301233790952756,0.9791666666666666,32.041666666666664,4.671448807486914,0.08181461699098591,3700.9148811833347,2000,2,walk,reset_every_12_none,none,1,adaptive,8,0.015625,36,2,2,8,1.0,0.05555555555555555,1.0,2,1.0,2.25,2.48565,0,0.6480000000000001,0.6480000000000001,0.3
0.006198235767548893,3.4406425191620773,0.041748842482037085,3.975708179631241,0.9166666666666666,47.541666666666664,5.476494222775346,0.035550606714488196,3440.642519162078,2000,3,walk,reset_every_12_none,none,1,adaptive,8,0.015625,33,1,1,3,1.0,0.030303030303030304,1.0,1,1.0,2.167,2.5129499999999996,0,0.6480000000000001,0.6480000000000001,0.3
0.29802226130351134,3.360957262693338,0.1810215806842831,2.9231835907068433,1.0,35.625,4.456399080040575,0.16042173668968443,3360.9572626933386,2001,0,walk,reset_every_12_none,none,1,adaptive,8,0.015625,37,2,2,6,1.0,0.05405405405405406,1.0,2,1.0,2.2085,2.4709499999999998,0,0.6480000000000001,0.6480000000000001,0.3
0.2790441839614634,2.506219590056324,0.0815248911110368,3.0517738100760954,0.9166666666666666,31.6875,4.747963142446433,0.21119437747568084,2506.2195900563243,2001,1,walk,reset_every_12_none,none,1,adaptive,8,0.015625,36,6,6,11,1.0,0.16666666666666666,1.0,6,1.0,2.167,2.42895,0,0.6480000000000001,0.6480000000000001,0.3
0.10638847552910054,3.9812157562822805,0.07255267554825372,3.6913140246420384,1.0,42.8125,5.152918919823832,0.047826810187635994,3981.21575628228,2001,2,walk,reset_every_12_none,none,1,adaptive,8,0.015625,37,4,4,6,1.0,0.10810810810810811,1.0,4,1.0,2.209,2.5273,0,0.6480000000000001,0.6480000000000001,0.3
0.028068260474598202,3.365074594745862,0.09583862317388729,3.729100287200524,0.9583333333333334,37.854166666666664,4.900822479396427,0.09263244828020707,3365.074594745863,2001,3,walk,reset_every_12_none,none,1,adaptive,8,0.015625,32,3,3,6,1.0,0.09375,1.0,3,1.0,2.2085,2.7188499999999998,0,0.6480000000000001,0.6480000000000001,0.3
0.15029348544973545,3.0505475526259622,0.1701952044703476,3.2530616476761303,0.9375,31.375,4.400184993016998,0.09617468062630787,3050.5475526259634,2002,0,walk,reset_every_12_none,none,1,adaptive,8,0.015625,39,3,3,7,1.0,0.07692307692307693,1.0,3,1.0,2.208,2.52665,0,0.6480000000000001,0.6480000000000001,0.3
0.01849824597371836,2.520461199330543,0.12964033116907975,2.9729325381776786,0.9791666666666666,27.375,4.294430914444624,0.1111420851953614,2520.461199330543,2002,1,walk,reset_every_12_none,none,1,adaptive,8,0.015625,38,5,5,8,1.0,0.13157894736842105,1.0,5,1.0,2.1875,2.5126,0,0.6480000000000001,0.6480000000000001,0.3
0.2726190476190476,1.821921928214847,0.1566426986938678,2.6799245616138854,1.0,23.375,4.102472131687465,0.21065992049623797,1821.9219282148467,2002,2,walk,reset_every_12_none,none,1,adaptive,8,0.015625,33,3,3,8,1.0,0.09090909090909091,1.0,3,1.0,2.208,2.417,0,0.6480000000000001,0.6480000000000001,0.3
0.06736207854891366,2.9104264171684484,0.07561229025028125,3.579623353051463,0.9791666666666666,44.0625,5.201301881176644,0.05565449852331914,2910.426417168448,2002,3,walk,reset_every_12_none,none,1,adaptive,8,0.015625,39,6,6,6,1.0,0.15384615384615385,1.0,6,1.0,2.167,2.52555,0,0.6480000000000001,0.6480000000000001,0.3
0.14948743386243388,1.6629397331373115,0.20299466666872504,2.7024339010780873,0.9791666666666666,24.458333333333332,3.9899326014160117,0.07850723280629122,1662.939733137312,2003,0,walk,reset_every_12_none,none,1,adaptive,8,0.015625,35,6,6,9,1.0,0.17142857142857143,1.0,6,1.0,2.1665,2.42895,0,0.6480000000000001,0.6480000000000001,0.3
0.2175523848910946,2.7258952688488467,0.2055757305841179,2.7351192246502722,1.0,30.729166666666668,4.255741996901678,0.08772165344405031,2725.895268848846,2003,1,walk,reset_every_12_none,none,1,adaptive,8,0.015625,35,4,4,7,1.0,0.11428571428571428,1.0,4,1.0,2.209,2.52665,0,0.6480000000000001,0.6480000000000001,0.3
0.1229025406344999,3.1649356671716102,0.09184249937126328,3.3683320229923943,0.9583333333333334,42.895833333333336,5.10000897748625,0.03106004126323661,3164.93566717161,2003,2,walk,reset_every_12_none,none,1,adaptive,8,0.015625,33,4,4,6,1.0,0.12121212121212122,1.0,4,1.0,2.3125,3.491649999999999,0,0.6480000000000001,0.6480000000000001,0.3
0.012724963115588116,2.6344431176532264,0.10614231554971165,3.2663310046846914,1.0,31.458333333333332,4.589267035913614,0.09341735243412354,2634.4431176532275,2003,3,walk,reset_every_12_none,none,1,adaptive,8,0.015625,40,5,5,7,1.0,0.125,1.0,5,1.0,2.25,2.5273,0,0.6480000000000001,0.6480000000000001,0.3
0.2203369479104773,3.1592351948767337,0.10012803019055015,3.033372506002479,0.9791666666666666,28.770833333333332,4.591520452845271,0.14670323576831754,3159.235194876734,2004,0,walk,reset_every_12_none,none,1,adaptive,8,0.015625,38,6,6,9,1.0,0.15789473684210525,1.0,6,1.0,2.208,2.5119499999999997,0,0.6480000000000001,0.6480000000000001,0.3
0.10985630846014661,2.2545068562054307,0.10091193759617824,3.026327763224895,1.0,30.395833333333332,4.619317847474698,0.03482026356987098,2254.506856205431,2004,1,walk,reset_every_12_none,none,1,adaptive,8,0.015625,35,4,4,8,1.0,0.11428571428571428,1.0,4,1.0,2.2085,2.5248999999999997,0,0.6480000000000001,0.6480000000000001,0.3
0.007841435185185186,3.8374752773946628,0.04818669076667,3.7965762043621503,0.9583333333333334,42.291666666666664,5.269539683037375,0.0403452555814848,3837.4752773946625,2004,2,walk,reset_every_12_none,none,1,adaptive,8,0.015625,37,4,4,5,1.0,0.10810810810810811,1.0,4,1.0,2.125,2.459,0,0.6480000000000001,0.6480000000000001,0.3
0.04978001743626743,2.6409655072675533,0.08892291690840672,3.398455879027129,0.9166666666666666,35.708333333333336,4.912980420857522,0.04851789947213925,2640.9655072675537,2004,3,walk,reset_every_12_none,none,1,adaptive,8,0.015625,35,4,4,6,1.0,0.11428571428571428,1.0,4,1.0,2.1875,2.40165,0,0.6480000000000001,0.6480000000000001,0.3
0.003697075693304142,4.052702045686817,0.04651035033497144,4.18151676768115,0.875,45.6875,5.423729109366152,0.04281327464166731,4052.7020456868163,2005,0,walk,reset_every_12_none,none,1,adaptive,8,0.015625,34,0,0,3,nan,0.0,nan,0,1.0,2.208,2.64955,0,0.6480000000000001,0.6480000000000001,0.3
0.012615859060509485,2.732060561429989,0.05934648737124432,3.4349239775331744,0.9791666666666666,41.791666666666664,5.148503613879268,0.046730628310734844,2732.060561429989,2005,1,walk,reset_every_12_none,none,1,adaptive,8,0.015625,37,4,4,6,1.0,0.10810810810810811,1.0,4,1.0,2.229,2.5273,0,0.6480000000000001,0.6480000000000001,0.3
0.35497102511359224,2.8590231002704947,0.16231677113309012,2.600099690366291,1.0,31.0625,4.269329434268639,0.20982018693371507,2859.0231002704936,2005,2,walk,reset_every_12_none,none,1,adaptive,8,0.015625,42,5,5,5,1.0,0.11904761904761904,1.0,5,1.0,2.2085,2.5273,0,0.6480000000000001,0.6480000000000001,0.3
0.13390390751053094,3.2073787426141176,0.06422356438266875,3.3983546278154684,0.9791666666666666,34.166666666666664,4.85337861027041,0.11777453507667617,3207.3787426141175,2005,3,walk,reset_every_12_none,none,1,adaptive,8,0.015625,38,1,1,7,1.0,0.02631578947368421,1.0,1,1.0,2.146,2.52665,0,0.6480000000000001,0.6480000000000001,0.3
0.1703109968734969,3.6474694010877737,0.1428622387980668,3.3207194209874653,0.875,35.5,4.558665285022415,0.1111267163609276,3647.469401087772,2006,0,walk,reset_every_12_none,none,1,adaptive,8,0.015625,33,7,7,13,1.0,0.21212121212121213,1.0,7,1.0,2.209,2.4709499999999998,0,0.6480000000000001,0.6480000000000001,0.3
0.11771453373015874,3.2278212274507267,0.07350419825378092,3.7590815389505168,0.8958333333333334,35.833333333333336,4.914931415918193,0.11695680071806358,3227.8212274507237,2006,1,walk,reset_every_12_none,none,1,adaptive,8,0.015625,40,5,5,7,1.0,0.125,1.0,5,1.0,2.292,3.1897999999999995,0,0.6480000000000001,0.6480000000000001,0.3
0.014763219528919479,3.612022067489427,0.044980022420940756,4.131883881143328,0.7916666666666666,47.729166666666664,5.478251132454467,0.030216802892021288,3612.022067489428,2006,2,walk,reset_every_12_none,none,1,adaptive,8,0.015625,35,4,4,4,1.0,0.11428571428571428,1.0,4,1.0,2.271,2.9419,0,0.6480000000000001,0.6480000000000001,0.3
0.056656017397542814,3.283329421152693,0.0860246227893801,3.566687870449231,0.9583333333333334,37.229166666666664,4.947024926347912,0.08151424151704037,3283.329421152693,2006,3,walk,reset_every_12_none,none,1,adaptive,8,0.015625,35,4,4,8,1.0,0.11428571428571428,1.0,4,1.0,2.209,2.625,0,0.6480000000000001,0.6480000000000001,0.3
0.006691867359970808,3.940335443570722,0.09765130726088028,3.669397918615529,0.8541666666666666,35.0625,4.730444392165962,0.09095943990090945,3940.3354435707224,2007,0,walk,reset_every_12_none,none,1,adaptive,8,0.015625,33,2,2,7,1.0,0.06060606060606061,1.0,2,1.0,2.167,2.4433000000000002,0,0.6480000000000001,0.6480000000000001,0.3
0.005483027299083884,2.701104135377193,0.06727828482914854,3.34299754220717,0.9583333333333334,35.395833333333336,4.970042040826621,0.06179525753006468,2701.104135377193,2007,1,walk,reset_every_12_none,none,1,adaptive,8,0.015625,36,5,5,8,1.0,0.1388888888888889,1.0,5,1.0,2.459,4.2476,0,0.6480000000000001,0.6480000000000001,0.3
0.008335790094339624,2.6315646728544033,0.06513467409640683,3.392218315407845,0.9791666666666666,34.291666666666664,4.896986580067756,0.05679888400206721,2631.5646728544034,2007,2,walk,reset_every_12_none,none,1,adaptive,8,0.015625,36,2,2,6,1.0,0.05555555555555555,1.0,2,1.0,2.208,2.6795999999999998,0,0.6480000000000001,0.6480000000000001,0.3
0.09022668565711019,2.280729367164327,0.072772637372361,2.931474809491933,1.0,30.020833333333332,4.708385518440143,0.017454048284749186,2280.729367164327,2007,3,walk,reset_every_12_none,none,1,adaptive,8,0.015625,36,2,2,7,1.0,0.05555555555555555,1.0,2,1.0,2.167,2.44365,0,0.6480000000000001,0.6480000000000001,0.3
0.18980654761904758,2.7242248912133196,0.15737409853504974,3.337375676171401,0.9375,34.041666666666664,4.450554235790326,0.09902802188321276,2724.2248912133186,2008,0,walk,reset_every_12_none,none,1,adaptive,8,0.015625,37,3,3,7,1.0,0.08108108108108109,1.0,3,1.0,2.208,2.9250999999999996,0,0.6480000000000001,0.6480000000000001,0.3
0.09343600626837535,2.693637987447746,0.058418579534680715,3.37105286983718,0.9375,37.0625,5.0543668372576125,0.04926994350902014,2693.6379874477466,2008,1,walk,reset_every_12_none,none,1,adaptive,8,0.015625,42,4,4,7,1.0,0.09523809523809523,1.0,4,1.0,2.208,2.4853,0,0.6480000000000001,0.6480000000000001,0.3
0.04815468189964158,2.497094164834473,0.18417557017038563,3.2137867970509504,0.9583333333333334,28.458333333333332,4.038219521351924,0.13713212480249823,2497.0941648344724,2008,2,walk,reset_every_12_none,none,1,adaptive,8,0.015625,38,4,4,6,1.0,0.10526315789473684,1.0,4,1.0,2.2085,2.5122999999999998,0,0.6480000000000001,0.6480000000000001,0.3
0.2127850881757132,2.474873079837206,0.04435479605388833,3.585755901509762,0.9791666666666666,51.875,5.5897789539595975,0.1684302921218249,2474.873079837206,2008,3,walk,reset_every_12_none,none,1,adaptive,8,0.015625,39,1,1,2,1.0,0.02564102564102564,1.0,1,1.0,2.125,2.4433000000000002,0,0.6480000000000001,0.6480000000000001,0.3
0.004505997474747474,3.3153877458314045,0.05605181122198976,3.7215725389912557,1.0,42.104166666666664,5.24414318480796,0.0515458137472423,3315.3877458314055,2009,0,walk,reset_every_12_none,none,1,adaptive,8,0.015625,38,2,2,6,1.0,0.05263157894736842,1.0,2,1.0,2.208,2.5545999999999998,0,0.6480000000000001,0.6480000000000001,0.3
0.08092757936507937,3.0817087095120805,0.04244263318611519,3.531482886878339,0.9791666666666666,45.645833333333336,5.429539792648744,0.03848494617896416,3081.7087095120805,2009,1,walk,reset_every_12_none,none,1,adaptive,8,0.015625,42,2,2,4,1.0,0.047619047619047616,1.0,2,1.0,2.125,2.4023,0,0.6480000000000001,0.6480000000000001,0.3
0.07029058528042269,3.2767282508036764,0.04820601172842814,3.4530660326504914,1.0,44.3125,5.314741231415801,0.03045676352114823,3276.7282508036765,2009,2,walk,reset_every_12_none,none,1,adaptive,8,0.015625,36,2,2,6,1.0,0.05555555555555555,1.0,2,1.0,2.2295,2.8810499999999992,0,0.6480000000000001,0.6480000000000001,0.3
0.0065299814361477445,2.932214543218793,0.0596329763452807,3.5970966859875713,0.8333333333333334,34.895833333333336,4.98494005093618,0.05310299490913295,2932.2145432187936,2009,3,walk,reset_every_12_none,none,1,adaptive,8,0.015625,38,3,3,7,1.0,0.07894736842105263,1.0,3,1.0,2.167,2.52555,0,0.6480000000000001,0.6480000000000001,0.3
0.00307894875550673,3.4640553706168595,0.024857271666649115,3.931362824317516,1.0,54.625,5.808809995597333,0.021778322911142386,3464.0553706168594,2000,0,walk,reset_every_12_random,random,0.5,adaptive,8,0.015625,34,2,2,3,1.0,0.058823529411764705,1.0,2,1.0,2.3545,3.545599999999999,0,0.6480000000000001,0.6480000000000001,0.3
0.0867279570550669,2.8185981176671313,0.09364975721860892,3.453266791439597,1.0,43.833333333333336,5.1512017318924554,0.07819572352246253,2818.5981176671307,2000,1,walk,reset_every_12_random,random,0.5,adaptive,8,0.015625,37,2,1,2,0.5,0.02702702702702703,0.5,1,1.0,2.5,3.4271999999999996,0,0.6480000000000001,0.6480000000000001,0.3
0.025979872694027104,3.4701611707053837,0.04615379457806002,3.469878568092554,1.0,37.145833333333336,5.111117800582079,0.03862679555296883,3470.161170705385,2000,2,walk,reset_every_12_random,random,0.5,adaptive,8,0.015625,36,2,2,6,1.0,0.05555555555555555,1.0,2,1.0,2.292,2.9664499999999996,0,0.6480000000000001,0.6480000000000001,0.3
0.004689139185367634,3.595797320214583,0.027574773379753077,3.9054358401643174,0.9791666666666666,54.354166666666664,5.744336849769031,0.022885634194385444,3595.7973202145854,2000,3,walk,reset_every_12_random,random,0.5,adaptive,8,0.015625,33,1,0,1,0.0,0.0,0.0,0,1.0,2.3125,2.95625,0,0.6480000000000001,0.6480000000000001,0.3
0.11052226130351132,3.610957262693338,0.1483193558983814,3.0612536985467074,1.0,38.458333333333336,4.68479705740513,0.07922919801790206,3610.9572626933386,2001,0,walk,reset_every_12_random,random,0.5,adaptive,8,0.015625,37,2,2,4,1.0,0.05405405405405406,1.0,2,1.0,2.208,2.53925,0,0.6480000000000001,0.6480000000000001,0.3
0.08588942205670147,4.119889458795902,0.03874695610741458,3.7216978228755777,0.9375,43.645833333333336,5.397303783442507,0.047142465949286894,4119.889458795902,2001,1,walk,reset_every_12_random,random,0.5,adaptive,8,0.015625,36,6,2,5,0.3333333333333333,0.05555555555555555,0.6666666666666666,2,1.0,2.3335,3.1214999999999997,0,0.6480000000000001,0.6480000000000001,0.3
0.0022218088624338626,4.669552553218028,0.026602175860493283,3.962713662937326,0.9791666666666666,51.604166666666664,5.707493467351958,0.024380366998059424,4669.552553218029,2001,2,walk,reset_every_12_random,random,0.5,adaptive,8,0.015625,37,4,1,3,0.25,0.02702702702702703,1.0,1,1.0,2.209,2.6103,0,0.6480000000000001,0.6480000000000001,0.3
0.029055102579861363,4.313499277306565,0.031526757502484286,4.190598142518046,0.8125,50.166666666666664,5.653051501984385,0.002471654922622926,4313.499277306565,2001,3,walk,reset_every_12_random,random,0.5,adaptive,8,0.015625,32,3,1,2,0.3333333333333333,0.03125,0.3333333333333333,1,1.0,2.209,3.1228999999999996,0,0.6480000000000001,0.6480000000000001,0.3
0.0022900132275132275,4.444958009889986,0.030380013044261384,3.993500369902851,0.9375,52.3125,5.683905082089962,0.028089999816748156,4444.958009889989,2002,0,walk,reset_every_12_random,random,0.5,adaptive,8,0.015625,39,3,1,2,0.3333333333333333,0.02564102564102564,0.5,1,1.0,2.2705,2.9829,0,0.6480000000000001,0.6480000000000001,0.3
0.0028732459737183576,3.285206457567249,0.02912566984056299,3.943838778048333,0.9375,51.5625,5.699241821498643,0.026252423866844635,3285.2064575672516,2002,1,walk,reset_every_12_random,random,0.5,adaptive,8,0.015625,38,5,1,3,0.2,0.02631578947368421,0.25,1,1.0,2.333,2.56865,0,0.6480000000000001,0.6480000000000001,0.3
0.19206349206349205,2.143612637703462,0.12863713503226887,3.3250846843431288,0.875,33.25,4.686465735281666,0.15618770119899683,2143.612637703462,2002,2,walk,reset_every_12_random,random,0.5,adaptive,8,0.015625,33,3,2,4,0.6666666666666666,0.06060606060606061,0.5,2,1.0,2.208,2.5273,0,0.6480000000000001,0.6480000000000001,0.3
0.02569541188224699,3.1397616170699343,0.05169454679019797,3.8284037107996913,1.0,51.666666666666664,5.51776677259764,0.02599913490795099,3139.7616170699343,2002,3,walk,reset_every_12_random,random,0.5,adaptive,8,0.015625,39,6,3,3,0.5,0.07692307692307693,0.5,3,1.0,2.209,2.52665,0,0.6480000000000001,0.6480000000000001,0.3
0.04928902116402117,3.652745319954096,0.0869998859035764,3.6537325840114048,0.9583333333333334,46.125,5.2261551742105565,0.05021086473955524,3652.745319954094,2003,0,walk,reset_every_12_random,random,0.5,adaptive,8,0.015625,35,6,3,5,0.5,0.08571428571428572,0.5,3,1.0,2.208,2.52555,0,0.6480000000000001,0.6480000000000001,0.3
0.2700697460022057,2.2556402259396653,0.15721526187756735,2.908885093348877,1.0,33.416666666666664,4.571455182738667,0.11285448412463832,2255.640225939665,2003,1,walk,reset_every_12_random,random,0.5,adaptive,8,0.015625,35,4,2,4,0.5,0.05714285714285714,0.6666666666666666,2,1.0,2.2705,2.8420999999999994,0,0.6480000000000001,0.6480000000000001,0.3
0.07535169738053164,2.82786085536886,0.08066542584333951,3.6901203426479583,0.9791666666666666,51.666666666666664,5.481811973280586,0.03812622846280786,2827.8608553688605,2003,2,walk,reset_every_12_random,random,0.5,adaptive,8,0.015625,33,4,3,3,0.75,0.09090909090909091,1.0,3,1.0,2.1875,2.77665,0,0.6480000000000001,0.6480000000000001,0.3
0.010988852004477004,2.5832245327275216,0.07490427592493416,3.634577198338596,1.0,42.541666666666664,5.12149327682411,0.06391542392045717,2583.2245327275223,2003,3,walk,reset_every_12_random,random,0.5,adaptive,8,0.015625,40,5,3,3,0.6,0.075,0.75,3,1.0,2.25,2.625,0,0.6480000000000001,0.6480000000000001,0.3
0.02927002871855813,3.568152719711847,0.036242768368675175,3.572881285549516,0.9583333333333334,39.125,5.310035203681666,0.006972739650117045,3568.1527197118467,2004,0,walk,reset_every_12_random,random,0.5,adaptive,8,0.015625,38,6,3,5,0.5,0.07894736842105263,0.75,3,1.0,2.208,2.45865,0,0.6480000000000001,0.6480000000000001,0.3
0.009626893777606931,4.103484779625112,0.03432309620752653,3.9640432058133963,0.8958333333333334,47.729166666666664,5.523605428638455,0.024696202429919597,4103.484779625112,2004,1,walk,reset_every_12_random,random,0.5,adaptive,8,0.015625,35,4,2,4,0.5,0.05714285714285714,0.5,2,1.0,2.167,2.5126,0,0.6480000000000001,0.6480000000000001,0.3
0.005512152777777778,5.280658355320374,0.027135003675567666,4.176663818039052,0.75,53.0,5.725308892604123,0.021622850897789887,5280.658355320374,2004,2,walk,reset_every_12_random,random,0.5,adaptive,8,0.015625,37,4,1,2,0.25,0.02702702702702703,0.5,1,1.0,2.208,2.5119499999999997,0,0.6480000000000001,0.6480000000000001,0.3
0.04729083994708994,3.697219224173916,0.06510570686043886,3.8756541384449927,0.9375,47.9375,5.428312892138179,0.027189866913348917,3697.2192241739144,2004,3,walk,reset_every_12_random,random,0.5,adaptive,8,0.015625,35,4,3,4,0.75,0.08571428571428572,0.75,3,1.0,2.25,2.5416499999999997,0,0.6480000000000001,0.6480000000000001,0.3
0.0042923137885422374,4.221343403534541,0.031377403946515774,4.2188538816126435,0.8333333333333334,50.791666666666664,5.645520669399903,0.02708509015797354,4221.343403534539,2005,0,walk,reset_every_12_random,random,0.5,adaptive,8,0.015625,34,0,0,2,nan,0.0,nan,0,1.0,2.208,2.55395,0,0.6480000000000001,0.6480000000000001,0.3
0.010879747949398375,3.2173375349309796,0.029404322268729303,3.911140245261715,0.9791666666666666,53.895833333333336,5.729858149537809,0.01852457431933093,3217.3375349309777,2005,1,walk,reset_every_12_random,random,0.5,adaptive,8,0.015625,37,4,2,2,0.5,0.05405405405405406,0.6666666666666666,2,1.0,2.1665,2.4709499999999998,0,0.6480000000000001,0.6480000000000001,0.3
0.1910049757308762,3.9339921132774287,0.09746300533847468,3.118126818293741,1.0,37.416666666666664,4.790746568438844,0.16961446321555185,3933.9921132774284,2005,2,walk,reset_every_12_random,random,0.5,adaptive,8,0.015625,42,5,3,4,0.6,0.07142857142857142,0.6666666666666666,3,1.0,2.2295,2.4853,0,0.6480000000000001,0.6480000000000001,0.3
0.003261546399419833,4.970189498373243,0.021811126172916154,4.247095543309326,0.9583333333333334,59.25,5.95087115413225,0.018549579773496323,4970.189498373243,2005,3,walk,reset_every_12_random,random,0.5,adaptive,8,0.015625,38,1,0,0,0.0,0.0,0.0,0,nan,2.25,2.53925,0,0.6480000000000001,0.6480000000000001,0.3
0.16857488576238575,3.9357678908332177,0.10099342849129178,3.5014020365442584,0.9791666666666666,47.291666666666664,5.123009334012301,0.07036449907005407,3935.767890833217,2006,0,walk,reset_every_12_random,random,0.5,adaptive,8,0.015625,33,7,4,5,0.5714285714285714,0.12121212121212122,0.5,4,1.0,2.25,2.55395,0,0.6480000000000001,0.6480000000000001,0.3
0.012375992063492063,3.9886139967276475,0.05713196492392477,4.197082543297693,0.8541666666666666,45.416666666666664,5.294511413551089,0.0447559728604327,3988.613996727648,2006,1,walk,reset_every_12_random,random,0.5,adaptive,8,0.015625,40,5,1,2,0.2,0.025,0.25,1,1.0,2.375,3.7976999999999994,0,0.6480000000000001,0.6480000000000001,0.3
0.02458464810034805,3.8044097592494537,0.03325617675891784,4.008265692809814,0.8333333333333334,47.583333333333336,5.534302623654103,0.008671528658569789,3804.409759249453,2006,2,walk,reset_every_12_random,random,0.5,adaptive,8,0.015625,35,4,2,3,0.5,0.05714285714285714,0.6666666666666666,2,1.0,2.2705,2.6523,0,0.6480000000000001,0.6480000000000001,0.3
0.0531837951753206,3.5998282075316124,0.036164558078531944,3.7131461145458586,0.9791666666666666,44.604166666666664,5.47942479797826,0.017019237096788653,3599.828207531616,2006,3,walk,reset_every_12_random,random,0.5,adaptive,8,0.015625,35,4,3,5,0.75,0.08571428571428572,1.0,3,1.0,2.25,2.61065,0,0.6480000000000001,0.6480000000000001,0.3
0.001483534026637475,4.560822256707829,0.021898792122824792,4.168520654957713,0.9583333333333334,58.270833333333336,5.924714152234219,0.020415258096187317,4560.822256707828,2007,0,walk,reset_every_12_random,random,0.5,adaptive,8,0.015625,33,2,1,2,0.5,0.030303030303030304,0.5,1,1.0,2.167,2.5273,0,0.6480000000000001,0.6480000000000001,0.3
0.004578498821025995,3.1505783896796875,0.04337795895179947,3.604940763491307,0.9583333333333334,44.979166666666664,5.378801289262892,0.038799460130773476,3150.5783896796875,2007,1,walk,reset_every_12_random,random,0.5,adaptive,8,0.015625,36,5,2,4,0.4,0.05555555555555555,0.4,2,1.0,2.167,2.4295999999999998,0,0.6480000000000001,0.6480000000000001,0.3
0.007684748427672955,3.6217532023537884,0.026936977593673375,3.9924790069309957,0.9791666666666666,52.895833333333336,5.734590748720432,0.01925222916600042,3621.7532023537865,2007,2,walk,reset_every_12_random,random,0.5,adaptive,8,0.015625,36,2,0,1,0.0,0.0,0.0,0,1.0,2.209,2.5399,0,0.6480000000000001,0.6480000000000001,0.3
0.028630210149344356,3.3519623765749116,0.036941408033279347,3.649837734860643,0.9583333333333334,41.875,5.359297632391823,0.008311197883934992,3351.9623765749116,2007,3,walk,reset_every_12_random,random,0.5,adaptive,8,0.015625,36,2,2,4,1.0,0.05555555555555555,1.0,2,1.0,2.25,2.6771999999999996,0,0.6480000000000001,0.6480000000000001,0.3
0.02574535690344514,3.649340445473474,0.05004322619829026,3.763952700845447,0.9375,49.833333333333336,5.5399677244031365,0.02429786929484513,3649.340445473476,2008,0,walk,reset_every_12_random,random,0.5,adaptive,8,0.015625,37,3,1,3,0.3333333333333333,0.02702702702702703,0.5,1,1.0,2.209,2.55395,0,0.6480000000000001,0.6480000000000001,0.3
0.003852672935042033,3.732590244109193,0.02446685063923272,3.98032260864673,0.9583333333333334,53.833333333333336,5.790880726540085,0.020614177704190686,3732.590244109193,2008,1,walk,reset_every_12_random,random,0.5,adaptive,8,0.015625,42,4,1,3,0.25,0.023809523809523808,0.3333333333333333,1,1.0,2.209,2.5122999999999998,0,0.6480000000000001,0.6480000000000001,0.3
0.02202620967741935,4.876550660028465,0.07275441020018371,3.952066222034022,0.9166666666666666,50.625,5.479461785933702,0.050728200522764354,4876.550660028463,2008,2,walk,reset_every_12_random,random,0.5,adaptive,8,0.015625,38,4,2,3,0.5,0.05263157894736842,0.5,2,1.0,2.1875,2.5416499999999997,0,0.6480000000000001,0.6480000000000001,0.3
0.03761147706460206,3.365455622730242,0.030514165516197716,3.8640048002536287,0.9166666666666666,52.375,5.687359280049979,0.00709731154840434,3365.4556227302414,2008,3,walk,reset_every_12_random,random,0.5,adaptive,8,0.015625,39,1,0,2,0.0,0.0,0.0,0,1.0,2.2085,2.459,0,0.6480000000000001,0.6480000000000001,0.3
0.005026830808080808,3.2069128472917403,0.0303820967101991,3.789305463011438,1.0,50.833333333333336,5.664861595914314,0.025355265902118295,3206.9128472917414,2009,0,walk,reset_every_12_random,random,0.5,adaptive,8,0.015625,38,2,1,2,0.5,0.02631578947368421,0.5,1,1.0,2.2295,2.5273,0,0.6480000000000001,0.6480000000000001,0.3
0.002542162698412698,4.259040220859409,0.021004624460547322,4.11492737885066,0.9791666666666666,59.354166666666664,5.959055574657352,0.018462461762134622,4259.040220859408,2009,1,walk,reset_every_12_random,random,0.5,adaptive,8,0.015625,42,2,0,0,0.0,0.0,0.0,0,nan,2.208,2.56865,0,0.6480000000000001,0.6480000000000001,0.3
0.007691378931216329,3.766369115148523,0.02252814296059684,3.955957396781083,1.0,56.770833333333336,5.878982226844374,0.014836764029380509,3766.369115148522,2009,2,walk,reset_every_12_random,random,0.5,adaptive,8,0.015625,36,2,2,3,1.0,0.05555555555555555,1.0,2,1.0,2.167,2.61065,0,0.6480000000000001,0.6480000000000001,0.3
0.0028602017426611545,3.8364891847081544,0.024344419514240573,4.160998280510287,0.9583333333333334,56.958333333333336,5.875187874907486,0.021484217771579422,3836.489184708151,2009,3,walk,reset_every_12_random,random,0.5,adaptive,8,0.015625,38,3,1,1,0.3333333333333333,0.02631578947368421,0.3333333333333333,1,1.0,2.7085,8.416899999999998,0,0.6480000000000001,0.6480000000000001,0.3
0.03927951388888889,2.82309346051708,0.054751614647966566,3.510436875734742,0.9583333333333334,35.1875,4.984294306346869,0.015472100759077671,2823.09346051708,2000,0,walk,reset_every_12_bsp,bsp,0.1,adaptive,8,0.015625,34,2,0,7,0.0,0.0,0.0,0,1.0,17.5625,20.6625,0,0.6480000000000001,0.6480000000000001,0.3
0.014750044002816182,2.971489852420667,0.04832731285341434,3.6062853745708154,1.0,42.895833333333336,5.2417898994340435,0.03357726885059815,2971.489852420664,2000,1,walk,reset_every_12_bsp,bsp,0.1,adaptive,8,0.015625,37,2,1,5,0.5,0.02702702702702703,0.5,1,1.0,17.292,20.84595,0,0.6480000000000001,0.6480000000000001,0.3
0.00980902777777778,3.3083301517280055,0.05764319418904861,3.376175628099293,1.0,32.416666666666664,4.835648753171204,0.047834166411270834,3308.3301517280047,2000,2,walk,reset_every_12_bsp,bsp,0.1,adaptive,8,0.015625,36,2,2,9,1.0,0.05555555555555555,1.0,2,1.0,17.333,18.28925,0,0.6480000000000001,0.6480000000000001,0.3
0.011153813844086024,2.7422336869568067,0.035516780806924844,3.7592544389645433,0.9791666666666666,50.0,5.583734517503796,0.024362966962838822,2742.2336869568076,2000,3,walk,reset_every_12_bsp,bsp,0.1,adaptive,8,0.015625,33,1,1,3,1.0,0.030303030303030304,1.0,1,1.0,17.9585,24.6148,0,0.6480000000000001,0.6480000000000001,0.3
0.01205150462962963,3.2884207050585252,0.05012319955130026,3.3748593695100624,1.0,42.479166666666664,5.2541116572676865,0.038071694921670625,3288.420705058525,2001,0,walk,reset_every_12_bsp,bsp,0.1,adaptive,8,0.015625,37,2,0,3,0.0,0.0,0.0,0,1.0,17.583,18.44155,0,0.6480000000000001,0.6480000000000001,0.3
0.11614376653439153,2.464886704215705,0.05735637994942111,3.2136953950725697,1.0,34.645833333333336,4.976125844302952,0.0629540532516371,2464.8867042157062,2001,1,walk,reset_every_12_bsp,bsp,0.1,adaptive,8,0.015625,36,6,5,10,0.8333333333333334,0.1388888888888889,1.0,5,1.0,17.5,18.2773,0,0.6480000000000001,0.6480000000000001,0.3
0.06746961805555556,3.788881606138327,0.04587313053723555,3.7363674877320148,0.8958333333333334,38.25,5.120286988326044,0.021596487518319996,3788.8816061383277,2001,2,walk,reset_every_12_bsp,bsp,0.1,adaptive,8,0.015625,37,4,3,8,0.75,0.08108108108108109,1.0,3,1.0,17.3545,18.2977,0,0.6480000000000001,0.6480000000000001,0.3
0.008897569444444444,4.434010078038081,0.05002617057554859,4.182649785062509,0.8541666666666666,39.625,5.1438670241739075,0.04112860113110415,4434.01007803808,2001,3,walk,reset_every_12_bsp,bsp,0.1,adaptive,8,0.015625,32,3,1,7,0.3333333333333333,0.03125,0.3333333333333333,1,1.0,17.3335,18.29025,0,0.6480000000000001,0.6480000000000001,0.3
0.0940252176139273,3.547916036489991,0.044029343549671196,3.571709897564236,1.0,43.041666666666664,5.317901073322433,0.04999587406425612,3547.9160364899926,2002,0,walk,reset_every_12_bsp,bsp,0.1,adaptive,8,0.015625,39,3,2,4,0.6666666666666666,0.05128205128205128,1.0,2,1.0,17.729,22.132999999999996,0,0.6480000000000001,0.6480000000000001,0.3
0.05360553075396824,2.9551683623418454,0.03999842430520996,3.686654868874277,1.0,48.479166666666664,5.414808318553181,0.013607106448758283,2955.168362341846,2002,1,walk,reset_every_12_bsp,bsp,0.1,adaptive,8,0.015625,38,5,3,6,0.6,0.07894736842105263,0.5,3,1.0,17.3125,18.7273,0,0.6480000000000001,0.6480000000000001,0.3
0.05846354166666667,3.2056631647874894,0.03613868394391786,3.5000972205562806,1.0,50.375,5.60200138960105,0.02232485772274881,3205.663164787488,2002,2,walk,reset_every_12_bsp,bsp,0.1,adaptive,8,0.015625,33,3,1,2,0.3333333333333333,0.030303030303030304,0.5,1,1.0,17.375,18.76655,0,0.6480000000000001,0.6480000000000001,0.3
0.010828993055555555,2.771657661156621,0.04256905452934052,3.73323273852853,1.0,46.125,5.415173340621556,0.03174006147378496,2771.657661156621,2002,3,walk,reset_every_12_bsp,bsp,0.1,adaptive,8,0.015625,39,6,4,4,0.6666666666666666,0.10256410256410256,1.0,4,1.0,17.375,18.3456,0,0.6480000000000001,0.6480000000000001,0.3
0.030254836309523806,2.9274020218782586,0.0463639320205891,3.592574565398847,0.9791666666666666,44.458333333333336,5.390204200670159,0.016109095711065294,2927.4020218782584,2003,0,walk,reset_every_12_bsp,bsp,0.1,adaptive,8,0.015625,35,6,3,6,0.5,0.08571428571428572,0.5,3,1.0,17.1455,18.10855,0,0.6480000000000001,0.6480000000000001,0.3
0.04342447916666666,3.3118753741737024,0.0390194129550838,3.672219085078456,1.0,46.479166666666664,5.437563126411621,0.0044050662115828615,3311.875374173703,2003,1,walk,reset_every_12_bsp,bsp,0.1,adaptive,8,0.015625,35,4,3,5,0.75,0.08571428571428572,0.6666666666666666,3,1.0,17.2295,18.43915,0,0.6480000000000001,0.6480000000000001,0.3
0.03407118055555555,3.156935704999306,0.03687575199627873,3.5559738954933433,0.9166666666666666,48.458333333333336,5.522890086252179,0.002804571440723181,3156.9357049993055,2003,2,walk,reset_every_12_bsp,bsp,0.1,adaptive,8,0.015625,33,4,3,5,0.75,0.09090909090909091,1.0,3,1.0,17.521,19.14155,0,0.6480000000000001,0.6480000000000001,0.3
0.029535590277777773,2.6552349119170304,0.04452438402787029,3.4815727077978367,1.0,40.375,5.214177892791693,0.014988793750092516,2655.234911917031,2003,3,walk,reset_every_12_bsp,bsp,0.1,adaptive,8,0.015625,40,5,3,4,0.6,0.075,0.5,3,1.0,17.417,18.917099999999998,0,0.6480000000000001,0.6480000000000001,0.3
0.0247974537037037,4.00887338845966,0.039311195024096315,3.746454181485797,0.9791666666666666,42.291666666666664,5.339924907520943,0.014513741320392617,4008.873388459661,2004,0,walk,reset_every_12_bsp,bsp,0.1,adaptive,8,0.015625,38,6,5,6,0.8333333333333334,0.13157894736842105,1.0,5,1.0,17.5,18.247600000000002,0,0.6480000000000001,0.6480000000000001,0.3
0.032703993055555554,2.977521922065749,0.04680834576726461,3.492342274961665,1.0,39.166666666666664,5.190892474004754,0.014104352711709053,2977.5219220657477,2004,1,walk,reset_every_12_bsp,bsp,0.1,adaptive,8,0.015625,35,4,3,7,0.75,0.08571428571428572,0.75,3,1.0,17.2295,18.5522,0,0.6480000000000001,0.6480000000000001,0.3
0.012977430555555556,3.7547987860400998,0.046005633490301595,3.697304264428047,0.9791666666666666,43.0625,5.29185163014463,0.03302820293474604,3754.798786040101,2004,2,walk,reset_every_12_bsp,bsp,0.1,adaptive,8,0.015625,37,4,4,7,1.0,0.10810810810810811,1.0,4,1.0,17.167,18.095950000000002,0,0.6480000000000001,0.6480000000000001,0.3
0.02792038690476191,3.0161947835350458,0.050564939727926965,3.6909282156404832,0.9375,38.645833333333336,5.136693347737499,0.022644552823165052,3016.194783535046,2004,3,walk,reset_every_12_bsp,bsp,0.1,adaptive,8,0.015625,35,4,3,6,0.75,0.08571428571428572,0.75,3,1.0,17.125,17.75,0,0.6480000000000001,0.6480000000000001,0.3
0.0035156249999999997,3.777899351390904,0.05070371792465194,4.0392753990818475,0.875,41.1875,5.2297268174402385,0.04718809292465193,3777.899351390903,2005,0,walk,reset_every_12_bsp,bsp,0.1,adaptive,8,0.015625,34,0,0,5,nan,0.0,nan,0,1.0,17.25,18.3022,0,0.6480000000000001,0.6480000000000001,0.3
0.010937500000000001,2.901570050542309,0.0429996210748459,3.60892742031255,0.9791666666666666,43.541666666666664,5.302984057953558,0.032062121074845906,2901.5700505423097,2005,1,walk,reset_every_12_bsp,bsp,0.1,adaptive,8,0.015625,37,4,2,6,0.5,0.05405405405405406,0.6666666666666666,2,1.0,17.209,18.3183,0,0.6480000000000001,0.6480000000000001,0.3
0.12828145667989418,4.145495304143119,0.04371296256349169,3.569529091217649,0.875,47.791666666666664,5.448266491154823,0.08456849411640249,4145.495304143117,2005,2,walk,reset_every_12_bsp,bsp,0.1,adaptive,8,0.015625,42,5,2,3,0.4,0.047619047619047616,0.3333333333333333,2,1.0,17.1665,18.150199999999998,0,0.6480000000000001,0.6480000000000001,0.3
0.06944444444444443,3.1452676117458243,0.0485398102764664,3.454342123381428,0.9375,38.854166666666664,5.173030103455419,0.020904634167978036,3145.2676117458236,2005,3,walk,reset_every_12_bsp,bsp,0.1,adaptive,8,0.015625,38,1,1,4,1.0,0.02631578947368421,1.0,1,1.0,17.1875,18.0897,0,0.6480000000000001,0.6480000000000001,0.3
0.023285590277777782,4.249031464284313,0.05203449158219431,3.8019343525251394,0.875,42.229166666666664,5.264112108927104,0.028748901304416513,4249.031464284314,2006,0,walk,reset_every_12_bsp,bsp,0.1,adaptive,8,0.015625,33,7,3,6,0.42857142857142855,0.09090909090909091,0.75,3,1.0,17.686999999999998,21.660199999999996,0,0.6480000000000001,0.6480000000000001,0.3
0.11345486111111112,3.7198052945694204,0.03421410706948252,3.9804112693400646,0.8333333333333334,49.208333333333336,5.599463766904854,0.0792407540416286,3719.805294569421,2006,1,walk,reset_every_12_bsp,bsp,0.1,adaptive,8,0.015625,40,5,4,5,0.8,0.1,1.0,4,1.0,17.791,20.974999999999998,0,0.6480000000000001,0.6480000000000001,0.3
0.04730076058201058,2.61226971968933,0.047700057881623036,3.737006983399326,0.8541666666666666,41.0,5.1887102746941265,0.00039929729961244814,2612.26971968933,2006,2,walk,reset_every_12_bsp,bsp,0.1,adaptive,8,0.015625,35,4,2,4,0.5,0.05714285714285714,0.6666666666666666,2,1.0,17.5,18.8079,0,0.6480000000000001,0.6480000000000001,0.3
0.021701388888888885,3.3902399370493312,0.05251513311874339,3.798136682015636,0.9583333333333334,35.333333333333336,5.003553352835751,0.0308137442298545,3390.2399370493313,2006,3,walk,reset_every_12_bsp,bsp,0.1,adaptive,8,0.015625,35,4,3,10,0.75,0.08571428571428572,1.0,3,1.0,17.479,18.58125,0,0.6480000000000001,0.6480000000000001,0.3
0.004340277777777777,5.080729390937073,0.04194543869162559,4.337831808130091,0.9166666666666666,46.854166666666664,5.46601128816939,0.03760516091384782,5080.729390937072,2007,0,walk,reset_every_12_bsp,bsp,0.1,adaptive,8,0.015625,33,2,1,6,0.5,0.030303030303030304,0.5,1,1.0,17.271,18.02665,0,0.6480000000000001,0.6480000000000001,0.3
0.13678695436507937,2.6338682477992887,0.045326252385365674,3.4596258981128365,1.0,45.395833333333336,5.377371741042335,0.09146070197971369,2633.8682477992884,2007,1,walk,reset_every_12_bsp,bsp,0.1,adaptive,8,0.015625,36,5,4,4,0.8,0.1111111111111111,0.8,4,1.0,17.2705,18.3169,0,0.6480000000000001,0.6480000000000001,0.3
0.010069444444444445,2.8217578039368116,0.053254062543320456,3.4747152394919616,0.9791666666666666,35.354166666666664,4.981225482905407,0.043184618098876006,2821.7578039368113,2007,2,walk,reset_every_12_bsp,bsp,0.1,adaptive,8,0.015625,36,2,2,9,1.0,0.05555555555555555,1.0,2,1.0,17.2705,18.4272,0,0.6480000000000001,0.6480000000000001,0.3
0.06506076388888889,3.4570961359125776,0.055853087106866324,3.3176352909345415,1.0,36.645833333333336,5.082489579613665,0.013374343448689234,3457.096135912578,2007,3,walk,reset_every_12_bsp,bsp,0.1,adaptive,8,0.015625,36,2,2,4,1.0,0.05555555555555555,1.0,2,1.0,17.167,17.91665,0,0.6480000000000001,0.6480000000000001,0.3
0.029557291666666666,3.4387686572428406,0.03462728183150978,3.7761057209430113,0.9583333333333334,51.166666666666664,5.592308001504236,0.005069990164843112,3438.7686572428415,2008,0,walk,reset_every_12_bsp,bsp,0.1,adaptive,8,0.015625,37,3,0,4,0.0,0.0,0.0,0,1.0,17.311999999999998,18.373250000000002,0,0.6480000000000001,0.6480000000000001,0.3
0.037978877314814814,3.196523659235386,0.047833321194226674,3.5944421072634056,1.0,38.125,5.10455995155636,0.009854443879411862,3196.5236592353854,2008,1,walk,reset_every_12_bsp,bsp,0.1,adaptive,8,0.015625,42,4,4,7,1.0,0.09523809523809523,1.0,4,1.0,17.6045,20.05625,0,0.6480000000000001,0.6480000000000001,0.3
0.02055121527777778,4.084479181329914,0.03574898021887882,3.8658377158618027,1.0,48.666666666666664,5.53570411404955,0.015197764941101038,4084.4791813299144,2008,2,walk,reset_every_12_bsp,bsp,0.1,adaptive,8,0.015625,38,4,1,2,0.25,0.02631578947368421,0.25,1,1.0,17.292,18.21885,0,0.6480000000000001,0.6480000000000001,0.3
0.0742218501984127,3.4527788330152944,0.04087489375871937,3.592773365678262,1.0,51.541666666666664,5.52403043353079,0.03334695643969332,3452.7788330152944,2008,3,walk,reset_every_12_bsp,bsp,0.1,adaptive,8,0.015625,39,1,1,1,1.0,0.02564102564102564,1.0,1,1.0,17.334,18.532999999999998,0,0.6480000000000001,0.6480000000000001,0.3
0.017447916666666664,3.3190969367712104,0.03914385539529201,3.5610397293846296,1.0,47.166666666666664,5.457399355722894,0.02169593872862535,3319.0969367712096,2009,0,walk,reset_every_12_bsp,bsp,0.1,adaptive,8,0.015625,38,2,2,3,1.0,0.05263157894736842,1.0,2,1.0,17.375,18.25845,0,0.6480000000000001,0.6480000000000001,0.3
0.03565848214285714,3.033584957189445,0.03622892310904622,3.5361619206034454,0.9791666666666666,42.666666666666664,5.369920887776644,0.0005704409661890739,3033.5849571894446,2009,1,walk,reset_every_12_bsp,bsp,0.1,adaptive,8,0.015625,42,2,2,5,1.0,0.047619047619047616,1.0,2,1.0,17.375,19.658549999999998,0,0.6480000000000001,0.6480000000000001,0.3
0.01326678240740741,3.6193823027216294,0.034717187674587785,3.6212245194553403,0.9583333333333334,49.791666666666664,5.531204921986075,0.021450405267180377,3619.382302721628,2009,2,walk,reset_every_12_bsp,bsp,0.1,adaptive,8,0.015625,36,2,2,6,1.0,0.05555555555555555,1.0,2,1.0,17.292,18.56065,0,0.6480000000000001,0.6480000000000001,0.3
0.02906125992063492,2.8186314975794318,0.046528071101129165,3.444975982014556,0.9375,35.916666666666664,5.062859078315825,0.017466811180494243,2818.6314975794307,2009,3,walk,reset_every_12_bsp,bsp,0.1,adaptive,8,0.015625,38,3,2,7,0.6666666666666666,0.05263157894736842,0.6666666666666666,2,1.0,17.3545,19.2522,0,0.6480000000000001,0.6480000000000001,0.3
